READ MEAN QUALITY,Read1,Q12 Reads,1
READ MEAN QUALITY,Read1,Q14 Reads,1
READ MEAN QUALITY,Read1,Q15 Reads,9
READ MEAN QUALITY,Read1,Q16 Reads,144
READ MEAN QUALITY,Read1,Q17 Reads,10040
READ MEAN QUALITY,Read1,Q18 Reads,197588
READ MEAN QUALITY,Read1,Q19 Reads,1058855
READ MEAN QUALITY,Read1,Q20 Reads,2007301
READ MEAN QUALITY,Read1,Q21 Reads,2465574
READ MEAN QUALITY,Read1,Q22 Reads,2569195
READ MEAN QUALITY,Read1,Q23 Reads,2704909
READ MEAN QUALITY,Read1,Q24 Reads,2858146
READ MEAN QUALITY,Read1,Q25 Reads,3209001
READ MEAN QUALITY,Read1,Q26 Reads,3517058
READ MEAN QUALITY,Read1,Q27 Reads,3867287
READ MEAN QUALITY,Read1,Q28 Reads,4167258
READ MEAN QUALITY,Read1,Q29 Reads,4774195
READ MEAN QUALITY,Read1,Q30 Reads,5413184
READ MEAN QUALITY,Read1,Q31 Reads,6228314
READ MEAN QUALITY,Read1,Q32 Reads,7108542
READ MEAN QUALITY,Read1,Q33 Reads,8769684
READ MEAN QUALITY,Read1,Q34 Reads,11027100
READ MEAN QUALITY,Read1,Q35 Reads,14807352
READ MEAN QUALITY,Read1,Q36 Reads,20966857
READ MEAN QUALITY,Read1,Q37 Reads,33273424
READ MEAN QUALITY,Read1,Q38 Reads,57793760
READ MEAN QUALITY,Read1,Q39 Reads,174871803
READ MEAN QUALITY,Read1,Q40 Reads,598932830
POSITIONAL BASE MEAN QUALITY,Read1,ReadPos 1 A Average Quality,38.49
POSITIONAL BASE MEAN QUALITY,Read1,ReadPos 2 A Average Quality,38.58
POSITIONAL BASE MEAN QUALITY,Read1,ReadPos 3 A Average Quality,38.76
POSITIONAL BASE MEAN QUALITY,Read1,ReadPos 4 A Average Quality,38.77
POSITIONAL BASE MEAN QUALITY,Read1,ReadPos 5 A Average Quality,38.54
POSITIONAL BASE MEAN QUALITY,Read1,ReadPos 6 A Average Quality,38.74
POSITIONAL BASE MEAN QUALITY,Read1,ReadPos 7 A Average Quality,38.82
POSITIONAL BASE MEAN QUALITY,Read1,ReadPos 8 A Average Quality,38.86
POSITIONAL BASE MEAN QUALITY,Read1,ReadPos 9 A Average Quality,38.99
POSITIONAL BASE MEAN QUALITY,Read1,ReadPos 10 A Average Quality,38.90
POSITIONAL BASE MEAN QUALITY,Read1,ReadPos 11 A Average Quality,38.93
POSITIONAL BASE MEAN QUALITY,Read1,ReadPos 12 A Average Quality,38.93
POSITIONAL BASE MEAN QUALITY,Read1,ReadPos 13 A Average Quality,38.99
POSITIONAL BASE MEAN QUALITY,Read1,ReadPos 14 A Average Quality,39.00
POSITIONAL BASE MEAN QUALITY,Read1,ReadPos 15 A Average Quality,39.02
POSITIONAL BASE MEAN QUALITY,Read1,ReadPos 16 A Average Quality,39.16
POSITIONAL BASE MEAN QUALITY,Read1,ReadPos 17 A Average Quality,39.16
POSITIONAL BASE MEAN QUALITY,Read1,ReadPos 18 A Average Quality,39.18
POSITIONAL BASE MEAN QUALITY,Read1,ReadPos 19 A Average Quality,39.18
POSITIONAL BASE MEAN QUALITY,Read1,ReadPos 20 A Average Quality,39.19
POSITIONAL BASE MEAN QUALITY,Read1,ReadPos 21 A Average Quality,39.20
POSITIONAL BASE MEAN QUALITY,Read1,ReadPos 22 A Average Quality,39.19
POSITIONAL BASE MEAN QUALITY,Read1,ReadPos 23 A Average Quality,39.19
POSITIONAL BASE MEAN QUALITY,Read1,ReadPos 24 A Average Quality,39.20
POSITIONAL BASE MEAN QUALITY,Read1,ReadPos 25 A Average Quality,39.19
POSITIONAL BASE MEAN QUALITY,Read1,ReadPos 26 A Average Quality,38.87
POSITIONAL BASE MEAN QUALITY,Read1,ReadPos 27 A Average Quality,38.87
POSITIONAL BASE MEAN QUALITY,Read1,ReadPos 28 A Average Quality,38.87
POSITIONAL BASE MEAN QUALITY,Read1,ReadPos 29 A Average Quality,38.85
POSITIONAL BASE MEAN QUALITY,Read1,ReadPos 30 A Average Quality,38.85
POSITIONAL BASE MEAN QUALITY,Read1,ReadPos 31 A Average Quality,38.83
POSITIONAL BASE MEAN QUALITY,Read1,ReadPos 32 A Average Quality,38.86
POSITIONAL BASE MEAN QUALITY,Read1,ReadPos 33 A Average Quality,38.86
POSITIONAL BASE MEAN QUALITY,Read1,ReadPos 34 A Average Quality,38.85
POSITIONAL BASE MEAN QUALITY,Read1,ReadPos 35 A Average Quality,38.83
POSITIONAL BASE MEAN QUALITY,Read1,ReadPos 36 A Average Quality,38.85
POSITIONAL BASE MEAN QUALITY,Read1,ReadPos 37 A Average Quality,38.85
POSITIONAL BASE MEAN QUALITY,Read1,ReadPos 38 A Average Quality,38.83
POSITIONAL BASE MEAN QUALITY,Read1,ReadPos 39 A Average Quality,38.86
POSITIONAL BASE MEAN QUALITY,Read1,ReadPos 40 A Average Quality,38.86
POSITIONAL BASE MEAN QUALITY,Read1,ReadPos 41 A Average Quality,38.86
POSITIONAL BASE MEAN QUALITY,Read1,ReadPos 42 A Average Quality,38.84
POSITIONAL BASE MEAN QUALITY,Read1,ReadPos 43 A Average Quality,38.81
POSITIONAL BASE MEAN QUALITY,Read1,ReadPos 44 A Average Quality,38.79
POSITIONAL BASE MEAN QUALITY,Read1,ReadPos 45 A Average Quality,38.78
POSITIONAL BASE MEAN QUALITY,Read1,ReadPos 46 A Average Quality,38.77
POSITIONAL BASE MEAN QUALITY,Read1,ReadPos 47 A Average Quality,38.76
POSITIONAL BASE MEAN QUALITY,Read1,ReadPos 48 A Average Quality,38.76
POSITIONAL BASE MEAN QUALITY,Read1,ReadPos 49 A Average Quality,38.75
POSITIONAL BASE MEAN QUALITY,Read1,ReadPos 50 A Average Quality,38.75
POSITIONAL BASE MEAN QUALITY,Read1,ReadPos 51 A Average Quality,38.74
POSITIONAL BASE MEAN QUALITY,Read1,ReadPos 52 A Average Quality,38.74
POSITIONAL BASE MEAN QUALITY,Read1,ReadPos 53 A Average Quality,38.72
POSITIONAL BASE MEAN QUALITY,Read1,ReadPos 54 A Average Quality,38.71
POSITIONAL BASE MEAN QUALITY,Read1,ReadPos 55 A Average Quality,38.71
POSITIONAL BASE MEAN QUALITY,Read1,ReadPos 56 A Average Quality,38.70
POSITIONAL BASE MEAN QUALITY,Read1,ReadPos 57 A Average Quality,38.69
POSITIONAL BASE MEAN QUALITY,Read1,ReadPos 58 A Average Quality,38.67
POSITIONAL BASE MEAN QUALITY,Read1,ReadPos 59 A Average Quality,38.66
POSITIONAL BASE MEAN QUALITY,Read1,ReadPos 60 A Average Quality,38.65
POSITIONAL BASE MEAN QUALITY,Read1,ReadPos 61 A Average Quality,38.64
POSITIONAL BASE MEAN QUALITY,Read1,ReadPos 62 A Average Quality,38.62
POSITIONAL BASE MEAN QUALITY,Read1,ReadPos 63 A Average Quality,38.62
POSITIONAL BASE MEAN QUALITY,Read1,ReadPos 64 A Average Quality,38.61
POSITIONAL BASE MEAN QUALITY,Read1,ReadPos 65 A Average Quality,38.59
POSITIONAL BASE MEAN QUALITY,Read1,ReadPos 66 A Average Quality,38.58
POSITIONAL BASE MEAN QUALITY,Read1,ReadPos 67 A Average Quality,38.57
POSITIONAL BASE MEAN QUALITY,Read1,ReadPos 68 A Average Quality,38.56
POSITIONAL BASE MEAN QUALITY,Read1,ReadPos 69 A Average Quality,38.54
POSITIONAL BASE MEAN QUALITY,Read1,ReadPos 70 A Average Quality,38.54
POSITIONAL BASE MEAN QUALITY,Read1,ReadPos 71 A Average Quality,38.52
POSITIONAL BASE MEAN QUALITY,Read1,ReadPos 72 A Average Quality,38.51
POSITIONAL BASE MEAN QUALITY,Read1,ReadPos 73 A Average Quality,38.50
POSITIONAL BASE MEAN QUALITY,Read1,ReadPos 74 A Average Quality,38.49
POSITIONAL BASE MEAN QUALITY,Read1,ReadPos 75 A Average Quality,38.47
POSITIONAL BASE MEAN QUALITY,Read1,ReadPos 76 A Average Quality,38.45
POSITIONAL BASE MEAN QUALITY,Read1,ReadPos 77 A Average Quality,38.45
POSITIONAL BASE MEAN QUALITY,Read1,ReadPos 78 A Average Quality,38.44
POSITIONAL BASE MEAN QUALITY,Read1,ReadPos 79 A Average Quality,38.42
POSITIONAL BASE MEAN QUALITY,Read1,ReadPos 80 A Average Quality,38.41
POSITIONAL BASE MEAN QUALITY,Read1,ReadPos 81 A Average Quality,38.40
POSITIONAL BASE MEAN QUALITY,Read1,ReadPos 82 A Average Quality,38.39
POSITIONAL BASE MEAN QUALITY,Read1,ReadPos 83 A Average Quality,38.37
POSITIONAL BASE MEAN QUALITY,Read1,ReadPos 84 A Average Quality,38.36
POSITIONAL BASE MEAN QUALITY,Read1,ReadPos 85 A Average Quality,38.34
POSITIONAL BASE MEAN QUALITY,Read1,ReadPos 86 A Average Quality,38.33
POSITIONAL BASE MEAN QUALITY,Read1,ReadPos 87 A Average Quality,38.32
POSITIONAL BASE MEAN QUALITY,Read1,ReadPos 88 A Average Quality,38.30
POSITIONAL BASE MEAN QUALITY,Read1,ReadPos 89 A Average Quality,38.29
POSITIONAL BASE MEAN QUALITY,Read1,ReadPos 90 A Average Quality,38.28
POSITIONAL BASE MEAN QUALITY,Read1,ReadPos 91 A Average Quality,38.25
POSITIONAL BASE MEAN QUALITY,Read1,ReadPos 92 A Average Quality,38.26
POSITIONAL BASE MEAN QUALITY,Read1,ReadPos 93 A Average Quality,38.24
POSITIONAL BASE MEAN QUALITY,Read1,ReadPos 94 A Average Quality,38.23
POSITIONAL BASE MEAN QUALITY,Read1,ReadPos 95 A Average Quality,38.20
POSITIONAL BASE MEAN QUALITY,Read1,ReadPos 96 A Average Quality,38.19
POSITIONAL BASE MEAN QUALITY,Read1,ReadPos 97 A Average Quality,38.18
POSITIONAL BASE MEAN QUALITY,Read1,ReadPos 98 A Average Quality,38.17
POSITIONAL BASE MEAN QUALITY,Read1,ReadPos 99 A Average Quality,38.16
POSITIONAL BASE MEAN QUALITY,Read1,ReadPos 100 A Average Quality,38.14
POSITIONAL BASE MEAN QUALITY,Read1,ReadPos 101 A Average Quality,38.10
POSITIONAL BASE MEAN QUALITY,Read1,ReadPos 102 A Average Quality,38.10
POSITIONAL BASE MEAN QUALITY,Read1,ReadPos 103 A Average Quality,38.10
POSITIONAL BASE MEAN QUALITY,Read1,ReadPos 104 A Average Quality,38.08
POSITIONAL BASE MEAN QUALITY,Read1,ReadPos 105 A Average Quality,38.05
POSITIONAL BASE MEAN QUALITY,Read1,ReadPos 106 A Average Quality,38.03
POSITIONAL BASE MEAN QUALITY,Read1,ReadPos 107 A Average Quality,38.01
POSITIONAL BASE MEAN QUALITY,Read1,ReadPos 108 A Average Quality,38.00
POSITIONAL BASE MEAN QUALITY,Read1,ReadPos 109 A Average Quality,38.00
POSITIONAL BASE MEAN QUALITY,Read1,ReadPos 110 A Average Quality,37.98
POSITIONAL BASE MEAN QUALITY,Read1,ReadPos 111 A Average Quality,37.96
POSITIONAL BASE MEAN QUALITY,Read1,ReadPos 112 A Average Quality,37.95
POSITIONAL BASE MEAN QUALITY,Read1,ReadPos 113 A Average Quality,37.94
POSITIONAL BASE MEAN QUALITY,Read1,ReadPos 114 A Average Quality,37.92
POSITIONAL BASE MEAN QUALITY,Read1,ReadPos 115 A Average Quality,37.90
POSITIONAL BASE MEAN QUALITY,Read1,ReadPos 116 A Average Quality,37.87
POSITIONAL BASE MEAN QUALITY,Read1,ReadPos 117 A Average Quality,37.86
POSITIONAL BASE MEAN QUALITY,Read1,ReadPos 118 A Average Quality,37.85
POSITIONAL BASE MEAN QUALITY,Read1,ReadPos 119 A Average Quality,37.84
POSITIONAL BASE MEAN QUALITY,Read1,ReadPos 120 A Average Quality,37.81
POSITIONAL BASE MEAN QUALITY,Read1,ReadPos 121 A Average Quality,37.80
POSITIONAL BASE MEAN QUALITY,Read1,ReadPos 122 A Average Quality,37.79
POSITIONAL BASE MEAN QUALITY,Read1,ReadPos 123 A Average Quality,37.77
POSITIONAL BASE MEAN QUALITY,Read1,ReadPos 124 A Average Quality,37.76
POSITIONAL BASE MEAN QUALITY,Read1,ReadPos 125 A Average Quality,37.73
POSITIONAL BASE MEAN QUALITY,Read1,ReadPos 126 A Average Quality,37.70
POSITIONAL BASE MEAN QUALITY,Read1,ReadPos 127 A Average Quality,37.70
POSITIONAL BASE MEAN QUALITY,Read1,ReadPos 128 A Average Quality,37.69
POSITIONAL BASE MEAN QUALITY,Read1,ReadPos 129 A Average Quality,37.68
POSITIONAL BASE MEAN QUALITY,Read1,ReadPos 130 A Average Quality,37.66
POSITIONAL BASE MEAN QUALITY,Read1,ReadPos 131 A Average Quality,37.62
POSITIONAL BASE MEAN QUALITY,Read1,ReadPos 132 A Average Quality,37.62
POSITIONAL BASE MEAN QUALITY,Read1,ReadPos 133 A Average Quality,37.60
POSITIONAL BASE MEAN QUALITY,Read1,ReadPos 134 A Average Quality,37.59
POSITIONAL BASE MEAN QUALITY,Read1,ReadPos 135 A Average Quality,37.56
POSITIONAL BASE MEAN QUALITY,Read1,ReadPos 136 A Average Quality,37.53
POSITIONAL BASE MEAN QUALITY,Read1,ReadPos 137 A Average Quality,37.54
POSITIONAL BASE MEAN QUALITY,Read1,ReadPos 138 A Average Quality,37.52
POSITIONAL BASE MEAN QUALITY,Read1,ReadPos 139 A Average Quality,37.50
POSITIONAL BASE MEAN QUALITY,Read1,ReadPos 140 A Average Quality,37.49
POSITIONAL BASE MEAN QUALITY,Read1,ReadPos 141 A Average Quality,37.47
POSITIONAL BASE MEAN QUALITY,Read1,ReadPos 142 A Average Quality,37.47
POSITIONAL BASE MEAN QUALITY,Read1,ReadPos 143 A Average Quality,37.45
POSITIONAL BASE MEAN QUALITY,Read1,ReadPos 144 A Average Quality,37.44
POSITIONAL BASE MEAN QUALITY,Read1,ReadPos 145 A Average Quality,37.43
POSITIONAL BASE MEAN QUALITY,Read1,ReadPos 146 A Average Quality,37.40
POSITIONAL BASE MEAN QUALITY,Read1,ReadPos 147 A Average Quality,37.39
POSITIONAL BASE MEAN QUALITY,Read1,ReadPos 148 A Average Quality,37.37
POSITIONAL BASE MEAN QUALITY,Read1,ReadPos 149 A Average Quality,37.34
POSITIONAL BASE MEAN QUALITY,Read1,ReadPos 150 A Average Quality,37.32
POSITIONAL BASE MEAN QUALITY,Read1,ReadPos 151 A Average Quality,36.29
POSITIONAL BASE MEAN QUALITY,Read1,ReadPos 1 C Average Quality,39.15
POSITIONAL BASE MEAN QUALITY,Read1,ReadPos 2 C Average Quality,39.08
POSITIONAL BASE MEAN QUALITY,Read1,ReadPos 3 C Average Quality,39.37
POSITIONAL BASE MEAN QUALITY,Read1,ReadPos 4 C Average Quality,39.05
POSITIONAL BASE MEAN QUALITY,Read1,ReadPos 5 C Average Quality,38.29
POSITIONAL BASE MEAN QUALITY,Read1,ReadPos 6 C Average Quality,38.93
POSITIONAL BASE MEAN QUALITY,Read1,ReadPos 7 C Average Quality,39.25
POSITIONAL BASE MEAN QUALITY,Read1,ReadPos 8 C Average Quality,39.25
POSITIONAL BASE MEAN QUALITY,Read1,ReadPos 9 C Average Quality,39.24
POSITIONAL BASE MEAN QUALITY,Read1,ReadPos 10 C Average Quality,39.16
POSITIONAL BASE MEAN QUALITY,Read1,ReadPos 11 C Average Quality,39.28
POSITIONAL BASE MEAN QUALITY,Read1,ReadPos 12 C Average Quality,39.16
POSITIONAL BASE MEAN QUALITY,Read1,ReadPos 13 C Average Quality,39.24
POSITIONAL BASE MEAN QUALITY,Read1,ReadPos 14 C Average Quality,39.19
POSITIONAL BASE MEAN QUALITY,Read1,ReadPos 15 C Average Quality,39.20
POSITIONAL BASE MEAN QUALITY,Read1,ReadPos 16 C Average Quality,39.34
POSITIONAL BASE MEAN QUALITY,Read1,ReadPos 17 C Average Quality,39.31
POSITIONAL BASE MEAN QUALITY,Read1,ReadPos 18 C Average Quality,39.31
POSITIONAL BASE MEAN QUALITY,Read1,ReadPos 19 C Average Quality,39.31
POSITIONAL BASE MEAN QUALITY,Read1,ReadPos 20 C Average Quality,39.31
POSITIONAL BASE MEAN QUALITY,Read1,ReadPos 21 C Average Quality,39.31
POSITIONAL BASE MEAN QUALITY,Read1,ReadPos 22 C Average Quality,39.28
POSITIONAL BASE MEAN QUALITY,Read1,ReadPos 23 C Average Quality,39.28
POSITIONAL BASE MEAN QUALITY,Read1,ReadPos 24 C Average Quality,39.27
POSITIONAL BASE MEAN QUALITY,Read1,ReadPos 25 C Average Quality,39.25
POSITIONAL BASE MEAN QUALITY,Read1,ReadPos 26 C Average Quality,38.89
POSITIONAL BASE MEAN QUALITY,Read1,ReadPos 27 C Average Quality,38.87
POSITIONAL BASE MEAN QUALITY,Read1,ReadPos 28 C Average Quality,38.88
POSITIONAL BASE MEAN QUALITY,Read1,ReadPos 29 C Average Quality,38.83
POSITIONAL BASE MEAN QUALITY,Read1,ReadPos 30 C Average Quality,38.84
POSITIONAL BASE MEAN QUALITY,Read1,ReadPos 31 C Average Quality,38.80
POSITIONAL BASE MEAN QUALITY,Read1,ReadPos 32 C Average Quality,38.84
POSITIONAL BASE MEAN QUALITY,Read1,ReadPos 33 C Average Quality,38.82
POSITIONAL BASE MEAN QUALITY,Read1,ReadPos 34 C Average Quality,38.81
POSITIONAL BASE MEAN QUALITY,Read1,ReadPos 35 C Average Quality,38.82
POSITIONAL BASE MEAN QUALITY,Read1,ReadPos 36 C Average Quality,38.81
POSITIONAL BASE MEAN QUALITY,Read1,ReadPos 37 C Average Quality,38.82
POSITIONAL BASE MEAN QUALITY,Read1,ReadPos 38 C Average Quality,38.77
POSITIONAL BASE MEAN QUALITY,Read1,ReadPos 39 C Average Quality,38.80
POSITIONAL BASE MEAN QUALITY,Read1,ReadPos 40 C Average Quality,38.80
POSITIONAL BASE MEAN QUALITY,Read1,ReadPos 41 C Average Quality,38.80
POSITIONAL BASE MEAN QUALITY,Read1,ReadPos 42 C Average Quality,38.77
POSITIONAL BASE MEAN QUALITY,Read1,ReadPos 43 C Average Quality,38.71
POSITIONAL BASE MEAN QUALITY,Read1,ReadPos 44 C Average Quality,38.71
POSITIONAL BASE MEAN QUALITY,Read1,ReadPos 45 C Average Quality,38.70
POSITIONAL BASE MEAN QUALITY,Read1,ReadPos 46 C Average Quality,38.67
POSITIONAL BASE MEAN QUALITY,Read1,ReadPos 47 C Average Quality,38.65
POSITIONAL BASE MEAN QUALITY,Read1,ReadPos 48 C Average Quality,38.64
POSITIONAL BASE MEAN QUALITY,Read1,ReadPos 49 C Average Quality,38.63
POSITIONAL BASE MEAN QUALITY,Read1,ReadPos 50 C Average Quality,38.64
POSITIONAL BASE MEAN QUALITY,Read1,ReadPos 51 C Average Quality,38.63
POSITIONAL BASE MEAN QUALITY,Read1,ReadPos 52 C Average Quality,38.62
POSITIONAL BASE MEAN QUALITY,Read1,ReadPos 53 C Average Quality,38.58
POSITIONAL BASE MEAN QUALITY,Read1,ReadPos 54 C Average Quality,38.57
POSITIONAL BASE MEAN QUALITY,Read1,ReadPos 55 C Average Quality,38.58
POSITIONAL BASE MEAN QUALITY,Read1,ReadPos 56 C Average Quality,38.55
POSITIONAL BASE MEAN QUALITY,Read1,ReadPos 57 C Average Quality,38.54
POSITIONAL BASE MEAN QUALITY,Read1,ReadPos 58 C Average Quality,38.51
POSITIONAL BASE MEAN QUALITY,Read1,ReadPos 59 C Average Quality,38.51
POSITIONAL BASE MEAN QUALITY,Read1,ReadPos 60 C Average Quality,38.51
POSITIONAL BASE MEAN QUALITY,Read1,ReadPos 61 C Average Quality,38.48
POSITIONAL BASE MEAN QUALITY,Read1,ReadPos 62 C Average Quality,38.46
POSITIONAL BASE MEAN QUALITY,Read1,ReadPos 63 C Average Quality,38.46
POSITIONAL BASE MEAN QUALITY,Read1,ReadPos 64 C Average Quality,38.45
POSITIONAL BASE MEAN QUALITY,Read1,ReadPos 65 C Average Quality,38.43
POSITIONAL BASE MEAN QUALITY,Read1,ReadPos 66 C Average Quality,38.42
POSITIONAL BASE MEAN QUALITY,Read1,ReadPos 67 C Average Quality,38.40
POSITIONAL BASE MEAN QUALITY,Read1,ReadPos 68 C Average Quality,38.39
POSITIONAL BASE MEAN QUALITY,Read1,ReadPos 69 C Average Quality,38.36
POSITIONAL BASE MEAN QUALITY,Read1,ReadPos 70 C Average Quality,38.36
POSITIONAL BASE MEAN QUALITY,Read1,ReadPos 71 C Average Quality,38.34
POSITIONAL BASE MEAN QUALITY,Read1,ReadPos 72 C Average Quality,38.32
POSITIONAL BASE MEAN QUALITY,Read1,ReadPos 73 C Average Quality,38.31
POSITIONAL BASE MEAN QUALITY,Read1,ReadPos 74 C Average Quality,38.29
POSITIONAL BASE MEAN QUALITY,Read1,ReadPos 75 C Average Quality,38.29
POSITIONAL BASE MEAN QUALITY,Read1,ReadPos 76 C Average Quality,38.27
POSITIONAL BASE MEAN QUALITY,Read1,ReadPos 77 C Average Quality,38.24
POSITIONAL BASE MEAN QUALITY,Read1,ReadPos 78 C Average Quality,38.23
POSITIONAL BASE MEAN QUALITY,Read1,ReadPos 79 C Average Quality,38.20
POSITIONAL BASE MEAN QUALITY,Read1,ReadPos 80 C Average Quality,38.20
POSITIONAL BASE MEAN QUALITY,Read1,ReadPos 81 C Average Quality,38.19
POSITIONAL BASE MEAN QUALITY,Read1,ReadPos 82 C Average Quality,38.17
POSITIONAL BASE MEAN QUALITY,Read1,ReadPos 83 C Average Quality,38.15
POSITIONAL BASE MEAN QUALITY,Read1,ReadPos 84 C Average Quality,38.13
POSITIONAL BASE MEAN QUALITY,Read1,ReadPos 85 C Average Quality,38.11
POSITIONAL BASE MEAN QUALITY,Read1,ReadPos 86 C Average Quality,38.09
POSITIONAL BASE MEAN QUALITY,Read1,ReadPos 87 C Average Quality,38.07
POSITIONAL BASE MEAN QUALITY,Read1,ReadPos 88 C Average Quality,38.05
POSITIONAL BASE MEAN QUALITY,Read1,ReadPos 89 C Average Quality,38.03
POSITIONAL BASE MEAN QUALITY,Read1,ReadPos 90 C Average Quality,38.02
POSITIONAL BASE MEAN QUALITY,Read1,ReadPos 91 C Average Quality,38.00
POSITIONAL BASE MEAN QUALITY,Read1,ReadPos 92 C Average Quality,37.99
POSITIONAL BASE MEAN QUALITY,Read1,ReadPos 93 C Average Quality,37.98
POSITIONAL BASE MEAN QUALITY,Read1,ReadPos 94 C Average Quality,37.94
POSITIONAL BASE MEAN QUALITY,Read1,ReadPos 95 C Average Quality,37.92
POSITIONAL BASE MEAN QUALITY,Read1,ReadPos 96 C Average Quality,37.92
POSITIONAL BASE MEAN QUALITY,Read1,ReadPos 97 C Average Quality,37.89
POSITIONAL BASE MEAN QUALITY,Read1,ReadPos 98 C Average Quality,37.88
POSITIONAL BASE MEAN QUALITY,Read1,ReadPos 99 C Average Quality,37.86
POSITIONAL BASE MEAN QUALITY,Read1,ReadPos 100 C Average Quality,37.84
POSITIONAL BASE MEAN QUALITY,Read1,ReadPos 101 C Average Quality,37.81
POSITIONAL BASE MEAN QUALITY,Read1,ReadPos 102 C Average Quality,37.80
POSITIONAL BASE MEAN QUALITY,Read1,ReadPos 103 C Average Quality,37.78
POSITIONAL BASE MEAN QUALITY,Read1,ReadPos 104 C Average Quality,37.75
POSITIONAL BASE MEAN QUALITY,Read1,ReadPos 105 C Average Quality,37.75
POSITIONAL BASE MEAN QUALITY,Read1,ReadPos 106 C Average Quality,37.72
POSITIONAL BASE MEAN QUALITY,Read1,ReadPos 107 C Average Quality,37.71
POSITIONAL BASE MEAN QUALITY,Read1,ReadPos 108 C Average Quality,37.69
POSITIONAL BASE MEAN QUALITY,Read1,ReadPos 109 C Average Quality,37.65
POSITIONAL BASE MEAN QUALITY,Read1,ReadPos 110 C Average Quality,37.65
POSITIONAL BASE MEAN QUALITY,Read1,ReadPos 111 C Average Quality,37.62
POSITIONAL BASE MEAN QUALITY,Read1,ReadPos 112 C Average Quality,37.61
POSITIONAL BASE MEAN QUALITY,Read1,ReadPos 113 C Average Quality,37.58
POSITIONAL BASE MEAN QUALITY,Read1,ReadPos 114 C Average Quality,37.56
POSITIONAL BASE MEAN QUALITY,Read1,ReadPos 115 C Average Quality,37.55
POSITIONAL BASE MEAN QUALITY,Read1,ReadPos 116 C Average Quality,37.52
POSITIONAL BASE MEAN QUALITY,Read1,ReadPos 117 C Average Quality,37.50
POSITIONAL BASE MEAN QUALITY,Read1,ReadPos 118 C Average Quality,37.49
POSITIONAL BASE MEAN QUALITY,Read1,ReadPos 119 C Average Quality,37.46
POSITIONAL BASE MEAN QUALITY,Read1,ReadPos 120 C Average Quality,37.44
POSITIONAL BASE MEAN QUALITY,Read1,ReadPos 121 C Average Quality,37.42
POSITIONAL BASE MEAN QUALITY,Read1,ReadPos 122 C Average Quality,37.42
POSITIONAL BASE MEAN QUALITY,Read1,ReadPos 123 C Average Quality,37.39
POSITIONAL BASE MEAN QUALITY,Read1,ReadPos 124 C Average Quality,37.36
POSITIONAL BASE MEAN QUALITY,Read1,ReadPos 125 C Average Quality,37.35
POSITIONAL BASE MEAN QUALITY,Read1,ReadPos 126 C Average Quality,37.32
POSITIONAL BASE MEAN QUALITY,Read1,ReadPos 127 C Average Quality,37.30
POSITIONAL BASE MEAN QUALITY,Read1,ReadPos 128 C Average Quality,37.29
POSITIONAL BASE MEAN QUALITY,Read1,ReadPos 129 C Average Quality,37.25
POSITIONAL BASE MEAN QUALITY,Read1,ReadPos 130 C Average Quality,37.25
POSITIONAL BASE MEAN QUALITY,Read1,ReadPos 131 C Average Quality,37.22
POSITIONAL BASE MEAN QUALITY,Read1,ReadPos 132 C Average Quality,37.21
POSITIONAL BASE MEAN QUALITY,Read1,ReadPos 133 C Average Quality,37.18
POSITIONAL BASE MEAN QUALITY,Read1,ReadPos 134 C Average Quality,37.14
POSITIONAL BASE MEAN QUALITY,Read1,ReadPos 135 C Average Quality,37.14
POSITIONAL BASE MEAN QUALITY,Read1,ReadPos 136 C Average Quality,37.13
POSITIONAL BASE MEAN QUALITY,Read1,ReadPos 137 C Average Quality,37.12
POSITIONAL BASE MEAN QUALITY,Read1,ReadPos 138 C Average Quality,37.10
POSITIONAL BASE MEAN QUALITY,Read1,ReadPos 139 C Average Quality,37.06
POSITIONAL BASE MEAN QUALITY,Read1,ReadPos 140 C Average Quality,37.05
POSITIONAL BASE MEAN QUALITY,Read1,ReadPos 141 C Average Quality,37.04
POSITIONAL BASE MEAN QUALITY,Read1,ReadPos 142 C Average Quality,37.03
POSITIONAL BASE MEAN QUALITY,Read1,ReadPos 143 C Average Quality,37.01
POSITIONAL BASE MEAN QUALITY,Read1,ReadPos 144 C Average Quality,36.97
POSITIONAL BASE MEAN QUALITY,Read1,ReadPos 145 C Average Quality,36.97
POSITIONAL BASE MEAN QUALITY,Read1,ReadPos 146 C Average Quality,36.96
POSITIONAL BASE MEAN QUALITY,Read1,ReadPos 147 C Average Quality,36.93
POSITIONAL BASE MEAN QUALITY,Read1,ReadPos 148 C Average Quality,36.92
POSITIONAL BASE MEAN QUALITY,Read1,ReadPos 149 C Average Quality,36.85
POSITIONAL BASE MEAN QUALITY,Read1,ReadPos 150 C Average Quality,36.86
POSITIONAL BASE MEAN QUALITY,Read1,ReadPos 151 C Average Quality,35.76
POSITIONAL BASE MEAN QUALITY,Read1,ReadPos 1 G Average Quality,37.77
POSITIONAL BASE MEAN QUALITY,Read1,ReadPos 2 G Average Quality,38.97
POSITIONAL BASE MEAN QUALITY,Read1,ReadPos 3 G Average Quality,39.00
POSITIONAL BASE MEAN QUALITY,Read1,ReadPos 4 G Average Quality,39.13
POSITIONAL BASE MEAN QUALITY,Read1,ReadPos 5 G Average Quality,39.21
POSITIONAL BASE MEAN QUALITY,Read1,ReadPos 6 G Average Quality,39.02
POSITIONAL BASE MEAN QUALITY,Read1,ReadPos 7 G Average Quality,39.06
POSITIONAL BASE MEAN QUALITY,Read1,ReadPos 8 G Average Quality,39.12
POSITIONAL BASE MEAN QUALITY,Read1,ReadPos 9 G Average Quality,39.20
POSITIONAL BASE MEAN QUALITY,Read1,ReadPos 10 G Average Quality,39.24
POSITIONAL BASE MEAN QUALITY,Read1,ReadPos 11 G Average Quality,39.17
POSITIONAL BASE MEAN QUALITY,Read1,ReadPos 12 G Average Quality,39.21
POSITIONAL BASE MEAN QUALITY,Read1,ReadPos 13 G Average Quality,39.23
POSITIONAL BASE MEAN QUALITY,Read1,ReadPos 14 G Average Quality,39.24
POSITIONAL BASE MEAN QUALITY,Read1,ReadPos 15 G Average Quality,39.26
POSITIONAL BASE MEAN QUALITY,Read1,ReadPos 16 G Average Quality,39.36
POSITIONAL BASE MEAN QUALITY,Read1,ReadPos 17 G Average Quality,39.36
POSITIONAL BASE MEAN QUALITY,Read1,ReadPos 18 G Average Quality,39.38
POSITIONAL BASE MEAN QUALITY,Read1,ReadPos 19 G Average Quality,39.38
POSITIONAL BASE MEAN QUALITY,Read1,ReadPos 20 G Average Quality,39.39
POSITIONAL BASE MEAN QUALITY,Read1,ReadPos 21 G Average Quality,39.38
POSITIONAL BASE MEAN QUALITY,Read1,ReadPos 22 G Average Quality,39.39
POSITIONAL BASE MEAN QUALITY,Read1,ReadPos 23 G Average Quality,39.39
POSITIONAL BASE MEAN QUALITY,Read1,ReadPos 24 G Average Quality,39.40
POSITIONAL BASE MEAN QUALITY,Read1,ReadPos 25 G Average Quality,39.39
POSITIONAL BASE MEAN QUALITY,Read1,ReadPos 26 G Average Quality,39.11
POSITIONAL BASE MEAN QUALITY,Read1,ReadPos 27 G Average Quality,39.09
POSITIONAL BASE MEAN QUALITY,Read1,ReadPos 28 G Average Quality,39.10
POSITIONAL BASE MEAN QUALITY,Read1,ReadPos 29 G Average Quality,39.11
POSITIONAL BASE MEAN QUALITY,Read1,ReadPos 30 G Average Quality,39.11
POSITIONAL BASE MEAN QUALITY,Read1,ReadPos 31 G Average Quality,39.11
POSITIONAL BASE MEAN QUALITY,Read1,ReadPos 32 G Average Quality,39.09
POSITIONAL BASE MEAN QUALITY,Read1,ReadPos 33 G Average Quality,39.11
POSITIONAL BASE MEAN QUALITY,Read1,ReadPos 34 G Average Quality,39.12
POSITIONAL BASE MEAN QUALITY,Read1,ReadPos 35 G Average Quality,39.11
POSITIONAL BASE MEAN QUALITY,Read1,ReadPos 36 G Average Quality,39.11
POSITIONAL BASE MEAN QUALITY,Read1,ReadPos 37 G Average Quality,39.09
POSITIONAL BASE MEAN QUALITY,Read1,ReadPos 38 G Average Quality,39.10
POSITIONAL BASE MEAN QUALITY,Read1,ReadPos 39 G Average Quality,39.10
POSITIONAL BASE MEAN QUALITY,Read1,ReadPos 40 G Average Quality,39.09
POSITIONAL BASE MEAN QUALITY,Read1,ReadPos 41 G Average Quality,39.09
POSITIONAL BASE MEAN QUALITY,Read1,ReadPos 42 G Average Quality,39.07
POSITIONAL BASE MEAN QUALITY,Read1,ReadPos 43 G Average Quality,39.05
POSITIONAL BASE MEAN QUALITY,Read1,ReadPos 44 G Average Quality,39.05
POSITIONAL BASE MEAN QUALITY,Read1,ReadPos 45 G Average Quality,39.04
POSITIONAL BASE MEAN QUALITY,Read1,ReadPos 46 G Average Quality,39.05
POSITIONAL BASE MEAN QUALITY,Read1,ReadPos 47 G Average Quality,39.03
POSITIONAL BASE MEAN QUALITY,Read1,ReadPos 48 G Average Quality,39.03
POSITIONAL BASE MEAN QUALITY,Read1,ReadPos 49 G Average Quality,39.02
POSITIONAL BASE MEAN QUALITY,Read1,ReadPos 50 G Average Quality,39.01
POSITIONAL BASE MEAN QUALITY,Read1,ReadPos 51 G Average Quality,39.00
POSITIONAL BASE MEAN QUALITY,Read1,ReadPos 52 G Average Quality,39.00
POSITIONAL BASE MEAN QUALITY,Read1,ReadPos 53 G Average Quality,38.99
POSITIONAL BASE MEAN QUALITY,Read1,ReadPos 54 G Average Quality,38.99
POSITIONAL BASE MEAN QUALITY,Read1,ReadPos 55 G Average Quality,38.98
POSITIONAL BASE MEAN QUALITY,Read1,ReadPos 56 G Average Quality,38.98
POSITIONAL BASE MEAN QUALITY,Read1,ReadPos 57 G Average Quality,38.96
POSITIONAL BASE MEAN QUALITY,Read1,ReadPos 58 G Average Quality,38.95
POSITIONAL BASE MEAN QUALITY,Read1,ReadPos 59 G Average Quality,38.94
POSITIONAL BASE MEAN QUALITY,Read1,ReadPos 60 G Average Quality,38.94
POSITIONAL BASE MEAN QUALITY,Read1,ReadPos 61 G Average Quality,38.93
POSITIONAL BASE MEAN QUALITY,Read1,ReadPos 62 G Average Quality,38.91
POSITIONAL BASE MEAN QUALITY,Read1,ReadPos 63 G Average Quality,38.91
POSITIONAL BASE MEAN QUALITY,Read1,ReadPos 64 G Average Quality,38.91
POSITIONAL BASE MEAN QUALITY,Read1,ReadPos 65 G Average Quality,38.89
POSITIONAL BASE MEAN QUALITY,Read1,ReadPos 66 G Average Quality,38.89
POSITIONAL BASE MEAN QUALITY,Read1,ReadPos 67 G Average Quality,38.88
POSITIONAL BASE MEAN QUALITY,Read1,ReadPos 68 G Average Quality,38.87
POSITIONAL BASE MEAN QUALITY,Read1,ReadPos 69 G Average Quality,38.85
POSITIONAL BASE MEAN QUALITY,Read1,ReadPos 70 G Average Quality,38.85
POSITIONAL BASE MEAN QUALITY,Read1,ReadPos 71 G Average Quality,38.85
POSITIONAL BASE MEAN QUALITY,Read1,ReadPos 72 G Average Quality,38.84
POSITIONAL BASE MEAN QUALITY,Read1,ReadPos 73 G Average Quality,38.82
POSITIONAL BASE MEAN QUALITY,Read1,ReadPos 74 G Average Quality,38.81
POSITIONAL BASE MEAN QUALITY,Read1,ReadPos 75 G Average Quality,38.80
POSITIONAL BASE MEAN QUALITY,Read1,ReadPos 76 G Average Quality,38.79
POSITIONAL BASE MEAN QUALITY,Read1,ReadPos 77 G Average Quality,38.78
POSITIONAL BASE MEAN QUALITY,Read1,ReadPos 78 G Average Quality,38.77
POSITIONAL BASE MEAN QUALITY,Read1,ReadPos 79 G Average Quality,38.76
POSITIONAL BASE MEAN QUALITY,Read1,ReadPos 80 G Average Quality,38.75
POSITIONAL BASE MEAN QUALITY,Read1,ReadPos 81 G Average Quality,38.74
POSITIONAL BASE MEAN QUALITY,Read1,ReadPos 82 G Average Quality,38.73
POSITIONAL BASE MEAN QUALITY,Read1,ReadPos 83 G Average Quality,38.72
POSITIONAL BASE MEAN QUALITY,Read1,ReadPos 84 G Average Quality,38.71
POSITIONAL BASE MEAN QUALITY,Read1,ReadPos 85 G Average Quality,38.69
POSITIONAL BASE MEAN QUALITY,Read1,ReadPos 86 G Average Quality,38.69
POSITIONAL BASE MEAN QUALITY,Read1,ReadPos 87 G Average Quality,38.67
POSITIONAL BASE MEAN QUALITY,Read1,ReadPos 88 G Average Quality,38.66
POSITIONAL BASE MEAN QUALITY,Read1,ReadPos 89 G Average Quality,38.65
POSITIONAL BASE MEAN QUALITY,Read1,ReadPos 90 G Average Quality,38.64
POSITIONAL BASE MEAN QUALITY,Read1,ReadPos 91 G Average Quality,38.62
POSITIONAL BASE MEAN QUALITY,Read1,ReadPos 92 G Average Quality,38.62
POSITIONAL BASE MEAN QUALITY,Read1,ReadPos 93 G Average Quality,38.60
POSITIONAL BASE MEAN QUALITY,Read1,ReadPos 94 G Average Quality,38.60
POSITIONAL BASE MEAN QUALITY,Read1,ReadPos 95 G Average Quality,38.58
POSITIONAL BASE MEAN QUALITY,Read1,ReadPos 96 G Average Quality,38.58
POSITIONAL BASE MEAN QUALITY,Read1,ReadPos 97 G Average Quality,38.55
POSITIONAL BASE MEAN QUALITY,Read1,ReadPos 98 G Average Quality,38.55
POSITIONAL BASE MEAN QUALITY,Read1,ReadPos 99 G Average Quality,38.53
POSITIONAL BASE MEAN QUALITY,Read1,ReadPos 100 G Average Quality,38.52
POSITIONAL BASE MEAN QUALITY,Read1,ReadPos 101 G Average Quality,38.49
POSITIONAL BASE MEAN QUALITY,Read1,ReadPos 102 G Average Quality,38.49
POSITIONAL BASE MEAN QUALITY,Read1,ReadPos 103 G Average Quality,38.48
POSITIONAL BASE MEAN QUALITY,Read1,ReadPos 104 G Average Quality,38.47
POSITIONAL BASE MEAN QUALITY,Read1,ReadPos 105 G Average Quality,38.45
POSITIONAL BASE MEAN QUALITY,Read1,ReadPos 106 G Average Quality,38.44
POSITIONAL BASE MEAN QUALITY,Read1,ReadPos 107 G Average Quality,38.42
POSITIONAL BASE MEAN QUALITY,Read1,ReadPos 108 G Average Quality,38.41
POSITIONAL BASE MEAN QUALITY,Read1,ReadPos 109 G Average Quality,38.39
POSITIONAL BASE MEAN QUALITY,Read1,ReadPos 110 G Average Quality,38.38
POSITIONAL BASE MEAN QUALITY,Read1,ReadPos 111 G Average Quality,38.36
POSITIONAL BASE MEAN QUALITY,Read1,ReadPos 112 G Average Quality,38.35
POSITIONAL BASE MEAN QUALITY,Read1,ReadPos 113 G Average Quality,38.33
POSITIONAL BASE MEAN QUALITY,Read1,ReadPos 114 G Average Quality,38.32
POSITIONAL BASE MEAN QUALITY,Read1,ReadPos 115 G Average Quality,38.30
POSITIONAL BASE MEAN QUALITY,Read1,ReadPos 116 G Average Quality,38.30
POSITIONAL BASE MEAN QUALITY,Read1,ReadPos 117 G Average Quality,38.27
POSITIONAL BASE MEAN QUALITY,Read1,ReadPos 118 G Average Quality,38.26
POSITIONAL BASE MEAN QUALITY,Read1,ReadPos 119 G Average Quality,38.24
POSITIONAL BASE MEAN QUALITY,Read1,ReadPos 120 G Average Quality,38.22
POSITIONAL BASE MEAN QUALITY,Read1,ReadPos 121 G Average Quality,38.21
POSITIONAL BASE MEAN QUALITY,Read1,ReadPos 122 G Average Quality,38.20
POSITIONAL BASE MEAN QUALITY,Read1,ReadPos 123 G Average Quality,38.17
POSITIONAL BASE MEAN QUALITY,Read1,ReadPos 124 G Average Quality,38.16
POSITIONAL BASE MEAN QUALITY,Read1,ReadPos 125 G Average Quality,38.14
POSITIONAL BASE MEAN QUALITY,Read1,ReadPos 126 G Average Quality,38.13
POSITIONAL BASE MEAN QUALITY,Read1,ReadPos 127 G Average Quality,38.12
POSITIONAL BASE MEAN QUALITY,Read1,ReadPos 128 G Average Quality,38.10
POSITIONAL BASE MEAN QUALITY,Read1,ReadPos 129 G Average Quality,38.08
POSITIONAL BASE MEAN QUALITY,Read1,ReadPos 130 G Average Quality,38.07
POSITIONAL BASE MEAN QUALITY,Read1,ReadPos 131 G Average Quality,38.05
POSITIONAL BASE MEAN QUALITY,Read1,ReadPos 132 G Average Quality,38.03
POSITIONAL BASE MEAN QUALITY,Read1,ReadPos 133 G Average Quality,38.02
POSITIONAL BASE MEAN QUALITY,Read1,ReadPos 134 G Average Quality,38.00
POSITIONAL BASE MEAN QUALITY,Read1,ReadPos 135 G Average Quality,37.98
POSITIONAL BASE MEAN QUALITY,Read1,ReadPos 136 G Average Quality,37.96
POSITIONAL BASE MEAN QUALITY,Read1,ReadPos 137 G Average Quality,37.95
POSITIONAL BASE MEAN QUALITY,Read1,ReadPos 138 G Average Quality,37.94
POSITIONAL BASE MEAN QUALITY,Read1,ReadPos 139 G Average Quality,37.92
POSITIONAL BASE MEAN QUALITY,Read1,ReadPos 140 G Average Quality,37.91
POSITIONAL BASE MEAN QUALITY,Read1,ReadPos 141 G Average Quality,37.89
POSITIONAL BASE MEAN QUALITY,Read1,ReadPos 142 G Average Quality,37.88
POSITIONAL BASE MEAN QUALITY,Read1,ReadPos 143 G Average Quality,37.86
POSITIONAL BASE MEAN QUALITY,Read1,ReadPos 144 G Average Quality,37.85
POSITIONAL BASE MEAN QUALITY,Read1,ReadPos 145 G Average Quality,37.83
POSITIONAL BASE MEAN QUALITY,Read1,ReadPos 146 G Average Quality,37.82
POSITIONAL BASE MEAN QUALITY,Read1,ReadPos 147 G Average Quality,37.80
POSITIONAL BASE MEAN QUALITY,Read1,ReadPos 148 G Average Quality,37.79
POSITIONAL BASE MEAN QUALITY,Read1,ReadPos 149 G Average Quality,37.75
POSITIONAL BASE MEAN QUALITY,Read1,ReadPos 150 G Average Quality,37.75
POSITIONAL BASE MEAN QUALITY,Read1,ReadPos 151 G Average Quality,36.97
POSITIONAL BASE MEAN QUALITY,Read1,ReadPos 1 T Average Quality,39.16
POSITIONAL BASE MEAN QUALITY,Read1,ReadPos 2 T Average Quality,39.16
POSITIONAL BASE MEAN QUALITY,Read1,ReadPos 3 T Average Quality,39.29
POSITIONAL BASE MEAN QUALITY,Read1,ReadPos 4 T Average Quality,39.30
POSITIONAL BASE MEAN QUALITY,Read1,ReadPos 5 T Average Quality,39.15
POSITIONAL BASE MEAN QUALITY,Read1,ReadPos 6 T Average Quality,39.44
POSITIONAL BASE MEAN QUALITY,Read1,ReadPos 7 T Average Quality,39.38
POSITIONAL BASE MEAN QUALITY,Read1,ReadPos 8 T Average Quality,39.41
POSITIONAL BASE MEAN QUALITY,Read1,ReadPos 9 T Average Quality,39.52
POSITIONAL BASE MEAN QUALITY,Read1,ReadPos 10 T Average Quality,39.36
POSITIONAL BASE MEAN QUALITY,Read1,ReadPos 11 T Average Quality,39.48
POSITIONAL BASE MEAN QUALITY,Read1,ReadPos 12 T Average Quality,39.39
POSITIONAL BASE MEAN QUALITY,Read1,ReadPos 13 T Average Quality,39.47
POSITIONAL BASE MEAN QUALITY,Read1,ReadPos 14 T Average Quality,39.46
POSITIONAL BASE MEAN QUALITY,Read1,ReadPos 15 T Average Quality,39.47
POSITIONAL BASE MEAN QUALITY,Read1,ReadPos 16 T Average Quality,39.56
POSITIONAL BASE MEAN QUALITY,Read1,ReadPos 17 T Average Quality,39.56
POSITIONAL BASE MEAN QUALITY,Read1,ReadPos 18 T Average Quality,39.57
POSITIONAL BASE MEAN QUALITY,Read1,ReadPos 19 T Average Quality,39.58
POSITIONAL BASE MEAN QUALITY,Read1,ReadPos 20 T Average Quality,39.58
POSITIONAL BASE MEAN QUALITY,Read1,ReadPos 21 T Average Quality,39.58
POSITIONAL BASE MEAN QUALITY,Read1,ReadPos 22 T Average Quality,39.58
POSITIONAL BASE MEAN QUALITY,Read1,ReadPos 23 T Average Quality,39.59
POSITIONAL BASE MEAN QUALITY,Read1,ReadPos 24 T Average Quality,39.59
POSITIONAL BASE MEAN QUALITY,Read1,ReadPos 25 T Average Quality,39.59
POSITIONAL BASE MEAN QUALITY,Read1,ReadPos 26 T Average Quality,39.31
POSITIONAL BASE MEAN QUALITY,Read1,ReadPos 27 T Average Quality,39.30
POSITIONAL BASE MEAN QUALITY,Read1,ReadPos 28 T Average Quality,39.30
POSITIONAL BASE MEAN QUALITY,Read1,ReadPos 29 T Average Quality,39.30
POSITIONAL BASE MEAN QUALITY,Read1,ReadPos 30 T Average Quality,39.30
POSITIONAL BASE MEAN QUALITY,Read1,ReadPos 31 T Average Quality,39.29
POSITIONAL BASE MEAN QUALITY,Read1,ReadPos 32 T Average Quality,39.28
POSITIONAL BASE MEAN QUALITY,Read1,ReadPos 33 T Average Quality,39.29
POSITIONAL BASE MEAN QUALITY,Read1,ReadPos 34 T Average Quality,39.30
POSITIONAL BASE MEAN QUALITY,Read1,ReadPos 35 T Average Quality,39.28
POSITIONAL BASE MEAN QUALITY,Read1,ReadPos 36 T Average Quality,39.29
POSITIONAL BASE MEAN QUALITY,Read1,ReadPos 37 T Average Quality,39.28
POSITIONAL BASE MEAN QUALITY,Read1,ReadPos 38 T Average Quality,39.28
POSITIONAL BASE MEAN QUALITY,Read1,ReadPos 39 T Average Quality,39.30
POSITIONAL BASE MEAN QUALITY,Read1,ReadPos 40 T Average Quality,39.29
POSITIONAL BASE MEAN QUALITY,Read1,ReadPos 41 T Average Quality,39.29
POSITIONAL BASE MEAN QUALITY,Read1,ReadPos 42 T Average Quality,39.27
POSITIONAL BASE MEAN QUALITY,Read1,ReadPos 43 T Average Quality,39.25
POSITIONAL BASE MEAN QUALITY,Read1,ReadPos 44 T Average Quality,39.24
POSITIONAL BASE MEAN QUALITY,Read1,ReadPos 45 T Average Quality,39.24
POSITIONAL BASE MEAN QUALITY,Read1,ReadPos 46 T Average Quality,39.23
POSITIONAL BASE MEAN QUALITY,Read1,ReadPos 47 T Average Quality,39.22
POSITIONAL BASE MEAN QUALITY,Read1,ReadPos 48 T Average Quality,39.21
POSITIONAL BASE MEAN QUALITY,Read1,ReadPos 49 T Average Quality,39.22
POSITIONAL BASE MEAN QUALITY,Read1,ReadPos 50 T Average Quality,39.21
POSITIONAL BASE MEAN QUALITY,Read1,ReadPos 51 T Average Quality,39.21
POSITIONAL BASE MEAN QUALITY,Read1,ReadPos 52 T Average Quality,39.19
POSITIONAL BASE MEAN QUALITY,Read1,ReadPos 53 T Average Quality,39.19
POSITIONAL BASE MEAN QUALITY,Read1,ReadPos 54 T Average Quality,39.18
POSITIONAL BASE MEAN QUALITY,Read1,ReadPos 55 T Average Quality,39.18
POSITIONAL BASE MEAN QUALITY,Read1,ReadPos 56 T Average Quality,39.17
POSITIONAL BASE MEAN QUALITY,Read1,ReadPos 57 T Average Quality,39.16
POSITIONAL BASE MEAN QUALITY,Read1,ReadPos 58 T Average Quality,39.15
POSITIONAL BASE MEAN QUALITY,Read1,ReadPos 59 T Average Quality,39.15
POSITIONAL BASE MEAN QUALITY,Read1,ReadPos 60 T Average Quality,39.14
POSITIONAL BASE MEAN QUALITY,Read1,ReadPos 61 T Average Quality,39.14
POSITIONAL BASE MEAN QUALITY,Read1,ReadPos 62 T Average Quality,39.11
POSITIONAL BASE MEAN QUALITY,Read1,ReadPos 63 T Average Quality,39.11
POSITIONAL BASE MEAN QUALITY,Read1,ReadPos 64 T Average Quality,39.11
POSITIONAL BASE MEAN QUALITY,Read1,ReadPos 65 T Average Quality,39.10
POSITIONAL BASE MEAN QUALITY,Read1,ReadPos 66 T Average Quality,39.09
POSITIONAL BASE MEAN QUALITY,Read1,ReadPos 67 T Average Quality,39.08
POSITIONAL BASE MEAN QUALITY,Read1,ReadPos 68 T Average Quality,39.08
POSITIONAL BASE MEAN QUALITY,Read1,ReadPos 69 T Average Quality,39.07
POSITIONAL BASE MEAN QUALITY,Read1,ReadPos 70 T Average Quality,39.06
POSITIONAL BASE MEAN QUALITY,Read1,ReadPos 71 T Average Quality,39.05
POSITIONAL BASE MEAN QUALITY,Read1,ReadPos 72 T Average Quality,39.04
POSITIONAL BASE MEAN QUALITY,Read1,ReadPos 73 T Average Quality,39.03
POSITIONAL BASE MEAN QUALITY,Read1,ReadPos 74 T Average Quality,39.02
POSITIONAL BASE MEAN QUALITY,Read1,ReadPos 75 T Average Quality,39.01
POSITIONAL BASE MEAN QUALITY,Read1,ReadPos 76 T Average Quality,39.00
POSITIONAL BASE MEAN QUALITY,Read1,ReadPos 77 T Average Quality,38.99
POSITIONAL BASE MEAN QUALITY,Read1,ReadPos 78 T Average Quality,38.98
POSITIONAL BASE MEAN QUALITY,Read1,ReadPos 79 T Average Quality,38.98
POSITIONAL BASE MEAN QUALITY,Read1,ReadPos 80 T Average Quality,38.96
POSITIONAL BASE MEAN QUALITY,Read1,ReadPos 81 T Average Quality,38.96
POSITIONAL BASE MEAN QUALITY,Read1,ReadPos 82 T Average Quality,38.93
POSITIONAL BASE MEAN QUALITY,Read1,ReadPos 83 T Average Quality,38.93
POSITIONAL BASE MEAN QUALITY,Read1,ReadPos 84 T Average Quality,38.92
POSITIONAL BASE MEAN QUALITY,Read1,ReadPos 85 T Average Quality,38.91
POSITIONAL BASE MEAN QUALITY,Read1,ReadPos 86 T Average Quality,38.91
POSITIONAL BASE MEAN QUALITY,Read1,ReadPos 87 T Average Quality,38.89
POSITIONAL BASE MEAN QUALITY,Read1,ReadPos 88 T Average Quality,38.87
POSITIONAL BASE MEAN QUALITY,Read1,ReadPos 89 T Average Quality,38.87
POSITIONAL BASE MEAN QUALITY,Read1,ReadPos 90 T Average Quality,38.86
POSITIONAL BASE MEAN QUALITY,Read1,ReadPos 91 T Average Quality,38.85
POSITIONAL BASE MEAN QUALITY,Read1,ReadPos 92 T Average Quality,38.83
POSITIONAL BASE MEAN QUALITY,Read1,ReadPos 93 T Average Quality,38.82
POSITIONAL BASE MEAN QUALITY,Read1,ReadPos 94 T Average Quality,38.81
POSITIONAL BASE MEAN QUALITY,Read1,ReadPos 95 T Average Quality,38.80
POSITIONAL BASE MEAN QUALITY,Read1,ReadPos 96 T Average Quality,38.79
POSITIONAL BASE MEAN QUALITY,Read1,ReadPos 97 T Average Quality,38.77
POSITIONAL BASE MEAN QUALITY,Read1,ReadPos 98 T Average Quality,38.76
POSITIONAL BASE MEAN QUALITY,Read1,ReadPos 99 T Average Quality,38.76
POSITIONAL BASE MEAN QUALITY,Read1,ReadPos 100 T Average Quality,38.74
POSITIONAL BASE MEAN QUALITY,Read1,ReadPos 101 T Average Quality,38.72
POSITIONAL BASE MEAN QUALITY,Read1,ReadPos 102 T Average Quality,38.71
POSITIONAL BASE MEAN QUALITY,Read1,ReadPos 103 T Average Quality,38.70
POSITIONAL BASE MEAN QUALITY,Read1,ReadPos 104 T Average Quality,38.69
POSITIONAL BASE MEAN QUALITY,Read1,ReadPos 105 T Average Quality,38.68
POSITIONAL BASE MEAN QUALITY,Read1,ReadPos 106 T Average Quality,38.67
POSITIONAL BASE MEAN QUALITY,Read1,ReadPos 107 T Average Quality,38.65
POSITIONAL BASE MEAN QUALITY,Read1,ReadPos 108 T Average Quality,38.64
POSITIONAL BASE MEAN QUALITY,Read1,ReadPos 109 T Average Quality,38.63
POSITIONAL BASE MEAN QUALITY,Read1,ReadPos 110 T Average Quality,38.62
POSITIONAL BASE MEAN QUALITY,Read1,ReadPos 111 T Average Quality,38.60
POSITIONAL BASE MEAN QUALITY,Read1,ReadPos 112 T Average Quality,38.58
POSITIONAL BASE MEAN QUALITY,Read1,ReadPos 113 T Average Quality,38.58
POSITIONAL BASE MEAN QUALITY,Read1,ReadPos 114 T Average Quality,38.56
POSITIONAL BASE MEAN QUALITY,Read1,ReadPos 115 T Average Quality,38.56
POSITIONAL BASE MEAN QUALITY,Read1,ReadPos 116 T Average Quality,38.54
POSITIONAL BASE MEAN QUALITY,Read1,ReadPos 117 T Average Quality,38.52
POSITIONAL BASE MEAN QUALITY,Read1,ReadPos 118 T Average Quality,38.51
POSITIONAL BASE MEAN QUALITY,Read1,ReadPos 119 T Average Quality,38.50
POSITIONAL BASE MEAN QUALITY,Read1,ReadPos 120 T Average Quality,38.49
POSITIONAL BASE MEAN QUALITY,Read1,ReadPos 121 T Average Quality,38.48
POSITIONAL BASE MEAN QUALITY,Read1,ReadPos 122 T Average Quality,38.45
POSITIONAL BASE MEAN QUALITY,Read1,ReadPos 123 T Average Quality,38.45
POSITIONAL BASE MEAN QUALITY,Read1,ReadPos 124 T Average Quality,38.43
POSITIONAL BASE MEAN QUALITY,Read1,ReadPos 125 T Average Quality,38.43
POSITIONAL BASE MEAN QUALITY,Read1,ReadPos 126 T Average Quality,38.42
POSITIONAL BASE MEAN QUALITY,Read1,ReadPos 127 T Average Quality,38.40
POSITIONAL BASE MEAN QUALITY,Read1,ReadPos 128 T Average Quality,38.39
POSITIONAL BASE MEAN QUALITY,Read1,ReadPos 129 T Average Quality,38.38
POSITIONAL BASE MEAN QUALITY,Read1,ReadPos 130 T Average Quality,38.37
POSITIONAL BASE MEAN QUALITY,Read1,ReadPos 131 T Average Quality,38.35
POSITIONAL BASE MEAN QUALITY,Read1,ReadPos 132 T Average Quality,38.33
POSITIONAL BASE MEAN QUALITY,Read1,ReadPos 133 T Average Quality,38.32
POSITIONAL BASE MEAN QUALITY,Read1,ReadPos 134 T Average Quality,38.32
POSITIONAL BASE MEAN QUALITY,Read1,ReadPos 135 T Average Quality,38.31
POSITIONAL BASE MEAN QUALITY,Read1,ReadPos 136 T Average Quality,38.30
POSITIONAL BASE MEAN QUALITY,Read1,ReadPos 137 T Average Quality,38.28
POSITIONAL BASE MEAN QUALITY,Read1,ReadPos 138 T Average Quality,38.27
POSITIONAL BASE MEAN QUALITY,Read1,ReadPos 139 T Average Quality,38.26
POSITIONAL BASE MEAN QUALITY,Read1,ReadPos 140 T Average Quality,38.26
POSITIONAL BASE MEAN QUALITY,Read1,ReadPos 141 T Average Quality,38.24
POSITIONAL BASE MEAN QUALITY,Read1,ReadPos 142 T Average Quality,38.21
POSITIONAL BASE MEAN QUALITY,Read1,ReadPos 143 T Average Quality,38.21
POSITIONAL BASE MEAN QUALITY,Read1,ReadPos 144 T Average Quality,38.21
POSITIONAL BASE MEAN QUALITY,Read1,ReadPos 145 T Average Quality,38.21
POSITIONAL BASE MEAN QUALITY,Read1,ReadPos 146 T Average Quality,38.20
POSITIONAL BASE MEAN QUALITY,Read1,ReadPos 147 T Average Quality,38.17
POSITIONAL BASE MEAN QUALITY,Read1,ReadPos 148 T Average Quality,38.16
POSITIONAL BASE MEAN QUALITY,Read1,ReadPos 149 T Average Quality,38.16
POSITIONAL BASE MEAN QUALITY,Read1,ReadPos 150 T Average Quality,38.16
POSITIONAL BASE MEAN QUALITY,Read1,ReadPos 151 T Average Quality,37.52
POSITIONAL BASE CONTENT,Read1,ReadPos 1 A Bases,192482285
POSITIONAL BASE CONTENT,Read1,ReadPos 2 A Bases,201699097
POSITIONAL BASE CONTENT,Read1,ReadPos 3 A Bases,231272068
POSITIONAL BASE CONTENT,Read1,ReadPos 4 A Bases,149687966
POSITIONAL BASE CONTENT,Read1,ReadPos 5 A Bases,360931495
POSITIONAL BASE CONTENT,Read1,ReadPos 6 A Bases,381584036
POSITIONAL BASE CONTENT,Read1,ReadPos 7 A Bases,304308533
POSITIONAL BASE CONTENT,Read1,ReadPos 8 A Bases,342404845
POSITIONAL BASE CONTENT,Read1,ReadPos 9 A Bases,125704823
POSITIONAL BASE CONTENT,Read1,ReadPos 10 A Bases,285585317
POSITIONAL BASE CONTENT,Read1,ReadPos 11 A Bases,225950046
POSITIONAL BASE CONTENT,Read1,ReadPos 12 A Bases,251351482
POSITIONAL BASE CONTENT,Read1,ReadPos 13 A Bases,217003139
POSITIONAL BASE CONTENT,Read1,ReadPos 14 A Bases,218691858
POSITIONAL BASE CONTENT,Read1,ReadPos 15 A Bases,308677066
POSITIONAL BASE CONTENT,Read1,ReadPos 16 A Bases,309279465
POSITIONAL BASE CONTENT,Read1,ReadPos 17 A Bases,294200076
POSITIONAL BASE CONTENT,Read1,ReadPos 18 A Bases,293501091
POSITIONAL BASE CONTENT,Read1,ReadPos 19 A Bases,286978125
POSITIONAL BASE CONTENT,Read1,ReadPos 20 A Bases,287152877
POSITIONAL BASE CONTENT,Read1,ReadPos 21 A Bases,285849568
POSITIONAL BASE CONTENT,Read1,ReadPos 22 A Bases,283489081
POSITIONAL BASE CONTENT,Read1,ReadPos 23 A Bases,284011128
POSITIONAL BASE CONTENT,Read1,ReadPos 24 A Bases,283337756
POSITIONAL BASE CONTENT,Read1,ReadPos 25 A Bases,282923058
POSITIONAL BASE CONTENT,Read1,ReadPos 26 A Bases,284148289
POSITIONAL BASE CONTENT,Read1,ReadPos 27 A Bases,281800711
POSITIONAL BASE CONTENT,Read1,ReadPos 28 A Bases,282426581
POSITIONAL BASE CONTENT,Read1,ReadPos 29 A Bases,285015845
POSITIONAL BASE CONTENT,Read1,ReadPos 30 A Bases,286796334
POSITIONAL BASE CONTENT,Read1,ReadPos 31 A Bases,291100037
POSITIONAL BASE CONTENT,Read1,ReadPos 32 A Bases,287470590
POSITIONAL BASE CONTENT,Read1,ReadPos 33 A Bases,284668619
POSITIONAL BASE CONTENT,Read1,ReadPos 34 A Bases,280638670
POSITIONAL BASE CONTENT,Read1,ReadPos 35 A Bases,281310818
POSITIONAL BASE CONTENT,Read1,ReadPos 36 A Bases,291828375
POSITIONAL BASE CONTENT,Read1,ReadPos 37 A Bases,287482762
POSITIONAL BASE CONTENT,Read1,ReadPos 38 A Bases,292449261
POSITIONAL BASE CONTENT,Read1,ReadPos 39 A Bases,286503886
POSITIONAL BASE CONTENT,Read1,ReadPos 40 A Bases,285878717
POSITIONAL BASE CONTENT,Read1,ReadPos 41 A Bases,285564745
POSITIONAL BASE CONTENT,Read1,ReadPos 42 A Bases,287457904
POSITIONAL BASE CONTENT,Read1,ReadPos 43 A Bases,283942268
POSITIONAL BASE CONTENT,Read1,ReadPos 44 A Bases,282882644
POSITIONAL BASE CONTENT,Read1,ReadPos 45 A Bases,284972490
POSITIONAL BASE CONTENT,Read1,ReadPos 46 A Bases,290701355
POSITIONAL BASE CONTENT,Read1,ReadPos 47 A Bases,289172147
POSITIONAL BASE CONTENT,Read1,ReadPos 48 A Bases,286834082
POSITIONAL BASE CONTENT,Read1,ReadPos 49 A Bases,284455184
POSITIONAL BASE CONTENT,Read1,ReadPos 50 A Bases,286201055
POSITIONAL BASE CONTENT,Read1,ReadPos 51 A Bases,284671345
POSITIONAL BASE CONTENT,Read1,ReadPos 52 A Bases,286401677
POSITIONAL BASE CONTENT,Read1,ReadPos 53 A Bases,283819095
POSITIONAL BASE CONTENT,Read1,ReadPos 54 A Bases,287378301
POSITIONAL BASE CONTENT,Read1,ReadPos 55 A Bases,287913995
POSITIONAL BASE CONTENT,Read1,ReadPos 56 A Bases,286600320
POSITIONAL BASE CONTENT,Read1,ReadPos 57 A Bases,283092178
POSITIONAL BASE CONTENT,Read1,ReadPos 58 A Bases,280727114
POSITIONAL BASE CONTENT,Read1,ReadPos 59 A Bases,280246084
POSITIONAL BASE CONTENT,Read1,ReadPos 60 A Bases,283258071
POSITIONAL BASE CONTENT,Read1,ReadPos 61 A Bases,286792654
POSITIONAL BASE CONTENT,Read1,ReadPos 62 A Bases,286504913
POSITIONAL BASE CONTENT,Read1,ReadPos 63 A Bases,285889500
POSITIONAL BASE CONTENT,Read1,ReadPos 64 A Bases,281052027
POSITIONAL BASE CONTENT,Read1,ReadPos 65 A Bases,279612305
POSITIONAL BASE CONTENT,Read1,ReadPos 66 A Bases,281461029
POSITIONAL BASE CONTENT,Read1,ReadPos 67 A Bases,282802436
POSITIONAL BASE CONTENT,Read1,ReadPos 68 A Bases,285502679
POSITIONAL BASE CONTENT,Read1,ReadPos 69 A Bases,280178421
POSITIONAL BASE CONTENT,Read1,ReadPos 70 A Bases,280343073
POSITIONAL BASE CONTENT,Read1,ReadPos 71 A Bases,281298030
POSITIONAL BASE CONTENT,Read1,ReadPos 72 A Bases,283601755
POSITIONAL BASE CONTENT,Read1,ReadPos 73 A Bases,284199190
POSITIONAL BASE CONTENT,Read1,ReadPos 74 A Bases,281178444
POSITIONAL BASE CONTENT,Read1,ReadPos 75 A Bases,280956335
POSITIONAL BASE CONTENT,Read1,ReadPos 76 A Bases,285528012
POSITIONAL BASE CONTENT,Read1,ReadPos 77 A Bases,283535151
POSITIONAL BASE CONTENT,Read1,ReadPos 78 A Bases,285356808
POSITIONAL BASE CONTENT,Read1,ReadPos 79 A Bases,280440378
POSITIONAL BASE CONTENT,Read1,ReadPos 80 A Bases,278018122
POSITIONAL BASE CONTENT,Read1,ReadPos 81 A Bases,280308208
POSITIONAL BASE CONTENT,Read1,ReadPos 82 A Bases,281410257
POSITIONAL BASE CONTENT,Read1,ReadPos 83 A Bases,282299712
POSITIONAL BASE CONTENT,Read1,ReadPos 84 A Bases,279169710
POSITIONAL BASE CONTENT,Read1,ReadPos 85 A Bases,278209747
POSITIONAL BASE CONTENT,Read1,ReadPos 86 A Bases,283106782
POSITIONAL BASE CONTENT,Read1,ReadPos 87 A Bases,282932619
POSITIONAL BASE CONTENT,Read1,ReadPos 88 A Bases,281118547
POSITIONAL BASE CONTENT,Read1,ReadPos 89 A Bases,276338525
POSITIONAL BASE CONTENT,Read1,ReadPos 90 A Bases,276713050
POSITIONAL BASE CONTENT,Read1,ReadPos 91 A Bases,280009684
POSITIONAL BASE CONTENT,Read1,ReadPos 92 A Bases,282220946
POSITIONAL BASE CONTENT,Read1,ReadPos 93 A Bases,280294702
POSITIONAL BASE CONTENT,Read1,ReadPos 94 A Bases,279516643
POSITIONAL BASE CONTENT,Read1,ReadPos 95 A Bases,277146726
POSITIONAL BASE CONTENT,Read1,ReadPos 96 A Bases,280019174
POSITIONAL BASE CONTENT,Read1,ReadPos 97 A Bases,277834658
POSITIONAL BASE CONTENT,Read1,ReadPos 98 A Bases,278141283
POSITIONAL BASE CONTENT,Read1,ReadPos 99 A Bases,275915940
POSITIONAL BASE CONTENT,Read1,ReadPos 100 A Bases,277282188
POSITIONAL BASE CONTENT,Read1,ReadPos 101 A Bases,280173622
POSITIONAL BASE CONTENT,Read1,ReadPos 102 A Bases,280470649
POSITIONAL BASE CONTENT,Read1,ReadPos 103 A Bases,280461023
POSITIONAL BASE CONTENT,Read1,ReadPos 104 A Bases,279414079
POSITIONAL BASE CONTENT,Read1,ReadPos 105 A Bases,276402212
POSITIONAL BASE CONTENT,Read1,ReadPos 106 A Bases,276890597
POSITIONAL BASE CONTENT,Read1,ReadPos 107 A Bases,275881714
POSITIONAL BASE CONTENT,Read1,ReadPos 108 A Bases,277625747
POSITIONAL BASE CONTENT,Read1,ReadPos 109 A Bases,277505602
POSITIONAL BASE CONTENT,Read1,ReadPos 110 A Bases,275985041
POSITIONAL BASE CONTENT,Read1,ReadPos 111 A Bases,278513280
POSITIONAL BASE CONTENT,Read1,ReadPos 112 A Bases,279398035
POSITIONAL BASE CONTENT,Read1,ReadPos 113 A Bases,278865487
POSITIONAL BASE CONTENT,Read1,ReadPos 114 A Bases,277181015
POSITIONAL BASE CONTENT,Read1,ReadPos 115 A Bases,275187899
POSITIONAL BASE CONTENT,Read1,ReadPos 116 A Bases,277725486
POSITIONAL BASE CONTENT,Read1,ReadPos 117 A Bases,276261043
POSITIONAL BASE CONTENT,Read1,ReadPos 118 A Bases,276416864
POSITIONAL BASE CONTENT,Read1,ReadPos 119 A Bases,273197734
POSITIONAL BASE CONTENT,Read1,ReadPos 120 A Bases,273384091
POSITIONAL BASE CONTENT,Read1,ReadPos 121 A Bases,274088425
POSITIONAL BASE CONTENT,Read1,ReadPos 122 A Bases,275619581
POSITIONAL BASE CONTENT,Read1,ReadPos 123 A Bases,275051201
POSITIONAL BASE CONTENT,Read1,ReadPos 124 A Bases,273154255
POSITIONAL BASE CONTENT,Read1,ReadPos 125 A Bases,271921407
POSITIONAL BASE CONTENT,Read1,ReadPos 126 A Bases,274567474
POSITIONAL BASE CONTENT,Read1,ReadPos 127 A Bases,275963164
POSITIONAL BASE CONTENT,Read1,ReadPos 128 A Bases,274622854
POSITIONAL BASE CONTENT,Read1,ReadPos 129 A Bases,270586088
POSITIONAL BASE CONTENT,Read1,ReadPos 130 A Bases,271658768
POSITIONAL BASE CONTENT,Read1,ReadPos 131 A Bases,272140221
POSITIONAL BASE CONTENT,Read1,ReadPos 132 A Bases,273654044
POSITIONAL BASE CONTENT,Read1,ReadPos 133 A Bases,271696916
POSITIONAL BASE CONTENT,Read1,ReadPos 134 A Bases,269337509
POSITIONAL BASE CONTENT,Read1,ReadPos 135 A Bases,269729457
POSITIONAL BASE CONTENT,Read1,ReadPos 136 A Bases,270487785
POSITIONAL BASE CONTENT,Read1,ReadPos 137 A Bases,270831121
POSITIONAL BASE CONTENT,Read1,ReadPos 138 A Bases,269968904
POSITIONAL BASE CONTENT,Read1,ReadPos 139 A Bases,266995547
POSITIONAL BASE CONTENT,Read1,ReadPos 140 A Bases,269861128
POSITIONAL BASE CONTENT,Read1,ReadPos 141 A Bases,270856710
POSITIONAL BASE CONTENT,Read1,ReadPos 142 A Bases,271027748
POSITIONAL BASE CONTENT,Read1,ReadPos 143 A Bases,269364325
POSITIONAL BASE CONTENT,Read1,ReadPos 144 A Bases,265450494
POSITIONAL BASE CONTENT,Read1,ReadPos 145 A Bases,266793651
POSITIONAL BASE CONTENT,Read1,ReadPos 146 A Bases,267722149
POSITIONAL BASE CONTENT,Read1,ReadPos 147 A Bases,267604798
POSITIONAL BASE CONTENT,Read1,ReadPos 148 A Bases,263237020
POSITIONAL BASE CONTENT,Read1,ReadPos 149 A Bases,264835699
POSITIONAL BASE CONTENT,Read1,ReadPos 150 A Bases,260246136
POSITIONAL BASE CONTENT,Read1,ReadPos 151 A Bases,265813011
POSITIONAL BASE CONTENT,Read1,ReadPos 1 C Bases,241909241
POSITIONAL BASE CONTENT,Read1,ReadPos 2 C Bases,243905619
POSITIONAL BASE CONTENT,Read1,ReadPos 3 C Bases,260041382
POSITIONAL BASE CONTENT,Read1,ReadPos 4 C Bases,315177004
POSITIONAL BASE CONTENT,Read1,ReadPos 5 C Bases,128540694
POSITIONAL BASE CONTENT,Read1,ReadPos 6 C Bases,122407446
POSITIONAL BASE CONTENT,Read1,ReadPos 7 C Bases,182159944
POSITIONAL BASE CONTENT,Read1,ReadPos 8 C Bases,182489702
POSITIONAL BASE CONTENT,Read1,ReadPos 9 C Bases,408344572
POSITIONAL BASE CONTENT,Read1,ReadPos 10 C Bases,199132190
POSITIONAL BASE CONTENT,Read1,ReadPos 11 C Bases,178845299
POSITIONAL BASE CONTENT,Read1,ReadPos 12 C Bases,200863851
POSITIONAL BASE CONTENT,Read1,ReadPos 13 C Bases,227698150
POSITIONAL BASE CONTENT,Read1,ReadPos 14 C Bases,285448866
POSITIONAL BASE CONTENT,Read1,ReadPos 15 C Bases,214126864
POSITIONAL BASE CONTENT,Read1,ReadPos 16 C Bases,206016156
POSITIONAL BASE CONTENT,Read1,ReadPos 17 C Bases,206648367
POSITIONAL BASE CONTENT,Read1,ReadPos 18 C Bases,196843872
POSITIONAL BASE CONTENT,Read1,ReadPos 19 C Bases,201283745
POSITIONAL BASE CONTENT,Read1,ReadPos 20 C Bases,196405475
POSITIONAL BASE CONTENT,Read1,ReadPos 21 C Bases,205940474
POSITIONAL BASE CONTENT,Read1,ReadPos 22 C Bases,204408398
POSITIONAL BASE CONTENT,Read1,ReadPos 23 C Bases,207121230
POSITIONAL BASE CONTENT,Read1,ReadPos 24 C Bases,205201803
POSITIONAL BASE CONTENT,Read1,ReadPos 25 C Bases,205871015
POSITIONAL BASE CONTENT,Read1,ReadPos 26 C Bases,206723945
POSITIONAL BASE CONTENT,Read1,ReadPos 27 C Bases,205883376
POSITIONAL BASE CONTENT,Read1,ReadPos 28 C Bases,203310022
POSITIONAL BASE CONTENT,Read1,ReadPos 29 C Bases,203143572
POSITIONAL BASE CONTENT,Read1,ReadPos 30 C Bases,201375119
POSITIONAL BASE CONTENT,Read1,ReadPos 31 C Bases,199161799
POSITIONAL BASE CONTENT,Read1,ReadPos 32 C Bases,204495384
POSITIONAL BASE CONTENT,Read1,ReadPos 33 C Bases,202958022
POSITIONAL BASE CONTENT,Read1,ReadPos 34 C Bases,204366431
POSITIONAL BASE CONTENT,Read1,ReadPos 35 C Bases,204884661
POSITIONAL BASE CONTENT,Read1,ReadPos 36 C Bases,198257765
POSITIONAL BASE CONTENT,Read1,ReadPos 37 C Bases,201348797
POSITIONAL BASE CONTENT,Read1,ReadPos 38 C Bases,196978335
POSITIONAL BASE CONTENT,Read1,ReadPos 39 C Bases,199259286
POSITIONAL BASE CONTENT,Read1,ReadPos 40 C Bases,201431308
POSITIONAL BASE CONTENT,Read1,ReadPos 41 C Bases,201683293
POSITIONAL BASE CONTENT,Read1,ReadPos 42 C Bases,201419331
POSITIONAL BASE CONTENT,Read1,ReadPos 43 C Bases,203629000
POSITIONAL BASE CONTENT,Read1,ReadPos 44 C Bases,201769565
POSITIONAL BASE CONTENT,Read1,ReadPos 45 C Bases,201631727
POSITIONAL BASE CONTENT,Read1,ReadPos 46 C Bases,195442172
POSITIONAL BASE CONTENT,Read1,ReadPos 47 C Bases,197638437
POSITIONAL BASE CONTENT,Read1,ReadPos 48 C Bases,200821189
POSITIONAL BASE CONTENT,Read1,ReadPos 49 C Bases,199983315
POSITIONAL BASE CONTENT,Read1,ReadPos 50 C Bases,201037395
POSITIONAL BASE CONTENT,Read1,ReadPos 51 C Bases,198574343
POSITIONAL BASE CONTENT,Read1,ReadPos 52 C Bases,199855497
POSITIONAL BASE CONTENT,Read1,ReadPos 53 C Bases,199390149
POSITIONAL BASE CONTENT,Read1,ReadPos 54 C Bases,197688497
POSITIONAL BASE CONTENT,Read1,ReadPos 55 C Bases,199271991
POSITIONAL BASE CONTENT,Read1,ReadPos 56 C Bases,196509180
POSITIONAL BASE CONTENT,Read1,ReadPos 57 C Bases,201457540
POSITIONAL BASE CONTENT,Read1,ReadPos 58 C Bases,200684545
POSITIONAL BASE CONTENT,Read1,ReadPos 59 C Bases,202925196
POSITIONAL BASE CONTENT,Read1,ReadPos 60 C Bases,200178091
POSITIONAL BASE CONTENT,Read1,ReadPos 61 C Bases,196093208
POSITIONAL BASE CONTENT,Read1,ReadPos 62 C Bases,197611046
POSITIONAL BASE CONTENT,Read1,ReadPos 63 C Bases,197021068
POSITIONAL BASE CONTENT,Read1,ReadPos 64 C Bases,201968040
POSITIONAL BASE CONTENT,Read1,ReadPos 65 C Bases,202137812
POSITIONAL BASE CONTENT,Read1,ReadPos 66 C Bases,203272654
POSITIONAL BASE CONTENT,Read1,ReadPos 67 C Bases,200025114
POSITIONAL BASE CONTENT,Read1,ReadPos 68 C Bases,195008713
POSITIONAL BASE CONTENT,Read1,ReadPos 69 C Bases,197382393
POSITIONAL BASE CONTENT,Read1,ReadPos 70 C Bases,198678132
POSITIONAL BASE CONTENT,Read1,ReadPos 71 C Bases,198382281
POSITIONAL BASE CONTENT,Read1,ReadPos 72 C Bases,195800137
POSITIONAL BASE CONTENT,Read1,ReadPos 73 C Bases,197702740
POSITIONAL BASE CONTENT,Read1,ReadPos 74 C Bases,199534340
POSITIONAL BASE CONTENT,Read1,ReadPos 75 C Bases,199545153
POSITIONAL BASE CONTENT,Read1,ReadPos 76 C Bases,197430957
POSITIONAL BASE CONTENT,Read1,ReadPos 77 C Bases,195933419
POSITIONAL BASE CONTENT,Read1,ReadPos 78 C Bases,193157315
POSITIONAL BASE CONTENT,Read1,ReadPos 79 C Bases,197600209
POSITIONAL BASE CONTENT,Read1,ReadPos 80 C Bases,198648294
POSITIONAL BASE CONTENT,Read1,ReadPos 81 C Bases,198240263
POSITIONAL BASE CONTENT,Read1,ReadPos 82 C Bases,197055045
POSITIONAL BASE CONTENT,Read1,ReadPos 83 C Bases,195426553
POSITIONAL BASE CONTENT,Read1,ReadPos 84 C Bases,199804632
POSITIONAL BASE CONTENT,Read1,ReadPos 85 C Bases,200294013
POSITIONAL BASE CONTENT,Read1,ReadPos 86 C Bases,195139002
POSITIONAL BASE CONTENT,Read1,ReadPos 87 C Bases,194285904
POSITIONAL BASE CONTENT,Read1,ReadPos 88 C Bases,196468816
POSITIONAL BASE CONTENT,Read1,ReadPos 89 C Bases,200780840
POSITIONAL BASE CONTENT,Read1,ReadPos 90 C Bases,199143330
POSITIONAL BASE CONTENT,Read1,ReadPos 91 C Bases,197105843
POSITIONAL BASE CONTENT,Read1,ReadPos 92 C Bases,194591133
POSITIONAL BASE CONTENT,Read1,ReadPos 93 C Bases,196457210
POSITIONAL BASE CONTENT,Read1,ReadPos 94 C Bases,198387620
POSITIONAL BASE CONTENT,Read1,ReadPos 95 C Bases,199581473
POSITIONAL BASE CONTENT,Read1,ReadPos 96 C Bases,196460693
POSITIONAL BASE CONTENT,Read1,ReadPos 97 C Bases,197825772
POSITIONAL BASE CONTENT,Read1,ReadPos 98 C Bases,197186054
POSITIONAL BASE CONTENT,Read1,ReadPos 99 C Bases,198181210
POSITIONAL BASE CONTENT,Read1,ReadPos 100 C Bases,197945550
POSITIONAL BASE CONTENT,Read1,ReadPos 101 C Bases,195482428
POSITIONAL BASE CONTENT,Read1,ReadPos 102 C Bases,194414627
POSITIONAL BASE CONTENT,Read1,ReadPos 103 C Bases,194265118
POSITIONAL BASE CONTENT,Read1,ReadPos 104 C Bases,195720875
POSITIONAL BASE CONTENT,Read1,ReadPos 105 C Bases,195790405
POSITIONAL BASE CONTENT,Read1,ReadPos 106 C Bases,197582103
POSITIONAL BASE CONTENT,Read1,ReadPos 107 C Bases,196478984
POSITIONAL BASE CONTENT,Read1,ReadPos 108 C Bases,197410125
POSITIONAL BASE CONTENT,Read1,ReadPos 109 C Bases,194736103
POSITIONAL BASE CONTENT,Read1,ReadPos 110 C Bases,196524149
POSITIONAL BASE CONTENT,Read1,ReadPos 111 C Bases,193871757
POSITIONAL BASE CONTENT,Read1,ReadPos 112 C Bases,192066494
POSITIONAL BASE CONTENT,Read1,ReadPos 113 C Bases,192429868
POSITIONAL BASE CONTENT,Read1,ReadPos 114 C Bases,193189947
POSITIONAL BASE CONTENT,Read1,ReadPos 115 C Bases,195120028
POSITIONAL BASE CONTENT,Read1,ReadPos 116 C Bases,190785777
POSITIONAL BASE CONTENT,Read1,ReadPos 117 C Bases,190390763
POSITIONAL BASE CONTENT,Read1,ReadPos 118 C Bases,190548238
POSITIONAL BASE CONTENT,Read1,ReadPos 119 C Bases,193118563
POSITIONAL BASE CONTENT,Read1,ReadPos 120 C Bases,194331601
POSITIONAL BASE CONTENT,Read1,ReadPos 121 C Bases,191090263
POSITIONAL BASE CONTENT,Read1,ReadPos 122 C Bases,190504576
POSITIONAL BASE CONTENT,Read1,ReadPos 123 C Bases,191127805
POSITIONAL BASE CONTENT,Read1,ReadPos 124 C Bases,192475589
POSITIONAL BASE CONTENT,Read1,ReadPos 125 C Bases,192704866
POSITIONAL BASE CONTENT,Read1,ReadPos 126 C Bases,189307017
POSITIONAL BASE CONTENT,Read1,ReadPos 127 C Bases,187246965
POSITIONAL BASE CONTENT,Read1,ReadPos 128 C Bases,188223058
POSITIONAL BASE CONTENT,Read1,ReadPos 129 C Bases,190880081
POSITIONAL BASE CONTENT,Read1,ReadPos 130 C Bases,190723420
POSITIONAL BASE CONTENT,Read1,ReadPos 131 C Bases,188129661
POSITIONAL BASE CONTENT,Read1,ReadPos 132 C Bases,187220838
POSITIONAL BASE CONTENT,Read1,ReadPos 133 C Bases,189748268
POSITIONAL BASE CONTENT,Read1,ReadPos 134 C Bases,191392873
POSITIONAL BASE CONTENT,Read1,ReadPos 135 C Bases,189789156
POSITIONAL BASE CONTENT,Read1,ReadPos 136 C Bases,188886088
POSITIONAL BASE CONTENT,Read1,ReadPos 137 C Bases,188554717
POSITIONAL BASE CONTENT,Read1,ReadPos 138 C Bases,188832885
POSITIONAL BASE CONTENT,Read1,ReadPos 139 C Bases,190155442
POSITIONAL BASE CONTENT,Read1,ReadPos 140 C Bases,188026595
POSITIONAL BASE CONTENT,Read1,ReadPos 141 C Bases,186502696
POSITIONAL BASE CONTENT,Read1,ReadPos 142 C Bases,186321931
POSITIONAL BASE CONTENT,Read1,ReadPos 143 C Bases,186868997
POSITIONAL BASE CONTENT,Read1,ReadPos 144 C Bases,189381288
POSITIONAL BASE CONTENT,Read1,ReadPos 145 C Bases,187930657
POSITIONAL BASE CONTENT,Read1,ReadPos 146 C Bases,185681450
POSITIONAL BASE CONTENT,Read1,ReadPos 147 C Bases,184427263
POSITIONAL BASE CONTENT,Read1,ReadPos 148 C Bases,181817884
POSITIONAL BASE CONTENT,Read1,ReadPos 149 C Bases,188217679
POSITIONAL BASE CONTENT,Read1,ReadPos 150 C Bases,188128142
POSITIONAL BASE CONTENT,Read1,ReadPos 151 C Bases,185012257
POSITIONAL BASE CONTENT,Read1,ReadPos 1 G Bases,441461742
POSITIONAL BASE CONTENT,Read1,ReadPos 2 G Bases,165788744
POSITIONAL BASE CONTENT,Read1,ReadPos 3 G Bases,183773369
POSITIONAL BASE CONTENT,Read1,ReadPos 4 G Bases,116385929
POSITIONAL BASE CONTENT,Read1,ReadPos 5 G Bases,125168988
POSITIONAL BASE CONTENT,Read1,ReadPos 6 G Bases,310416555
POSITIONAL BASE CONTENT,Read1,ReadPos 7 G Bases,259888059
POSITIONAL BASE CONTENT,Read1,ReadPos 8 G Bases,239737784
POSITIONAL BASE CONTENT,Read1,ReadPos 9 G Bases,229155318
POSITIONAL BASE CONTENT,Read1,ReadPos 10 G Bases,111478273
POSITIONAL BASE CONTENT,Read1,ReadPos 11 G Bases,333834925
POSITIONAL BASE CONTENT,Read1,ReadPos 12 G Bases,186969022
POSITIONAL BASE CONTENT,Read1,ReadPos 13 G Bases,263302083
POSITIONAL BASE CONTENT,Read1,ReadPos 14 G Bases,180862567
POSITIONAL BASE CONTENT,Read1,ReadPos 15 G Bases,213125683
POSITIONAL BASE CONTENT,Read1,ReadPos 16 G Bases,201727516
POSITIONAL BASE CONTENT,Read1,ReadPos 17 G Bases,186459873
POSITIONAL BASE CONTENT,Read1,ReadPos 18 G Bases,192294995
POSITIONAL BASE CONTENT,Read1,ReadPos 19 G Bases,200288615
POSITIONAL BASE CONTENT,Read1,ReadPos 20 G Bases,208733498
POSITIONAL BASE CONTENT,Read1,ReadPos 21 G Bases,208733207
POSITIONAL BASE CONTENT,Read1,ReadPos 22 G Bases,196938165
POSITIONAL BASE CONTENT,Read1,ReadPos 23 G Bases,202587192
POSITIONAL BASE CONTENT,Read1,ReadPos 24 G Bases,200516251
POSITIONAL BASE CONTENT,Read1,ReadPos 25 G Bases,203122393
POSITIONAL BASE CONTENT,Read1,ReadPos 26 G Bases,197943366
POSITIONAL BASE CONTENT,Read1,ReadPos 27 G Bases,194875463
POSITIONAL BASE CONTENT,Read1,ReadPos 28 G Bases,199576147
POSITIONAL BASE CONTENT,Read1,ReadPos 29 G Bases,195597907
POSITIONAL BASE CONTENT,Read1,ReadPos 30 G Bases,201624472
POSITIONAL BASE CONTENT,Read1,ReadPos 31 G Bases,206366148
POSITIONAL BASE CONTENT,Read1,ReadPos 32 G Bases,194880637
POSITIONAL BASE CONTENT,Read1,ReadPos 33 G Bases,197494184
POSITIONAL BASE CONTENT,Read1,ReadPos 34 G Bases,196106809
POSITIONAL BASE CONTENT,Read1,ReadPos 35 G Bases,197611357
POSITIONAL BASE CONTENT,Read1,ReadPos 36 G Bases,198974780
POSITIONAL BASE CONTENT,Read1,ReadPos 37 G Bases,199127321
POSITIONAL BASE CONTENT,Read1,ReadPos 38 G Bases,197904954
POSITIONAL BASE CONTENT,Read1,ReadPos 39 G Bases,197973649
POSITIONAL BASE CONTENT,Read1,ReadPos 40 G Bases,196141861
POSITIONAL BASE CONTENT,Read1,ReadPos 41 G Bases,201680137
POSITIONAL BASE CONTENT,Read1,ReadPos 42 G Bases,194690059
POSITIONAL BASE CONTENT,Read1,ReadPos 43 G Bases,198025581
POSITIONAL BASE CONTENT,Read1,ReadPos 44 G Bases,198849137
POSITIONAL BASE CONTENT,Read1,ReadPos 45 G Bases,200516931
POSITIONAL BASE CONTENT,Read1,ReadPos 46 G Bases,201646452
POSITIONAL BASE CONTENT,Read1,ReadPos 47 G Bases,195581568
POSITIONAL BASE CONTENT,Read1,ReadPos 48 G Bases,194891710
POSITIONAL BASE CONTENT,Read1,ReadPos 49 G Bases,196556154
POSITIONAL BASE CONTENT,Read1,ReadPos 50 G Bases,197893702
POSITIONAL BASE CONTENT,Read1,ReadPos 51 G Bases,201563213
POSITIONAL BASE CONTENT,Read1,ReadPos 52 G Bases,195811314
POSITIONAL BASE CONTENT,Read1,ReadPos 53 G Bases,197612318
POSITIONAL BASE CONTENT,Read1,ReadPos 54 G Bases,199642958
POSITIONAL BASE CONTENT,Read1,ReadPos 55 G Bases,198563886
POSITIONAL BASE CONTENT,Read1,ReadPos 56 G Bases,203379734
POSITIONAL BASE CONTENT,Read1,ReadPos 57 G Bases,193103829
POSITIONAL BASE CONTENT,Read1,ReadPos 58 G Bases,193559896
POSITIONAL BASE CONTENT,Read1,ReadPos 59 G Bases,194268744
POSITIONAL BASE CONTENT,Read1,ReadPos 60 G Bases,197451821
POSITIONAL BASE CONTENT,Read1,ReadPos 61 G Bases,201262615
POSITIONAL BASE CONTENT,Read1,ReadPos 62 G Bases,197226683
POSITIONAL BASE CONTENT,Read1,ReadPos 63 G Bases,196678017
POSITIONAL BASE CONTENT,Read1,ReadPos 64 G Bases,194689942
POSITIONAL BASE CONTENT,Read1,ReadPos 65 G Bases,194171546
POSITIONAL BASE CONTENT,Read1,ReadPos 66 G Bases,195985977
POSITIONAL BASE CONTENT,Read1,ReadPos 67 G Bases,191829472
POSITIONAL BASE CONTENT,Read1,ReadPos 68 G Bases,196839483
POSITIONAL BASE CONTENT,Read1,ReadPos 69 G Bases,199887393
POSITIONAL BASE CONTENT,Read1,ReadPos 70 G Bases,200024838
POSITIONAL BASE CONTENT,Read1,ReadPos 71 G Bases,199694289
POSITIONAL BASE CONTENT,Read1,ReadPos 72 G Bases,192744456
POSITIONAL BASE CONTENT,Read1,ReadPos 73 G Bases,195372062
POSITIONAL BASE CONTENT,Read1,ReadPos 74 G Bases,195791171
POSITIONAL BASE CONTENT,Read1,ReadPos 75 G Bases,199288038
POSITIONAL BASE CONTENT,Read1,ReadPos 76 G Bases,197929124
POSITIONAL BASE CONTENT,Read1,ReadPos 77 G Bases,194629986
POSITIONAL BASE CONTENT,Read1,ReadPos 78 G Bases,197062818
POSITIONAL BASE CONTENT,Read1,ReadPos 79 G Bases,195654965
POSITIONAL BASE CONTENT,Read1,ReadPos 80 G Bases,198003912
POSITIONAL BASE CONTENT,Read1,ReadPos 81 G Bases,197564943
POSITIONAL BASE CONTENT,Read1,ReadPos 82 G Bases,191560307
POSITIONAL BASE CONTENT,Read1,ReadPos 83 G Bases,194989088
POSITIONAL BASE CONTENT,Read1,ReadPos 84 G Bases,193340597
POSITIONAL BASE CONTENT,Read1,ReadPos 85 G Bases,195237316
POSITIONAL BASE CONTENT,Read1,ReadPos 86 G Bases,195839140
POSITIONAL BASE CONTENT,Read1,ReadPos 87 G Bases,195319729
POSITIONAL BASE CONTENT,Read1,ReadPos 88 G Bases,195310103
POSITIONAL BASE CONTENT,Read1,ReadPos 89 G Bases,194132447
POSITIONAL BASE CONTENT,Read1,ReadPos 90 G Bases,194044406
POSITIONAL BASE CONTENT,Read1,ReadPos 91 G Bases,194795616
POSITIONAL BASE CONTENT,Read1,ReadPos 92 G Bases,192986782
POSITIONAL BASE CONTENT,Read1,ReadPos 93 G Bases,194806077
POSITIONAL BASE CONTENT,Read1,ReadPos 94 G Bases,191058796
POSITIONAL BASE CONTENT,Read1,ReadPos 95 G Bases,192219015
POSITIONAL BASE CONTENT,Read1,ReadPos 96 G Bases,191945988
POSITIONAL BASE CONTENT,Read1,ReadPos 97 G Bases,192972539
POSITIONAL BASE CONTENT,Read1,ReadPos 98 G Bases,194448920
POSITIONAL BASE CONTENT,Read1,ReadPos 99 G Bases,193236774
POSITIONAL BASE CONTENT,Read1,ReadPos 100 G Bases,193993823
POSITIONAL BASE CONTENT,Read1,ReadPos 101 G Bases,192289653
POSITIONAL BASE CONTENT,Read1,ReadPos 102 G Bases,192138749
POSITIONAL BASE CONTENT,Read1,ReadPos 103 G Bases,191529261
POSITIONAL BASE CONTENT,Read1,ReadPos 104 G Bases,190873258
POSITIONAL BASE CONTENT,Read1,ReadPos 105 G Bases,192598246
POSITIONAL BASE CONTENT,Read1,ReadPos 106 G Bases,191128484
POSITIONAL BASE CONTENT,Read1,ReadPos 107 G Bases,189453663
POSITIONAL BASE CONTENT,Read1,ReadPos 108 G Bases,189077719
POSITIONAL BASE CONTENT,Read1,ReadPos 109 G Bases,190908953
POSITIONAL BASE CONTENT,Read1,ReadPos 110 G Bases,193772976
POSITIONAL BASE CONTENT,Read1,ReadPos 111 G Bases,192750409
POSITIONAL BASE CONTENT,Read1,ReadPos 112 G Bases,190334737
POSITIONAL BASE CONTENT,Read1,ReadPos 113 G Bases,188457091
POSITIONAL BASE CONTENT,Read1,ReadPos 114 G Bases,189161186
POSITIONAL BASE CONTENT,Read1,ReadPos 115 G Bases,189386730
POSITIONAL BASE CONTENT,Read1,ReadPos 116 G Bases,191819498
POSITIONAL BASE CONTENT,Read1,ReadPos 117 G Bases,190762075
POSITIONAL BASE CONTENT,Read1,ReadPos 118 G Bases,191115360
POSITIONAL BASE CONTENT,Read1,ReadPos 119 G Bases,191301931
POSITIONAL BASE CONTENT,Read1,ReadPos 120 G Bases,190040002
POSITIONAL BASE CONTENT,Read1,ReadPos 121 G Bases,191582069
POSITIONAL BASE CONTENT,Read1,ReadPos 122 G Bases,189815524
POSITIONAL BASE CONTENT,Read1,ReadPos 123 G Bases,188297604
POSITIONAL BASE CONTENT,Read1,ReadPos 124 G Bases,188590357
POSITIONAL BASE CONTENT,Read1,ReadPos 125 G Bases,189108991
POSITIONAL BASE CONTENT,Read1,ReadPos 126 G Bases,191096990
POSITIONAL BASE CONTENT,Read1,ReadPos 127 G Bases,188886470
POSITIONAL BASE CONTENT,Read1,ReadPos 128 G Bases,188335025
POSITIONAL BASE CONTENT,Read1,ReadPos 129 G Bases,189091132
POSITIONAL BASE CONTENT,Read1,ReadPos 130 G Bases,188583548
POSITIONAL BASE CONTENT,Read1,ReadPos 131 G Bases,190503730
POSITIONAL BASE CONTENT,Read1,ReadPos 132 G Bases,188607952
POSITIONAL BASE CONTENT,Read1,ReadPos 133 G Bases,187554957
POSITIONAL BASE CONTENT,Read1,ReadPos 134 G Bases,188101866
POSITIONAL BASE CONTENT,Read1,ReadPos 135 G Bases,188595176
POSITIONAL BASE CONTENT,Read1,ReadPos 136 G Bases,190123163
POSITIONAL BASE CONTENT,Read1,ReadPos 137 G Bases,187356538
POSITIONAL BASE CONTENT,Read1,ReadPos 138 G Bases,185445732
POSITIONAL BASE CONTENT,Read1,ReadPos 139 G Bases,186671360
POSITIONAL BASE CONTENT,Read1,ReadPos 140 G Bases,188307132
POSITIONAL BASE CONTENT,Read1,ReadPos 141 G Bases,189061847
POSITIONAL BASE CONTENT,Read1,ReadPos 142 G Bases,187196390
POSITIONAL BASE CONTENT,Read1,ReadPos 143 G Bases,186653830
POSITIONAL BASE CONTENT,Read1,ReadPos 144 G Bases,187168860
POSITIONAL BASE CONTENT,Read1,ReadPos 145 G Bases,187049861
POSITIONAL BASE CONTENT,Read1,ReadPos 146 G Bases,187681666
POSITIONAL BASE CONTENT,Read1,ReadPos 147 G Bases,185828235
POSITIONAL BASE CONTENT,Read1,ReadPos 148 G Bases,185107695
POSITIONAL BASE CONTENT,Read1,ReadPos 149 G Bases,180650947
POSITIONAL BASE CONTENT,Read1,ReadPos 150 G Bases,182372540
POSITIONAL BASE CONTENT,Read1,ReadPos 151 G Bases,186598910
POSITIONAL BASE CONTENT,Read1,ReadPos 1 T Bases,96740113
POSITIONAL BASE CONTENT,Read1,ReadPos 2 T Bases,360212154
POSITIONAL BASE CONTENT,Read1,ReadPos 3 T Bases,297511623
POSITIONAL BASE CONTENT,Read1,ReadPos 4 T Bases,391287486
POSITIONAL BASE CONTENT,Read1,ReadPos 5 T Bases,357955064
POSITIONAL BASE CONTENT,Read1,ReadPos 6 T Bases,158172438
POSITIONAL BASE CONTENT,Read1,ReadPos 7 T Bases,226236559
POSITIONAL BASE CONTENT,Read1,ReadPos 8 T Bases,207965619
POSITIONAL BASE CONTENT,Read1,ReadPos 9 T Bases,209382173
POSITIONAL BASE CONTENT,Read1,ReadPos 10 T Bases,376399032
POSITIONAL BASE CONTENT,Read1,ReadPos 11 T Bases,233931787
POSITIONAL BASE CONTENT,Read1,ReadPos 12 T Bases,333414426
POSITIONAL BASE CONTENT,Read1,ReadPos 13 T Bases,264594391
POSITIONAL BASE CONTENT,Read1,ReadPos 14 T Bases,287595017
POSITIONAL BASE CONTENT,Read1,ReadPos 15 T Bases,236664296
POSITIONAL BASE CONTENT,Read1,ReadPos 16 T Bases,255569408
POSITIONAL BASE CONTENT,Read1,ReadPos 17 T Bases,285291024
POSITIONAL BASE CONTENT,Read1,ReadPos 18 T Bases,289959435
POSITIONAL BASE CONTENT,Read1,ReadPos 19 T Bases,284048883
POSITIONAL BASE CONTENT,Read1,ReadPos 20 T Bases,280307562
POSITIONAL BASE CONTENT,Read1,ReadPos 21 T Bases,271861677
POSITIONAL BASE CONTENT,Read1,ReadPos 22 T Bases,287633649
POSITIONAL BASE CONTENT,Read1,ReadPos 23 T Bases,278619040
POSITIONAL BASE CONTENT,Read1,ReadPos 24 T Bases,283535847
POSITIONAL BASE CONTENT,Read1,ReadPos 25 T Bases,280673127
POSITIONAL BASE CONTENT,Read1,ReadPos 26 T Bases,283769824
POSITIONAL BASE CONTENT,Read1,ReadPos 27 T Bases,290012405
POSITIONAL BASE CONTENT,Read1,ReadPos 28 T Bases,287182617
POSITIONAL BASE CONTENT,Read1,ReadPos 29 T Bases,288632329
POSITIONAL BASE CONTENT,Read1,ReadPos 30 T Bases,282468616
POSITIONAL BASE CONTENT,Read1,ReadPos 31 T Bases,275495388
POSITIONAL BASE CONTENT,Read1,ReadPos 32 T Bases,285157365
POSITIONAL BASE CONTENT,Read1,ReadPos 33 T Bases,286680122
POSITIONAL BASE CONTENT,Read1,ReadPos 34 T Bases,290395367
POSITIONAL BASE CONTENT,Read1,ReadPos 35 T Bases,287354496
POSITIONAL BASE CONTENT,Read1,ReadPos 36 T Bases,281309705
POSITIONAL BASE CONTENT,Read1,ReadPos 37 T Bases,282462497
POSITIONAL BASE CONTENT,Read1,ReadPos 38 T Bases,283007222
POSITIONAL BASE CONTENT,Read1,ReadPos 39 T Bases,286656393
POSITIONAL BASE CONTENT,Read1,ReadPos 40 T Bases,286770685
POSITIONAL BASE CONTENT,Read1,ReadPos 41 T Bases,281073024
POSITIONAL BASE CONTENT,Read1,ReadPos 42 T Bases,286150458
POSITIONAL BASE CONTENT,Read1,ReadPos 43 T Bases,283766149
POSITIONAL BASE CONTENT,Read1,ReadPos 44 T Bases,285429916
POSITIONAL BASE CONTENT,Read1,ReadPos 45 T Bases,281321887
POSITIONAL BASE CONTENT,Read1,ReadPos 46 T Bases,280234767
POSITIONAL BASE CONTENT,Read1,ReadPos 47 T Bases,285337578
POSITIONAL BASE CONTENT,Read1,ReadPos 48 T Bases,284996885
POSITIONAL BASE CONTENT,Read1,ReadPos 49 T Bases,286273220
POSITIONAL BASE CONTENT,Read1,ReadPos 50 T Bases,282053742
POSITIONAL BASE CONTENT,Read1,ReadPos 51 T Bases,282116995
POSITIONAL BASE CONTENT,Read1,ReadPos 52 T Bases,284521296
POSITIONAL BASE CONTENT,Read1,ReadPos 53 T Bases,285370604
POSITIONAL BASE CONTENT,Read1,ReadPos 54 T Bases,281021146
POSITIONAL BASE CONTENT,Read1,ReadPos 55 T Bases,279488203
POSITIONAL BASE CONTENT,Read1,ReadPos 56 T Bases,278303514
POSITIONAL BASE CONTENT,Read1,ReadPos 57 T Bases,286786734
POSITIONAL BASE CONTENT,Read1,ReadPos 58 T Bases,289218322
POSITIONAL BASE CONTENT,Read1,ReadPos 59 T Bases,286550698
POSITIONAL BASE CONTENT,Read1,ReadPos 60 T Bases,282885958
POSITIONAL BASE CONTENT,Read1,ReadPos 61 T Bases,279343799
POSITIONAL BASE CONTENT,Read1,ReadPos 62 T Bases,281786284
POSITIONAL BASE CONTENT,Read1,ReadPos 63 T Bases,283088652
POSITIONAL BASE CONTENT,Read1,ReadPos 64 T Bases,284462659
POSITIONAL BASE CONTENT,Read1,ReadPos 65 T Bases,285702895
POSITIONAL BASE CONTENT,Read1,ReadPos 66 T Bases,280401853
POSITIONAL BASE CONTENT,Read1,ReadPos 67 T Bases,286044470
POSITIONAL BASE CONTENT,Read1,ReadPos 68 T Bases,283035373
POSITIONAL BASE CONTENT,Read1,ReadPos 69 T Bases,282695590
POSITIONAL BASE CONTENT,Read1,ReadPos 70 T Bases,280850923
POSITIONAL BASE CONTENT,Read1,ReadPos 71 T Bases,280227074
POSITIONAL BASE CONTENT,Read1,ReadPos 72 T Bases,287056048
POSITIONAL BASE CONTENT,Read1,ReadPos 73 T Bases,281437885
POSITIONAL BASE CONTENT,Read1,ReadPos 74 T Bases,281649897
POSITIONAL BASE CONTENT,Read1,ReadPos 75 T Bases,277777747
POSITIONAL BASE CONTENT,Read1,ReadPos 76 T Bases,276010579
POSITIONAL BASE CONTENT,Read1,ReadPos 77 T Bases,282402396
POSITIONAL BASE CONTENT,Read1,ReadPos 78 T Bases,280063468
POSITIONAL BASE CONTENT,Read1,ReadPos 79 T Bases,282097036
POSITIONAL BASE CONTENT,Read1,ReadPos 80 T Bases,280835337
POSITIONAL BASE CONTENT,Read1,ReadPos 81 T Bases,278969332
POSITIONAL BASE CONTENT,Read1,ReadPos 82 T Bases,284742493
POSITIONAL BASE CONTENT,Read1,ReadPos 83 T Bases,281537308
POSITIONAL BASE CONTENT,Read1,ReadPos 84 T Bases,281352508
POSITIONAL BASE CONTENT,Read1,ReadPos 85 T Bases,279257233
POSITIONAL BASE CONTENT,Read1,ReadPos 86 T Bases,278001730
POSITIONAL BASE CONTENT,Read1,ReadPos 87 T Bases,279104451
POSITIONAL BASE CONTENT,Read1,ReadPos 88 T Bases,278352155
POSITIONAL BASE CONTENT,Read1,ReadPos 89 T Bases,279602927
POSITIONAL BASE CONTENT,Read1,ReadPos 90 T Bases,280613485
POSITIONAL BASE CONTENT,Read1,ReadPos 91 T Bases,278242219
POSITIONAL BASE CONTENT,Read1,ReadPos 92 T Bases,279925102
POSITIONAL BASE CONTENT,Read1,ReadPos 93 T Bases,277645716
POSITIONAL BASE CONTENT,Read1,ReadPos 94 T Bases,279603255
POSITIONAL BASE CONTENT,Read1,ReadPos 95 T Bases,278893648
POSITIONAL BASE CONTENT,Read1,ReadPos 96 T Bases,278671443
POSITIONAL BASE CONTENT,Read1,ReadPos 97 T Bases,277763355
POSITIONAL BASE CONTENT,Read1,ReadPos 98 T Bases,276020119
POSITIONAL BASE CONTENT,Read1,ReadPos 99 T Bases,277970729
POSITIONAL BASE CONTENT,Read1,ReadPos 100 T Bases,275665479
POSITIONAL BASE CONTENT,Read1,ReadPos 101 T Bases,276531418
POSITIONAL BASE CONTENT,Read1,ReadPos 102 T Bases,277001254
POSITIONAL BASE CONTENT,Read1,ReadPos 103 T Bases,277207248
POSITIONAL BASE CONTENT,Read1,ReadPos 104 T Bases,276780596
POSITIONAL BASE CONTENT,Read1,ReadPos 105 T Bases,277211636
POSITIONAL BASE CONTENT,Read1,ReadPos 106 T Bases,275599949
POSITIONAL BASE CONTENT,Read1,ReadPos 107 T Bases,278563070
POSITIONAL BASE CONTENT,Read1,ReadPos 108 T Bases,275449866
POSITIONAL BASE CONTENT,Read1,ReadPos 109 T Bases,275802498
POSITIONAL BASE CONTENT,Read1,ReadPos 110 T Bases,272264877
POSITIONAL BASE CONTENT,Read1,ReadPos 111 T Bases,272911959
POSITIONAL BASE CONTENT,Read1,ReadPos 112 T Bases,275738591
POSITIONAL BASE CONTENT,Read1,ReadPos 113 T Bases,277254127
POSITIONAL BASE CONTENT,Read1,ReadPos 114 T Bases,276782816
POSITIONAL BASE CONTENT,Read1,ReadPos 115 T Bases,275803300
POSITIONAL BASE CONTENT,Read1,ReadPos 116 T Bases,274286814
POSITIONAL BASE CONTENT,Read1,ReadPos 117 T Bases,276321108
POSITIONAL BASE CONTENT,Read1,ReadPos 118 T Bases,274819564
POSITIONAL BASE CONTENT,Read1,ReadPos 119 T Bases,274534309
POSITIONAL BASE CONTENT,Read1,ReadPos 120 T Bases,273763534
POSITIONAL BASE CONTENT,Read1,ReadPos 121 T Bases,274194109
POSITIONAL BASE CONTENT,Read1,ReadPos 122 T Bases,274473837
POSITIONAL BASE CONTENT,Read1,ReadPos 123 T Bases,275310936
POSITIONAL BASE CONTENT,Read1,ReadPos 124 T Bases,274830682
POSITIONAL BASE CONTENT,Read1,ReadPos 125 T Bases,274413877
POSITIONAL BASE CONTENT,Read1,ReadPos 126 T Bases,272267248
POSITIONAL BASE CONTENT,Read1,ReadPos 127 T Bases,274120881
POSITIONAL BASE CONTENT,Read1,ReadPos 128 T Bases,274127047
POSITIONAL BASE CONTENT,Read1,ReadPos 129 T Bases,273892240
POSITIONAL BASE CONTENT,Read1,ReadPos 130 T Bases,272539410
POSITIONAL BASE CONTENT,Read1,ReadPos 131 T Bases,272099382
POSITIONAL BASE CONTENT,Read1,ReadPos 132 T Bases,272859768
POSITIONAL BASE CONTENT,Read1,ReadPos 133 T Bases,272556408
POSITIONAL BASE CONTENT,Read1,ReadPos 134 T Bases,272039742
POSITIONAL BASE CONTENT,Read1,ReadPos 135 T Bases,271808167
POSITIONAL BASE CONTENT,Read1,ReadPos 136 T Bases,269384071
POSITIONAL BASE CONTENT,Read1,ReadPos 137 T Bases,271041853
POSITIONAL BASE CONTENT,Read1,ReadPos 138 T Bases,272393508
POSITIONAL BASE CONTENT,Read1,ReadPos 139 T Bases,271808914
POSITIONAL BASE CONTENT,Read1,ReadPos 140 T Bases,268476143
POSITIONAL BASE CONTENT,Read1,ReadPos 141 T Bases,267404620
POSITIONAL BASE CONTENT,Read1,ReadPos 142 T Bases,268438534
POSITIONAL BASE CONTENT,Read1,ReadPos 143 T Bases,269244741
POSITIONAL BASE CONTENT,Read1,ReadPos 144 T Bases,269130841
POSITIONAL BASE CONTENT,Read1,ReadPos 145 T Bases,268238303
POSITIONAL BASE CONTENT,Read1,ReadPos 146 T Bases,267290008
POSITIONAL BASE CONTENT,Read1,ReadPos 147 T Bases,267542955
POSITIONAL BASE CONTENT,Read1,ReadPos 148 T Bases,264803530
POSITIONAL BASE CONTENT,Read1,ReadPos 149 T Bases,261257753
POSITIONAL BASE CONTENT,Read1,ReadPos 150 T Bases,264226336
POSITIONAL BASE CONTENT,Read1,ReadPos 151 T Bases,257538199
POSITIONAL BASE CONTENT,Read1,ReadPos 1 N Bases,6031
POSITIONAL BASE CONTENT,Read1,ReadPos 2 N Bases,993798
POSITIONAL BASE CONTENT,Read1,ReadPos 3 N Bases,970
POSITIONAL BASE CONTENT,Read1,ReadPos 4 N Bases,61027
POSITIONAL BASE CONTENT,Read1,ReadPos 5 N Bases,3171
POSITIONAL BASE CONTENT,Read1,ReadPos 6 N Bases,18937
POSITIONAL BASE CONTENT,Read1,ReadPos 7 N Bases,6317
POSITIONAL BASE CONTENT,Read1,ReadPos 8 N Bases,1462
POSITIONAL BASE CONTENT,Read1,ReadPos 9 N Bases,12526
POSITIONAL BASE CONTENT,Read1,ReadPos 10 N Bases,4600
POSITIONAL BASE CONTENT,Read1,ReadPos 11 N Bases,37355
POSITIONAL BASE CONTENT,Read1,ReadPos 12 N Bases,631
POSITIONAL BASE CONTENT,Read1,ReadPos 13 N Bases,1649
POSITIONAL BASE CONTENT,Read1,ReadPos 14 N Bases,1104
POSITIONAL BASE CONTENT,Read1,ReadPos 15 N Bases,5503
POSITIONAL BASE CONTENT,Read1,ReadPos 16 N Bases,6867
POSITIONAL BASE CONTENT,Read1,ReadPos 17 N Bases,72
POSITIONAL BASE CONTENT,Read1,ReadPos 18 N Bases,19
POSITIONAL BASE CONTENT,Read1,ReadPos 19 N Bases,44
POSITIONAL BASE CONTENT,Read1,ReadPos 20 N Bases,0
POSITIONAL BASE CONTENT,Read1,ReadPos 21 N Bases,213485
POSITIONAL BASE CONTENT,Read1,ReadPos 22 N Bases,127210
POSITIONAL BASE CONTENT,Read1,ReadPos 23 N Bases,256456
POSITIONAL BASE CONTENT,Read1,ReadPos 24 N Bases,1046
POSITIONAL BASE CONTENT,Read1,ReadPos 25 N Bases,5
POSITIONAL BASE CONTENT,Read1,ReadPos 26 N Bases,0
POSITIONAL BASE CONTENT,Read1,ReadPos 27 N Bases,517
POSITIONAL BASE CONTENT,Read1,ReadPos 28 N Bases,458
POSITIONAL BASE CONTENT,Read1,ReadPos 29 N Bases,513
POSITIONAL BASE CONTENT,Read1,ReadPos 30 N Bases,769
POSITIONAL BASE CONTENT,Read1,ReadPos 31 N Bases,25805
POSITIONAL BASE CONTENT,Read1,ReadPos 32 N Bases,9112
POSITIONAL BASE CONTENT,Read1,ReadPos 33 N Bases,5008
POSITIONAL BASE CONTENT,Read1,ReadPos 34 N Bases,3661
POSITIONAL BASE CONTENT,Read1,ReadPos 35 N Bases,11498
POSITIONAL BASE CONTENT,Read1,ReadPos 36 N Bases,498246
POSITIONAL BASE CONTENT,Read1,ReadPos 37 N Bases,237661
POSITIONAL BASE CONTENT,Read1,ReadPos 38 N Bases,183709
POSITIONAL BASE CONTENT,Read1,ReadPos 39 N Bases,2999
POSITIONAL BASE CONTENT,Read1,ReadPos 40 N Bases,672
POSITIONAL BASE CONTENT,Read1,ReadPos 41 N Bases,21
POSITIONAL BASE CONTENT,Read1,ReadPos 42 N Bases,159
POSITIONAL BASE CONTENT,Read1,ReadPos 43 N Bases,126
POSITIONAL BASE CONTENT,Read1,ReadPos 44 N Bases,1344
POSITIONAL BASE CONTENT,Read1,ReadPos 45 N Bases,5981
POSITIONAL BASE CONTENT,Read1,ReadPos 46 N Bases,7
POSITIONAL BASE CONTENT,Read1,ReadPos 47 N Bases,2841
POSITIONAL BASE CONTENT,Read1,ReadPos 48 N Bases,1313
POSITIONAL BASE CONTENT,Read1,ReadPos 49 N Bases,118315
POSITIONAL BASE CONTENT,Read1,ReadPos 50 N Bases,484
POSITIONAL BASE CONTENT,Read1,ReadPos 51 N Bases,1034
POSITIONAL BASE CONTENT,Read1,ReadPos 52 N Bases,1889
POSITIONAL BASE CONTENT,Read1,ReadPos 53 N Bases,580
POSITIONAL BASE CONTENT,Read1,ReadPos 54 N Bases,3230
POSITIONAL BASE CONTENT,Read1,ReadPos 55 N Bases,1165
POSITIONAL BASE CONTENT,Read1,ReadPos 56 N Bases,447
POSITIONAL BASE CONTENT,Read1,ReadPos 57 N Bases,726
POSITIONAL BASE CONTENT,Read1,ReadPos 58 N Bases,1872
POSITIONAL BASE CONTENT,Read1,ReadPos 59 N Bases,3397
POSITIONAL BASE CONTENT,Read1,ReadPos 60 N Bases,391
POSITIONAL BASE CONTENT,Read1,ReadPos 61 N Bases,469
POSITIONAL BASE CONTENT,Read1,ReadPos 62 N Bases,2154
POSITIONAL BASE CONTENT,Read1,ReadPos 63 N Bases,4017
POSITIONAL BASE CONTENT,Read1,ReadPos 64 N Bases,4067
POSITIONAL BASE CONTENT,Read1,ReadPos 65 N Bases,2690
POSITIONAL BASE CONTENT,Read1,ReadPos 66 N Bases,1858
POSITIONAL BASE CONTENT,Read1,ReadPos 67 N Bases,1577
POSITIONAL BASE CONTENT,Read1,ReadPos 68 N Bases,2451
POSITIONAL BASE CONTENT,Read1,ReadPos 69 N Bases,4499
POSITIONAL BASE CONTENT,Read1,ReadPos 70 N Bases,4090
POSITIONAL BASE CONTENT,Read1,ReadPos 71 N Bases,2917
POSITIONAL BASE CONTENT,Read1,ReadPos 72 N Bases,2791
POSITIONAL BASE CONTENT,Read1,ReadPos 73 N Bases,3748
POSITIONAL BASE CONTENT,Read1,ReadPos 74 N Bases,12168
POSITIONAL BASE CONTENT,Read1,ReadPos 75 N Bases,3263
POSITIONAL BASE CONTENT,Read1,ReadPos 76 N Bases,113257
POSITIONAL BASE CONTENT,Read1,ReadPos 77 N Bases,11372
POSITIONAL BASE CONTENT,Read1,ReadPos 78 N Bases,468118
POSITIONAL BASE CONTENT,Read1,ReadPos 79 N Bases,5035
POSITIONAL BASE CONTENT,Read1,ReadPos 80 N Bases,2236
POSITIONAL BASE CONTENT,Read1,ReadPos 81 N Bases,107441
POSITIONAL BASE CONTENT,Read1,ReadPos 82 N Bases,8203
POSITIONAL BASE CONTENT,Read1,ReadPos 83 N Bases,12624
POSITIONAL BASE CONTENT,Read1,ReadPos 84 N Bases,2217
POSITIONAL BASE CONTENT,Read1,ReadPos 85 N Bases,10072
POSITIONAL BASE CONTENT,Read1,ReadPos 86 N Bases,273574
POSITIONAL BASE CONTENT,Read1,ReadPos 87 N Bases,120280
POSITIONAL BASE CONTENT,Read1,ReadPos 88 N Bases,11080
POSITIONAL BASE CONTENT,Read1,ReadPos 89 N Bases,11326
POSITIONAL BASE CONTENT,Read1,ReadPos 90 N Bases,4235
POSITIONAL BASE CONTENT,Read1,ReadPos 91 N Bases,14415
POSITIONAL BASE CONTENT,Read1,ReadPos 92 N Bases,15959
POSITIONAL BASE CONTENT,Read1,ReadPos 93 N Bases,7262
POSITIONAL BASE CONTENT,Read1,ReadPos 94 N Bases,1190
POSITIONAL BASE CONTENT,Read1,ReadPos 95 N Bases,6224
POSITIONAL BASE CONTENT,Read1,ReadPos 96 N Bases,7058
POSITIONAL BASE CONTENT,Read1,ReadPos 97 N Bases,9993
POSITIONAL BASE CONTENT,Read1,ReadPos 98 N Bases,8208
POSITIONAL BASE CONTENT,Read1,ReadPos 99 N Bases,8511
POSITIONAL BASE CONTENT,Read1,ReadPos 100 N Bases,5375
POSITIONAL BASE CONTENT,Read1,ReadPos 101 N Bases,11229
POSITIONAL BASE CONTENT,Read1,ReadPos 102 N Bases,4543
POSITIONAL BASE CONTENT,Read1,ReadPos 103 N Bases,7153
POSITIONAL BASE CONTENT,Read1,ReadPos 104 N Bases,7875
POSITIONAL BASE CONTENT,Read1,ReadPos 105 N Bases,21168
POSITIONAL BASE CONTENT,Read1,ReadPos 106 N Bases,3240
POSITIONAL BASE CONTENT,Read1,ReadPos 107 N Bases,28956
POSITIONAL BASE CONTENT,Read1,ReadPos 108 N Bases,128001
POSITIONAL BASE CONTENT,Read1,ReadPos 109 N Bases,134218
POSITIONAL BASE CONTENT,Read1,ReadPos 110 N Bases,31089
POSITIONAL BASE CONTENT,Read1,ReadPos 111 N Bases,60968
POSITIONAL BASE CONTENT,Read1,ReadPos 112 N Bases,75615
POSITIONAL BASE CONTENT,Read1,ReadPos 113 N Bases,17669
POSITIONAL BASE CONTENT,Read1,ReadPos 114 N Bases,10757
POSITIONAL BASE CONTENT,Read1,ReadPos 115 N Bases,9628
POSITIONAL BASE CONTENT,Read1,ReadPos 116 N Bases,8596
POSITIONAL BASE CONTENT,Read1,ReadPos 117 N Bases,11611
POSITIONAL BASE CONTENT,Read1,ReadPos 118 N Bases,17853
POSITIONAL BASE CONTENT,Read1,ReadPos 119 N Bases,29943
POSITIONAL BASE CONTENT,Read1,ReadPos 120 N Bases,29107
POSITIONAL BASE CONTENT,Read1,ReadPos 121 N Bases,29172
POSITIONAL BASE CONTENT,Read1,ReadPos 122 N Bases,14615
POSITIONAL BASE CONTENT,Read1,ReadPos 123 N Bases,17530
POSITIONAL BASE CONTENT,Read1,ReadPos 124 N Bases,26822
POSITIONAL BASE CONTENT,Read1,ReadPos 125 N Bases,63241
POSITIONAL BASE CONTENT,Read1,ReadPos 126 N Bases,16134
POSITIONAL BASE CONTENT,Read1,ReadPos 127 N Bases,61426
POSITIONAL BASE CONTENT,Read1,ReadPos 128 N Bases,22938
POSITIONAL BASE CONTENT,Read1,ReadPos 129 N Bases,17532
POSITIONAL BASE CONTENT,Read1,ReadPos 130 N Bases,182344
POSITIONAL BASE CONTENT,Read1,ReadPos 131 N Bases,133297
POSITIONAL BASE CONTENT,Read1,ReadPos 132 N Bases,19077
POSITIONAL BASE CONTENT,Read1,ReadPos 133 N Bases,123566
POSITIONAL BASE CONTENT,Read1,ReadPos 134 N Bases,10020
POSITIONAL BASE CONTENT,Read1,ReadPos 135 N Bases,17012
POSITIONAL BASE CONTENT,Read1,ReadPos 136 N Bases,17230
POSITIONAL BASE CONTENT,Read1,ReadPos 137 N Bases,5469
POSITIONAL BASE CONTENT,Read1,ReadPos 138 N Bases,58005
POSITIONAL BASE CONTENT,Read1,ReadPos 139 N Bases,32141
POSITIONAL BASE CONTENT,Read1,ReadPos 140 N Bases,54312
POSITIONAL BASE CONTENT,Read1,ReadPos 141 N Bases,29673
POSITIONAL BASE CONTENT,Read1,ReadPos 142 N Bases,18515
POSITIONAL BASE CONTENT,Read1,ReadPos 143 N Bases,10690
POSITIONAL BASE CONTENT,Read1,ReadPos 144 N Bases,69460
POSITIONAL BASE CONTENT,Read1,ReadPos 145 N Bases,13961
POSITIONAL BASE CONTENT,Read1,ReadPos 146 N Bases,24846
POSITIONAL BASE CONTENT,Read1,ReadPos 147 N Bases,8511
POSITIONAL BASE CONTENT,Read1,ReadPos 148 N Bases,26219
POSITIONAL BASE CONTENT,Read1,ReadPos 149 N Bases,30270
POSITIONAL BASE CONTENT,Read1,ReadPos 150 N Bases,19194
POSITIONAL BASE CONTENT,Read1,ReadPos 151 N Bases,29971
READ LENGTHS,Read1,20bp Length Reads,1001
READ LENGTHS,Read1,21bp Length Reads,1908
READ LENGTHS,Read1,22bp Length Reads,1457
READ LENGTHS,Read1,23bp Length Reads,2343
READ LENGTHS,Read1,24bp Length Reads,3105
READ LENGTHS,Read1,25bp Length Reads,4174
READ LENGTHS,Read1,26bp Length Reads,12952
READ LENGTHS,Read1,27bp Length Reads,76647
READ LENGTHS,Read1,28bp Length Reads,105659
READ LENGTHS,Read1,29bp Length Reads,124856
READ LENGTHS,Read1,30bp Length Reads,116133
READ LENGTHS,Read1,31bp Length Reads,136089
READ LENGTHS,Read1,32bp Length Reads,207133
READ LENGTHS,Read1,33bp Length Reads,295017
READ LENGTHS,Read1,34bp Length Reads,338108
READ LENGTHS,Read1,35bp Length Reads,303959
READ LENGTHS,Read1,36bp Length Reads,209833
READ LENGTHS,Read1,37bp Length Reads,135557
READ LENGTHS,Read1,38bp Length Reads,127268
READ LENGTHS,Read1,39bp Length Reads,172970
READ LENGTHS,Read1,40bp Length Reads,222023
READ LENGTHS,Read1,41bp Length Reads,283309
READ LENGTHS,Read1,42bp Length Reads,354787
READ LENGTHS,Read1,43bp Length Reads,430518
READ LENGTHS,Read1,44bp Length Reads,483590
READ LENGTHS,Read1,45bp Length Reads,424263
READ LENGTHS,Read1,46bp Length Reads,292182
READ LENGTHS,Read1,47bp Length Reads,187392
READ LENGTHS,Read1,48bp Length Reads,158991
READ LENGTHS,Read1,49bp Length Reads,199810
READ LENGTHS,Read1,50bp Length Reads,259448
READ LENGTHS,Read1,51bp Length Reads,335257
READ LENGTHS,Read1,52bp Length Reads,398927
READ LENGTHS,Read1,53bp Length Reads,458614
READ LENGTHS,Read1,54bp Length Reads,494892
READ LENGTHS,Read1,55bp Length Reads,446045
READ LENGTHS,Read1,56bp Length Reads,352188
READ LENGTHS,Read1,57bp Length Reads,249258
READ LENGTHS,Read1,58bp Length Reads,197630
READ LENGTHS,Read1,59bp Length Reads,219787
READ LENGTHS,Read1,60bp Length Reads,281587
READ LENGTHS,Read1,61bp Length Reads,361665
READ LENGTHS,Read1,62bp Length Reads,449826
READ LENGTHS,Read1,63bp Length Reads,504519
READ LENGTHS,Read1,64bp Length Reads,549487
READ LENGTHS,Read1,65bp Length Reads,503877
READ LENGTHS,Read1,66bp Length Reads,420302
READ LENGTHS,Read1,67bp Length Reads,314370
READ LENGTHS,Read1,68bp Length Reads,240403
READ LENGTHS,Read1,69bp Length Reads,247240
READ LENGTHS,Read1,70bp Length Reads,296465
READ LENGTHS,Read1,71bp Length Reads,399404
READ LENGTHS,Read1,72bp Length Reads,489562
READ LENGTHS,Read1,73bp Length Reads,549605
READ LENGTHS,Read1,74bp Length Reads,595484
READ LENGTHS,Read1,75bp Length Reads,558607
READ LENGTHS,Read1,76bp Length Reads,499605
READ LENGTHS,Read1,77bp Length Reads,403797
READ LENGTHS,Read1,78bp Length Reads,310904
READ LENGTHS,Read1,79bp Length Reads,289722
READ LENGTHS,Read1,80bp Length Reads,317714
READ LENGTHS,Read1,81bp Length Reads,413882
READ LENGTHS,Read1,82bp Length Reads,511020
READ LENGTHS,Read1,83bp Length Reads,595621
READ LENGTHS,Read1,84bp Length Reads,661283
READ LENGTHS,Read1,85bp Length Reads,648153
READ LENGTHS,Read1,86bp Length Reads,597245
READ LENGTHS,Read1,87bp Length Reads,502282
READ LENGTHS,Read1,88bp Length Reads,394636
READ LENGTHS,Read1,89bp Length Reads,347559
READ LENGTHS,Read1,90bp Length Reads,350729
READ LENGTHS,Read1,91bp Length Reads,427855
READ LENGTHS,Read1,92bp Length Reads,528955
READ LENGTHS,Read1,93bp Length Reads,643463
READ LENGTHS,Read1,94bp Length Reads,720418
READ LENGTHS,Read1,95bp Length Reads,742730
READ LENGTHS,Read1,96bp Length Reads,698039
READ LENGTHS,Read1,97bp Length Reads,601733
READ LENGTHS,Read1,98bp Length Reads,491420
READ LENGTHS,Read1,99bp Length Reads,420749
READ LENGTHS,Read1,100bp Length Reads,404065
READ LENGTHS,Read1,101bp Length Reads,458528
READ LENGTHS,Read1,102bp Length Reads,560019
READ LENGTHS,Read1,103bp Length Reads,673120
READ LENGTHS,Read1,104bp Length Reads,773016
READ LENGTHS,Read1,105bp Length Reads,819294
READ LENGTHS,Read1,106bp Length Reads,797986
READ LENGTHS,Read1,107bp Length Reads,714929
READ LENGTHS,Read1,108bp Length Reads,604084
READ LENGTHS,Read1,109bp Length Reads,509242
READ LENGTHS,Read1,110bp Length Reads,469759
READ LENGTHS,Read1,111bp Length Reads,494901
READ LENGTHS,Read1,112bp Length Reads,589230
READ LENGTHS,Read1,113bp Length Reads,698521
READ LENGTHS,Read1,114bp Length Reads,818136
READ LENGTHS,Read1,115bp Length Reads,881414
READ LENGTHS,Read1,116bp Length Reads,879571
READ LENGTHS,Read1,117bp Length Reads,828721
READ LENGTHS,Read1,118bp Length Reads,735399
READ LENGTHS,Read1,119bp Length Reads,634145
READ LENGTHS,Read1,120bp Length Reads,564297
READ LENGTHS,Read1,121bp Length Reads,555905
READ LENGTHS,Read1,122bp Length Reads,623057
READ LENGTHS,Read1,123bp Length Reads,727371
READ LENGTHS,Read1,124bp Length Reads,865323
READ LENGTHS,Read1,125bp Length Reads,957519
READ LENGTHS,Read1,126bp Length Reads,975957
READ LENGTHS,Read1,127bp Length Reads,947984
READ LENGTHS,Read1,128bp Length Reads,863849
READ LENGTHS,Read1,129bp Length Reads,779583
READ LENGTHS,Read1,130bp Length Reads,681199
READ LENGTHS,Read1,131bp Length Reads,644612
READ LENGTHS,Read1,132bp Length Reads,681564
READ LENGTHS,Read1,133bp Length Reads,798105
READ LENGTHS,Read1,134bp Length Reads,943042
READ LENGTHS,Read1,135bp Length Reads,1040631
READ LENGTHS,Read1,136bp Length Reads,1108639
READ LENGTHS,Read1,137bp Length Reads,1090664
READ LENGTHS,Read1,138bp Length Reads,1035630
READ LENGTHS,Read1,139bp Length Reads,938094
READ LENGTHS,Read1,140bp Length Reads,869764
READ LENGTHS,Read1,141bp Length Reads,852428
READ LENGTHS,Read1,142bp Length Reads,860535
READ LENGTHS,Read1,143bp Length Reads,941640
READ LENGTHS,Read1,144bp Length Reads,1174510
READ LENGTHS,Read1,145bp Length Reads,1626314
READ LENGTHS,Read1,146bp Length Reads,2988357
READ LENGTHS,Read1,147bp Length Reads,10419414
READ LENGTHS,Read1,151bp Length Reads,894992348
READ GC CONTENT,Read1,0% GC Reads,2028
READ GC CONTENT,Read1,1% GC Reads,2371
READ GC CONTENT,Read1,2% GC Reads,4024
READ GC CONTENT,Read1,3% GC Reads,7003
READ GC CONTENT,Read1,4% GC Reads,10381
READ GC CONTENT,Read1,5% GC Reads,13997
READ GC CONTENT,Read1,6% GC Reads,19120
READ GC CONTENT,Read1,7% GC Reads,26999
READ GC CONTENT,Read1,8% GC Reads,46648
READ GC CONTENT,Read1,9% GC Reads,73064
READ GC CONTENT,Read1,10% GC Reads,104285
READ GC CONTENT,Read1,11% GC Reads,143474
READ GC CONTENT,Read1,12% GC Reads,187287
READ GC CONTENT,Read1,13% GC Reads,227602
READ GC CONTENT,Read1,14% GC Reads,242094
READ GC CONTENT,Read1,15% GC Reads,240557
READ GC CONTENT,Read1,16% GC Reads,276296
READ GC CONTENT,Read1,17% GC Reads,359463
READ GC CONTENT,Read1,18% GC Reads,559280
READ GC CONTENT,Read1,19% GC Reads,897121
READ GC CONTENT,Read1,20% GC Reads,1425125
READ GC CONTENT,Read1,21% GC Reads,2091629
READ GC CONTENT,Read1,22% GC Reads,3090460
READ GC CONTENT,Read1,23% GC Reads,4372698
READ GC CONTENT,Read1,24% GC Reads,6054186
READ GC CONTENT,Read1,25% GC Reads,8777912
READ GC CONTENT,Read1,26% GC Reads,11266698
READ GC CONTENT,Read1,27% GC Reads,14131527
READ GC CONTENT,Read1,28% GC Reads,17157731
READ GC CONTENT,Read1,29% GC Reads,20219395
READ GC CONTENT,Read1,30% GC Reads,23249562
READ GC CONTENT,Read1,31% GC Reads,26202404
READ GC CONTENT,Read1,32% GC Reads,29087328
READ GC CONTENT,Read1,33% GC Reads,31895088
READ GC CONTENT,Read1,34% GC Reads,34657206
READ GC CONTENT,Read1,35% GC Reads,37349274
READ GC CONTENT,Read1,36% GC Reads,39969975
READ GC CONTENT,Read1,37% GC Reads,41801143
READ GC CONTENT,Read1,38% GC Reads,42528469
READ GC CONTENT,Read1,39% GC Reads,41777304
READ GC CONTENT,Read1,40% GC Reads,40265719
READ GC CONTENT,Read1,41% GC Reads,38164171
READ GC CONTENT,Read1,42% GC Reads,35761171
READ GC CONTENT,Read1,43% GC Reads,33235740
READ GC CONTENT,Read1,44% GC Reads,31079526
READ GC CONTENT,Read1,45% GC Reads,29528293
READ GC CONTENT,Read1,46% GC Reads,28246788
READ GC CONTENT,Read1,47% GC Reads,27352069
READ GC CONTENT,Read1,48% GC Reads,26703460
READ GC CONTENT,Read1,49% GC Reads,26262582
READ GC CONTENT,Read1,50% GC Reads,25847791
READ GC CONTENT,Read1,51% GC Reads,25085634
READ GC CONTENT,Read1,52% GC Reads,23763892
READ GC CONTENT,Read1,53% GC Reads,21476329
READ GC CONTENT,Read1,54% GC Reads,18763716
READ GC CONTENT,Read1,55% GC Reads,15952426
READ GC CONTENT,Read1,56% GC Reads,13345525
READ GC CONTENT,Read1,57% GC Reads,11235951
READ GC CONTENT,Read1,58% GC Reads,9442083
READ GC CONTENT,Read1,59% GC Reads,8042615
READ GC CONTENT,Read1,60% GC Reads,6861640
READ GC CONTENT,Read1,61% GC Reads,5895869
READ GC CONTENT,Read1,62% GC Reads,5052173
READ GC CONTENT,Read1,63% GC Reads,4332570
READ GC CONTENT,Read1,64% GC Reads,3683212
READ GC CONTENT,Read1,65% GC Reads,3113554
READ GC CONTENT,Read1,66% GC Reads,2588529
READ GC CONTENT,Read1,67% GC Reads,2119092
READ GC CONTENT,Read1,68% GC Reads,1710380
READ GC CONTENT,Read1,69% GC Reads,1373852
READ GC CONTENT,Read1,70% GC Reads,1093727
READ GC CONTENT,Read1,71% GC Reads,885998
READ GC CONTENT,Read1,72% GC Reads,719784
READ GC CONTENT,Read1,73% GC Reads,589782
READ GC CONTENT,Read1,74% GC Reads,484722
READ GC CONTENT,Read1,75% GC Reads,410127
READ GC CONTENT,Read1,76% GC Reads,337943
READ GC CONTENT,Read1,77% GC Reads,293810
READ GC CONTENT,Read1,78% GC Reads,246288
READ GC CONTENT,Read1,79% GC Reads,197841
READ GC CONTENT,Read1,80% GC Reads,154208
READ GC CONTENT,Read1,81% GC Reads,114586
READ GC CONTENT,Read1,82% GC Reads,83296
READ GC CONTENT,Read1,83% GC Reads,56049
READ GC CONTENT,Read1,84% GC Reads,36041
READ GC CONTENT,Read1,85% GC Reads,21038
READ GC CONTENT,Read1,86% GC Reads,12729
READ GC CONTENT,Read1,87% GC Reads,7002
READ GC CONTENT,Read1,88% GC Reads,4385
READ GC CONTENT,Read1,89% GC Reads,3204
READ GC CONTENT,Read1,90% GC Reads,2444
READ GC CONTENT,Read1,91% GC Reads,1891
READ GC CONTENT,Read1,92% GC Reads,1472
READ GC CONTENT,Read1,93% GC Reads,1142
READ GC CONTENT,Read1,94% GC Reads,932
READ GC CONTENT,Read1,95% GC Reads,777
READ GC CONTENT,Read1,96% GC Reads,729
READ GC CONTENT,Read1,97% GC Reads,736
READ GC CONTENT,Read1,98% GC Reads,904
READ GC CONTENT,Read1,99% GC Reads,831
READ GC CONTENT,Read1,100% GC Reads,434
READ GC CONTENT QUALITY,Read1,0% GC Reads Average Quality,39.41
READ GC CONTENT QUALITY,Read1,1% GC Reads Average Quality,39.26
READ GC CONTENT QUALITY,Read1,2% GC Reads Average Quality,39.24
READ GC CONTENT QUALITY,Read1,3% GC Reads Average Quality,39.25
READ GC CONTENT QUALITY,Read1,4% GC Reads Average Quality,39.21
READ GC CONTENT QUALITY,Read1,5% GC Reads Average Quality,39.17
READ GC CONTENT QUALITY,Read1,6% GC Reads Average Quality,39.17
READ GC CONTENT QUALITY,Read1,7% GC Reads Average Quality,39.21
READ GC CONTENT QUALITY,Read1,8% GC Reads Average Quality,39.30
READ GC CONTENT QUALITY,Read1,9% GC Reads Average Quality,39.31
READ GC CONTENT QUALITY,Read1,10% GC Reads Average Quality,39.29
READ GC CONTENT QUALITY,Read1,11% GC Reads Average Quality,39.30
READ GC CONTENT QUALITY,Read1,12% GC Reads Average Quality,39.27
READ GC CONTENT QUALITY,Read1,13% GC Reads Average Quality,39.25
READ GC CONTENT QUALITY,Read1,14% GC Reads Average Quality,39.19
READ GC CONTENT QUALITY,Read1,15% GC Reads Average Quality,39.11
READ GC CONTENT QUALITY,Read1,16% GC Reads Average Quality,39.12
READ GC CONTENT QUALITY,Read1,17% GC Reads Average Quality,39.17
READ GC CONTENT QUALITY,Read1,18% GC Reads Average Quality,39.23
READ GC CONTENT QUALITY,Read1,19% GC Reads Average Quality,39.27
READ GC CONTENT QUALITY,Read1,20% GC Reads Average Quality,39.26
READ GC CONTENT QUALITY,Read1,21% GC Reads Average Quality,39.24
READ GC CONTENT QUALITY,Read1,22% GC Reads Average Quality,39.22
READ GC CONTENT QUALITY,Read1,23% GC Reads Average Quality,39.20
READ GC CONTENT QUALITY,Read1,24% GC Reads Average Quality,39.17
READ GC CONTENT QUALITY,Read1,25% GC Reads Average Quality,39.14
READ GC CONTENT QUALITY,Read1,26% GC Reads Average Quality,39.11
READ GC CONTENT QUALITY,Read1,27% GC Reads Average Quality,39.08
READ GC CONTENT QUALITY,Read1,28% GC Reads Average Quality,39.05
READ GC CONTENT QUALITY,Read1,29% GC Reads Average Quality,39.01
READ GC CONTENT QUALITY,Read1,30% GC Reads Average Quality,38.98
READ GC CONTENT QUALITY,Read1,31% GC Reads Average Quality,38.95
READ GC CONTENT QUALITY,Read1,32% GC Reads Average Quality,38.92
READ GC CONTENT QUALITY,Read1,33% GC Reads Average Quality,38.89
READ GC CONTENT QUALITY,Read1,34% GC Reads Average Quality,38.86
READ GC CONTENT QUALITY,Read1,35% GC Reads Average Quality,38.84
READ GC CONTENT QUALITY,Read1,36% GC Reads Average Quality,38.82
READ GC CONTENT QUALITY,Read1,37% GC Reads Average Quality,38.80
READ GC CONTENT QUALITY,Read1,38% GC Reads Average Quality,38.76
READ GC CONTENT QUALITY,Read1,39% GC Reads Average Quality,38.71
READ GC CONTENT QUALITY,Read1,40% GC Reads Average Quality,38.65
READ GC CONTENT QUALITY,Read1,41% GC Reads Average Quality,38.60
READ GC CONTENT QUALITY,Read1,42% GC Reads Average Quality,38.54
READ GC CONTENT QUALITY,Read1,43% GC Reads Average Quality,38.49
READ GC CONTENT QUALITY,Read1,44% GC Reads Average Quality,38.45
READ GC CONTENT QUALITY,Read1,45% GC Reads Average Quality,38.42
READ GC CONTENT QUALITY,Read1,46% GC Reads Average Quality,38.39
READ GC CONTENT QUALITY,Read1,47% GC Reads Average Quality,38.38
READ GC CONTENT QUALITY,Read1,48% GC Reads Average Quality,38.37
READ GC CONTENT QUALITY,Read1,49% GC Reads Average Quality,38.37
READ GC CONTENT QUALITY,Read1,50% GC Reads Average Quality,38.37
READ GC CONTENT QUALITY,Read1,51% GC Reads Average Quality,38.38
READ GC CONTENT QUALITY,Read1,52% GC Reads Average Quality,38.37
READ GC CONTENT QUALITY,Read1,53% GC Reads Average Quality,38.35
READ GC CONTENT QUALITY,Read1,54% GC Reads Average Quality,38.31
READ GC CONTENT QUALITY,Read1,55% GC Reads Average Quality,38.27
READ GC CONTENT QUALITY,Read1,56% GC Reads Average Quality,38.23
READ GC CONTENT QUALITY,Read1,57% GC Reads Average Quality,38.21
READ GC CONTENT QUALITY,Read1,58% GC Reads Average Quality,38.20
READ GC CONTENT QUALITY,Read1,59% GC Reads Average Quality,38.19
READ GC CONTENT QUALITY,Read1,60% GC Reads Average Quality,38.19
READ GC CONTENT QUALITY,Read1,61% GC Reads Average Quality,38.19
READ GC CONTENT QUALITY,Read1,62% GC Reads Average Quality,38.18
READ GC CONTENT QUALITY,Read1,63% GC Reads Average Quality,38.17
READ GC CONTENT QUALITY,Read1,64% GC Reads Average Quality,38.14
READ GC CONTENT QUALITY,Read1,65% GC Reads Average Quality,38.11
READ GC CONTENT QUALITY,Read1,66% GC Reads Average Quality,38.07
READ GC CONTENT QUALITY,Read1,67% GC Reads Average Quality,38.00
READ GC CONTENT QUALITY,Read1,68% GC Reads Average Quality,37.92
READ GC CONTENT QUALITY,Read1,69% GC Reads Average Quality,37.82
READ GC CONTENT QUALITY,Read1,70% GC Reads Average Quality,37.70
READ GC CONTENT QUALITY,Read1,71% GC Reads Average Quality,37.58
READ GC CONTENT QUALITY,Read1,72% GC Reads Average Quality,37.45
READ GC CONTENT QUALITY,Read1,73% GC Reads Average Quality,37.30
READ GC CONTENT QUALITY,Read1,74% GC Reads Average Quality,37.14
READ GC CONTENT QUALITY,Read1,75% GC Reads Average Quality,37.02
READ GC CONTENT QUALITY,Read1,76% GC Reads Average Quality,36.95
READ GC CONTENT QUALITY,Read1,77% GC Reads Average Quality,36.94
READ GC CONTENT QUALITY,Read1,78% GC Reads Average Quality,36.92
READ GC CONTENT QUALITY,Read1,79% GC Reads Average Quality,36.91
READ GC CONTENT QUALITY,Read1,80% GC Reads Average Quality,36.89
READ GC CONTENT QUALITY,Read1,81% GC Reads Average Quality,36.87
READ GC CONTENT QUALITY,Read1,82% GC Reads Average Quality,36.89
READ GC CONTENT QUALITY,Read1,83% GC Reads Average Quality,36.88
READ GC CONTENT QUALITY,Read1,84% GC Reads Average Quality,36.72
READ GC CONTENT QUALITY,Read1,85% GC Reads Average Quality,36.36
READ GC CONTENT QUALITY,Read1,86% GC Reads Average Quality,35.82
READ GC CONTENT QUALITY,Read1,87% GC Reads Average Quality,34.66
READ GC CONTENT QUALITY,Read1,88% GC Reads Average Quality,33.55
READ GC CONTENT QUALITY,Read1,89% GC Reads Average Quality,33.03
READ GC CONTENT QUALITY,Read1,90% GC Reads Average Quality,32.57
READ GC CONTENT QUALITY,Read1,91% GC Reads Average Quality,31.81
READ GC CONTENT QUALITY,Read1,92% GC Reads Average Quality,31.26
READ GC CONTENT QUALITY,Read1,93% GC Reads Average Quality,31.07
READ GC CONTENT QUALITY,Read1,94% GC Reads Average Quality,30.88
READ GC CONTENT QUALITY,Read1,95% GC Reads Average Quality,30.63
READ GC CONTENT QUALITY,Read1,96% GC Reads Average Quality,31.09
READ GC CONTENT QUALITY,Read1,97% GC Reads Average Quality,31.84
READ GC CONTENT QUALITY,Read1,98% GC Reads Average Quality,33.43
READ GC CONTENT QUALITY,Read1,99% GC Reads Average Quality,34.67
READ GC CONTENT QUALITY,Read1,100% GC Reads Average Quality,34.97
SEQUENCE POSITIONS,Read1,'AGATCGGAAGAG' 2bp Starts,11
SEQUENCE POSITIONS,Read1,'AGATCGGAAGAG' 5bp Starts,8
SEQUENCE POSITIONS,Read1,'AGATCGGAAGAG' 6bp Starts,15
SEQUENCE POSITIONS,Read1,'AGATCGGAAGAG' 8bp Starts,15
SEQUENCE POSITIONS,Read1,'AGATCGGAAGAG' 9bp Starts,14
SEQUENCE POSITIONS,Read1,'AGATCGGAAGAG' 10bp Starts,21
SEQUENCE POSITIONS,Read1,'AGATCGGAAGAG' 11bp Starts,11
SEQUENCE POSITIONS,Read1,'AGATCGGAAGAG' 12bp Starts,7
SEQUENCE POSITIONS,Read1,'AGATCGGAAGAG' 13bp Starts,8
SEQUENCE POSITIONS,Read1,'AGATCGGAAGAG' 14bp Starts,5
SEQUENCE POSITIONS,Read1,'AGATCGGAAGAG' 15bp Starts,14
SEQUENCE POSITIONS,Read1,'AGATCGGAAGAG' 16bp Starts,6
SEQUENCE POSITIONS,Read1,'AGATCGGAAGAG' 17bp Starts,10
SEQUENCE POSITIONS,Read1,'AGATCGGAAGAG' 18bp Starts,7
SEQUENCE POSITIONS,Read1,'AGATCGGAAGAG' 19bp Starts,14
SEQUENCE POSITIONS,Read1,'AGATCGGAAGAG' 20bp Starts,8
SEQUENCE POSITIONS,Read1,'AGATCGGAAGAG' 21bp Starts,7
SEQUENCE POSITIONS,Read1,'AGATCGGAAGAG' 22bp Starts,9
SEQUENCE POSITIONS,Read1,'AGATCGGAAGAG' 23bp Starts,14
SEQUENCE POSITIONS,Read1,'AGATCGGAAGAG' 24bp Starts,13
SEQUENCE POSITIONS,Read1,'AGATCGGAAGAG' 25bp Starts,17
SEQUENCE POSITIONS,Read1,'AGATCGGAAGAG' 26bp Starts,11
SEQUENCE POSITIONS,Read1,'AGATCGGAAGAG' 27bp Starts,8
SEQUENCE POSITIONS,Read1,'AGATCGGAAGAG' 28bp Starts,7
SEQUENCE POSITIONS,Read1,'AGATCGGAAGAG' 29bp Starts,7
SEQUENCE POSITIONS,Read1,'AGATCGGAAGAG' 30bp Starts,10
SEQUENCE POSITIONS,Read1,'AGATCGGAAGAG' 31bp Starts,9
SEQUENCE POSITIONS,Read1,'AGATCGGAAGAG' 32bp Starts,4
SEQUENCE POSITIONS,Read1,'AGATCGGAAGAG' 33bp Starts,17
SEQUENCE POSITIONS,Read1,'AGATCGGAAGAG' 34bp Starts,11
SEQUENCE POSITIONS,Read1,'AGATCGGAAGAG' 35bp Starts,19
SEQUENCE POSITIONS,Read1,'AGATCGGAAGAG' 36bp Starts,15
SEQUENCE POSITIONS,Read1,'AGATCGGAAGAG' 37bp Starts,10
SEQUENCE POSITIONS,Read1,'AGATCGGAAGAG' 38bp Starts,18
SEQUENCE POSITIONS,Read1,'AGATCGGAAGAG' 39bp Starts,8
SEQUENCE POSITIONS,Read1,'AGATCGGAAGAG' 40bp Starts,13
SEQUENCE POSITIONS,Read1,'AGATCGGAAGAG' 41bp Starts,12
SEQUENCE POSITIONS,Read1,'AGATCGGAAGAG' 42bp Starts,12
SEQUENCE POSITIONS,Read1,'AGATCGGAAGAG' 43bp Starts,14
SEQUENCE POSITIONS,Read1,'AGATCGGAAGAG' 44bp Starts,7
SEQUENCE POSITIONS,Read1,'AGATCGGAAGAG' 45bp Starts,10
SEQUENCE POSITIONS,Read1,'AGATCGGAAGAG' 46bp Starts,7
SEQUENCE POSITIONS,Read1,'AGATCGGAAGAG' 47bp Starts,10
SEQUENCE POSITIONS,Read1,'AGATCGGAAGAG' 48bp Starts,12
SEQUENCE POSITIONS,Read1,'AGATCGGAAGAG' 49bp Starts,20
SEQUENCE POSITIONS,Read1,'AGATCGGAAGAG' 50bp Starts,13
SEQUENCE POSITIONS,Read1,'AGATCGGAAGAG' 51bp Starts,8
SEQUENCE POSITIONS,Read1,'AGATCGGAAGAG' 52bp Starts,11
SEQUENCE POSITIONS,Read1,'AGATCGGAAGAG' 53bp Starts,15
SEQUENCE POSITIONS,Read1,'AGATCGGAAGAG' 54bp Starts,5
SEQUENCE POSITIONS,Read1,'AGATCGGAAGAG' 55bp Starts,16
SEQUENCE POSITIONS,Read1,'AGATCGGAAGAG' 56bp Starts,14
SEQUENCE POSITIONS,Read1,'AGATCGGAAGAG' 57bp Starts,11
SEQUENCE POSITIONS,Read1,'AGATCGGAAGAG' 58bp Starts,8
SEQUENCE POSITIONS,Read1,'AGATCGGAAGAG' 59bp Starts,13
SEQUENCE POSITIONS,Read1,'AGATCGGAAGAG' 60bp Starts,6
SEQUENCE POSITIONS,Read1,'AGATCGGAAGAG' 61bp Starts,15
SEQUENCE POSITIONS,Read1,'AGATCGGAAGAG' 62bp Starts,6
SEQUENCE POSITIONS,Read1,'AGATCGGAAGAG' 63bp Starts,13
SEQUENCE POSITIONS,Read1,'AGATCGGAAGAG' 64bp Starts,7
SEQUENCE POSITIONS,Read1,'AGATCGGAAGAG' 65bp Starts,6
SEQUENCE POSITIONS,Read1,'AGATCGGAAGAG' 66bp Starts,13
SEQUENCE POSITIONS,Read1,'AGATCGGAAGAG' 67bp Starts,11
SEQUENCE POSITIONS,Read1,'AGATCGGAAGAG' 68bp Starts,9
SEQUENCE POSITIONS,Read1,'AGATCGGAAGAG' 69bp Starts,10
SEQUENCE POSITIONS,Read1,'AGATCGGAAGAG' 70bp Starts,5
SEQUENCE POSITIONS,Read1,'AGATCGGAAGAG' 71bp Starts,18
SEQUENCE POSITIONS,Read1,'AGATCGGAAGAG' 72bp Starts,9
SEQUENCE POSITIONS,Read1,'AGATCGGAAGAG' 73bp Starts,7
SEQUENCE POSITIONS,Read1,'AGATCGGAAGAG' 74bp Starts,7
SEQUENCE POSITIONS,Read1,'AGATCGGAAGAG' 75bp Starts,12
SEQUENCE POSITIONS,Read1,'AGATCGGAAGAG' 76bp Starts,6
SEQUENCE POSITIONS,Read1,'AGATCGGAAGAG' 77bp Starts,7
SEQUENCE POSITIONS,Read1,'AGATCGGAAGAG' 78bp Starts,6
SEQUENCE POSITIONS,Read1,'AGATCGGAAGAG' 79bp Starts,8
SEQUENCE POSITIONS,Read1,'AGATCGGAAGAG' 80bp Starts,8
SEQUENCE POSITIONS,Read1,'AGATCGGAAGAG' 81bp Starts,10
SEQUENCE POSITIONS,Read1,'AGATCGGAAGAG' 82bp Starts,13
SEQUENCE POSITIONS,Read1,'AGATCGGAAGAG' 83bp Starts,13
SEQUENCE POSITIONS,Read1,'AGATCGGAAGAG' 84bp Starts,9
SEQUENCE POSITIONS,Read1,'AGATCGGAAGAG' 85bp Starts,16
SEQUENCE POSITIONS,Read1,'AGATCGGAAGAG' 86bp Starts,4
SEQUENCE POSITIONS,Read1,'AGATCGGAAGAG' 87bp Starts,7
SEQUENCE POSITIONS,Read1,'AGATCGGAAGAG' 88bp Starts,13
SEQUENCE POSITIONS,Read1,'AGATCGGAAGAG' 89bp Starts,10
SEQUENCE POSITIONS,Read1,'AGATCGGAAGAG' 90bp Starts,20
SEQUENCE POSITIONS,Read1,'AGATCGGAAGAG' 91bp Starts,10
SEQUENCE POSITIONS,Read1,'AGATCGGAAGAG' 92bp Starts,5
SEQUENCE POSITIONS,Read1,'AGATCGGAAGAG' 93bp Starts,9
SEQUENCE POSITIONS,Read1,'AGATCGGAAGAG' 94bp Starts,12
SEQUENCE POSITIONS,Read1,'AGATCGGAAGAG' 95bp Starts,16
SEQUENCE POSITIONS,Read1,'AGATCGGAAGAG' 96bp Starts,8
SEQUENCE POSITIONS,Read1,'AGATCGGAAGAG' 97bp Starts,9
SEQUENCE POSITIONS,Read1,'AGATCGGAAGAG' 98bp Starts,13
SEQUENCE POSITIONS,Read1,'AGATCGGAAGAG' 99bp Starts,6
SEQUENCE POSITIONS,Read1,'AGATCGGAAGAG' 100bp Starts,9
SEQUENCE POSITIONS,Read1,'AGATCGGAAGAG' 101bp Starts,10
SEQUENCE POSITIONS,Read1,'AGATCGGAAGAG' 102bp Starts,2
SEQUENCE POSITIONS,Read1,'AGATCGGAAGAG' 103bp Starts,21
SEQUENCE POSITIONS,Read1,'AGATCGGAAGAG' 104bp Starts,8
SEQUENCE POSITIONS,Read1,'AGATCGGAAGAG' 105bp Starts,13
SEQUENCE POSITIONS,Read1,'AGATCGGAAGAG' 106bp Starts,11
SEQUENCE POSITIONS,Read1,'AGATCGGAAGAG' 107bp Starts,5
SEQUENCE POSITIONS,Read1,'AGATCGGAAGAG' 108bp Starts,14
SEQUENCE POSITIONS,Read1,'AGATCGGAAGAG' 109bp Starts,12
SEQUENCE POSITIONS,Read1,'AGATCGGAAGAG' 110bp Starts,6
SEQUENCE POSITIONS,Read1,'AGATCGGAAGAG' 111bp Starts,12
SEQUENCE POSITIONS,Read1,'AGATCGGAAGAG' 112bp Starts,11
SEQUENCE POSITIONS,Read1,'AGATCGGAAGAG' 113bp Starts,12
SEQUENCE POSITIONS,Read1,'AGATCGGAAGAG' 114bp Starts,7
SEQUENCE POSITIONS,Read1,'AGATCGGAAGAG' 115bp Starts,8
SEQUENCE POSITIONS,Read1,'AGATCGGAAGAG' 116bp Starts,10
SEQUENCE POSITIONS,Read1,'AGATCGGAAGAG' 117bp Starts,14
SEQUENCE POSITIONS,Read1,'AGATCGGAAGAG' 118bp Starts,20
SEQUENCE POSITIONS,Read1,'AGATCGGAAGAG' 119bp Starts,15
SEQUENCE POSITIONS,Read1,'AGATCGGAAGAG' 120bp Starts,10
SEQUENCE POSITIONS,Read1,'AGATCGGAAGAG' 121bp Starts,7
SEQUENCE POSITIONS,Read1,'AGATCGGAAGAG' 122bp Starts,6
SEQUENCE POSITIONS,Read1,'AGATCGGAAGAG' 123bp Starts,12
SEQUENCE POSITIONS,Read1,'AGATCGGAAGAG' 124bp Starts,10
SEQUENCE POSITIONS,Read1,'AGATCGGAAGAG' 125bp Starts,9
SEQUENCE POSITIONS,Read1,'AGATCGGAAGAG' 126bp Starts,13
SEQUENCE POSITIONS,Read1,'AGATCGGAAGAG' 127bp Starts,21
SEQUENCE POSITIONS,Read1,'AGATCGGAAGAG' 128bp Starts,4
SEQUENCE POSITIONS,Read1,'AGATCGGAAGAG' 129bp Starts,10
SEQUENCE POSITIONS,Read1,'AGATCGGAAGAG' 130bp Starts,11
SEQUENCE POSITIONS,Read1,'AGATCGGAAGAG' 131bp Starts,8
SEQUENCE POSITIONS,Read1,'AGATCGGAAGAG' 132bp Starts,9
SEQUENCE POSITIONS,Read1,'AGATCGGAAGAG' 133bp Starts,14
SEQUENCE POSITIONS,Read1,'AGATCGGAAGAG' 134bp Starts,11
SEQUENCE POSITIONS,Read1,'AGATCGGAAGAG' 135bp Starts,4
SEQUENCE POSITIONS,Read1,'AGATCGGAAGAG' 136bp Starts,13
SEQUENCE POSITIONS,Read1,'AGATCGGAAGAG' 137bp Starts,5
SEQUENCE POSITIONS,Read1,'AGATCGGAAGAG' 138bp Starts,2
SEQUENCE POSITIONS,Read1,'AGATCGGAAGAG' Total Sequence Starts,1410,0.00
SEQUENCE POSITIONS,Read1,'TGGAATTCTCGG' 2bp Starts,15
SEQUENCE POSITIONS,Read1,'TGGAATTCTCGG' 3bp Starts,1
SEQUENCE POSITIONS,Read1,'TGGAATTCTCGG' 4bp Starts,12
SEQUENCE POSITIONS,Read1,'TGGAATTCTCGG' 5bp Starts,18
SEQUENCE POSITIONS,Read1,'TGGAATTCTCGG' 6bp Starts,2
SEQUENCE POSITIONS,Read1,'TGGAATTCTCGG' 7bp Starts,12
SEQUENCE POSITIONS,Read1,'TGGAATTCTCGG' 9bp Starts,3
SEQUENCE POSITIONS,Read1,'TGGAATTCTCGG' 10bp Starts,3
SEQUENCE POSITIONS,Read1,'TGGAATTCTCGG' 11bp Starts,15
SEQUENCE POSITIONS,Read1,'TGGAATTCTCGG' 12bp Starts,17
SEQUENCE POSITIONS,Read1,'TGGAATTCTCGG' 13bp Starts,15
SEQUENCE POSITIONS,Read1,'TGGAATTCTCGG' 14bp Starts,20
SEQUENCE POSITIONS,Read1,'TGGAATTCTCGG' 15bp Starts,8
SEQUENCE POSITIONS,Read1,'TGGAATTCTCGG' 16bp Starts,16
SEQUENCE POSITIONS,Read1,'TGGAATTCTCGG' 17bp Starts,10
SEQUENCE POSITIONS,Read1,'TGGAATTCTCGG' 18bp Starts,12
SEQUENCE POSITIONS,Read1,'TGGAATTCTCGG' 19bp Starts,18
SEQUENCE POSITIONS,Read1,'TGGAATTCTCGG' 20bp Starts,42
SEQUENCE POSITIONS,Read1,'TGGAATTCTCGG' 21bp Starts,13
SEQUENCE POSITIONS,Read1,'TGGAATTCTCGG' 22bp Starts,14
SEQUENCE POSITIONS,Read1,'TGGAATTCTCGG' 23bp Starts,27
SEQUENCE POSITIONS,Read1,'TGGAATTCTCGG' 24bp Starts,11
SEQUENCE POSITIONS,Read1,'TGGAATTCTCGG' 25bp Starts,27
SEQUENCE POSITIONS,Read1,'TGGAATTCTCGG' 26bp Starts,15
SEQUENCE POSITIONS,Read1,'TGGAATTCTCGG' 27bp Starts,17
SEQUENCE POSITIONS,Read1,'TGGAATTCTCGG' 28bp Starts,21
SEQUENCE POSITIONS,Read1,'TGGAATTCTCGG' 29bp Starts,16
SEQUENCE POSITIONS,Read1,'TGGAATTCTCGG' 30bp Starts,12
SEQUENCE POSITIONS,Read1,'TGGAATTCTCGG' 31bp Starts,15
SEQUENCE POSITIONS,Read1,'TGGAATTCTCGG' 32bp Starts,10
SEQUENCE POSITIONS,Read1,'TGGAATTCTCGG' 33bp Starts,14
SEQUENCE POSITIONS,Read1,'TGGAATTCTCGG' 34bp Starts,10
SEQUENCE POSITIONS,Read1,'TGGAATTCTCGG' 35bp Starts,10
SEQUENCE POSITIONS,Read1,'TGGAATTCTCGG' 36bp Starts,11
SEQUENCE POSITIONS,Read1,'TGGAATTCTCGG' 37bp Starts,35
SEQUENCE POSITIONS,Read1,'TGGAATTCTCGG' 38bp Starts,5
SEQUENCE POSITIONS,Read1,'TGGAATTCTCGG' 39bp Starts,26
SEQUENCE POSITIONS,Read1,'TGGAATTCTCGG' 40bp Starts,5
SEQUENCE POSITIONS,Read1,'TGGAATTCTCGG' 41bp Starts,14
SEQUENCE POSITIONS,Read1,'TGGAATTCTCGG' 42bp Starts,12
SEQUENCE POSITIONS,Read1,'TGGAATTCTCGG' 43bp Starts,10
SEQUENCE POSITIONS,Read1,'TGGAATTCTCGG' 44bp Starts,16
SEQUENCE POSITIONS,Read1,'TGGAATTCTCGG' 45bp Starts,12
SEQUENCE POSITIONS,Read1,'TGGAATTCTCGG' 46bp Starts,30
SEQUENCE POSITIONS,Read1,'TGGAATTCTCGG' 47bp Starts,15
SEQUENCE POSITIONS,Read1,'TGGAATTCTCGG' 48bp Starts,10
SEQUENCE POSITIONS,Read1,'TGGAATTCTCGG' 49bp Starts,15
SEQUENCE POSITIONS,Read1,'TGGAATTCTCGG' 50bp Starts,13
SEQUENCE POSITIONS,Read1,'TGGAATTCTCGG' 51bp Starts,20
SEQUENCE POSITIONS,Read1,'TGGAATTCTCGG' 52bp Starts,29
SEQUENCE POSITIONS,Read1,'TGGAATTCTCGG' 53bp Starts,15
SEQUENCE POSITIONS,Read1,'TGGAATTCTCGG' 54bp Starts,11
SEQUENCE POSITIONS,Read1,'TGGAATTCTCGG' 55bp Starts,12
SEQUENCE POSITIONS,Read1,'TGGAATTCTCGG' 56bp Starts,13
SEQUENCE POSITIONS,Read1,'TGGAATTCTCGG' 57bp Starts,10
SEQUENCE POSITIONS,Read1,'TGGAATTCTCGG' 58bp Starts,17
SEQUENCE POSITIONS,Read1,'TGGAATTCTCGG' 59bp Starts,13
SEQUENCE POSITIONS,Read1,'TGGAATTCTCGG' 60bp Starts,19
SEQUENCE POSITIONS,Read1,'TGGAATTCTCGG' 61bp Starts,11
SEQUENCE POSITIONS,Read1,'TGGAATTCTCGG' 62bp Starts,12
SEQUENCE POSITIONS,Read1,'TGGAATTCTCGG' 63bp Starts,12
SEQUENCE POSITIONS,Read1,'TGGAATTCTCGG' 64bp Starts,18
SEQUENCE POSITIONS,Read1,'TGGAATTCTCGG' 65bp Starts,16
SEQUENCE POSITIONS,Read1,'TGGAATTCTCGG' 66bp Starts,14
SEQUENCE POSITIONS,Read1,'TGGAATTCTCGG' 67bp Starts,4
SEQUENCE POSITIONS,Read1,'TGGAATTCTCGG' 68bp Starts,20
SEQUENCE POSITIONS,Read1,'TGGAATTCTCGG' 69bp Starts,14
SEQUENCE POSITIONS,Read1,'TGGAATTCTCGG' 70bp Starts,16
SEQUENCE POSITIONS,Read1,'TGGAATTCTCGG' 71bp Starts,13
SEQUENCE POSITIONS,Read1,'TGGAATTCTCGG' 72bp Starts,13
SEQUENCE POSITIONS,Read1,'TGGAATTCTCGG' 73bp Starts,27
SEQUENCE POSITIONS,Read1,'TGGAATTCTCGG' 74bp Starts,22
SEQUENCE POSITIONS,Read1,'TGGAATTCTCGG' 75bp Starts,19
SEQUENCE POSITIONS,Read1,'TGGAATTCTCGG' 76bp Starts,13
SEQUENCE POSITIONS,Read1,'TGGAATTCTCGG' 77bp Starts,13
SEQUENCE POSITIONS,Read1,'TGGAATTCTCGG' 78bp Starts,12
SEQUENCE POSITIONS,Read1,'TGGAATTCTCGG' 79bp Starts,19
SEQUENCE POSITIONS,Read1,'TGGAATTCTCGG' 80bp Starts,16
SEQUENCE POSITIONS,Read1,'TGGAATTCTCGG' 81bp Starts,14
SEQUENCE POSITIONS,Read1,'TGGAATTCTCGG' 82bp Starts,12
SEQUENCE POSITIONS,Read1,'TGGAATTCTCGG' 83bp Starts,16
SEQUENCE POSITIONS,Read1,'TGGAATTCTCGG' 84bp Starts,7
SEQUENCE POSITIONS,Read1,'TGGAATTCTCGG' 85bp Starts,20
SEQUENCE POSITIONS,Read1,'TGGAATTCTCGG' 86bp Starts,25
SEQUENCE POSITIONS,Read1,'TGGAATTCTCGG' 87bp Starts,13
SEQUENCE POSITIONS,Read1,'TGGAATTCTCGG' 88bp Starts,10
SEQUENCE POSITIONS,Read1,'TGGAATTCTCGG' 89bp Starts,10
SEQUENCE POSITIONS,Read1,'TGGAATTCTCGG' 90bp Starts,14
SEQUENCE POSITIONS,Read1,'TGGAATTCTCGG' 91bp Starts,8
SEQUENCE POSITIONS,Read1,'TGGAATTCTCGG' 92bp Starts,24
SEQUENCE POSITIONS,Read1,'TGGAATTCTCGG' 93bp Starts,20
SEQUENCE POSITIONS,Read1,'TGGAATTCTCGG' 94bp Starts,11
SEQUENCE POSITIONS,Read1,'TGGAATTCTCGG' 95bp Starts,35
SEQUENCE POSITIONS,Read1,'TGGAATTCTCGG' 96bp Starts,10
SEQUENCE POSITIONS,Read1,'TGGAATTCTCGG' 97bp Starts,18
SEQUENCE POSITIONS,Read1,'TGGAATTCTCGG' 98bp Starts,8
SEQUENCE POSITIONS,Read1,'TGGAATTCTCGG' 99bp Starts,14
SEQUENCE POSITIONS,Read1,'TGGAATTCTCGG' 100bp Starts,21
SEQUENCE POSITIONS,Read1,'TGGAATTCTCGG' 101bp Starts,20
SEQUENCE POSITIONS,Read1,'TGGAATTCTCGG' 102bp Starts,9
SEQUENCE POSITIONS,Read1,'TGGAATTCTCGG' 103bp Starts,17
SEQUENCE POSITIONS,Read1,'TGGAATTCTCGG' 104bp Starts,16
SEQUENCE POSITIONS,Read1,'TGGAATTCTCGG' 105bp Starts,37
SEQUENCE POSITIONS,Read1,'TGGAATTCTCGG' 106bp Starts,12
SEQUENCE POSITIONS,Read1,'TGGAATTCTCGG' 107bp Starts,9
SEQUENCE POSITIONS,Read1,'TGGAATTCTCGG' 108bp Starts,13
SEQUENCE POSITIONS,Read1,'TGGAATTCTCGG' 109bp Starts,14
SEQUENCE POSITIONS,Read1,'TGGAATTCTCGG' 110bp Starts,12
SEQUENCE POSITIONS,Read1,'TGGAATTCTCGG' 111bp Starts,22
SEQUENCE POSITIONS,Read1,'TGGAATTCTCGG' 112bp Starts,26
SEQUENCE POSITIONS,Read1,'TGGAATTCTCGG' 113bp Starts,10
SEQUENCE POSITIONS,Read1,'TGGAATTCTCGG' 114bp Starts,7
SEQUENCE POSITIONS,Read1,'TGGAATTCTCGG' 115bp Starts,13
SEQUENCE POSITIONS,Read1,'TGGAATTCTCGG' 116bp Starts,12
SEQUENCE POSITIONS,Read1,'TGGAATTCTCGG' 117bp Starts,16
SEQUENCE POSITIONS,Read1,'TGGAATTCTCGG' 118bp Starts,12
SEQUENCE POSITIONS,Read1,'TGGAATTCTCGG' 119bp Starts,10
SEQUENCE POSITIONS,Read1,'TGGAATTCTCGG' 120bp Starts,14
SEQUENCE POSITIONS,Read1,'TGGAATTCTCGG' 121bp Starts,7
SEQUENCE POSITIONS,Read1,'TGGAATTCTCGG' 122bp Starts,18
SEQUENCE POSITIONS,Read1,'TGGAATTCTCGG' 123bp Starts,6
SEQUENCE POSITIONS,Read1,'TGGAATTCTCGG' 124bp Starts,8
SEQUENCE POSITIONS,Read1,'TGGAATTCTCGG' 125bp Starts,12
SEQUENCE POSITIONS,Read1,'TGGAATTCTCGG' 126bp Starts,15
SEQUENCE POSITIONS,Read1,'TGGAATTCTCGG' 127bp Starts,20
SEQUENCE POSITIONS,Read1,'TGGAATTCTCGG' 128bp Starts,11
SEQUENCE POSITIONS,Read1,'TGGAATTCTCGG' 129bp Starts,5
SEQUENCE POSITIONS,Read1,'TGGAATTCTCGG' 130bp Starts,5
SEQUENCE POSITIONS,Read1,'TGGAATTCTCGG' 131bp Starts,9
SEQUENCE POSITIONS,Read1,'TGGAATTCTCGG' 132bp Starts,25
SEQUENCE POSITIONS,Read1,'TGGAATTCTCGG' 133bp Starts,21
SEQUENCE POSITIONS,Read1,'TGGAATTCTCGG' 134bp Starts,12
SEQUENCE POSITIONS,Read1,'TGGAATTCTCGG' 135bp Starts,13
SEQUENCE POSITIONS,Read1,'TGGAATTCTCGG' 136bp Starts,10
SEQUENCE POSITIONS,Read1,'TGGAATTCTCGG' 137bp Starts,10
SEQUENCE POSITIONS,Read1,'TGGAATTCTCGG' 138bp Starts,12
SEQUENCE POSITIONS,Read1,'TGGAATTCTCGG' 139bp Starts,13
SEQUENCE POSITIONS,Read1,'TGGAATTCTCGG' 140bp Starts,27
SEQUENCE POSITIONS,Read1,'TGGAATTCTCGG' Total Sequence Starts,2033,0.00
SEQUENCE POSITIONS,Read1,'GATCGTCGGACT' 7bp Starts,2
SEQUENCE POSITIONS,Read1,'GATCGTCGGACT' 8bp Starts,2
SEQUENCE POSITIONS,Read1,'GATCGTCGGACT' 11bp Starts,1
SEQUENCE POSITIONS,Read1,'GATCGTCGGACT' 13bp Starts,1
SEQUENCE POSITIONS,Read1,'GATCGTCGGACT' 23bp Starts,1
SEQUENCE POSITIONS,Read1,'GATCGTCGGACT' 24bp Starts,1
SEQUENCE POSITIONS,Read1,'GATCGTCGGACT' 25bp Starts,5
SEQUENCE POSITIONS,Read1,'GATCGTCGGACT' 26bp Starts,1
SEQUENCE POSITIONS,Read1,'GATCGTCGGACT' 27bp Starts,3
SEQUENCE POSITIONS,Read1,'GATCGTCGGACT' 43bp Starts,2
SEQUENCE POSITIONS,Read1,'GATCGTCGGACT' 44bp Starts,1
SEQUENCE POSITIONS,Read1,'GATCGTCGGACT' 46bp Starts,1
SEQUENCE POSITIONS,Read1,'GATCGTCGGACT' 47bp Starts,1
SEQUENCE POSITIONS,Read1,'GATCGTCGGACT' 48bp Starts,1
SEQUENCE POSITIONS,Read1,'GATCGTCGGACT' 50bp Starts,1
SEQUENCE POSITIONS,Read1,'GATCGTCGGACT' 53bp Starts,3
SEQUENCE POSITIONS,Read1,'GATCGTCGGACT' 57bp Starts,2
SEQUENCE POSITIONS,Read1,'GATCGTCGGACT' 58bp Starts,3
SEQUENCE POSITIONS,Read1,'GATCGTCGGACT' 59bp Starts,1
SEQUENCE POSITIONS,Read1,'GATCGTCGGACT' 71bp Starts,1
SEQUENCE POSITIONS,Read1,'GATCGTCGGACT' 76bp Starts,2
SEQUENCE POSITIONS,Read1,'GATCGTCGGACT' 84bp Starts,8
SEQUENCE POSITIONS,Read1,'GATCGTCGGACT' 86bp Starts,1
SEQUENCE POSITIONS,Read1,'GATCGTCGGACT' 90bp Starts,1
SEQUENCE POSITIONS,Read1,'GATCGTCGGACT' 91bp Starts,4
SEQUENCE POSITIONS,Read1,'GATCGTCGGACT' 94bp Starts,4
SEQUENCE POSITIONS,Read1,'GATCGTCGGACT' 98bp Starts,1
SEQUENCE POSITIONS,Read1,'GATCGTCGGACT' 99bp Starts,1
SEQUENCE POSITIONS,Read1,'GATCGTCGGACT' 100bp Starts,7
SEQUENCE POSITIONS,Read1,'GATCGTCGGACT' 101bp Starts,1
SEQUENCE POSITIONS,Read1,'GATCGTCGGACT' 105bp Starts,1
SEQUENCE POSITIONS,Read1,'GATCGTCGGACT' 109bp Starts,1
SEQUENCE POSITIONS,Read1,'GATCGTCGGACT' 111bp Starts,7
SEQUENCE POSITIONS,Read1,'GATCGTCGGACT' 112bp Starts,2
SEQUENCE POSITIONS,Read1,'GATCGTCGGACT' 114bp Starts,1
SEQUENCE POSITIONS,Read1,'GATCGTCGGACT' 117bp Starts,1
SEQUENCE POSITIONS,Read1,'GATCGTCGGACT' 121bp Starts,1
SEQUENCE POSITIONS,Read1,'GATCGTCGGACT' 122bp Starts,1
SEQUENCE POSITIONS,Read1,'GATCGTCGGACT' 124bp Starts,2
SEQUENCE POSITIONS,Read1,'GATCGTCGGACT' 129bp Starts,2
SEQUENCE POSITIONS,Read1,'GATCGTCGGACT' 132bp Starts,1
SEQUENCE POSITIONS,Read1,'GATCGTCGGACT' 133bp Starts,1
SEQUENCE POSITIONS,Read1,'GATCGTCGGACT' 134bp Starts,1
SEQUENCE POSITIONS,Read1,'GATCGTCGGACT' 139bp Starts,3
SEQUENCE POSITIONS,Read1,'GATCGTCGGACT' 140bp Starts,2
SEQUENCE POSITIONS,Read1,'GATCGTCGGACT' Total Sequence Starts,91,0.00
SEQUENCE POSITIONS,Read1,'CTGTCTCTTATA' 1bp Starts,6
SEQUENCE POSITIONS,Read1,'CTGTCTCTTATA' 2bp Starts,25
SEQUENCE POSITIONS,Read1,'CTGTCTCTTATA' 3bp Starts,73
SEQUENCE POSITIONS,Read1,'CTGTCTCTTATA' 4bp Starts,187
SEQUENCE POSITIONS,Read1,'CTGTCTCTTATA' 5bp Starts,36
SEQUENCE POSITIONS,Read1,'CTGTCTCTTATA' 6bp Starts,30
SEQUENCE POSITIONS,Read1,'CTGTCTCTTATA' 7bp Starts,114
SEQUENCE POSITIONS,Read1,'CTGTCTCTTATA' 8bp Starts,43
SEQUENCE POSITIONS,Read1,'CTGTCTCTTATA' 9bp Starts,476
SEQUENCE POSITIONS,Read1,'CTGTCTCTTATA' 10bp Starts,97
SEQUENCE POSITIONS,Read1,'CTGTCTCTTATA' 11bp Starts,157
SEQUENCE POSITIONS,Read1,'CTGTCTCTTATA' 12bp Starts,53
SEQUENCE POSITIONS,Read1,'CTGTCTCTTATA' 13bp Starts,103
SEQUENCE POSITIONS,Read1,'CTGTCTCTTATA' 14bp Starts,133
SEQUENCE POSITIONS,Read1,'CTGTCTCTTATA' 15bp Starts,92
SEQUENCE POSITIONS,Read1,'CTGTCTCTTATA' 16bp Starts,91
SEQUENCE POSITIONS,Read1,'CTGTCTCTTATA' 17bp Starts,88
SEQUENCE POSITIONS,Read1,'CTGTCTCTTATA' 18bp Starts,102
SEQUENCE POSITIONS,Read1,'CTGTCTCTTATA' 19bp Starts,145
SEQUENCE POSITIONS,Read1,'CTGTCTCTTATA' 20bp Starts,122
SEQUENCE POSITIONS,Read1,'CTGTCTCTTATA' 21bp Starts,114
SEQUENCE POSITIONS,Read1,'CTGTCTCTTATA' 22bp Starts,102
SEQUENCE POSITIONS,Read1,'CTGTCTCTTATA' 23bp Starts,131
SEQUENCE POSITIONS,Read1,'CTGTCTCTTATA' 24bp Starts,156
SEQUENCE POSITIONS,Read1,'CTGTCTCTTATA' 25bp Starts,129
SEQUENCE POSITIONS,Read1,'CTGTCTCTTATA' 26bp Starts,134
SEQUENCE POSITIONS,Read1,'CTGTCTCTTATA' 27bp Starts,120
SEQUENCE POSITIONS,Read1,'CTGTCTCTTATA' 28bp Starts,156
SEQUENCE POSITIONS,Read1,'CTGTCTCTTATA' 29bp Starts,215
SEQUENCE POSITIONS,Read1,'CTGTCTCTTATA' 30bp Starts,188
SEQUENCE POSITIONS,Read1,'CTGTCTCTTATA' 31bp Starts,165
SEQUENCE POSITIONS,Read1,'CTGTCTCTTATA' 32bp Starts,201
SEQUENCE POSITIONS,Read1,'CTGTCTCTTATA' 33bp Starts,239
SEQUENCE POSITIONS,Read1,'CTGTCTCTTATA' 34bp Starts,301
SEQUENCE POSITIONS,Read1,'CTGTCTCTTATA' 35bp Starts,270
SEQUENCE POSITIONS,Read1,'CTGTCTCTTATA' 36bp Starts,269
SEQUENCE POSITIONS,Read1,'CTGTCTCTTATA' 37bp Starts,227
SEQUENCE POSITIONS,Read1,'CTGTCTCTTATA' 38bp Starts,197
SEQUENCE POSITIONS,Read1,'CTGTCTCTTATA' 39bp Starts,254
SEQUENCE POSITIONS,Read1,'CTGTCTCTTATA' 40bp Starts,252
SEQUENCE POSITIONS,Read1,'CTGTCTCTTATA' 41bp Starts,245
SEQUENCE POSITIONS,Read1,'CTGTCTCTTATA' 42bp Starts,264
SEQUENCE POSITIONS,Read1,'CTGTCTCTTATA' 43bp Starts,344
SEQUENCE POSITIONS,Read1,'CTGTCTCTTATA' 44bp Starts,367
SEQUENCE POSITIONS,Read1,'CTGTCTCTTATA' 45bp Starts,439
SEQUENCE POSITIONS,Read1,'CTGTCTCTTATA' 46bp Starts,339
SEQUENCE POSITIONS,Read1,'CTGTCTCTTATA' 47bp Starts,271
SEQUENCE POSITIONS,Read1,'CTGTCTCTTATA' 48bp Starts,297
SEQUENCE POSITIONS,Read1,'CTGTCTCTTATA' 49bp Starts,243
SEQUENCE POSITIONS,Read1,'CTGTCTCTTATA' 50bp Starts,275
SEQUENCE POSITIONS,Read1,'CTGTCTCTTATA' 51bp Starts,304
SEQUENCE POSITIONS,Read1,'CTGTCTCTTATA' 52bp Starts,373
SEQUENCE POSITIONS,Read1,'CTGTCTCTTATA' 53bp Starts,362
SEQUENCE POSITIONS,Read1,'CTGTCTCTTATA' 54bp Starts,418
SEQUENCE POSITIONS,Read1,'CTGTCTCTTATA' 55bp Starts,425
SEQUENCE POSITIONS,Read1,'CTGTCTCTTATA' 56bp Starts,400
SEQUENCE POSITIONS,Read1,'CTGTCTCTTATA' 57bp Starts,375
SEQUENCE POSITIONS,Read1,'CTGTCTCTTATA' 58bp Starts,342
SEQUENCE POSITIONS,Read1,'CTGTCTCTTATA' 59bp Starts,275
SEQUENCE POSITIONS,Read1,'CTGTCTCTTATA' 60bp Starts,315
SEQUENCE POSITIONS,Read1,'CTGTCTCTTATA' 61bp Starts,350
SEQUENCE POSITIONS,Read1,'CTGTCTCTTATA' 62bp Starts,417
SEQUENCE POSITIONS,Read1,'CTGTCTCTTATA' 63bp Starts,463
SEQUENCE POSITIONS,Read1,'CTGTCTCTTATA' 64bp Starts,507
SEQUENCE POSITIONS,Read1,'CTGTCTCTTATA' 65bp Starts,562
SEQUENCE POSITIONS,Read1,'CTGTCTCTTATA' 66bp Starts,586
SEQUENCE POSITIONS,Read1,'CTGTCTCTTATA' 67bp Starts,456
SEQUENCE POSITIONS,Read1,'CTGTCTCTTATA' 68bp Starts,392
SEQUENCE POSITIONS,Read1,'CTGTCTCTTATA' 69bp Starts,363
SEQUENCE POSITIONS,Read1,'CTGTCTCTTATA' 70bp Starts,424
SEQUENCE POSITIONS,Read1,'CTGTCTCTTATA' 71bp Starts,419
SEQUENCE POSITIONS,Read1,'CTGTCTCTTATA' 72bp Starts,523
SEQUENCE POSITIONS,Read1,'CTGTCTCTTATA' 73bp Starts,514
SEQUENCE POSITIONS,Read1,'CTGTCTCTTATA' 74bp Starts,599
SEQUENCE POSITIONS,Read1,'CTGTCTCTTATA' 75bp Starts,652
SEQUENCE POSITIONS,Read1,'CTGTCTCTTATA' 76bp Starts,657
SEQUENCE POSITIONS,Read1,'CTGTCTCTTATA' 77bp Starts,611
SEQUENCE POSITIONS,Read1,'CTGTCTCTTATA' 78bp Starts,490
SEQUENCE POSITIONS,Read1,'CTGTCTCTTATA' 79bp Starts,462
SEQUENCE POSITIONS,Read1,'CTGTCTCTTATA' 80bp Starts,451
SEQUENCE POSITIONS,Read1,'CTGTCTCTTATA' 81bp Starts,462
SEQUENCE POSITIONS,Read1,'CTGTCTCTTATA' 82bp Starts,615
SEQUENCE POSITIONS,Read1,'CTGTCTCTTATA' 83bp Starts,643
SEQUENCE POSITIONS,Read1,'CTGTCTCTTATA' 84bp Starts,709
SEQUENCE POSITIONS,Read1,'CTGTCTCTTATA' 85bp Starts,845
SEQUENCE POSITIONS,Read1,'CTGTCTCTTATA' 86bp Starts,769
SEQUENCE POSITIONS,Read1,'CTGTCTCTTATA' 87bp Starts,757
SEQUENCE POSITIONS,Read1,'CTGTCTCTTATA' 88bp Starts,627
SEQUENCE POSITIONS,Read1,'CTGTCTCTTATA' 89bp Starts,529
SEQUENCE POSITIONS,Read1,'CTGTCTCTTATA' 90bp Starts,581
SEQUENCE POSITIONS,Read1,'CTGTCTCTTATA' 91bp Starts,530
SEQUENCE POSITIONS,Read1,'CTGTCTCTTATA' 92bp Starts,689
SEQUENCE POSITIONS,Read1,'CTGTCTCTTATA' 93bp Starts,726
SEQUENCE POSITIONS,Read1,'CTGTCTCTTATA' 94bp Starts,847
SEQUENCE POSITIONS,Read1,'CTGTCTCTTATA' 95bp Starts,976
SEQUENCE POSITIONS,Read1,'CTGTCTCTTATA' 96bp Starts,975
SEQUENCE POSITIONS,Read1,'CTGTCTCTTATA' 97bp Starts,925
SEQUENCE POSITIONS,Read1,'CTGTCTCTTATA' 98bp Starts,901
SEQUENCE POSITIONS,Read1,'CTGTCTCTTATA' 99bp Starts,719
SEQUENCE POSITIONS,Read1,'CTGTCTCTTATA' 100bp Starts,649
SEQUENCE POSITIONS,Read1,'CTGTCTCTTATA' 101bp Starts,642
SEQUENCE POSITIONS,Read1,'CTGTCTCTTATA' 102bp Starts,760
SEQUENCE POSITIONS,Read1,'CTGTCTCTTATA' 103bp Starts,863
SEQUENCE POSITIONS,Read1,'CTGTCTCTTATA' 104bp Starts,980
SEQUENCE POSITIONS,Read1,'CTGTCTCTTATA' 105bp Starts,1104
SEQUENCE POSITIONS,Read1,'CTGTCTCTTATA' 106bp Starts,1258
SEQUENCE POSITIONS,Read1,'CTGTCTCTTATA' 107bp Starts,1130
SEQUENCE POSITIONS,Read1,'CTGTCTCTTATA' 108bp Starts,1051
SEQUENCE POSITIONS,Read1,'CTGTCTCTTATA' 109bp Starts,926
SEQUENCE POSITIONS,Read1,'CTGTCTCTTATA' 110bp Starts,828
SEQUENCE POSITIONS,Read1,'CTGTCTCTTATA' 111bp Starts,820
SEQUENCE POSITIONS,Read1,'CTGTCTCTTATA' 112bp Starts,833
SEQUENCE POSITIONS,Read1,'CTGTCTCTTATA' 113bp Starts,1032
SEQUENCE POSITIONS,Read1,'CTGTCTCTTATA' 114bp Starts,1082
SEQUENCE POSITIONS,Read1,'CTGTCTCTTATA' 115bp Starts,1268
SEQUENCE POSITIONS,Read1,'CTGTCTCTTATA' 116bp Starts,1377
SEQUENCE POSITIONS,Read1,'CTGTCTCTTATA' 117bp Starts,1462
SEQUENCE POSITIONS,Read1,'CTGTCTCTTATA' 118bp Starts,1337
SEQUENCE POSITIONS,Read1,'CTGTCTCTTATA' 119bp Starts,1165
SEQUENCE POSITIONS,Read1,'CTGTCTCTTATA' 120bp Starts,1038
SEQUENCE POSITIONS,Read1,'CTGTCTCTTATA' 121bp Starts,929
SEQUENCE POSITIONS,Read1,'CTGTCTCTTATA' 122bp Starts,1032
SEQUENCE POSITIONS,Read1,'CTGTCTCTTATA' 123bp Starts,1101
SEQUENCE POSITIONS,Read1,'CTGTCTCTTATA' 124bp Starts,1235
SEQUENCE POSITIONS,Read1,'CTGTCTCTTATA' 125bp Starts,1446
SEQUENCE POSITIONS,Read1,'CTGTCTCTTATA' 126bp Starts,1553
SEQUENCE POSITIONS,Read1,'CTGTCTCTTATA' 127bp Starts,1615
SEQUENCE POSITIONS,Read1,'CTGTCTCTTATA' 128bp Starts,1602
SEQUENCE POSITIONS,Read1,'CTGTCTCTTATA' 129bp Starts,1574
SEQUENCE POSITIONS,Read1,'CTGTCTCTTATA' 130bp Starts,1469
SEQUENCE POSITIONS,Read1,'CTGTCTCTTATA' 131bp Starts,1175
SEQUENCE POSITIONS,Read1,'CTGTCTCTTATA' 132bp Starts,1187
SEQUENCE POSITIONS,Read1,'CTGTCTCTTATA' 133bp Starts,1734
SEQUENCE POSITIONS,Read1,'CTGTCTCTTATA' 134bp Starts,1637
SEQUENCE POSITIONS,Read1,'CTGTCTCTTATA' 135bp Starts,1662
SEQUENCE POSITIONS,Read1,'CTGTCTCTTATA' 136bp Starts,3400
SEQUENCE POSITIONS,Read1,'CTGTCTCTTATA' 137bp Starts,156
SEQUENCE POSITIONS,Read1,'CTGTCTCTTATA' 138bp Starts,59
SEQUENCE POSITIONS,Read1,'CTGTCTCTTATA' Total Sequence Starts,82560,0.01
POSITIONAL QUALITY,Read1,ReadPos 1 1% Quantile QV,12
POSITIONAL QUALITY,Read1,ReadPos 1 2% Quantile QV,12
POSITIONAL QUALITY,Read1,ReadPos 1 5% Quantile QV,24
POSITIONAL QUALITY,Read1,ReadPos 1 10% Quantile QV,40
POSITIONAL QUALITY,Read1,ReadPos 1 25% Quantile QV,40
POSITIONAL QUALITY,Read1,ReadPos 1 50% Quantile QV,40
POSITIONAL QUALITY,Read1,ReadPos 1 75% Quantile QV,40
POSITIONAL QUALITY,Read1,ReadPos 1 90% Quantile QV,40
POSITIONAL QUALITY,Read1,ReadPos 1 95% Quantile QV,40
POSITIONAL QUALITY,Read1,ReadPos 1 98% Quantile QV,40
POSITIONAL QUALITY,Read1,ReadPos 1 99% Quantile QV,40
POSITIONAL QUALITY,Read1,ReadPos 2 1% Quantile QV,12
POSITIONAL QUALITY,Read1,ReadPos 2 2% Quantile QV,24
POSITIONAL QUALITY,Read1,ReadPos 2 5% Quantile QV,24
POSITIONAL QUALITY,Read1,ReadPos 2 10% Quantile QV,40
POSITIONAL QUALITY,Read1,ReadPos 2 25% Quantile QV,40
POSITIONAL QUALITY,Read1,ReadPos 2 50% Quantile QV,40
POSITIONAL QUALITY,Read1,ReadPos 2 75% Quantile QV,40
POSITIONAL QUALITY,Read1,ReadPos 2 90% Quantile QV,40
POSITIONAL QUALITY,Read1,ReadPos 2 95% Quantile QV,40
POSITIONAL QUALITY,Read1,ReadPos 2 98% Quantile QV,40
POSITIONAL QUALITY,Read1,ReadPos 2 99% Quantile QV,40
POSITIONAL QUALITY,Read1,ReadPos 3 1% Quantile QV,12
POSITIONAL QUALITY,Read1,ReadPos 3 2% Quantile QV,24
POSITIONAL QUALITY,Read1,ReadPos 3 5% Quantile QV,40
POSITIONAL QUALITY,Read1,ReadPos 3 10% Quantile QV,40
POSITIONAL QUALITY,Read1,ReadPos 3 25% Quantile QV,40
POSITIONAL QUALITY,Read1,ReadPos 3 50% Quantile QV,40
POSITIONAL QUALITY,Read1,ReadPos 3 75% Quantile QV,40
POSITIONAL QUALITY,Read1,ReadPos 3 90% Quantile QV,40
POSITIONAL QUALITY,Read1,ReadPos 3 95% Quantile QV,40
POSITIONAL QUALITY,Read1,ReadPos 3 98% Quantile QV,40
POSITIONAL QUALITY,Read1,ReadPos 3 99% Quantile QV,40
POSITIONAL QUALITY,Read1,ReadPos 4 1% Quantile QV,12
POSITIONAL QUALITY,Read1,ReadPos 4 2% Quantile QV,24
POSITIONAL QUALITY,Read1,ReadPos 4 5% Quantile QV,40
POSITIONAL QUALITY,Read1,ReadPos 4 10% Quantile QV,40
POSITIONAL QUALITY,Read1,ReadPos 4 25% Quantile QV,40
POSITIONAL QUALITY,Read1,ReadPos 4 50% Quantile QV,40
POSITIONAL QUALITY,Read1,ReadPos 4 75% Quantile QV,40
POSITIONAL QUALITY,Read1,ReadPos 4 90% Quantile QV,40
POSITIONAL QUALITY,Read1,ReadPos 4 95% Quantile QV,40
POSITIONAL QUALITY,Read1,ReadPos 4 98% Quantile QV,40
POSITIONAL QUALITY,Read1,ReadPos 4 99% Quantile QV,40
POSITIONAL QUALITY,Read1,ReadPos 5 1% Quantile QV,12
POSITIONAL QUALITY,Read1,ReadPos 5 2% Quantile QV,24
POSITIONAL QUALITY,Read1,ReadPos 5 5% Quantile QV,24
POSITIONAL QUALITY,Read1,ReadPos 5 10% Quantile QV,40
POSITIONAL QUALITY,Read1,ReadPos 5 25% Quantile QV,40
POSITIONAL QUALITY,Read1,ReadPos 5 50% Quantile QV,40
POSITIONAL QUALITY,Read1,ReadPos 5 75% Quantile QV,40
POSITIONAL QUALITY,Read1,ReadPos 5 90% Quantile QV,40
POSITIONAL QUALITY,Read1,ReadPos 5 95% Quantile QV,40
POSITIONAL QUALITY,Read1,ReadPos 5 98% Quantile QV,40
POSITIONAL QUALITY,Read1,ReadPos 5 99% Quantile QV,40
POSITIONAL QUALITY,Read1,ReadPos 6 1% Quantile QV,12
POSITIONAL QUALITY,Read1,ReadPos 6 2% Quantile QV,24
POSITIONAL QUALITY,Read1,ReadPos 6 5% Quantile QV,24
POSITIONAL QUALITY,Read1,ReadPos 6 10% Quantile QV,40
POSITIONAL QUALITY,Read1,ReadPos 6 25% Quantile QV,40
POSITIONAL QUALITY,Read1,ReadPos 6 50% Quantile QV,40
POSITIONAL QUALITY,Read1,ReadPos 6 75% Quantile QV,40
POSITIONAL QUALITY,Read1,ReadPos 6 90% Quantile QV,40
POSITIONAL QUALITY,Read1,ReadPos 6 95% Quantile QV,40
POSITIONAL QUALITY,Read1,ReadPos 6 98% Quantile QV,40
POSITIONAL QUALITY,Read1,ReadPos 6 99% Quantile QV,40
POSITIONAL QUALITY,Read1,ReadPos 7 1% Quantile QV,12
POSITIONAL QUALITY,Read1,ReadPos 7 2% Quantile QV,24
POSITIONAL QUALITY,Read1,ReadPos 7 5% Quantile QV,40
POSITIONAL QUALITY,Read1,ReadPos 7 10% Quantile QV,40
POSITIONAL QUALITY,Read1,ReadPos 7 25% Quantile QV,40
POSITIONAL QUALITY,Read1,ReadPos 7 50% Quantile QV,40
POSITIONAL QUALITY,Read1,ReadPos 7 75% Quantile QV,40
POSITIONAL QUALITY,Read1,ReadPos 7 90% Quantile QV,40
POSITIONAL QUALITY,Read1,ReadPos 7 95% Quantile QV,40
POSITIONAL QUALITY,Read1,ReadPos 7 98% Quantile QV,40
POSITIONAL QUALITY,Read1,ReadPos 7 99% Quantile QV,40
POSITIONAL QUALITY,Read1,ReadPos 8 1% Quantile QV,12
POSITIONAL QUALITY,Read1,ReadPos 8 2% Quantile QV,24
POSITIONAL QUALITY,Read1,ReadPos 8 5% Quantile QV,40
POSITIONAL QUALITY,Read1,ReadPos 8 10% Quantile QV,40
POSITIONAL QUALITY,Read1,ReadPos 8 25% Quantile QV,40
POSITIONAL QUALITY,Read1,ReadPos 8 50% Quantile QV,40
POSITIONAL QUALITY,Read1,ReadPos 8 75% Quantile QV,40
POSITIONAL QUALITY,Read1,ReadPos 8 90% Quantile QV,40
POSITIONAL QUALITY,Read1,ReadPos 8 95% Quantile QV,40
POSITIONAL QUALITY,Read1,ReadPos 8 98% Quantile QV,40
POSITIONAL QUALITY,Read1,ReadPos 8 99% Quantile QV,40
POSITIONAL QUALITY,Read1,ReadPos 9 1% Quantile QV,24
POSITIONAL QUALITY,Read1,ReadPos 9 2% Quantile QV,24
POSITIONAL QUALITY,Read1,ReadPos 9 5% Quantile QV,40
POSITIONAL QUALITY,Read1,ReadPos 9 10% Quantile QV,40
POSITIONAL QUALITY,Read1,ReadPos 9 25% Quantile QV,40
POSITIONAL QUALITY,Read1,ReadPos 9 50% Quantile QV,40
POSITIONAL QUALITY,Read1,ReadPos 9 75% Quantile QV,40
POSITIONAL QUALITY,Read1,ReadPos 9 90% Quantile QV,40
POSITIONAL QUALITY,Read1,ReadPos 9 95% Quantile QV,40
POSITIONAL QUALITY,Read1,ReadPos 9 98% Quantile QV,40
POSITIONAL QUALITY,Read1,ReadPos 9 99% Quantile QV,40
POSITIONAL QUALITY,Read1,ReadPos 10 1% Quantile QV,12
POSITIONAL QUALITY,Read1,ReadPos 10 2% Quantile QV,24
POSITIONAL QUALITY,Read1,ReadPos 10 5% Quantile QV,40
POSITIONAL QUALITY,Read1,ReadPos 10 10% Quantile QV,40
POSITIONAL QUALITY,Read1,ReadPos 10 25% Quantile QV,40
POSITIONAL QUALITY,Read1,ReadPos 10 50% Quantile QV,40
POSITIONAL QUALITY,Read1,ReadPos 10 75% Quantile QV,40
POSITIONAL QUALITY,Read1,ReadPos 10 90% Quantile QV,40
POSITIONAL QUALITY,Read1,ReadPos 10 95% Quantile QV,40
POSITIONAL QUALITY,Read1,ReadPos 10 98% Quantile QV,40
POSITIONAL QUALITY,Read1,ReadPos 10 99% Quantile QV,40
POSITIONAL QUALITY,Read1,ReadPos 11 1% Quantile QV,12
POSITIONAL QUALITY,Read1,ReadPos 11 2% Quantile QV,24
POSITIONAL QUALITY,Read1,ReadPos 11 5% Quantile QV,40
POSITIONAL QUALITY,Read1,ReadPos 11 10% Quantile QV,40
POSITIONAL QUALITY,Read1,ReadPos 11 25% Quantile QV,40
POSITIONAL QUALITY,Read1,ReadPos 11 50% Quantile QV,40
POSITIONAL QUALITY,Read1,ReadPos 11 75% Quantile QV,40
POSITIONAL QUALITY,Read1,ReadPos 11 90% Quantile QV,40
POSITIONAL QUALITY,Read1,ReadPos 11 95% Quantile QV,40
POSITIONAL QUALITY,Read1,ReadPos 11 98% Quantile QV,40
POSITIONAL QUALITY,Read1,ReadPos 11 99% Quantile QV,40
POSITIONAL QUALITY,Read1,ReadPos 12 1% Quantile QV,12
POSITIONAL QUALITY,Read1,ReadPos 12 2% Quantile QV,24
POSITIONAL QUALITY,Read1,ReadPos 12 5% Quantile QV,40
POSITIONAL QUALITY,Read1,ReadPos 12 10% Quantile QV,40
POSITIONAL QUALITY,Read1,ReadPos 12 25% Quantile QV,40
POSITIONAL QUALITY,Read1,ReadPos 12 50% Quantile QV,40
POSITIONAL QUALITY,Read1,ReadPos 12 75% Quantile QV,40
POSITIONAL QUALITY,Read1,ReadPos 12 90% Quantile QV,40
POSITIONAL QUALITY,Read1,ReadPos 12 95% Quantile QV,40
POSITIONAL QUALITY,Read1,ReadPos 12 98% Quantile QV,40
POSITIONAL QUALITY,Read1,ReadPos 12 99% Quantile QV,40
POSITIONAL QUALITY,Read1,ReadPos 13 1% Quantile QV,12
POSITIONAL QUALITY,Read1,ReadPos 13 2% Quantile QV,24
POSITIONAL QUALITY,Read1,ReadPos 13 5% Quantile QV,40
POSITIONAL QUALITY,Read1,ReadPos 13 10% Quantile QV,40
POSITIONAL QUALITY,Read1,ReadPos 13 25% Quantile QV,40
POSITIONAL QUALITY,Read1,ReadPos 13 50% Quantile QV,40
POSITIONAL QUALITY,Read1,ReadPos 13 75% Quantile QV,40
POSITIONAL QUALITY,Read1,ReadPos 13 90% Quantile QV,40
POSITIONAL QUALITY,Read1,ReadPos 13 95% Quantile QV,40
POSITIONAL QUALITY,Read1,ReadPos 13 98% Quantile QV,40
POSITIONAL QUALITY,Read1,ReadPos 13 99% Quantile QV,40
POSITIONAL QUALITY,Read1,ReadPos 14 1% Quantile QV,12
POSITIONAL QUALITY,Read1,ReadPos 14 2% Quantile QV,24
POSITIONAL QUALITY,Read1,ReadPos 14 5% Quantile QV,40
POSITIONAL QUALITY,Read1,ReadPos 14 10% Quantile QV,40
POSITIONAL QUALITY,Read1,ReadPos 14 25% Quantile QV,40
POSITIONAL QUALITY,Read1,ReadPos 14 50% Quantile QV,40
POSITIONAL QUALITY,Read1,ReadPos 14 75% Quantile QV,40
POSITIONAL QUALITY,Read1,ReadPos 14 90% Quantile QV,40
POSITIONAL QUALITY,Read1,ReadPos 14 95% Quantile QV,40
POSITIONAL QUALITY,Read1,ReadPos 14 98% Quantile QV,40
POSITIONAL QUALITY,Read1,ReadPos 14 99% Quantile QV,40
POSITIONAL QUALITY,Read1,ReadPos 15 1% Quantile QV,12
POSITIONAL QUALITY,Read1,ReadPos 15 2% Quantile QV,24
POSITIONAL QUALITY,Read1,ReadPos 15 5% Quantile QV,40
POSITIONAL QUALITY,Read1,ReadPos 15 10% Quantile QV,40
POSITIONAL QUALITY,Read1,ReadPos 15 25% Quantile QV,40
POSITIONAL QUALITY,Read1,ReadPos 15 50% Quantile QV,40
POSITIONAL QUALITY,Read1,ReadPos 15 75% Quantile QV,40
POSITIONAL QUALITY,Read1,ReadPos 15 90% Quantile QV,40
POSITIONAL QUALITY,Read1,ReadPos 15 95% Quantile QV,40
POSITIONAL QUALITY,Read1,ReadPos 15 98% Quantile QV,40
POSITIONAL QUALITY,Read1,ReadPos 15 99% Quantile QV,40
POSITIONAL QUALITY,Read1,ReadPos 16 1% Quantile QV,24
POSITIONAL QUALITY,Read1,ReadPos 16 2% Quantile QV,24
POSITIONAL QUALITY,Read1,ReadPos 16 5% Quantile QV,40
POSITIONAL QUALITY,Read1,ReadPos 16 10% Quantile QV,40
POSITIONAL QUALITY,Read1,ReadPos 16 25% Quantile QV,40
POSITIONAL QUALITY,Read1,ReadPos 16 50% Quantile QV,40
POSITIONAL QUALITY,Read1,ReadPos 16 75% Quantile QV,40
POSITIONAL QUALITY,Read1,ReadPos 16 90% Quantile QV,40
POSITIONAL QUALITY,Read1,ReadPos 16 95% Quantile QV,40
POSITIONAL QUALITY,Read1,ReadPos 16 98% Quantile QV,40
POSITIONAL QUALITY,Read1,ReadPos 16 99% Quantile QV,40
POSITIONAL QUALITY,Read1,ReadPos 17 1% Quantile QV,24
POSITIONAL QUALITY,Read1,ReadPos 17 2% Quantile QV,24
POSITIONAL QUALITY,Read1,ReadPos 17 5% Quantile QV,40
POSITIONAL QUALITY,Read1,ReadPos 17 10% Quantile QV,40
POSITIONAL QUALITY,Read1,ReadPos 17 25% Quantile QV,40
POSITIONAL QUALITY,Read1,ReadPos 17 50% Quantile QV,40
POSITIONAL QUALITY,Read1,ReadPos 17 75% Quantile QV,40
POSITIONAL QUALITY,Read1,ReadPos 17 90% Quantile QV,40
POSITIONAL QUALITY,Read1,ReadPos 17 95% Quantile QV,40
POSITIONAL QUALITY,Read1,ReadPos 17 98% Quantile QV,40
POSITIONAL QUALITY,Read1,ReadPos 17 99% Quantile QV,40
POSITIONAL QUALITY,Read1,ReadPos 18 1% Quantile QV,24
POSITIONAL QUALITY,Read1,ReadPos 18 2% Quantile QV,24
POSITIONAL QUALITY,Read1,ReadPos 18 5% Quantile QV,40
POSITIONAL QUALITY,Read1,ReadPos 18 10% Quantile QV,40
POSITIONAL QUALITY,Read1,ReadPos 18 25% Quantile QV,40
POSITIONAL QUALITY,Read1,ReadPos 18 50% Quantile QV,40
POSITIONAL QUALITY,Read1,ReadPos 18 75% Quantile QV,40
POSITIONAL QUALITY,Read1,ReadPos 18 90% Quantile QV,40
POSITIONAL QUALITY,Read1,ReadPos 18 95% Quantile QV,40
POSITIONAL QUALITY,Read1,ReadPos 18 98% Quantile QV,40
POSITIONAL QUALITY,Read1,ReadPos 18 99% Quantile QV,40
POSITIONAL QUALITY,Read1,ReadPos 19 1% Quantile QV,24
POSITIONAL QUALITY,Read1,ReadPos 19 2% Quantile QV,24
POSITIONAL QUALITY,Read1,ReadPos 19 5% Quantile QV,40
POSITIONAL QUALITY,Read1,ReadPos 19 10% Quantile QV,40
POSITIONAL QUALITY,Read1,ReadPos 19 25% Quantile QV,40
POSITIONAL QUALITY,Read1,ReadPos 19 50% Quantile QV,40
POSITIONAL QUALITY,Read1,ReadPos 19 75% Quantile QV,40
POSITIONAL QUALITY,Read1,ReadPos 19 90% Quantile QV,40
POSITIONAL QUALITY,Read1,ReadPos 19 95% Quantile QV,40
POSITIONAL QUALITY,Read1,ReadPos 19 98% Quantile QV,40
POSITIONAL QUALITY,Read1,ReadPos 19 99% Quantile QV,40
POSITIONAL QUALITY,Read1,ReadPos 20 1% Quantile QV,24
POSITIONAL QUALITY,Read1,ReadPos 20 2% Quantile QV,24
POSITIONAL QUALITY,Read1,ReadPos 20 5% Quantile QV,40
POSITIONAL QUALITY,Read1,ReadPos 20 10% Quantile QV,40
POSITIONAL QUALITY,Read1,ReadPos 20 25% Quantile QV,40
POSITIONAL QUALITY,Read1,ReadPos 20 50% Quantile QV,40
POSITIONAL QUALITY,Read1,ReadPos 20 75% Quantile QV,40
POSITIONAL QUALITY,Read1,ReadPos 20 90% Quantile QV,40
POSITIONAL QUALITY,Read1,ReadPos 20 95% Quantile QV,40
POSITIONAL QUALITY,Read1,ReadPos 20 98% Quantile QV,40
POSITIONAL QUALITY,Read1,ReadPos 20 99% Quantile QV,40
POSITIONAL QUALITY,Read1,ReadPos 21 1% Quantile QV,24
POSITIONAL QUALITY,Read1,ReadPos 21 2% Quantile QV,24
POSITIONAL QUALITY,Read1,ReadPos 21 5% Quantile QV,40
POSITIONAL QUALITY,Read1,ReadPos 21 10% Quantile QV,40
POSITIONAL QUALITY,Read1,ReadPos 21 25% Quantile QV,40
POSITIONAL QUALITY,Read1,ReadPos 21 50% Quantile QV,40
POSITIONAL QUALITY,Read1,ReadPos 21 75% Quantile QV,40
POSITIONAL QUALITY,Read1,ReadPos 21 90% Quantile QV,40
POSITIONAL QUALITY,Read1,ReadPos 21 95% Quantile QV,40
POSITIONAL QUALITY,Read1,ReadPos 21 98% Quantile QV,40
POSITIONAL QUALITY,Read1,ReadPos 21 99% Quantile QV,40
POSITIONAL QUALITY,Read1,ReadPos 22 1% Quantile QV,24
POSITIONAL QUALITY,Read1,ReadPos 22 2% Quantile QV,24
POSITIONAL QUALITY,Read1,ReadPos 22 5% Quantile QV,40
POSITIONAL QUALITY,Read1,ReadPos 22 10% Quantile QV,40
POSITIONAL QUALITY,Read1,ReadPos 22 25% Quantile QV,40
POSITIONAL QUALITY,Read1,ReadPos 22 50% Quantile QV,40
POSITIONAL QUALITY,Read1,ReadPos 22 75% Quantile QV,40
POSITIONAL QUALITY,Read1,ReadPos 22 90% Quantile QV,40
POSITIONAL QUALITY,Read1,ReadPos 22 95% Quantile QV,40
POSITIONAL QUALITY,Read1,ReadPos 22 98% Quantile QV,40
POSITIONAL QUALITY,Read1,ReadPos 22 99% Quantile QV,40
POSITIONAL QUALITY,Read1,ReadPos 23 1% Quantile QV,24
POSITIONAL QUALITY,Read1,ReadPos 23 2% Quantile QV,24
POSITIONAL QUALITY,Read1,ReadPos 23 5% Quantile QV,40
POSITIONAL QUALITY,Read1,ReadPos 23 10% Quantile QV,40
POSITIONAL QUALITY,Read1,ReadPos 23 25% Quantile QV,40
POSITIONAL QUALITY,Read1,ReadPos 23 50% Quantile QV,40
POSITIONAL QUALITY,Read1,ReadPos 23 75% Quantile QV,40
POSITIONAL QUALITY,Read1,ReadPos 23 90% Quantile QV,40
POSITIONAL QUALITY,Read1,ReadPos 23 95% Quantile QV,40
POSITIONAL QUALITY,Read1,ReadPos 23 98% Quantile QV,40
POSITIONAL QUALITY,Read1,ReadPos 23 99% Quantile QV,40
POSITIONAL QUALITY,Read1,ReadPos 24 1% Quantile QV,24
POSITIONAL QUALITY,Read1,ReadPos 24 2% Quantile QV,24
POSITIONAL QUALITY,Read1,ReadPos 24 5% Quantile QV,40
POSITIONAL QUALITY,Read1,ReadPos 24 10% Quantile QV,40
POSITIONAL QUALITY,Read1,ReadPos 24 25% Quantile QV,40
POSITIONAL QUALITY,Read1,ReadPos 24 50% Quantile QV,40
POSITIONAL QUALITY,Read1,ReadPos 24 75% Quantile QV,40
POSITIONAL QUALITY,Read1,ReadPos 24 90% Quantile QV,40
POSITIONAL QUALITY,Read1,ReadPos 24 95% Quantile QV,40
POSITIONAL QUALITY,Read1,ReadPos 24 98% Quantile QV,40
POSITIONAL QUALITY,Read1,ReadPos 24 99% Quantile QV,40
POSITIONAL QUALITY,Read1,ReadPos 25 1% Quantile QV,24
POSITIONAL QUALITY,Read1,ReadPos 25 2% Quantile QV,24
POSITIONAL QUALITY,Read1,ReadPos 25 5% Quantile QV,40
POSITIONAL QUALITY,Read1,ReadPos 25 10% Quantile QV,40
POSITIONAL QUALITY,Read1,ReadPos 25 25% Quantile QV,40
POSITIONAL QUALITY,Read1,ReadPos 25 50% Quantile QV,40
POSITIONAL QUALITY,Read1,ReadPos 25 75% Quantile QV,40
POSITIONAL QUALITY,Read1,ReadPos 25 90% Quantile QV,40
POSITIONAL QUALITY,Read1,ReadPos 25 95% Quantile QV,40
POSITIONAL QUALITY,Read1,ReadPos 25 98% Quantile QV,40
POSITIONAL QUALITY,Read1,ReadPos 25 99% Quantile QV,40
POSITIONAL QUALITY,Read1,ReadPos 26 1% Quantile QV,12
POSITIONAL QUALITY,Read1,ReadPos 26 2% Quantile QV,24
POSITIONAL QUALITY,Read1,ReadPos 26 5% Quantile QV,40
POSITIONAL QUALITY,Read1,ReadPos 26 10% Quantile QV,40
POSITIONAL QUALITY,Read1,ReadPos 26 25% Quantile QV,40
POSITIONAL QUALITY,Read1,ReadPos 26 50% Quantile QV,40
POSITIONAL QUALITY,Read1,ReadPos 26 75% Quantile QV,40
POSITIONAL QUALITY,Read1,ReadPos 26 90% Quantile QV,40
POSITIONAL QUALITY,Read1,ReadPos 26 95% Quantile QV,40
POSITIONAL QUALITY,Read1,ReadPos 26 98% Quantile QV,40
POSITIONAL QUALITY,Read1,ReadPos 26 99% Quantile QV,40
POSITIONAL QUALITY,Read1,ReadPos 27 1% Quantile QV,12
POSITIONAL QUALITY,Read1,ReadPos 27 2% Quantile QV,24
POSITIONAL QUALITY,Read1,ReadPos 27 5% Quantile QV,40
POSITIONAL QUALITY,Read1,ReadPos 27 10% Quantile QV,40
POSITIONAL QUALITY,Read1,ReadPos 27 25% Quantile QV,40
POSITIONAL QUALITY,Read1,ReadPos 27 50% Quantile QV,40
POSITIONAL QUALITY,Read1,ReadPos 27 75% Quantile QV,40
POSITIONAL QUALITY,Read1,ReadPos 27 90% Quantile QV,40
POSITIONAL QUALITY,Read1,ReadPos 27 95% Quantile QV,40
POSITIONAL QUALITY,Read1,ReadPos 27 98% Quantile QV,40
POSITIONAL QUALITY,Read1,ReadPos 27 99% Quantile QV,40
POSITIONAL QUALITY,Read1,ReadPos 28 1% Quantile QV,12
POSITIONAL QUALITY,Read1,ReadPos 28 2% Quantile QV,24
POSITIONAL QUALITY,Read1,ReadPos 28 5% Quantile QV,40
POSITIONAL QUALITY,Read1,ReadPos 28 10% Quantile QV,40
POSITIONAL QUALITY,Read1,ReadPos 28 25% Quantile QV,40
POSITIONAL QUALITY,Read1,ReadPos 28 50% Quantile QV,40
POSITIONAL QUALITY,Read1,ReadPos 28 75% Quantile QV,40
POSITIONAL QUALITY,Read1,ReadPos 28 90% Quantile QV,40
POSITIONAL QUALITY,Read1,ReadPos 28 95% Quantile QV,40
POSITIONAL QUALITY,Read1,ReadPos 28 98% Quantile QV,40
POSITIONAL QUALITY,Read1,ReadPos 28 99% Quantile QV,40
POSITIONAL QUALITY,Read1,ReadPos 29 1% Quantile QV,12
POSITIONAL QUALITY,Read1,ReadPos 29 2% Quantile QV,24
POSITIONAL QUALITY,Read1,ReadPos 29 5% Quantile QV,40
POSITIONAL QUALITY,Read1,ReadPos 29 10% Quantile QV,40
POSITIONAL QUALITY,Read1,ReadPos 29 25% Quantile QV,40
POSITIONAL QUALITY,Read1,ReadPos 29 50% Quantile QV,40
POSITIONAL QUALITY,Read1,ReadPos 29 75% Quantile QV,40
POSITIONAL QUALITY,Read1,ReadPos 29 90% Quantile QV,40
POSITIONAL QUALITY,Read1,ReadPos 29 95% Quantile QV,40
POSITIONAL QUALITY,Read1,ReadPos 29 98% Quantile QV,40
POSITIONAL QUALITY,Read1,ReadPos 29 99% Quantile QV,40
POSITIONAL QUALITY,Read1,ReadPos 30 1% Quantile QV,12
POSITIONAL QUALITY,Read1,ReadPos 30 2% Quantile QV,24
POSITIONAL QUALITY,Read1,ReadPos 30 5% Quantile QV,40
POSITIONAL QUALITY,Read1,ReadPos 30 10% Quantile QV,40
POSITIONAL QUALITY,Read1,ReadPos 30 25% Quantile QV,40
POSITIONAL QUALITY,Read1,ReadPos 30 50% Quantile QV,40
POSITIONAL QUALITY,Read1,ReadPos 30 75% Quantile QV,40
POSITIONAL QUALITY,Read1,ReadPos 30 90% Quantile QV,40
POSITIONAL QUALITY,Read1,ReadPos 30 95% Quantile QV,40
POSITIONAL QUALITY,Read1,ReadPos 30 98% Quantile QV,40
POSITIONAL QUALITY,Read1,ReadPos 30 99% Quantile QV,40
POSITIONAL QUALITY,Read1,ReadPos 31 1% Quantile QV,12
POSITIONAL QUALITY,Read1,ReadPos 31 2% Quantile QV,24
POSITIONAL QUALITY,Read1,ReadPos 31 5% Quantile QV,40
POSITIONAL QUALITY,Read1,ReadPos 31 10% Quantile QV,40
POSITIONAL QUALITY,Read1,ReadPos 31 25% Quantile QV,40
POSITIONAL QUALITY,Read1,ReadPos 31 50% Quantile QV,40
POSITIONAL QUALITY,Read1,ReadPos 31 75% Quantile QV,40
POSITIONAL QUALITY,Read1,ReadPos 31 90% Quantile QV,40
POSITIONAL QUALITY,Read1,ReadPos 31 95% Quantile QV,40
POSITIONAL QUALITY,Read1,ReadPos 31 98% Quantile QV,40
POSITIONAL QUALITY,Read1,ReadPos 31 99% Quantile QV,40
POSITIONAL QUALITY,Read1,ReadPos 32 1% Quantile QV,12
POSITIONAL QUALITY,Read1,ReadPos 32 2% Quantile QV,24
POSITIONAL QUALITY,Read1,ReadPos 32 5% Quantile QV,40
POSITIONAL QUALITY,Read1,ReadPos 32 10% Quantile QV,40
POSITIONAL QUALITY,Read1,ReadPos 32 25% Quantile QV,40
POSITIONAL QUALITY,Read1,ReadPos 32 50% Quantile QV,40
POSITIONAL QUALITY,Read1,ReadPos 32 75% Quantile QV,40
POSITIONAL QUALITY,Read1,ReadPos 32 90% Quantile QV,40
POSITIONAL QUALITY,Read1,ReadPos 32 95% Quantile QV,40
POSITIONAL QUALITY,Read1,ReadPos 32 98% Quantile QV,40
POSITIONAL QUALITY,Read1,ReadPos 32 99% Quantile QV,40
POSITIONAL QUALITY,Read1,ReadPos 33 1% Quantile QV,12
POSITIONAL QUALITY,Read1,ReadPos 33 2% Quantile QV,24
POSITIONAL QUALITY,Read1,ReadPos 33 5% Quantile QV,40
POSITIONAL QUALITY,Read1,ReadPos 33 10% Quantile QV,40
POSITIONAL QUALITY,Read1,ReadPos 33 25% Quantile QV,40
POSITIONAL QUALITY,Read1,ReadPos 33 50% Quantile QV,40
POSITIONAL QUALITY,Read1,ReadPos 33 75% Quantile QV,40
POSITIONAL QUALITY,Read1,ReadPos 33 90% Quantile QV,40
POSITIONAL QUALITY,Read1,ReadPos 33 95% Quantile QV,40
POSITIONAL QUALITY,Read1,ReadPos 33 98% Quantile QV,40
POSITIONAL QUALITY,Read1,ReadPos 33 99% Quantile QV,40
POSITIONAL QUALITY,Read1,ReadPos 34 1% Quantile QV,12
POSITIONAL QUALITY,Read1,ReadPos 34 2% Quantile QV,24
POSITIONAL QUALITY,Read1,ReadPos 34 5% Quantile QV,40
POSITIONAL QUALITY,Read1,ReadPos 34 10% Quantile QV,40
POSITIONAL QUALITY,Read1,ReadPos 34 25% Quantile QV,40
POSITIONAL QUALITY,Read1,ReadPos 34 50% Quantile QV,40
POSITIONAL QUALITY,Read1,ReadPos 34 75% Quantile QV,40
POSITIONAL QUALITY,Read1,ReadPos 34 90% Quantile QV,40
POSITIONAL QUALITY,Read1,ReadPos 34 95% Quantile QV,40
POSITIONAL QUALITY,Read1,ReadPos 34 98% Quantile QV,40
POSITIONAL QUALITY,Read1,ReadPos 34 99% Quantile QV,40
POSITIONAL QUALITY,Read1,ReadPos 35 1% Quantile QV,12
POSITIONAL QUALITY,Read1,ReadPos 35 2% Quantile QV,24
POSITIONAL QUALITY,Read1,ReadPos 35 5% Quantile QV,40
POSITIONAL QUALITY,Read1,ReadPos 35 10% Quantile QV,40
POSITIONAL QUALITY,Read1,ReadPos 35 25% Quantile QV,40
POSITIONAL QUALITY,Read1,ReadPos 35 50% Quantile QV,40
POSITIONAL QUALITY,Read1,ReadPos 35 75% Quantile QV,40
POSITIONAL QUALITY,Read1,ReadPos 35 90% Quantile QV,40
POSITIONAL QUALITY,Read1,ReadPos 35 95% Quantile QV,40
POSITIONAL QUALITY,Read1,ReadPos 35 98% Quantile QV,40
POSITIONAL QUALITY,Read1,ReadPos 35 99% Quantile QV,40
POSITIONAL QUALITY,Read1,ReadPos 36 1% Quantile QV,12
POSITIONAL QUALITY,Read1,ReadPos 36 2% Quantile QV,24
POSITIONAL QUALITY,Read1,ReadPos 36 5% Quantile QV,40
POSITIONAL QUALITY,Read1,ReadPos 36 10% Quantile QV,40
POSITIONAL QUALITY,Read1,ReadPos 36 25% Quantile QV,40
POSITIONAL QUALITY,Read1,ReadPos 36 50% Quantile QV,40
POSITIONAL QUALITY,Read1,ReadPos 36 75% Quantile QV,40
POSITIONAL QUALITY,Read1,ReadPos 36 90% Quantile QV,40
POSITIONAL QUALITY,Read1,ReadPos 36 95% Quantile QV,40
POSITIONAL QUALITY,Read1,ReadPos 36 98% Quantile QV,40
POSITIONAL QUALITY,Read1,ReadPos 36 99% Quantile QV,40
POSITIONAL QUALITY,Read1,ReadPos 37 1% Quantile QV,12
POSITIONAL QUALITY,Read1,ReadPos 37 2% Quantile QV,24
POSITIONAL QUALITY,Read1,ReadPos 37 5% Quantile QV,40
POSITIONAL QUALITY,Read1,ReadPos 37 10% Quantile QV,40
POSITIONAL QUALITY,Read1,ReadPos 37 25% Quantile QV,40
POSITIONAL QUALITY,Read1,ReadPos 37 50% Quantile QV,40
POSITIONAL QUALITY,Read1,ReadPos 37 75% Quantile QV,40
POSITIONAL QUALITY,Read1,ReadPos 37 90% Quantile QV,40
POSITIONAL QUALITY,Read1,ReadPos 37 95% Quantile QV,40
POSITIONAL QUALITY,Read1,ReadPos 37 98% Quantile QV,40
POSITIONAL QUALITY,Read1,ReadPos 37 99% Quantile QV,40
POSITIONAL QUALITY,Read1,ReadPos 38 1% Quantile QV,12
POSITIONAL QUALITY,Read1,ReadPos 38 2% Quantile QV,24
POSITIONAL QUALITY,Read1,ReadPos 38 5% Quantile QV,40
POSITIONAL QUALITY,Read1,ReadPos 38 10% Quantile QV,40
POSITIONAL QUALITY,Read1,ReadPos 38 25% Quantile QV,40
POSITIONAL QUALITY,Read1,ReadPos 38 50% Quantile QV,40
POSITIONAL QUALITY,Read1,ReadPos 38 75% Quantile QV,40
POSITIONAL QUALITY,Read1,ReadPos 38 90% Quantile QV,40
POSITIONAL QUALITY,Read1,ReadPos 38 95% Quantile QV,40
POSITIONAL QUALITY,Read1,ReadPos 38 98% Quantile QV,40
POSITIONAL QUALITY,Read1,ReadPos 38 99% Quantile QV,40
POSITIONAL QUALITY,Read1,ReadPos 39 1% Quantile QV,12
POSITIONAL QUALITY,Read1,ReadPos 39 2% Quantile QV,24
POSITIONAL QUALITY,Read1,ReadPos 39 5% Quantile QV,40
POSITIONAL QUALITY,Read1,ReadPos 39 10% Quantile QV,40
POSITIONAL QUALITY,Read1,ReadPos 39 25% Quantile QV,40
POSITIONAL QUALITY,Read1,ReadPos 39 50% Quantile QV,40
POSITIONAL QUALITY,Read1,ReadPos 39 75% Quantile QV,40
POSITIONAL QUALITY,Read1,ReadPos 39 90% Quantile QV,40
POSITIONAL QUALITY,Read1,ReadPos 39 95% Quantile QV,40
POSITIONAL QUALITY,Read1,ReadPos 39 98% Quantile QV,40
POSITIONAL QUALITY,Read1,ReadPos 39 99% Quantile QV,40
POSITIONAL QUALITY,Read1,ReadPos 40 1% Quantile QV,12
POSITIONAL QUALITY,Read1,ReadPos 40 2% Quantile QV,24
POSITIONAL QUALITY,Read1,ReadPos 40 5% Quantile QV,40
POSITIONAL QUALITY,Read1,ReadPos 40 10% Quantile QV,40
POSITIONAL QUALITY,Read1,ReadPos 40 25% Quantile QV,40
POSITIONAL QUALITY,Read1,ReadPos 40 50% Quantile QV,40
POSITIONAL QUALITY,Read1,ReadPos 40 75% Quantile QV,40
POSITIONAL QUALITY,Read1,ReadPos 40 90% Quantile QV,40
POSITIONAL QUALITY,Read1,ReadPos 40 95% Quantile QV,40
POSITIONAL QUALITY,Read1,ReadPos 40 98% Quantile QV,40
POSITIONAL QUALITY,Read1,ReadPos 40 99% Quantile QV,40
POSITIONAL QUALITY,Read1,ReadPos 41 1% Quantile QV,12
POSITIONAL QUALITY,Read1,ReadPos 41 2% Quantile QV,24
POSITIONAL QUALITY,Read1,ReadPos 41 5% Quantile QV,40
POSITIONAL QUALITY,Read1,ReadPos 41 10% Quantile QV,40
POSITIONAL QUALITY,Read1,ReadPos 41 25% Quantile QV,40
POSITIONAL QUALITY,Read1,ReadPos 41 50% Quantile QV,40
POSITIONAL QUALITY,Read1,ReadPos 41 75% Quantile QV,40
POSITIONAL QUALITY,Read1,ReadPos 41 90% Quantile QV,40
POSITIONAL QUALITY,Read1,ReadPos 41 95% Quantile QV,40
POSITIONAL QUALITY,Read1,ReadPos 41 98% Quantile QV,40
POSITIONAL QUALITY,Read1,ReadPos 41 99% Quantile QV,40
POSITIONAL QUALITY,Read1,ReadPos 42 1% Quantile QV,12
POSITIONAL QUALITY,Read1,ReadPos 42 2% Quantile QV,24
POSITIONAL QUALITY,Read1,ReadPos 42 5% Quantile QV,40
POSITIONAL QUALITY,Read1,ReadPos 42 10% Quantile QV,40
POSITIONAL QUALITY,Read1,ReadPos 42 25% Quantile QV,40
POSITIONAL QUALITY,Read1,ReadPos 42 50% Quantile QV,40
POSITIONAL QUALITY,Read1,ReadPos 42 75% Quantile QV,40
POSITIONAL QUALITY,Read1,ReadPos 42 90% Quantile QV,40
POSITIONAL QUALITY,Read1,ReadPos 42 95% Quantile QV,40
POSITIONAL QUALITY,Read1,ReadPos 42 98% Quantile QV,40
POSITIONAL QUALITY,Read1,ReadPos 42 99% Quantile QV,40
POSITIONAL QUALITY,Read1,ReadPos 43 1% Quantile QV,12
POSITIONAL QUALITY,Read1,ReadPos 43 2% Quantile QV,24
POSITIONAL QUALITY,Read1,ReadPos 43 5% Quantile QV,24
POSITIONAL QUALITY,Read1,ReadPos 43 10% Quantile QV,40
POSITIONAL QUALITY,Read1,ReadPos 43 25% Quantile QV,40
POSITIONAL QUALITY,Read1,ReadPos 43 50% Quantile QV,40
POSITIONAL QUALITY,Read1,ReadPos 43 75% Quantile QV,40
POSITIONAL QUALITY,Read1,ReadPos 43 90% Quantile QV,40
POSITIONAL QUALITY,Read1,ReadPos 43 95% Quantile QV,40
POSITIONAL QUALITY,Read1,ReadPos 43 98% Quantile QV,40
POSITIONAL QUALITY,Read1,ReadPos 43 99% Quantile QV,40
POSITIONAL QUALITY,Read1,ReadPos 44 1% Quantile QV,12
POSITIONAL QUALITY,Read1,ReadPos 44 2% Quantile QV,24
POSITIONAL QUALITY,Read1,ReadPos 44 5% Quantile QV,24
POSITIONAL QUALITY,Read1,ReadPos 44 10% Quantile QV,40
POSITIONAL QUALITY,Read1,ReadPos 44 25% Quantile QV,40
POSITIONAL QUALITY,Read1,ReadPos 44 50% Quantile QV,40
POSITIONAL QUALITY,Read1,ReadPos 44 75% Quantile QV,40
POSITIONAL QUALITY,Read1,ReadPos 44 90% Quantile QV,40
POSITIONAL QUALITY,Read1,ReadPos 44 95% Quantile QV,40
POSITIONAL QUALITY,Read1,ReadPos 44 98% Quantile QV,40
POSITIONAL QUALITY,Read1,ReadPos 44 99% Quantile QV,40
POSITIONAL QUALITY,Read1,ReadPos 45 1% Quantile QV,12
POSITIONAL QUALITY,Read1,ReadPos 45 2% Quantile QV,24
POSITIONAL QUALITY,Read1,ReadPos 45 5% Quantile QV,24
POSITIONAL QUALITY,Read1,ReadPos 45 10% Quantile QV,40
POSITIONAL QUALITY,Read1,ReadPos 45 25% Quantile QV,40
POSITIONAL QUALITY,Read1,ReadPos 45 50% Quantile QV,40
POSITIONAL QUALITY,Read1,ReadPos 45 75% Quantile QV,40
POSITIONAL QUALITY,Read1,ReadPos 45 90% Quantile QV,40
POSITIONAL QUALITY,Read1,ReadPos 45 95% Quantile QV,40
POSITIONAL QUALITY,Read1,ReadPos 45 98% Quantile QV,40
POSITIONAL QUALITY,Read1,ReadPos 45 99% Quantile QV,40
POSITIONAL QUALITY,Read1,ReadPos 46 1% Quantile QV,12
POSITIONAL QUALITY,Read1,ReadPos 46 2% Quantile QV,24
POSITIONAL QUALITY,Read1,ReadPos 46 5% Quantile QV,24
POSITIONAL QUALITY,Read1,ReadPos 46 10% Quantile QV,40
POSITIONAL QUALITY,Read1,ReadPos 46 25% Quantile QV,40
POSITIONAL QUALITY,Read1,ReadPos 46 50% Quantile QV,40
POSITIONAL QUALITY,Read1,ReadPos 46 75% Quantile QV,40
POSITIONAL QUALITY,Read1,ReadPos 46 90% Quantile QV,40
POSITIONAL QUALITY,Read1,ReadPos 46 95% Quantile QV,40
POSITIONAL QUALITY,Read1,ReadPos 46 98% Quantile QV,40
POSITIONAL QUALITY,Read1,ReadPos 46 99% Quantile QV,40
POSITIONAL QUALITY,Read1,ReadPos 47 1% Quantile QV,12
POSITIONAL QUALITY,Read1,ReadPos 47 2% Quantile QV,24
POSITIONAL QUALITY,Read1,ReadPos 47 5% Quantile QV,24
POSITIONAL QUALITY,Read1,ReadPos 47 10% Quantile QV,40
POSITIONAL QUALITY,Read1,ReadPos 47 25% Quantile QV,40
POSITIONAL QUALITY,Read1,ReadPos 47 50% Quantile QV,40
POSITIONAL QUALITY,Read1,ReadPos 47 75% Quantile QV,40
POSITIONAL QUALITY,Read1,ReadPos 47 90% Quantile QV,40
POSITIONAL QUALITY,Read1,ReadPos 47 95% Quantile QV,40
POSITIONAL QUALITY,Read1,ReadPos 47 98% Quantile QV,40
POSITIONAL QUALITY,Read1,ReadPos 47 99% Quantile QV,40
POSITIONAL QUALITY,Read1,ReadPos 48 1% Quantile QV,12
POSITIONAL QUALITY,Read1,ReadPos 48 2% Quantile QV,24
POSITIONAL QUALITY,Read1,ReadPos 48 5% Quantile QV,24
POSITIONAL QUALITY,Read1,ReadPos 48 10% Quantile QV,40
POSITIONAL QUALITY,Read1,ReadPos 48 25% Quantile QV,40
POSITIONAL QUALITY,Read1,ReadPos 48 50% Quantile QV,40
POSITIONAL QUALITY,Read1,ReadPos 48 75% Quantile QV,40
POSITIONAL QUALITY,Read1,ReadPos 48 90% Quantile QV,40
POSITIONAL QUALITY,Read1,ReadPos 48 95% Quantile QV,40
POSITIONAL QUALITY,Read1,ReadPos 48 98% Quantile QV,40
POSITIONAL QUALITY,Read1,ReadPos 48 99% Quantile QV,40
POSITIONAL QUALITY,Read1,ReadPos 49 1% Quantile QV,12
POSITIONAL QUALITY,Read1,ReadPos 49 2% Quantile QV,24
POSITIONAL QUALITY,Read1,ReadPos 49 5% Quantile QV,24
POSITIONAL QUALITY,Read1,ReadPos 49 10% Quantile QV,40
POSITIONAL QUALITY,Read1,ReadPos 49 25% Quantile QV,40
POSITIONAL QUALITY,Read1,ReadPos 49 50% Quantile QV,40
POSITIONAL QUALITY,Read1,ReadPos 49 75% Quantile QV,40
POSITIONAL QUALITY,Read1,ReadPos 49 90% Quantile QV,40
POSITIONAL QUALITY,Read1,ReadPos 49 95% Quantile QV,40
POSITIONAL QUALITY,Read1,ReadPos 49 98% Quantile QV,40
POSITIONAL QUALITY,Read1,ReadPos 49 99% Quantile QV,40
POSITIONAL QUALITY,Read1,ReadPos 50 1% Quantile QV,12
POSITIONAL QUALITY,Read1,ReadPos 50 2% Quantile QV,24
POSITIONAL QUALITY,Read1,ReadPos 50 5% Quantile QV,24
POSITIONAL QUALITY,Read1,ReadPos 50 10% Quantile QV,40
POSITIONAL QUALITY,Read1,ReadPos 50 25% Quantile QV,40
POSITIONAL QUALITY,Read1,ReadPos 50 50% Quantile QV,40
POSITIONAL QUALITY,Read1,ReadPos 50 75% Quantile QV,40
POSITIONAL QUALITY,Read1,ReadPos 50 90% Quantile QV,40
POSITIONAL QUALITY,Read1,ReadPos 50 95% Quantile QV,40
POSITIONAL QUALITY,Read1,ReadPos 50 98% Quantile QV,40
POSITIONAL QUALITY,Read1,ReadPos 50 99% Quantile QV,40
POSITIONAL QUALITY,Read1,ReadPos 51 1% Quantile QV,12
POSITIONAL QUALITY,Read1,ReadPos 51 2% Quantile QV,24
POSITIONAL QUALITY,Read1,ReadPos 51 5% Quantile QV,24
POSITIONAL QUALITY,Read1,ReadPos 51 10% Quantile QV,40
POSITIONAL QUALITY,Read1,ReadPos 51 25% Quantile QV,40
POSITIONAL QUALITY,Read1,ReadPos 51 50% Quantile QV,40
POSITIONAL QUALITY,Read1,ReadPos 51 75% Quantile QV,40
POSITIONAL QUALITY,Read1,ReadPos 51 90% Quantile QV,40
POSITIONAL QUALITY,Read1,ReadPos 51 95% Quantile QV,40
POSITIONAL QUALITY,Read1,ReadPos 51 98% Quantile QV,40
POSITIONAL QUALITY,Read1,ReadPos 51 99% Quantile QV,40
POSITIONAL QUALITY,Read1,ReadPos 52 1% Quantile QV,12
POSITIONAL QUALITY,Read1,ReadPos 52 2% Quantile QV,24
POSITIONAL QUALITY,Read1,ReadPos 52 5% Quantile QV,24
POSITIONAL QUALITY,Read1,ReadPos 52 10% Quantile QV,40
POSITIONAL QUALITY,Read1,ReadPos 52 25% Quantile QV,40
POSITIONAL QUALITY,Read1,ReadPos 52 50% Quantile QV,40
POSITIONAL QUALITY,Read1,ReadPos 52 75% Quantile QV,40
POSITIONAL QUALITY,Read1,ReadPos 52 90% Quantile QV,40
POSITIONAL QUALITY,Read1,ReadPos 52 95% Quantile QV,40
POSITIONAL QUALITY,Read1,ReadPos 52 98% Quantile QV,40
POSITIONAL QUALITY,Read1,ReadPos 52 99% Quantile QV,40
POSITIONAL QUALITY,Read1,ReadPos 53 1% Quantile QV,12
POSITIONAL QUALITY,Read1,ReadPos 53 2% Quantile QV,24
POSITIONAL QUALITY,Read1,ReadPos 53 5% Quantile QV,24
POSITIONAL QUALITY,Read1,ReadPos 53 10% Quantile QV,40
POSITIONAL QUALITY,Read1,ReadPos 53 25% Quantile QV,40
POSITIONAL QUALITY,Read1,ReadPos 53 50% Quantile QV,40
POSITIONAL QUALITY,Read1,ReadPos 53 75% Quantile QV,40
POSITIONAL QUALITY,Read1,ReadPos 53 90% Quantile QV,40
POSITIONAL QUALITY,Read1,ReadPos 53 95% Quantile QV,40
POSITIONAL QUALITY,Read1,ReadPos 53 98% Quantile QV,40
POSITIONAL QUALITY,Read1,ReadPos 53 99% Quantile QV,40
POSITIONAL QUALITY,Read1,ReadPos 54 1% Quantile QV,12
POSITIONAL QUALITY,Read1,ReadPos 54 2% Quantile QV,12
POSITIONAL QUALITY,Read1,ReadPos 54 5% Quantile QV,24
POSITIONAL QUALITY,Read1,ReadPos 54 10% Quantile QV,40
POSITIONAL QUALITY,Read1,ReadPos 54 25% Quantile QV,40
POSITIONAL QUALITY,Read1,ReadPos 54 50% Quantile QV,40
POSITIONAL QUALITY,Read1,ReadPos 54 75% Quantile QV,40
POSITIONAL QUALITY,Read1,ReadPos 54 90% Quantile QV,40
POSITIONAL QUALITY,Read1,ReadPos 54 95% Quantile QV,40
POSITIONAL QUALITY,Read1,ReadPos 54 98% Quantile QV,40
POSITIONAL QUALITY,Read1,ReadPos 54 99% Quantile QV,40
POSITIONAL QUALITY,Read1,ReadPos 55 1% Quantile QV,12
POSITIONAL QUALITY,Read1,ReadPos 55 2% Quantile QV,12
POSITIONAL QUALITY,Read1,ReadPos 55 5% Quantile QV,24
POSITIONAL QUALITY,Read1,ReadPos 55 10% Quantile QV,40
POSITIONAL QUALITY,Read1,ReadPos 55 25% Quantile QV,40
POSITIONAL QUALITY,Read1,ReadPos 55 50% Quantile QV,40
POSITIONAL QUALITY,Read1,ReadPos 55 75% Quantile QV,40
POSITIONAL QUALITY,Read1,ReadPos 55 90% Quantile QV,40
POSITIONAL QUALITY,Read1,ReadPos 55 95% Quantile QV,40
POSITIONAL QUALITY,Read1,ReadPos 55 98% Quantile QV,40
POSITIONAL QUALITY,Read1,ReadPos 55 99% Quantile QV,40
POSITIONAL QUALITY,Read1,ReadPos 56 1% Quantile QV,12
POSITIONAL QUALITY,Read1,ReadPos 56 2% Quantile QV,12
POSITIONAL QUALITY,Read1,ReadPos 56 5% Quantile QV,24
POSITIONAL QUALITY,Read1,ReadPos 56 10% Quantile QV,40
POSITIONAL QUALITY,Read1,ReadPos 56 25% Quantile QV,40
POSITIONAL QUALITY,Read1,ReadPos 56 50% Quantile QV,40
POSITIONAL QUALITY,Read1,ReadPos 56 75% Quantile QV,40
POSITIONAL QUALITY,Read1,ReadPos 56 90% Quantile QV,40
POSITIONAL QUALITY,Read1,ReadPos 56 95% Quantile QV,40
POSITIONAL QUALITY,Read1,ReadPos 56 98% Quantile QV,40
POSITIONAL QUALITY,Read1,ReadPos 56 99% Quantile QV,40
POSITIONAL QUALITY,Read1,ReadPos 57 1% Quantile QV,12
POSITIONAL QUALITY,Read1,ReadPos 57 2% Quantile QV,12
POSITIONAL QUALITY,Read1,ReadPos 57 5% Quantile QV,24
POSITIONAL QUALITY,Read1,ReadPos 57 10% Quantile QV,40
POSITIONAL QUALITY,Read1,ReadPos 57 25% Quantile QV,40
POSITIONAL QUALITY,Read1,ReadPos 57 50% Quantile QV,40
POSITIONAL QUALITY,Read1,ReadPos 57 75% Quantile QV,40
POSITIONAL QUALITY,Read1,ReadPos 57 90% Quantile QV,40
POSITIONAL QUALITY,Read1,ReadPos 57 95% Quantile QV,40
POSITIONAL QUALITY,Read1,ReadPos 57 98% Quantile QV,40
POSITIONAL QUALITY,Read1,ReadPos 57 99% Quantile QV,40
POSITIONAL QUALITY,Read1,ReadPos 58 1% Quantile QV,12
POSITIONAL QUALITY,Read1,ReadPos 58 2% Quantile QV,12
POSITIONAL QUALITY,Read1,ReadPos 58 5% Quantile QV,24
POSITIONAL QUALITY,Read1,ReadPos 58 10% Quantile QV,40
POSITIONAL QUALITY,Read1,ReadPos 58 25% Quantile QV,40
POSITIONAL QUALITY,Read1,ReadPos 58 50% Quantile QV,40
POSITIONAL QUALITY,Read1,ReadPos 58 75% Quantile QV,40
POSITIONAL QUALITY,Read1,ReadPos 58 90% Quantile QV,40
POSITIONAL QUALITY,Read1,ReadPos 58 95% Quantile QV,40
POSITIONAL QUALITY,Read1,ReadPos 58 98% Quantile QV,40
POSITIONAL QUALITY,Read1,ReadPos 58 99% Quantile QV,40
POSITIONAL QUALITY,Read1,ReadPos 59 1% Quantile QV,12
POSITIONAL QUALITY,Read1,ReadPos 59 2% Quantile QV,12
POSITIONAL QUALITY,Read1,ReadPos 59 5% Quantile QV,24
POSITIONAL QUALITY,Read1,ReadPos 59 10% Quantile QV,40
POSITIONAL QUALITY,Read1,ReadPos 59 25% Quantile QV,40
POSITIONAL QUALITY,Read1,ReadPos 59 50% Quantile QV,40
POSITIONAL QUALITY,Read1,ReadPos 59 75% Quantile QV,40
POSITIONAL QUALITY,Read1,ReadPos 59 90% Quantile QV,40
POSITIONAL QUALITY,Read1,ReadPos 59 95% Quantile QV,40
POSITIONAL QUALITY,Read1,ReadPos 59 98% Quantile QV,40
POSITIONAL QUALITY,Read1,ReadPos 59 99% Quantile QV,40
POSITIONAL QUALITY,Read1,ReadPos 60 1% Quantile QV,12
POSITIONAL QUALITY,Read1,ReadPos 60 2% Quantile QV,12
POSITIONAL QUALITY,Read1,ReadPos 60 5% Quantile QV,24
POSITIONAL QUALITY,Read1,ReadPos 60 10% Quantile QV,40
POSITIONAL QUALITY,Read1,ReadPos 60 25% Quantile QV,40
POSITIONAL QUALITY,Read1,ReadPos 60 50% Quantile QV,40
POSITIONAL QUALITY,Read1,ReadPos 60 75% Quantile QV,40
POSITIONAL QUALITY,Read1,ReadPos 60 90% Quantile QV,40
POSITIONAL QUALITY,Read1,ReadPos 60 95% Quantile QV,40
POSITIONAL QUALITY,Read1,ReadPos 60 98% Quantile QV,40
POSITIONAL QUALITY,Read1,ReadPos 60 99% Quantile QV,40
POSITIONAL QUALITY,Read1,ReadPos 61 1% Quantile QV,12
POSITIONAL QUALITY,Read1,ReadPos 61 2% Quantile QV,12
POSITIONAL QUALITY,Read1,ReadPos 61 5% Quantile QV,24
POSITIONAL QUALITY,Read1,ReadPos 61 10% Quantile QV,40
POSITIONAL QUALITY,Read1,ReadPos 61 25% Quantile QV,40
POSITIONAL QUALITY,Read1,ReadPos 61 50% Quantile QV,40
POSITIONAL QUALITY,Read1,ReadPos 61 75% Quantile QV,40
POSITIONAL QUALITY,Read1,ReadPos 61 90% Quantile QV,40
POSITIONAL QUALITY,Read1,ReadPos 61 95% Quantile QV,40
POSITIONAL QUALITY,Read1,ReadPos 61 98% Quantile QV,40
POSITIONAL QUALITY,Read1,ReadPos 61 99% Quantile QV,40
POSITIONAL QUALITY,Read1,ReadPos 62 1% Quantile QV,12
POSITIONAL QUALITY,Read1,ReadPos 62 2% Quantile QV,12
POSITIONAL QUALITY,Read1,ReadPos 62 5% Quantile QV,24
POSITIONAL QUALITY,Read1,ReadPos 62 10% Quantile QV,40
POSITIONAL QUALITY,Read1,ReadPos 62 25% Quantile QV,40
POSITIONAL QUALITY,Read1,ReadPos 62 50% Quantile QV,40
POSITIONAL QUALITY,Read1,ReadPos 62 75% Quantile QV,40
POSITIONAL QUALITY,Read1,ReadPos 62 90% Quantile QV,40
POSITIONAL QUALITY,Read1,ReadPos 62 95% Quantile QV,40
POSITIONAL QUALITY,Read1,ReadPos 62 98% Quantile QV,40
POSITIONAL QUALITY,Read1,ReadPos 62 99% Quantile QV,40
POSITIONAL QUALITY,Read1,ReadPos 63 1% Quantile QV,12
POSITIONAL QUALITY,Read1,ReadPos 63 2% Quantile QV,12
POSITIONAL QUALITY,Read1,ReadPos 63 5% Quantile QV,24
POSITIONAL QUALITY,Read1,ReadPos 63 10% Quantile QV,40
POSITIONAL QUALITY,Read1,ReadPos 63 25% Quantile QV,40
POSITIONAL QUALITY,Read1,ReadPos 63 50% Quantile QV,40
POSITIONAL QUALITY,Read1,ReadPos 63 75% Quantile QV,40
POSITIONAL QUALITY,Read1,ReadPos 63 90% Quantile QV,40
POSITIONAL QUALITY,Read1,ReadPos 63 95% Quantile QV,40
POSITIONAL QUALITY,Read1,ReadPos 63 98% Quantile QV,40
POSITIONAL QUALITY,Read1,ReadPos 63 99% Quantile QV,40
POSITIONAL QUALITY,Read1,ReadPos 64 1% Quantile QV,12
POSITIONAL QUALITY,Read1,ReadPos 64 2% Quantile QV,12
POSITIONAL QUALITY,Read1,ReadPos 64 5% Quantile QV,24
POSITIONAL QUALITY,Read1,ReadPos 64 10% Quantile QV,40
POSITIONAL QUALITY,Read1,ReadPos 64 25% Quantile QV,40
POSITIONAL QUALITY,Read1,ReadPos 64 50% Quantile QV,40
POSITIONAL QUALITY,Read1,ReadPos 64 75% Quantile QV,40
POSITIONAL QUALITY,Read1,ReadPos 64 90% Quantile QV,40
POSITIONAL QUALITY,Read1,ReadPos 64 95% Quantile QV,40
POSITIONAL QUALITY,Read1,ReadPos 64 98% Quantile QV,40
POSITIONAL QUALITY,Read1,ReadPos 64 99% Quantile QV,40
POSITIONAL QUALITY,Read1,ReadPos 65 1% Quantile QV,12
POSITIONAL QUALITY,Read1,ReadPos 65 2% Quantile QV,12
POSITIONAL QUALITY,Read1,ReadPos 65 5% Quantile QV,24
POSITIONAL QUALITY,Read1,ReadPos 65 10% Quantile QV,40
POSITIONAL QUALITY,Read1,ReadPos 65 25% Quantile QV,40
POSITIONAL QUALITY,Read1,ReadPos 65 50% Quantile QV,40
POSITIONAL QUALITY,Read1,ReadPos 65 75% Quantile QV,40
POSITIONAL QUALITY,Read1,ReadPos 65 90% Quantile QV,40
POSITIONAL QUALITY,Read1,ReadPos 65 95% Quantile QV,40
POSITIONAL QUALITY,Read1,ReadPos 65 98% Quantile QV,40
POSITIONAL QUALITY,Read1,ReadPos 65 99% Quantile QV,40
POSITIONAL QUALITY,Read1,ReadPos 66 1% Quantile QV,12
POSITIONAL QUALITY,Read1,ReadPos 66 2% Quantile QV,12
POSITIONAL QUALITY,Read1,ReadPos 66 5% Quantile QV,24
POSITIONAL QUALITY,Read1,ReadPos 66 10% Quantile QV,40
POSITIONAL QUALITY,Read1,ReadPos 66 25% Quantile QV,40
POSITIONAL QUALITY,Read1,ReadPos 66 50% Quantile QV,40
POSITIONAL QUALITY,Read1,ReadPos 66 75% Quantile QV,40
POSITIONAL QUALITY,Read1,ReadPos 66 90% Quantile QV,40
POSITIONAL QUALITY,Read1,ReadPos 66 95% Quantile QV,40
POSITIONAL QUALITY,Read1,ReadPos 66 98% Quantile QV,40
POSITIONAL QUALITY,Read1,ReadPos 66 99% Quantile QV,40
POSITIONAL QUALITY,Read1,ReadPos 67 1% Quantile QV,12
POSITIONAL QUALITY,Read1,ReadPos 67 2% Quantile QV,12
POSITIONAL QUALITY,Read1,ReadPos 67 5% Quantile QV,24
POSITIONAL QUALITY,Read1,ReadPos 67 10% Quantile QV,40
POSITIONAL QUALITY,Read1,ReadPos 67 25% Quantile QV,40
POSITIONAL QUALITY,Read1,ReadPos 67 50% Quantile QV,40
POSITIONAL QUALITY,Read1,ReadPos 67 75% Quantile QV,40
POSITIONAL QUALITY,Read1,ReadPos 67 90% Quantile QV,40
POSITIONAL QUALITY,Read1,ReadPos 67 95% Quantile QV,40
POSITIONAL QUALITY,Read1,ReadPos 67 98% Quantile QV,40
POSITIONAL QUALITY,Read1,ReadPos 67 99% Quantile QV,40
POSITIONAL QUALITY,Read1,ReadPos 68 1% Quantile QV,12
POSITIONAL QUALITY,Read1,ReadPos 68 2% Quantile QV,12
POSITIONAL QUALITY,Read1,ReadPos 68 5% Quantile QV,24
POSITIONAL QUALITY,Read1,ReadPos 68 10% Quantile QV,40
POSITIONAL QUALITY,Read1,ReadPos 68 25% Quantile QV,40
POSITIONAL QUALITY,Read1,ReadPos 68 50% Quantile QV,40
POSITIONAL QUALITY,Read1,ReadPos 68 75% Quantile QV,40
POSITIONAL QUALITY,Read1,ReadPos 68 90% Quantile QV,40
POSITIONAL QUALITY,Read1,ReadPos 68 95% Quantile QV,40
POSITIONAL QUALITY,Read1,ReadPos 68 98% Quantile QV,40
POSITIONAL QUALITY,Read1,ReadPos 68 99% Quantile QV,40
POSITIONAL QUALITY,Read1,ReadPos 69 1% Quantile QV,12
POSITIONAL QUALITY,Read1,ReadPos 69 2% Quantile QV,12
POSITIONAL QUALITY,Read1,ReadPos 69 5% Quantile QV,24
POSITIONAL QUALITY,Read1,ReadPos 69 10% Quantile QV,40
POSITIONAL QUALITY,Read1,ReadPos 69 25% Quantile QV,40
POSITIONAL QUALITY,Read1,ReadPos 69 50% Quantile QV,40
POSITIONAL QUALITY,Read1,ReadPos 69 75% Quantile QV,40
POSITIONAL QUALITY,Read1,ReadPos 69 90% Quantile QV,40
POSITIONAL QUALITY,Read1,ReadPos 69 95% Quantile QV,40
POSITIONAL QUALITY,Read1,ReadPos 69 98% Quantile QV,40
POSITIONAL QUALITY,Read1,ReadPos 69 99% Quantile QV,40
POSITIONAL QUALITY,Read1,ReadPos 70 1% Quantile QV,12
POSITIONAL QUALITY,Read1,ReadPos 70 2% Quantile QV,12
POSITIONAL QUALITY,Read1,ReadPos 70 5% Quantile QV,24
POSITIONAL QUALITY,Read1,ReadPos 70 10% Quantile QV,40
POSITIONAL QUALITY,Read1,ReadPos 70 25% Quantile QV,40
POSITIONAL QUALITY,Read1,ReadPos 70 50% Quantile QV,40
POSITIONAL QUALITY,Read1,ReadPos 70 75% Quantile QV,40
POSITIONAL QUALITY,Read1,ReadPos 70 90% Quantile QV,40
POSITIONAL QUALITY,Read1,ReadPos 70 95% Quantile QV,40
POSITIONAL QUALITY,Read1,ReadPos 70 98% Quantile QV,40
POSITIONAL QUALITY,Read1,ReadPos 70 99% Quantile QV,40
POSITIONAL QUALITY,Read1,ReadPos 71 1% Quantile QV,12
POSITIONAL QUALITY,Read1,ReadPos 71 2% Quantile QV,12
POSITIONAL QUALITY,Read1,ReadPos 71 5% Quantile QV,24
POSITIONAL QUALITY,Read1,ReadPos 71 10% Quantile QV,40
POSITIONAL QUALITY,Read1,ReadPos 71 25% Quantile QV,40
POSITIONAL QUALITY,Read1,ReadPos 71 50% Quantile QV,40
POSITIONAL QUALITY,Read1,ReadPos 71 75% Quantile QV,40
POSITIONAL QUALITY,Read1,ReadPos 71 90% Quantile QV,40
POSITIONAL QUALITY,Read1,ReadPos 71 95% Quantile QV,40
POSITIONAL QUALITY,Read1,ReadPos 71 98% Quantile QV,40
POSITIONAL QUALITY,Read1,ReadPos 71 99% Quantile QV,40
POSITIONAL QUALITY,Read1,ReadPos 72 1% Quantile QV,12
POSITIONAL QUALITY,Read1,ReadPos 72 2% Quantile QV,12
POSITIONAL QUALITY,Read1,ReadPos 72 5% Quantile QV,24
POSITIONAL QUALITY,Read1,ReadPos 72 10% Quantile QV,40
POSITIONAL QUALITY,Read1,ReadPos 72 25% Quantile QV,40
POSITIONAL QUALITY,Read1,ReadPos 72 50% Quantile QV,40
POSITIONAL QUALITY,Read1,ReadPos 72 75% Quantile QV,40
POSITIONAL QUALITY,Read1,ReadPos 72 90% Quantile QV,40
POSITIONAL QUALITY,Read1,ReadPos 72 95% Quantile QV,40
POSITIONAL QUALITY,Read1,ReadPos 72 98% Quantile QV,40
POSITIONAL QUALITY,Read1,ReadPos 72 99% Quantile QV,40
POSITIONAL QUALITY,Read1,ReadPos 73 1% Quantile QV,12
POSITIONAL QUALITY,Read1,ReadPos 73 2% Quantile QV,12
POSITIONAL QUALITY,Read1,ReadPos 73 5% Quantile QV,24
POSITIONAL QUALITY,Read1,ReadPos 73 10% Quantile QV,40
POSITIONAL QUALITY,Read1,ReadPos 73 25% Quantile QV,40
POSITIONAL QUALITY,Read1,ReadPos 73 50% Quantile QV,40
POSITIONAL QUALITY,Read1,ReadPos 73 75% Quantile QV,40
POSITIONAL QUALITY,Read1,ReadPos 73 90% Quantile QV,40
POSITIONAL QUALITY,Read1,ReadPos 73 95% Quantile QV,40
POSITIONAL QUALITY,Read1,ReadPos 73 98% Quantile QV,40
POSITIONAL QUALITY,Read1,ReadPos 73 99% Quantile QV,40
POSITIONAL QUALITY,Read1,ReadPos 74 1% Quantile QV,12
POSITIONAL QUALITY,Read1,ReadPos 74 2% Quantile QV,12
POSITIONAL QUALITY,Read1,ReadPos 74 5% Quantile QV,24
POSITIONAL QUALITY,Read1,ReadPos 74 10% Quantile QV,40
POSITIONAL QUALITY,Read1,ReadPos 74 25% Quantile QV,40
POSITIONAL QUALITY,Read1,ReadPos 74 50% Quantile QV,40
POSITIONAL QUALITY,Read1,ReadPos 74 75% Quantile QV,40
POSITIONAL QUALITY,Read1,ReadPos 74 90% Quantile QV,40
POSITIONAL QUALITY,Read1,ReadPos 74 95% Quantile QV,40
POSITIONAL QUALITY,Read1,ReadPos 74 98% Quantile QV,40
POSITIONAL QUALITY,Read1,ReadPos 74 99% Quantile QV,40
POSITIONAL QUALITY,Read1,ReadPos 75 1% Quantile QV,12
POSITIONAL QUALITY,Read1,ReadPos 75 2% Quantile QV,12
POSITIONAL QUALITY,Read1,ReadPos 75 5% Quantile QV,24
POSITIONAL QUALITY,Read1,ReadPos 75 10% Quantile QV,40
POSITIONAL QUALITY,Read1,ReadPos 75 25% Quantile QV,40
POSITIONAL QUALITY,Read1,ReadPos 75 50% Quantile QV,40
POSITIONAL QUALITY,Read1,ReadPos 75 75% Quantile QV,40
POSITIONAL QUALITY,Read1,ReadPos 75 90% Quantile QV,40
POSITIONAL QUALITY,Read1,ReadPos 75 95% Quantile QV,40
POSITIONAL QUALITY,Read1,ReadPos 75 98% Quantile QV,40
POSITIONAL QUALITY,Read1,ReadPos 75 99% Quantile QV,40
POSITIONAL QUALITY,Read1,ReadPos 76 1% Quantile QV,12
POSITIONAL QUALITY,Read1,ReadPos 76 2% Quantile QV,12
POSITIONAL QUALITY,Read1,ReadPos 76 5% Quantile QV,24
POSITIONAL QUALITY,Read1,ReadPos 76 10% Quantile QV,40
POSITIONAL QUALITY,Read1,ReadPos 76 25% Quantile QV,40
POSITIONAL QUALITY,Read1,ReadPos 76 50% Quantile QV,40
POSITIONAL QUALITY,Read1,ReadPos 76 75% Quantile QV,40
POSITIONAL QUALITY,Read1,ReadPos 76 90% Quantile QV,40
POSITIONAL QUALITY,Read1,ReadPos 76 95% Quantile QV,40
POSITIONAL QUALITY,Read1,ReadPos 76 98% Quantile QV,40
POSITIONAL QUALITY,Read1,ReadPos 76 99% Quantile QV,40
POSITIONAL QUALITY,Read1,ReadPos 77 1% Quantile QV,12
POSITIONAL QUALITY,Read1,ReadPos 77 2% Quantile QV,12
POSITIONAL QUALITY,Read1,ReadPos 77 5% Quantile QV,24
POSITIONAL QUALITY,Read1,ReadPos 77 10% Quantile QV,40
POSITIONAL QUALITY,Read1,ReadPos 77 25% Quantile QV,40
POSITIONAL QUALITY,Read1,ReadPos 77 50% Quantile QV,40
POSITIONAL QUALITY,Read1,ReadPos 77 75% Quantile QV,40
POSITIONAL QUALITY,Read1,ReadPos 77 90% Quantile QV,40
POSITIONAL QUALITY,Read1,ReadPos 77 95% Quantile QV,40
POSITIONAL QUALITY,Read1,ReadPos 77 98% Quantile QV,40
POSITIONAL QUALITY,Read1,ReadPos 77 99% Quantile QV,40
POSITIONAL QUALITY,Read1,ReadPos 78 1% Quantile QV,12
POSITIONAL QUALITY,Read1,ReadPos 78 2% Quantile QV,12
POSITIONAL QUALITY,Read1,ReadPos 78 5% Quantile QV,24
POSITIONAL QUALITY,Read1,ReadPos 78 10% Quantile QV,40
POSITIONAL QUALITY,Read1,ReadPos 78 25% Quantile QV,40
POSITIONAL QUALITY,Read1,ReadPos 78 50% Quantile QV,40
POSITIONAL QUALITY,Read1,ReadPos 78 75% Quantile QV,40
POSITIONAL QUALITY,Read1,ReadPos 78 90% Quantile QV,40
POSITIONAL QUALITY,Read1,ReadPos 78 95% Quantile QV,40
POSITIONAL QUALITY,Read1,ReadPos 78 98% Quantile QV,40
POSITIONAL QUALITY,Read1,ReadPos 78 99% Quantile QV,40
POSITIONAL QUALITY,Read1,ReadPos 79 1% Quantile QV,12
POSITIONAL QUALITY,Read1,ReadPos 79 2% Quantile QV,12
POSITIONAL QUALITY,Read1,ReadPos 79 5% Quantile QV,24
POSITIONAL QUALITY,Read1,ReadPos 79 10% Quantile QV,40
POSITIONAL QUALITY,Read1,ReadPos 79 25% Quantile QV,40
POSITIONAL QUALITY,Read1,ReadPos 79 50% Quantile QV,40
POSITIONAL QUALITY,Read1,ReadPos 79 75% Quantile QV,40
POSITIONAL QUALITY,Read1,ReadPos 79 90% Quantile QV,40
POSITIONAL QUALITY,Read1,ReadPos 79 95% Quantile QV,40
POSITIONAL QUALITY,Read1,ReadPos 79 98% Quantile QV,40
POSITIONAL QUALITY,Read1,ReadPos 79 99% Quantile QV,40
POSITIONAL QUALITY,Read1,ReadPos 80 1% Quantile QV,12
POSITIONAL QUALITY,Read1,ReadPos 80 2% Quantile QV,12
POSITIONAL QUALITY,Read1,ReadPos 80 5% Quantile QV,24
POSITIONAL QUALITY,Read1,ReadPos 80 10% Quantile QV,40
POSITIONAL QUALITY,Read1,ReadPos 80 25% Quantile QV,40
POSITIONAL QUALITY,Read1,ReadPos 80 50% Quantile QV,40
POSITIONAL QUALITY,Read1,ReadPos 80 75% Quantile QV,40
POSITIONAL QUALITY,Read1,ReadPos 80 90% Quantile QV,40
POSITIONAL QUALITY,Read1,ReadPos 80 95% Quantile QV,40
POSITIONAL QUALITY,Read1,ReadPos 80 98% Quantile QV,40
POSITIONAL QUALITY,Read1,ReadPos 80 99% Quantile QV,40
POSITIONAL QUALITY,Read1,ReadPos 81 1% Quantile QV,12
POSITIONAL QUALITY,Read1,ReadPos 81 2% Quantile QV,12
POSITIONAL QUALITY,Read1,ReadPos 81 5% Quantile QV,24
POSITIONAL QUALITY,Read1,ReadPos 81 10% Quantile QV,40
POSITIONAL QUALITY,Read1,ReadPos 81 25% Quantile QV,40
POSITIONAL QUALITY,Read1,ReadPos 81 50% Quantile QV,40
POSITIONAL QUALITY,Read1,ReadPos 81 75% Quantile QV,40
POSITIONAL QUALITY,Read1,ReadPos 81 90% Quantile QV,40
POSITIONAL QUALITY,Read1,ReadPos 81 95% Quantile QV,40
POSITIONAL QUALITY,Read1,ReadPos 81 98% Quantile QV,40
POSITIONAL QUALITY,Read1,ReadPos 81 99% Quantile QV,40
POSITIONAL QUALITY,Read1,ReadPos 82 1% Quantile QV,12
POSITIONAL QUALITY,Read1,ReadPos 82 2% Quantile QV,12
POSITIONAL QUALITY,Read1,ReadPos 82 5% Quantile QV,24
POSITIONAL QUALITY,Read1,ReadPos 82 10% Quantile QV,40
POSITIONAL QUALITY,Read1,ReadPos 82 25% Quantile QV,40
POSITIONAL QUALITY,Read1,ReadPos 82 50% Quantile QV,40
POSITIONAL QUALITY,Read1,ReadPos 82 75% Quantile QV,40
POSITIONAL QUALITY,Read1,ReadPos 82 90% Quantile QV,40
POSITIONAL QUALITY,Read1,ReadPos 82 95% Quantile QV,40
POSITIONAL QUALITY,Read1,ReadPos 82 98% Quantile QV,40
POSITIONAL QUALITY,Read1,ReadPos 82 99% Quantile QV,40
POSITIONAL QUALITY,Read1,ReadPos 83 1% Quantile QV,12
POSITIONAL QUALITY,Read1,ReadPos 83 2% Quantile QV,12
POSITIONAL QUALITY,Read1,ReadPos 83 5% Quantile QV,24
POSITIONAL QUALITY,Read1,ReadPos 83 10% Quantile QV,40
POSITIONAL QUALITY,Read1,ReadPos 83 25% Quantile QV,40
POSITIONAL QUALITY,Read1,ReadPos 83 50% Quantile QV,40
POSITIONAL QUALITY,Read1,ReadPos 83 75% Quantile QV,40
POSITIONAL QUALITY,Read1,ReadPos 83 90% Quantile QV,40
POSITIONAL QUALITY,Read1,ReadPos 83 95% Quantile QV,40
POSITIONAL QUALITY,Read1,ReadPos 83 98% Quantile QV,40
POSITIONAL QUALITY,Read1,ReadPos 83 99% Quantile QV,40
POSITIONAL QUALITY,Read1,ReadPos 84 1% Quantile QV,12
POSITIONAL QUALITY,Read1,ReadPos 84 2% Quantile QV,12
POSITIONAL QUALITY,Read1,ReadPos 84 5% Quantile QV,24
POSITIONAL QUALITY,Read1,ReadPos 84 10% Quantile QV,40
POSITIONAL QUALITY,Read1,ReadPos 84 25% Quantile QV,40
POSITIONAL QUALITY,Read1,ReadPos 84 50% Quantile QV,40
POSITIONAL QUALITY,Read1,ReadPos 84 75% Quantile QV,40
POSITIONAL QUALITY,Read1,ReadPos 84 90% Quantile QV,40
POSITIONAL QUALITY,Read1,ReadPos 84 95% Quantile QV,40
POSITIONAL QUALITY,Read1,ReadPos 84 98% Quantile QV,40
POSITIONAL QUALITY,Read1,ReadPos 84 99% Quantile QV,40
POSITIONAL QUALITY,Read1,ReadPos 85 1% Quantile QV,12
POSITIONAL QUALITY,Read1,ReadPos 85 2% Quantile QV,12
POSITIONAL QUALITY,Read1,ReadPos 85 5% Quantile QV,24
POSITIONAL QUALITY,Read1,ReadPos 85 10% Quantile QV,40
POSITIONAL QUALITY,Read1,ReadPos 85 25% Quantile QV,40
POSITIONAL QUALITY,Read1,ReadPos 85 50% Quantile QV,40
POSITIONAL QUALITY,Read1,ReadPos 85 75% Quantile QV,40
POSITIONAL QUALITY,Read1,ReadPos 85 90% Quantile QV,40
POSITIONAL QUALITY,Read1,ReadPos 85 95% Quantile QV,40
POSITIONAL QUALITY,Read1,ReadPos 85 98% Quantile QV,40
POSITIONAL QUALITY,Read1,ReadPos 85 99% Quantile QV,40
POSITIONAL QUALITY,Read1,ReadPos 86 1% Quantile QV,12
POSITIONAL QUALITY,Read1,ReadPos 86 2% Quantile QV,12
POSITIONAL QUALITY,Read1,ReadPos 86 5% Quantile QV,24
POSITIONAL QUALITY,Read1,ReadPos 86 10% Quantile QV,40
POSITIONAL QUALITY,Read1,ReadPos 86 25% Quantile QV,40
POSITIONAL QUALITY,Read1,ReadPos 86 50% Quantile QV,40
POSITIONAL QUALITY,Read1,ReadPos 86 75% Quantile QV,40
POSITIONAL QUALITY,Read1,ReadPos 86 90% Quantile QV,40
POSITIONAL QUALITY,Read1,ReadPos 86 95% Quantile QV,40
POSITIONAL QUALITY,Read1,ReadPos 86 98% Quantile QV,40
POSITIONAL QUALITY,Read1,ReadPos 86 99% Quantile QV,40
POSITIONAL QUALITY,Read1,ReadPos 87 1% Quantile QV,12
POSITIONAL QUALITY,Read1,ReadPos 87 2% Quantile QV,12
POSITIONAL QUALITY,Read1,ReadPos 87 5% Quantile QV,24
POSITIONAL QUALITY,Read1,ReadPos 87 10% Quantile QV,40
POSITIONAL QUALITY,Read1,ReadPos 87 25% Quantile QV,40
POSITIONAL QUALITY,Read1,ReadPos 87 50% Quantile QV,40
POSITIONAL QUALITY,Read1,ReadPos 87 75% Quantile QV,40
POSITIONAL QUALITY,Read1,ReadPos 87 90% Quantile QV,40
POSITIONAL QUALITY,Read1,ReadPos 87 95% Quantile QV,40
POSITIONAL QUALITY,Read1,ReadPos 87 98% Quantile QV,40
POSITIONAL QUALITY,Read1,ReadPos 87 99% Quantile QV,40
POSITIONAL QUALITY,Read1,ReadPos 88 1% Quantile QV,12
POSITIONAL QUALITY,Read1,ReadPos 88 2% Quantile QV,12
POSITIONAL QUALITY,Read1,ReadPos 88 5% Quantile QV,24
POSITIONAL QUALITY,Read1,ReadPos 88 10% Quantile QV,40
POSITIONAL QUALITY,Read1,ReadPos 88 25% Quantile QV,40
POSITIONAL QUALITY,Read1,ReadPos 88 50% Quantile QV,40
POSITIONAL QUALITY,Read1,ReadPos 88 75% Quantile QV,40
POSITIONAL QUALITY,Read1,ReadPos 88 90% Quantile QV,40
POSITIONAL QUALITY,Read1,ReadPos 88 95% Quantile QV,40
POSITIONAL QUALITY,Read1,ReadPos 88 98% Quantile QV,40
POSITIONAL QUALITY,Read1,ReadPos 88 99% Quantile QV,40
POSITIONAL QUALITY,Read1,ReadPos 89 1% Quantile QV,12
POSITIONAL QUALITY,Read1,ReadPos 89 2% Quantile QV,12
POSITIONAL QUALITY,Read1,ReadPos 89 5% Quantile QV,24
POSITIONAL QUALITY,Read1,ReadPos 89 10% Quantile QV,40
POSITIONAL QUALITY,Read1,ReadPos 89 25% Quantile QV,40
POSITIONAL QUALITY,Read1,ReadPos 89 50% Quantile QV,40
POSITIONAL QUALITY,Read1,ReadPos 89 75% Quantile QV,40
POSITIONAL QUALITY,Read1,ReadPos 89 90% Quantile QV,40
POSITIONAL QUALITY,Read1,ReadPos 89 95% Quantile QV,40
POSITIONAL QUALITY,Read1,ReadPos 89 98% Quantile QV,40
POSITIONAL QUALITY,Read1,ReadPos 89 99% Quantile QV,40
POSITIONAL QUALITY,Read1,ReadPos 90 1% Quantile QV,12
POSITIONAL QUALITY,Read1,ReadPos 90 2% Quantile QV,12
POSITIONAL QUALITY,Read1,ReadPos 90 5% Quantile QV,24
POSITIONAL QUALITY,Read1,ReadPos 90 10% Quantile QV,40
POSITIONAL QUALITY,Read1,ReadPos 90 25% Quantile QV,40
POSITIONAL QUALITY,Read1,ReadPos 90 50% Quantile QV,40
POSITIONAL QUALITY,Read1,ReadPos 90 75% Quantile QV,40
POSITIONAL QUALITY,Read1,ReadPos 90 90% Quantile QV,40
POSITIONAL QUALITY,Read1,ReadPos 90 95% Quantile QV,40
POSITIONAL QUALITY,Read1,ReadPos 90 98% Quantile QV,40
POSITIONAL QUALITY,Read1,ReadPos 90 99% Quantile QV,40
POSITIONAL QUALITY,Read1,ReadPos 91 1% Quantile QV,12
POSITIONAL QUALITY,Read1,ReadPos 91 2% Quantile QV,12
POSITIONAL QUALITY,Read1,ReadPos 91 5% Quantile QV,24
POSITIONAL QUALITY,Read1,ReadPos 91 10% Quantile QV,40
POSITIONAL QUALITY,Read1,ReadPos 91 25% Quantile QV,40
POSITIONAL QUALITY,Read1,ReadPos 91 50% Quantile QV,40
POSITIONAL QUALITY,Read1,ReadPos 91 75% Quantile QV,40
POSITIONAL QUALITY,Read1,ReadPos 91 90% Quantile QV,40
POSITIONAL QUALITY,Read1,ReadPos 91 95% Quantile QV,40
POSITIONAL QUALITY,Read1,ReadPos 91 98% Quantile QV,40
POSITIONAL QUALITY,Read1,ReadPos 91 99% Quantile QV,40
POSITIONAL QUALITY,Read1,ReadPos 92 1% Quantile QV,12
POSITIONAL QUALITY,Read1,ReadPos 92 2% Quantile QV,12
POSITIONAL QUALITY,Read1,ReadPos 92 5% Quantile QV,24
POSITIONAL QUALITY,Read1,ReadPos 92 10% Quantile QV,40
POSITIONAL QUALITY,Read1,ReadPos 92 25% Quantile QV,40
POSITIONAL QUALITY,Read1,ReadPos 92 50% Quantile QV,40
POSITIONAL QUALITY,Read1,ReadPos 92 75% Quantile QV,40
POSITIONAL QUALITY,Read1,ReadPos 92 90% Quantile QV,40
POSITIONAL QUALITY,Read1,ReadPos 92 95% Quantile QV,40
POSITIONAL QUALITY,Read1,ReadPos 92 98% Quantile QV,40
POSITIONAL QUALITY,Read1,ReadPos 92 99% Quantile QV,40
POSITIONAL QUALITY,Read1,ReadPos 93 1% Quantile QV,12
POSITIONAL QUALITY,Read1,ReadPos 93 2% Quantile QV,12
POSITIONAL QUALITY,Read1,ReadPos 93 5% Quantile QV,24
POSITIONAL QUALITY,Read1,ReadPos 93 10% Quantile QV,40
POSITIONAL QUALITY,Read1,ReadPos 93 25% Quantile QV,40
POSITIONAL QUALITY,Read1,ReadPos 93 50% Quantile QV,40
POSITIONAL QUALITY,Read1,ReadPos 93 75% Quantile QV,40
POSITIONAL QUALITY,Read1,ReadPos 93 90% Quantile QV,40
POSITIONAL QUALITY,Read1,ReadPos 93 95% Quantile QV,40
POSITIONAL QUALITY,Read1,ReadPos 93 98% Quantile QV,40
POSITIONAL QUALITY,Read1,ReadPos 93 99% Quantile QV,40
POSITIONAL QUALITY,Read1,ReadPos 94 1% Quantile QV,12
POSITIONAL QUALITY,Read1,ReadPos 94 2% Quantile QV,12
POSITIONAL QUALITY,Read1,ReadPos 94 5% Quantile QV,24
POSITIONAL QUALITY,Read1,ReadPos 94 10% Quantile QV,40
POSITIONAL QUALITY,Read1,ReadPos 94 25% Quantile QV,40
POSITIONAL QUALITY,Read1,ReadPos 94 50% Quantile QV,40
POSITIONAL QUALITY,Read1,ReadPos 94 75% Quantile QV,40
POSITIONAL QUALITY,Read1,ReadPos 94 90% Quantile QV,40
POSITIONAL QUALITY,Read1,ReadPos 94 95% Quantile QV,40
POSITIONAL QUALITY,Read1,ReadPos 94 98% Quantile QV,40
POSITIONAL QUALITY,Read1,ReadPos 94 99% Quantile QV,40
POSITIONAL QUALITY,Read1,ReadPos 95 1% Quantile QV,12
POSITIONAL QUALITY,Read1,ReadPos 95 2% Quantile QV,12
POSITIONAL QUALITY,Read1,ReadPos 95 5% Quantile QV,24
POSITIONAL QUALITY,Read1,ReadPos 95 10% Quantile QV,40
POSITIONAL QUALITY,Read1,ReadPos 95 25% Quantile QV,40
POSITIONAL QUALITY,Read1,ReadPos 95 50% Quantile QV,40
POSITIONAL QUALITY,Read1,ReadPos 95 75% Quantile QV,40
POSITIONAL QUALITY,Read1,ReadPos 95 90% Quantile QV,40
POSITIONAL QUALITY,Read1,ReadPos 95 95% Quantile QV,40
POSITIONAL QUALITY,Read1,ReadPos 95 98% Quantile QV,40
POSITIONAL QUALITY,Read1,ReadPos 95 99% Quantile QV,40
POSITIONAL QUALITY,Read1,ReadPos 96 1% Quantile QV,12
POSITIONAL QUALITY,Read1,ReadPos 96 2% Quantile QV,12
POSITIONAL QUALITY,Read1,ReadPos 96 5% Quantile QV,24
POSITIONAL QUALITY,Read1,ReadPos 96 10% Quantile QV,40
POSITIONAL QUALITY,Read1,ReadPos 96 25% Quantile QV,40
POSITIONAL QUALITY,Read1,ReadPos 96 50% Quantile QV,40
POSITIONAL QUALITY,Read1,ReadPos 96 75% Quantile QV,40
POSITIONAL QUALITY,Read1,ReadPos 96 90% Quantile QV,40
POSITIONAL QUALITY,Read1,ReadPos 96 95% Quantile QV,40
POSITIONAL QUALITY,Read1,ReadPos 96 98% Quantile QV,40
POSITIONAL QUALITY,Read1,ReadPos 96 99% Quantile QV,40
POSITIONAL QUALITY,Read1,ReadPos 97 1% Quantile QV,12
POSITIONAL QUALITY,Read1,ReadPos 97 2% Quantile QV,12
POSITIONAL QUALITY,Read1,ReadPos 97 5% Quantile QV,24
POSITIONAL QUALITY,Read1,ReadPos 97 10% Quantile QV,40
POSITIONAL QUALITY,Read1,ReadPos 97 25% Quantile QV,40
POSITIONAL QUALITY,Read1,ReadPos 97 50% Quantile QV,40
POSITIONAL QUALITY,Read1,ReadPos 97 75% Quantile QV,40
POSITIONAL QUALITY,Read1,ReadPos 97 90% Quantile QV,40
POSITIONAL QUALITY,Read1,ReadPos 97 95% Quantile QV,40
POSITIONAL QUALITY,Read1,ReadPos 97 98% Quantile QV,40
POSITIONAL QUALITY,Read1,ReadPos 97 99% Quantile QV,40
POSITIONAL QUALITY,Read1,ReadPos 98 1% Quantile QV,12
POSITIONAL QUALITY,Read1,ReadPos 98 2% Quantile QV,12
POSITIONAL QUALITY,Read1,ReadPos 98 5% Quantile QV,24
POSITIONAL QUALITY,Read1,ReadPos 98 10% Quantile QV,40
POSITIONAL QUALITY,Read1,ReadPos 98 25% Quantile QV,40
POSITIONAL QUALITY,Read1,ReadPos 98 50% Quantile QV,40
POSITIONAL QUALITY,Read1,ReadPos 98 75% Quantile QV,40
POSITIONAL QUALITY,Read1,ReadPos 98 90% Quantile QV,40
POSITIONAL QUALITY,Read1,ReadPos 98 95% Quantile QV,40
POSITIONAL QUALITY,Read1,ReadPos 98 98% Quantile QV,40
POSITIONAL QUALITY,Read1,ReadPos 98 99% Quantile QV,40
POSITIONAL QUALITY,Read1,ReadPos 99 1% Quantile QV,12
POSITIONAL QUALITY,Read1,ReadPos 99 2% Quantile QV,12
POSITIONAL QUALITY,Read1,ReadPos 99 5% Quantile QV,24
POSITIONAL QUALITY,Read1,ReadPos 99 10% Quantile QV,40
POSITIONAL QUALITY,Read1,ReadPos 99 25% Quantile QV,40
POSITIONAL QUALITY,Read1,ReadPos 99 50% Quantile QV,40
POSITIONAL QUALITY,Read1,ReadPos 99 75% Quantile QV,40
POSITIONAL QUALITY,Read1,ReadPos 99 90% Quantile QV,40
POSITIONAL QUALITY,Read1,ReadPos 99 95% Quantile QV,40
POSITIONAL QUALITY,Read1,ReadPos 99 98% Quantile QV,40
POSITIONAL QUALITY,Read1,ReadPos 99 99% Quantile QV,40
POSITIONAL QUALITY,Read1,ReadPos 100 1% Quantile QV,12
POSITIONAL QUALITY,Read1,ReadPos 100 2% Quantile QV,12
POSITIONAL QUALITY,Read1,ReadPos 100 5% Quantile QV,24
POSITIONAL QUALITY,Read1,ReadPos 100 10% Quantile QV,40
POSITIONAL QUALITY,Read1,ReadPos 100 25% Quantile QV,40
POSITIONAL QUALITY,Read1,ReadPos 100 50% Quantile QV,40
POSITIONAL QUALITY,Read1,ReadPos 100 75% Quantile QV,40
POSITIONAL QUALITY,Read1,ReadPos 100 90% Quantile QV,40
POSITIONAL QUALITY,Read1,ReadPos 100 95% Quantile QV,40
POSITIONAL QUALITY,Read1,ReadPos 100 98% Quantile QV,40
POSITIONAL QUALITY,Read1,ReadPos 100 99% Quantile QV,40
POSITIONAL QUALITY,Read1,ReadPos 101 1% Quantile QV,12
POSITIONAL QUALITY,Read1,ReadPos 101 2% Quantile QV,12
POSITIONAL QUALITY,Read1,ReadPos 101 5% Quantile QV,24
POSITIONAL QUALITY,Read1,ReadPos 101 10% Quantile QV,40
POSITIONAL QUALITY,Read1,ReadPos 101 25% Quantile QV,40
POSITIONAL QUALITY,Read1,ReadPos 101 50% Quantile QV,40
POSITIONAL QUALITY,Read1,ReadPos 101 75% Quantile QV,40
POSITIONAL QUALITY,Read1,ReadPos 101 90% Quantile QV,40
POSITIONAL QUALITY,Read1,ReadPos 101 95% Quantile QV,40
POSITIONAL QUALITY,Read1,ReadPos 101 98% Quantile QV,40
POSITIONAL QUALITY,Read1,ReadPos 101 99% Quantile QV,40
POSITIONAL QUALITY,Read1,ReadPos 102 1% Quantile QV,12
POSITIONAL QUALITY,Read1,ReadPos 102 2% Quantile QV,12
POSITIONAL QUALITY,Read1,ReadPos 102 5% Quantile QV,24
POSITIONAL QUALITY,Read1,ReadPos 102 10% Quantile QV,40
POSITIONAL QUALITY,Read1,ReadPos 102 25% Quantile QV,40
POSITIONAL QUALITY,Read1,ReadPos 102 50% Quantile QV,40
POSITIONAL QUALITY,Read1,ReadPos 102 75% Quantile QV,40
POSITIONAL QUALITY,Read1,ReadPos 102 90% Quantile QV,40
POSITIONAL QUALITY,Read1,ReadPos 102 95% Quantile QV,40
POSITIONAL QUALITY,Read1,ReadPos 102 98% Quantile QV,40
POSITIONAL QUALITY,Read1,ReadPos 102 99% Quantile QV,40
POSITIONAL QUALITY,Read1,ReadPos 103 1% Quantile QV,12
POSITIONAL QUALITY,Read1,ReadPos 103 2% Quantile QV,12
POSITIONAL QUALITY,Read1,ReadPos 103 5% Quantile QV,24
POSITIONAL QUALITY,Read1,ReadPos 103 10% Quantile QV,40
POSITIONAL QUALITY,Read1,ReadPos 103 25% Quantile QV,40
POSITIONAL QUALITY,Read1,ReadPos 103 50% Quantile QV,40
POSITIONAL QUALITY,Read1,ReadPos 103 75% Quantile QV,40
POSITIONAL QUALITY,Read1,ReadPos 103 90% Quantile QV,40
POSITIONAL QUALITY,Read1,ReadPos 103 95% Quantile QV,40
POSITIONAL QUALITY,Read1,ReadPos 103 98% Quantile QV,40
POSITIONAL QUALITY,Read1,ReadPos 103 99% Quantile QV,40
POSITIONAL QUALITY,Read1,ReadPos 104 1% Quantile QV,12
POSITIONAL QUALITY,Read1,ReadPos 104 2% Quantile QV,12
POSITIONAL QUALITY,Read1,ReadPos 104 5% Quantile QV,24
POSITIONAL QUALITY,Read1,ReadPos 104 10% Quantile QV,40
POSITIONAL QUALITY,Read1,ReadPos 104 25% Quantile QV,40
POSITIONAL QUALITY,Read1,ReadPos 104 50% Quantile QV,40
POSITIONAL QUALITY,Read1,ReadPos 104 75% Quantile QV,40
POSITIONAL QUALITY,Read1,ReadPos 104 90% Quantile QV,40
POSITIONAL QUALITY,Read1,ReadPos 104 95% Quantile QV,40
POSITIONAL QUALITY,Read1,ReadPos 104 98% Quantile QV,40
POSITIONAL QUALITY,Read1,ReadPos 104 99% Quantile QV,40
POSITIONAL QUALITY,Read1,ReadPos 105 1% Quantile QV,12
POSITIONAL QUALITY,Read1,ReadPos 105 2% Quantile QV,12
POSITIONAL QUALITY,Read1,ReadPos 105 5% Quantile QV,24
POSITIONAL QUALITY,Read1,ReadPos 105 10% Quantile QV,40
POSITIONAL QUALITY,Read1,ReadPos 105 25% Quantile QV,40
POSITIONAL QUALITY,Read1,ReadPos 105 50% Quantile QV,40
POSITIONAL QUALITY,Read1,ReadPos 105 75% Quantile QV,40
POSITIONAL QUALITY,Read1,ReadPos 105 90% Quantile QV,40
POSITIONAL QUALITY,Read1,ReadPos 105 95% Quantile QV,40
POSITIONAL QUALITY,Read1,ReadPos 105 98% Quantile QV,40
POSITIONAL QUALITY,Read1,ReadPos 105 99% Quantile QV,40
POSITIONAL QUALITY,Read1,ReadPos 106 1% Quantile QV,12
POSITIONAL QUALITY,Read1,ReadPos 106 2% Quantile QV,12
POSITIONAL QUALITY,Read1,ReadPos 106 5% Quantile QV,24
POSITIONAL QUALITY,Read1,ReadPos 106 10% Quantile QV,40
POSITIONAL QUALITY,Read1,ReadPos 106 25% Quantile QV,40
POSITIONAL QUALITY,Read1,ReadPos 106 50% Quantile QV,40
POSITIONAL QUALITY,Read1,ReadPos 106 75% Quantile QV,40
POSITIONAL QUALITY,Read1,ReadPos 106 90% Quantile QV,40
POSITIONAL QUALITY,Read1,ReadPos 106 95% Quantile QV,40
POSITIONAL QUALITY,Read1,ReadPos 106 98% Quantile QV,40
POSITIONAL QUALITY,Read1,ReadPos 106 99% Quantile QV,40
POSITIONAL QUALITY,Read1,ReadPos 107 1% Quantile QV,12
POSITIONAL QUALITY,Read1,ReadPos 107 2% Quantile QV,12
POSITIONAL QUALITY,Read1,ReadPos 107 5% Quantile QV,24
POSITIONAL QUALITY,Read1,ReadPos 107 10% Quantile QV,40
POSITIONAL QUALITY,Read1,ReadPos 107 25% Quantile QV,40
POSITIONAL QUALITY,Read1,ReadPos 107 50% Quantile QV,40
POSITIONAL QUALITY,Read1,ReadPos 107 75% Quantile QV,40
POSITIONAL QUALITY,Read1,ReadPos 107 90% Quantile QV,40
POSITIONAL QUALITY,Read1,ReadPos 107 95% Quantile QV,40
POSITIONAL QUALITY,Read1,ReadPos 107 98% Quantile QV,40
POSITIONAL QUALITY,Read1,ReadPos 107 99% Quantile QV,40
POSITIONAL QUALITY,Read1,ReadPos 108 1% Quantile QV,12
POSITIONAL QUALITY,Read1,ReadPos 108 2% Quantile QV,12
POSITIONAL QUALITY,Read1,ReadPos 108 5% Quantile QV,24
POSITIONAL QUALITY,Read1,ReadPos 108 10% Quantile QV,40
POSITIONAL QUALITY,Read1,ReadPos 108 25% Quantile QV,40
POSITIONAL QUALITY,Read1,ReadPos 108 50% Quantile QV,40
POSITIONAL QUALITY,Read1,ReadPos 108 75% Quantile QV,40
POSITIONAL QUALITY,Read1,ReadPos 108 90% Quantile QV,40
POSITIONAL QUALITY,Read1,ReadPos 108 95% Quantile QV,40
POSITIONAL QUALITY,Read1,ReadPos 108 98% Quantile QV,40
POSITIONAL QUALITY,Read1,ReadPos 108 99% Quantile QV,40
POSITIONAL QUALITY,Read1,ReadPos 109 1% Quantile QV,12
POSITIONAL QUALITY,Read1,ReadPos 109 2% Quantile QV,12
POSITIONAL QUALITY,Read1,ReadPos 109 5% Quantile QV,24
POSITIONAL QUALITY,Read1,ReadPos 109 10% Quantile QV,40
POSITIONAL QUALITY,Read1,ReadPos 109 25% Quantile QV,40
POSITIONAL QUALITY,Read1,ReadPos 109 50% Quantile QV,40
POSITIONAL QUALITY,Read1,ReadPos 109 75% Quantile QV,40
POSITIONAL QUALITY,Read1,ReadPos 109 90% Quantile QV,40
POSITIONAL QUALITY,Read1,ReadPos 109 95% Quantile QV,40
POSITIONAL QUALITY,Read1,ReadPos 109 98% Quantile QV,40
POSITIONAL QUALITY,Read1,ReadPos 109 99% Quantile QV,40
POSITIONAL QUALITY,Read1,ReadPos 110 1% Quantile QV,12
POSITIONAL QUALITY,Read1,ReadPos 110 2% Quantile QV,12
POSITIONAL QUALITY,Read1,ReadPos 110 5% Quantile QV,24
POSITIONAL QUALITY,Read1,ReadPos 110 10% Quantile QV,40
POSITIONAL QUALITY,Read1,ReadPos 110 25% Quantile QV,40
POSITIONAL QUALITY,Read1,ReadPos 110 50% Quantile QV,40
POSITIONAL QUALITY,Read1,ReadPos 110 75% Quantile QV,40
POSITIONAL QUALITY,Read1,ReadPos 110 90% Quantile QV,40
POSITIONAL QUALITY,Read1,ReadPos 110 95% Quantile QV,40
POSITIONAL QUALITY,Read1,ReadPos 110 98% Quantile QV,40
POSITIONAL QUALITY,Read1,ReadPos 110 99% Quantile QV,40
POSITIONAL QUALITY,Read1,ReadPos 111 1% Quantile QV,12
POSITIONAL QUALITY,Read1,ReadPos 111 2% Quantile QV,12
POSITIONAL QUALITY,Read1,ReadPos 111 5% Quantile QV,24
POSITIONAL QUALITY,Read1,ReadPos 111 10% Quantile QV,40
POSITIONAL QUALITY,Read1,ReadPos 111 25% Quantile QV,40
POSITIONAL QUALITY,Read1,ReadPos 111 50% Quantile QV,40
POSITIONAL QUALITY,Read1,ReadPos 111 75% Quantile QV,40
POSITIONAL QUALITY,Read1,ReadPos 111 90% Quantile QV,40
POSITIONAL QUALITY,Read1,ReadPos 111 95% Quantile QV,40
POSITIONAL QUALITY,Read1,ReadPos 111 98% Quantile QV,40
POSITIONAL QUALITY,Read1,ReadPos 111 99% Quantile QV,40
POSITIONAL QUALITY,Read1,ReadPos 112 1% Quantile QV,12
POSITIONAL QUALITY,Read1,ReadPos 112 2% Quantile QV,12
POSITIONAL QUALITY,Read1,ReadPos 112 5% Quantile QV,24
POSITIONAL QUALITY,Read1,ReadPos 112 10% Quantile QV,40
POSITIONAL QUALITY,Read1,ReadPos 112 25% Quantile QV,40
POSITIONAL QUALITY,Read1,ReadPos 112 50% Quantile QV,40
POSITIONAL QUALITY,Read1,ReadPos 112 75% Quantile QV,40
POSITIONAL QUALITY,Read1,ReadPos 112 90% Quantile QV,40
POSITIONAL QUALITY,Read1,ReadPos 112 95% Quantile QV,40
POSITIONAL QUALITY,Read1,ReadPos 112 98% Quantile QV,40
POSITIONAL QUALITY,Read1,ReadPos 112 99% Quantile QV,40
POSITIONAL QUALITY,Read1,ReadPos 113 1% Quantile QV,12
POSITIONAL QUALITY,Read1,ReadPos 113 2% Quantile QV,12
POSITIONAL QUALITY,Read1,ReadPos 113 5% Quantile QV,24
POSITIONAL QUALITY,Read1,ReadPos 113 10% Quantile QV,40
POSITIONAL QUALITY,Read1,ReadPos 113 25% Quantile QV,40
POSITIONAL QUALITY,Read1,ReadPos 113 50% Quantile QV,40
POSITIONAL QUALITY,Read1,ReadPos 113 75% Quantile QV,40
POSITIONAL QUALITY,Read1,ReadPos 113 90% Quantile QV,40
POSITIONAL QUALITY,Read1,ReadPos 113 95% Quantile QV,40
POSITIONAL QUALITY,Read1,ReadPos 113 98% Quantile QV,40
POSITIONAL QUALITY,Read1,ReadPos 113 99% Quantile QV,40
POSITIONAL QUALITY,Read1,ReadPos 114 1% Quantile QV,12
POSITIONAL QUALITY,Read1,ReadPos 114 2% Quantile QV,12
POSITIONAL QUALITY,Read1,ReadPos 114 5% Quantile QV,24
POSITIONAL QUALITY,Read1,ReadPos 114 10% Quantile QV,40
POSITIONAL QUALITY,Read1,ReadPos 114 25% Quantile QV,40
POSITIONAL QUALITY,Read1,ReadPos 114 50% Quantile QV,40
POSITIONAL QUALITY,Read1,ReadPos 114 75% Quantile QV,40
POSITIONAL QUALITY,Read1,ReadPos 114 90% Quantile QV,40
POSITIONAL QUALITY,Read1,ReadPos 114 95% Quantile QV,40
POSITIONAL QUALITY,Read1,ReadPos 114 98% Quantile QV,40
POSITIONAL QUALITY,Read1,ReadPos 114 99% Quantile QV,40
POSITIONAL QUALITY,Read1,ReadPos 115 1% Quantile QV,12
POSITIONAL QUALITY,Read1,ReadPos 115 2% Quantile QV,12
POSITIONAL QUALITY,Read1,ReadPos 115 5% Quantile QV,24
POSITIONAL QUALITY,Read1,ReadPos 115 10% Quantile QV,40
POSITIONAL QUALITY,Read1,ReadPos 115 25% Quantile QV,40
POSITIONAL QUALITY,Read1,ReadPos 115 50% Quantile QV,40
POSITIONAL QUALITY,Read1,ReadPos 115 75% Quantile QV,40
POSITIONAL QUALITY,Read1,ReadPos 115 90% Quantile QV,40
POSITIONAL QUALITY,Read1,ReadPos 115 95% Quantile QV,40
POSITIONAL QUALITY,Read1,ReadPos 115 98% Quantile QV,40
POSITIONAL QUALITY,Read1,ReadPos 115 99% Quantile QV,40
POSITIONAL QUALITY,Read1,ReadPos 116 1% Quantile QV,12
POSITIONAL QUALITY,Read1,ReadPos 116 2% Quantile QV,12
POSITIONAL QUALITY,Read1,ReadPos 116 5% Quantile QV,24
POSITIONAL QUALITY,Read1,ReadPos 116 10% Quantile QV,40
POSITIONAL QUALITY,Read1,ReadPos 116 25% Quantile QV,40
POSITIONAL QUALITY,Read1,ReadPos 116 50% Quantile QV,40
POSITIONAL QUALITY,Read1,ReadPos 116 75% Quantile QV,40
POSITIONAL QUALITY,Read1,ReadPos 116 90% Quantile QV,40
POSITIONAL QUALITY,Read1,ReadPos 116 95% Quantile QV,40
POSITIONAL QUALITY,Read1,ReadPos 116 98% Quantile QV,40
POSITIONAL QUALITY,Read1,ReadPos 116 99% Quantile QV,40
POSITIONAL QUALITY,Read1,ReadPos 117 1% Quantile QV,12
POSITIONAL QUALITY,Read1,ReadPos 117 2% Quantile QV,12
POSITIONAL QUALITY,Read1,ReadPos 117 5% Quantile QV,24
POSITIONAL QUALITY,Read1,ReadPos 117 10% Quantile QV,40
POSITIONAL QUALITY,Read1,ReadPos 117 25% Quantile QV,40
POSITIONAL QUALITY,Read1,ReadPos 117 50% Quantile QV,40
POSITIONAL QUALITY,Read1,ReadPos 117 75% Quantile QV,40
POSITIONAL QUALITY,Read1,ReadPos 117 90% Quantile QV,40
POSITIONAL QUALITY,Read1,ReadPos 117 95% Quantile QV,40
POSITIONAL QUALITY,Read1,ReadPos 117 98% Quantile QV,40
POSITIONAL QUALITY,Read1,ReadPos 117 99% Quantile QV,40
POSITIONAL QUALITY,Read1,ReadPos 118 1% Quantile QV,12
POSITIONAL QUALITY,Read1,ReadPos 118 2% Quantile QV,12
POSITIONAL QUALITY,Read1,ReadPos 118 5% Quantile QV,24
POSITIONAL QUALITY,Read1,ReadPos 118 10% Quantile QV,40
POSITIONAL QUALITY,Read1,ReadPos 118 25% Quantile QV,40
POSITIONAL QUALITY,Read1,ReadPos 118 50% Quantile QV,40
POSITIONAL QUALITY,Read1,ReadPos 118 75% Quantile QV,40
POSITIONAL QUALITY,Read1,ReadPos 118 90% Quantile QV,40
POSITIONAL QUALITY,Read1,ReadPos 118 95% Quantile QV,40
POSITIONAL QUALITY,Read1,ReadPos 118 98% Quantile QV,40
POSITIONAL QUALITY,Read1,ReadPos 118 99% Quantile QV,40
POSITIONAL QUALITY,Read1,ReadPos 119 1% Quantile QV,12
POSITIONAL QUALITY,Read1,ReadPos 119 2% Quantile QV,12
POSITIONAL QUALITY,Read1,ReadPos 119 5% Quantile QV,24
POSITIONAL QUALITY,Read1,ReadPos 119 10% Quantile QV,40
POSITIONAL QUALITY,Read1,ReadPos 119 25% Quantile QV,40
POSITIONAL QUALITY,Read1,ReadPos 119 50% Quantile QV,40
POSITIONAL QUALITY,Read1,ReadPos 119 75% Quantile QV,40
POSITIONAL QUALITY,Read1,ReadPos 119 90% Quantile QV,40
POSITIONAL QUALITY,Read1,ReadPos 119 95% Quantile QV,40
POSITIONAL QUALITY,Read1,ReadPos 119 98% Quantile QV,40
POSITIONAL QUALITY,Read1,ReadPos 119 99% Quantile QV,40
POSITIONAL QUALITY,Read1,ReadPos 120 1% Quantile QV,12
POSITIONAL QUALITY,Read1,ReadPos 120 2% Quantile QV,12
POSITIONAL QUALITY,Read1,ReadPos 120 5% Quantile QV,24
POSITIONAL QUALITY,Read1,ReadPos 120 10% Quantile QV,40
POSITIONAL QUALITY,Read1,ReadPos 120 25% Quantile QV,40
POSITIONAL QUALITY,Read1,ReadPos 120 50% Quantile QV,40
POSITIONAL QUALITY,Read1,ReadPos 120 75% Quantile QV,40
POSITIONAL QUALITY,Read1,ReadPos 120 90% Quantile QV,40
POSITIONAL QUALITY,Read1,ReadPos 120 95% Quantile QV,40
POSITIONAL QUALITY,Read1,ReadPos 120 98% Quantile QV,40
POSITIONAL QUALITY,Read1,ReadPos 120 99% Quantile QV,40
POSITIONAL QUALITY,Read1,ReadPos 121 1% Quantile QV,12
POSITIONAL QUALITY,Read1,ReadPos 121 2% Quantile QV,12
POSITIONAL QUALITY,Read1,ReadPos 121 5% Quantile QV,24
POSITIONAL QUALITY,Read1,ReadPos 121 10% Quantile QV,40
POSITIONAL QUALITY,Read1,ReadPos 121 25% Quantile QV,40
POSITIONAL QUALITY,Read1,ReadPos 121 50% Quantile QV,40
POSITIONAL QUALITY,Read1,ReadPos 121 75% Quantile QV,40
POSITIONAL QUALITY,Read1,ReadPos 121 90% Quantile QV,40
POSITIONAL QUALITY,Read1,ReadPos 121 95% Quantile QV,40
POSITIONAL QUALITY,Read1,ReadPos 121 98% Quantile QV,40
POSITIONAL QUALITY,Read1,ReadPos 121 99% Quantile QV,40
POSITIONAL QUALITY,Read1,ReadPos 122 1% Quantile QV,12
POSITIONAL QUALITY,Read1,ReadPos 122 2% Quantile QV,12
POSITIONAL QUALITY,Read1,ReadPos 122 5% Quantile QV,24
POSITIONAL QUALITY,Read1,ReadPos 122 10% Quantile QV,40
POSITIONAL QUALITY,Read1,ReadPos 122 25% Quantile QV,40
POSITIONAL QUALITY,Read1,ReadPos 122 50% Quantile QV,40
POSITIONAL QUALITY,Read1,ReadPos 122 75% Quantile QV,40
POSITIONAL QUALITY,Read1,ReadPos 122 90% Quantile QV,40
POSITIONAL QUALITY,Read1,ReadPos 122 95% Quantile QV,40
POSITIONAL QUALITY,Read1,ReadPos 122 98% Quantile QV,40
POSITIONAL QUALITY,Read1,ReadPos 122 99% Quantile QV,40
POSITIONAL QUALITY,Read1,ReadPos 123 1% Quantile QV,12
POSITIONAL QUALITY,Read1,ReadPos 123 2% Quantile QV,12
POSITIONAL QUALITY,Read1,ReadPos 123 5% Quantile QV,24
POSITIONAL QUALITY,Read1,ReadPos 123 10% Quantile QV,40
POSITIONAL QUALITY,Read1,ReadPos 123 25% Quantile QV,40
POSITIONAL QUALITY,Read1,ReadPos 123 50% Quantile QV,40
POSITIONAL QUALITY,Read1,ReadPos 123 75% Quantile QV,40
POSITIONAL QUALITY,Read1,ReadPos 123 90% Quantile QV,40
POSITIONAL QUALITY,Read1,ReadPos 123 95% Quantile QV,40
POSITIONAL QUALITY,Read1,ReadPos 123 98% Quantile QV,40
POSITIONAL QUALITY,Read1,ReadPos 123 99% Quantile QV,40
POSITIONAL QUALITY,Read1,ReadPos 124 1% Quantile QV,12
POSITIONAL QUALITY,Read1,ReadPos 124 2% Quantile QV,12
POSITIONAL QUALITY,Read1,ReadPos 124 5% Quantile QV,24
POSITIONAL QUALITY,Read1,ReadPos 124 10% Quantile QV,40
POSITIONAL QUALITY,Read1,ReadPos 124 25% Quantile QV,40
POSITIONAL QUALITY,Read1,ReadPos 124 50% Quantile QV,40
POSITIONAL QUALITY,Read1,ReadPos 124 75% Quantile QV,40
POSITIONAL QUALITY,Read1,ReadPos 124 90% Quantile QV,40
POSITIONAL QUALITY,Read1,ReadPos 124 95% Quantile QV,40
POSITIONAL QUALITY,Read1,ReadPos 124 98% Quantile QV,40
POSITIONAL QUALITY,Read1,ReadPos 124 99% Quantile QV,40
POSITIONAL QUALITY,Read1,ReadPos 125 1% Quantile QV,12
POSITIONAL QUALITY,Read1,ReadPos 125 2% Quantile QV,12
POSITIONAL QUALITY,Read1,ReadPos 125 5% Quantile QV,24
POSITIONAL QUALITY,Read1,ReadPos 125 10% Quantile QV,40
POSITIONAL QUALITY,Read1,ReadPos 125 25% Quantile QV,40
POSITIONAL QUALITY,Read1,ReadPos 125 50% Quantile QV,40
POSITIONAL QUALITY,Read1,ReadPos 125 75% Quantile QV,40
POSITIONAL QUALITY,Read1,ReadPos 125 90% Quantile QV,40
POSITIONAL QUALITY,Read1,ReadPos 125 95% Quantile QV,40
POSITIONAL QUALITY,Read1,ReadPos 125 98% Quantile QV,40
POSITIONAL QUALITY,Read1,ReadPos 125 99% Quantile QV,40
POSITIONAL QUALITY,Read1,ReadPos 126 1% Quantile QV,12
POSITIONAL QUALITY,Read1,ReadPos 126 2% Quantile QV,12
POSITIONAL QUALITY,Read1,ReadPos 126 5% Quantile QV,24
POSITIONAL QUALITY,Read1,ReadPos 126 10% Quantile QV,40
POSITIONAL QUALITY,Read1,ReadPos 126 25% Quantile QV,40
POSITIONAL QUALITY,Read1,ReadPos 126 50% Quantile QV,40
POSITIONAL QUALITY,Read1,ReadPos 126 75% Quantile QV,40
POSITIONAL QUALITY,Read1,ReadPos 126 90% Quantile QV,40
POSITIONAL QUALITY,Read1,ReadPos 126 95% Quantile QV,40
POSITIONAL QUALITY,Read1,ReadPos 126 98% Quantile QV,40
POSITIONAL QUALITY,Read1,ReadPos 126 99% Quantile QV,40
POSITIONAL QUALITY,Read1,ReadPos 127 1% Quantile QV,12
POSITIONAL QUALITY,Read1,ReadPos 127 2% Quantile QV,12
POSITIONAL QUALITY,Read1,ReadPos 127 5% Quantile QV,24
POSITIONAL QUALITY,Read1,ReadPos 127 10% Quantile QV,24
POSITIONAL QUALITY,Read1,ReadPos 127 25% Quantile QV,40
POSITIONAL QUALITY,Read1,ReadPos 127 50% Quantile QV,40
POSITIONAL QUALITY,Read1,ReadPos 127 75% Quantile QV,40
POSITIONAL QUALITY,Read1,ReadPos 127 90% Quantile QV,40
POSITIONAL QUALITY,Read1,ReadPos 127 95% Quantile QV,40
POSITIONAL QUALITY,Read1,ReadPos 127 98% Quantile QV,40
POSITIONAL QUALITY,Read1,ReadPos 127 99% Quantile QV,40
POSITIONAL QUALITY,Read1,ReadPos 128 1% Quantile QV,12
POSITIONAL QUALITY,Read1,ReadPos 128 2% Quantile QV,12
POSITIONAL QUALITY,Read1,ReadPos 128 5% Quantile QV,24
POSITIONAL QUALITY,Read1,ReadPos 128 10% Quantile QV,24
POSITIONAL QUALITY,Read1,ReadPos 128 25% Quantile QV,40
POSITIONAL QUALITY,Read1,ReadPos 128 50% Quantile QV,40
POSITIONAL QUALITY,Read1,ReadPos 128 75% Quantile QV,40
POSITIONAL QUALITY,Read1,ReadPos 128 90% Quantile QV,40
POSITIONAL QUALITY,Read1,ReadPos 128 95% Quantile QV,40
POSITIONAL QUALITY,Read1,ReadPos 128 98% Quantile QV,40
POSITIONAL QUALITY,Read1,ReadPos 128 99% Quantile QV,40
POSITIONAL QUALITY,Read1,ReadPos 129 1% Quantile QV,12
POSITIONAL QUALITY,Read1,ReadPos 129 2% Quantile QV,12
POSITIONAL QUALITY,Read1,ReadPos 129 5% Quantile QV,24
POSITIONAL QUALITY,Read1,ReadPos 129 10% Quantile QV,24
POSITIONAL QUALITY,Read1,ReadPos 129 25% Quantile QV,40
POSITIONAL QUALITY,Read1,ReadPos 129 50% Quantile QV,40
POSITIONAL QUALITY,Read1,ReadPos 129 75% Quantile QV,40
POSITIONAL QUALITY,Read1,ReadPos 129 90% Quantile QV,40
POSITIONAL QUALITY,Read1,ReadPos 129 95% Quantile QV,40
POSITIONAL QUALITY,Read1,ReadPos 129 98% Quantile QV,40
POSITIONAL QUALITY,Read1,ReadPos 129 99% Quantile QV,40
POSITIONAL QUALITY,Read1,ReadPos 130 1% Quantile QV,12
POSITIONAL QUALITY,Read1,ReadPos 130 2% Quantile QV,12
POSITIONAL QUALITY,Read1,ReadPos 130 5% Quantile QV,24
POSITIONAL QUALITY,Read1,ReadPos 130 10% Quantile QV,24
POSITIONAL QUALITY,Read1,ReadPos 130 25% Quantile QV,40
POSITIONAL QUALITY,Read1,ReadPos 130 50% Quantile QV,40
POSITIONAL QUALITY,Read1,ReadPos 130 75% Quantile QV,40
POSITIONAL QUALITY,Read1,ReadPos 130 90% Quantile QV,40
POSITIONAL QUALITY,Read1,ReadPos 130 95% Quantile QV,40
POSITIONAL QUALITY,Read1,ReadPos 130 98% Quantile QV,40
POSITIONAL QUALITY,Read1,ReadPos 130 99% Quantile QV,40
POSITIONAL QUALITY,Read1,ReadPos 131 1% Quantile QV,12
POSITIONAL QUALITY,Read1,ReadPos 131 2% Quantile QV,12
POSITIONAL QUALITY,Read1,ReadPos 131 5% Quantile QV,24
POSITIONAL QUALITY,Read1,ReadPos 131 10% Quantile QV,24
POSITIONAL QUALITY,Read1,ReadPos 131 25% Quantile QV,40
POSITIONAL QUALITY,Read1,ReadPos 131 50% Quantile QV,40
POSITIONAL QUALITY,Read1,ReadPos 131 75% Quantile QV,40
POSITIONAL QUALITY,Read1,ReadPos 131 90% Quantile QV,40
POSITIONAL QUALITY,Read1,ReadPos 131 95% Quantile QV,40
POSITIONAL QUALITY,Read1,ReadPos 131 98% Quantile QV,40
POSITIONAL QUALITY,Read1,ReadPos 131 99% Quantile QV,40
POSITIONAL QUALITY,Read1,ReadPos 132 1% Quantile QV,12
POSITIONAL QUALITY,Read1,ReadPos 132 2% Quantile QV,12
POSITIONAL QUALITY,Read1,ReadPos 132 5% Quantile QV,24
POSITIONAL QUALITY,Read1,ReadPos 132 10% Quantile QV,24
POSITIONAL QUALITY,Read1,ReadPos 132 25% Quantile QV,40
POSITIONAL QUALITY,Read1,ReadPos 132 50% Quantile QV,40
POSITIONAL QUALITY,Read1,ReadPos 132 75% Quantile QV,40
POSITIONAL QUALITY,Read1,ReadPos 132 90% Quantile QV,40
POSITIONAL QUALITY,Read1,ReadPos 132 95% Quantile QV,40
POSITIONAL QUALITY,Read1,ReadPos 132 98% Quantile QV,40
POSITIONAL QUALITY,Read1,ReadPos 132 99% Quantile QV,40
POSITIONAL QUALITY,Read1,ReadPos 133 1% Quantile QV,12
POSITIONAL QUALITY,Read1,ReadPos 133 2% Quantile QV,12
POSITIONAL QUALITY,Read1,ReadPos 133 5% Quantile QV,24
POSITIONAL QUALITY,Read1,ReadPos 133 10% Quantile QV,24
POSITIONAL QUALITY,Read1,ReadPos 133 25% Quantile QV,40
POSITIONAL QUALITY,Read1,ReadPos 133 50% Quantile QV,40
POSITIONAL QUALITY,Read1,ReadPos 133 75% Quantile QV,40
POSITIONAL QUALITY,Read1,ReadPos 133 90% Quantile QV,40
POSITIONAL QUALITY,Read1,ReadPos 133 95% Quantile QV,40
POSITIONAL QUALITY,Read1,ReadPos 133 98% Quantile QV,40
POSITIONAL QUALITY,Read1,ReadPos 133 99% Quantile QV,40
POSITIONAL QUALITY,Read1,ReadPos 134 1% Quantile QV,12
POSITIONAL QUALITY,Read1,ReadPos 134 2% Quantile QV,12
POSITIONAL QUALITY,Read1,ReadPos 134 5% Quantile QV,24
POSITIONAL QUALITY,Read1,ReadPos 134 10% Quantile QV,24
POSITIONAL QUALITY,Read1,ReadPos 134 25% Quantile QV,40
POSITIONAL QUALITY,Read1,ReadPos 134 50% Quantile QV,40
POSITIONAL QUALITY,Read1,ReadPos 134 75% Quantile QV,40
POSITIONAL QUALITY,Read1,ReadPos 134 90% Quantile QV,40
POSITIONAL QUALITY,Read1,ReadPos 134 95% Quantile QV,40
POSITIONAL QUALITY,Read1,ReadPos 134 98% Quantile QV,40
POSITIONAL QUALITY,Read1,ReadPos 134 99% Quantile QV,40
POSITIONAL QUALITY,Read1,ReadPos 135 1% Quantile QV,12
POSITIONAL QUALITY,Read1,ReadPos 135 2% Quantile QV,12
POSITIONAL QUALITY,Read1,ReadPos 135 5% Quantile QV,24
POSITIONAL QUALITY,Read1,ReadPos 135 10% Quantile QV,24
POSITIONAL QUALITY,Read1,ReadPos 135 25% Quantile QV,40
POSITIONAL QUALITY,Read1,ReadPos 135 50% Quantile QV,40
POSITIONAL QUALITY,Read1,ReadPos 135 75% Quantile QV,40
POSITIONAL QUALITY,Read1,ReadPos 135 90% Quantile QV,40
POSITIONAL QUALITY,Read1,ReadPos 135 95% Quantile QV,40
POSITIONAL QUALITY,Read1,ReadPos 135 98% Quantile QV,40
POSITIONAL QUALITY,Read1,ReadPos 135 99% Quantile QV,40
POSITIONAL QUALITY,Read1,ReadPos 136 1% Quantile QV,12
POSITIONAL QUALITY,Read1,ReadPos 136 2% Quantile QV,12
POSITIONAL QUALITY,Read1,ReadPos 136 5% Quantile QV,24
POSITIONAL QUALITY,Read1,ReadPos 136 10% Quantile QV,24
POSITIONAL QUALITY,Read1,ReadPos 136 25% Quantile QV,40
POSITIONAL QUALITY,Read1,ReadPos 136 50% Quantile QV,40
POSITIONAL QUALITY,Read1,ReadPos 136 75% Quantile QV,40
POSITIONAL QUALITY,Read1,ReadPos 136 90% Quantile QV,40
POSITIONAL QUALITY,Read1,ReadPos 136 95% Quantile QV,40
POSITIONAL QUALITY,Read1,ReadPos 136 98% Quantile QV,40
POSITIONAL QUALITY,Read1,ReadPos 136 99% Quantile QV,40
POSITIONAL QUALITY,Read1,ReadPos 137 1% Quantile QV,12
POSITIONAL QUALITY,Read1,ReadPos 137 2% Quantile QV,12
POSITIONAL QUALITY,Read1,ReadPos 137 5% Quantile QV,24
POSITIONAL QUALITY,Read1,ReadPos 137 10% Quantile QV,24
POSITIONAL QUALITY,Read1,ReadPos 137 25% Quantile QV,40
POSITIONAL QUALITY,Read1,ReadPos 137 50% Quantile QV,40
POSITIONAL QUALITY,Read1,ReadPos 137 75% Quantile QV,40
POSITIONAL QUALITY,Read1,ReadPos 137 90% Quantile QV,40
POSITIONAL QUALITY,Read1,ReadPos 137 95% Quantile QV,40
POSITIONAL QUALITY,Read1,ReadPos 137 98% Quantile QV,40
POSITIONAL QUALITY,Read1,ReadPos 137 99% Quantile QV,40
POSITIONAL QUALITY,Read1,ReadPos 138 1% Quantile QV,12
POSITIONAL QUALITY,Read1,ReadPos 138 2% Quantile QV,12
POSITIONAL QUALITY,Read1,ReadPos 138 5% Quantile QV,24
POSITIONAL QUALITY,Read1,ReadPos 138 10% Quantile QV,24
POSITIONAL QUALITY,Read1,ReadPos 138 25% Quantile QV,40
POSITIONAL QUALITY,Read1,ReadPos 138 50% Quantile QV,40
POSITIONAL QUALITY,Read1,ReadPos 138 75% Quantile QV,40
POSITIONAL QUALITY,Read1,ReadPos 138 90% Quantile QV,40
POSITIONAL QUALITY,Read1,ReadPos 138 95% Quantile QV,40
POSITIONAL QUALITY,Read1,ReadPos 138 98% Quantile QV,40
POSITIONAL QUALITY,Read1,ReadPos 138 99% Quantile QV,40
POSITIONAL QUALITY,Read1,ReadPos 139 1% Quantile QV,12
POSITIONAL QUALITY,Read1,ReadPos 139 2% Quantile QV,12
POSITIONAL QUALITY,Read1,ReadPos 139 5% Quantile QV,24
POSITIONAL QUALITY,Read1,ReadPos 139 10% Quantile QV,24
POSITIONAL QUALITY,Read1,ReadPos 139 25% Quantile QV,40
POSITIONAL QUALITY,Read1,ReadPos 139 50% Quantile QV,40
POSITIONAL QUALITY,Read1,ReadPos 139 75% Quantile QV,40
POSITIONAL QUALITY,Read1,ReadPos 139 90% Quantile QV,40
POSITIONAL QUALITY,Read1,ReadPos 139 95% Quantile QV,40
POSITIONAL QUALITY,Read1,ReadPos 139 98% Quantile QV,40
POSITIONAL QUALITY,Read1,ReadPos 139 99% Quantile QV,40
POSITIONAL QUALITY,Read1,ReadPos 140 1% Quantile QV,12
POSITIONAL QUALITY,Read1,ReadPos 140 2% Quantile QV,12
POSITIONAL QUALITY,Read1,ReadPos 140 5% Quantile QV,24
POSITIONAL QUALITY,Read1,ReadPos 140 10% Quantile QV,24
POSITIONAL QUALITY,Read1,ReadPos 140 25% Quantile QV,40
POSITIONAL QUALITY,Read1,ReadPos 140 50% Quantile QV,40
POSITIONAL QUALITY,Read1,ReadPos 140 75% Quantile QV,40
POSITIONAL QUALITY,Read1,ReadPos 140 90% Quantile QV,40
POSITIONAL QUALITY,Read1,ReadPos 140 95% Quantile QV,40
POSITIONAL QUALITY,Read1,ReadPos 140 98% Quantile QV,40
POSITIONAL QUALITY,Read1,ReadPos 140 99% Quantile QV,40
POSITIONAL QUALITY,Read1,ReadPos 141 1% Quantile QV,12
POSITIONAL QUALITY,Read1,ReadPos 141 2% Quantile QV,12
POSITIONAL QUALITY,Read1,ReadPos 141 5% Quantile QV,24
POSITIONAL QUALITY,Read1,ReadPos 141 10% Quantile QV,24
POSITIONAL QUALITY,Read1,ReadPos 141 25% Quantile QV,40
POSITIONAL QUALITY,Read1,ReadPos 141 50% Quantile QV,40
POSITIONAL QUALITY,Read1,ReadPos 141 75% Quantile QV,40
POSITIONAL QUALITY,Read1,ReadPos 141 90% Quantile QV,40
POSITIONAL QUALITY,Read1,ReadPos 141 95% Quantile QV,40
POSITIONAL QUALITY,Read1,ReadPos 141 98% Quantile QV,40
POSITIONAL QUALITY,Read1,ReadPos 141 99% Quantile QV,40
POSITIONAL QUALITY,Read1,ReadPos 142 1% Quantile QV,12
POSITIONAL QUALITY,Read1,ReadPos 142 2% Quantile QV,12
POSITIONAL QUALITY,Read1,ReadPos 142 5% Quantile QV,24
POSITIONAL QUALITY,Read1,ReadPos 142 10% Quantile QV,24
POSITIONAL QUALITY,Read1,ReadPos 142 25% Quantile QV,40
POSITIONAL QUALITY,Read1,ReadPos 142 50% Quantile QV,40
POSITIONAL QUALITY,Read1,ReadPos 142 75% Quantile QV,40
POSITIONAL QUALITY,Read1,ReadPos 142 90% Quantile QV,40
POSITIONAL QUALITY,Read1,ReadPos 142 95% Quantile QV,40
POSITIONAL QUALITY,Read1,ReadPos 142 98% Quantile QV,40
POSITIONAL QUALITY,Read1,ReadPos 142 99% Quantile QV,40
POSITIONAL QUALITY,Read1,ReadPos 143 1% Quantile QV,12
POSITIONAL QUALITY,Read1,ReadPos 143 2% Quantile QV,12
POSITIONAL QUALITY,Read1,ReadPos 143 5% Quantile QV,24
POSITIONAL QUALITY,Read1,ReadPos 143 10% Quantile QV,24
POSITIONAL QUALITY,Read1,ReadPos 143 25% Quantile QV,40
POSITIONAL QUALITY,Read1,ReadPos 143 50% Quantile QV,40
POSITIONAL QUALITY,Read1,ReadPos 143 75% Quantile QV,40
POSITIONAL QUALITY,Read1,ReadPos 143 90% Quantile QV,40
POSITIONAL QUALITY,Read1,ReadPos 143 95% Quantile QV,40
POSITIONAL QUALITY,Read1,ReadPos 143 98% Quantile QV,40
POSITIONAL QUALITY,Read1,ReadPos 143 99% Quantile QV,40
POSITIONAL QUALITY,Read1,ReadPos 144 1% Quantile QV,12
POSITIONAL QUALITY,Read1,ReadPos 144 2% Quantile QV,12
POSITIONAL QUALITY,Read1,ReadPos 144 5% Quantile QV,24
POSITIONAL QUALITY,Read1,ReadPos 144 10% Quantile QV,24
POSITIONAL QUALITY,Read1,ReadPos 144 25% Quantile QV,40
POSITIONAL QUALITY,Read1,ReadPos 144 50% Quantile QV,40
POSITIONAL QUALITY,Read1,ReadPos 144 75% Quantile QV,40
POSITIONAL QUALITY,Read1,ReadPos 144 90% Quantile QV,40
POSITIONAL QUALITY,Read1,ReadPos 144 95% Quantile QV,40
POSITIONAL QUALITY,Read1,ReadPos 144 98% Quantile QV,40
POSITIONAL QUALITY,Read1,ReadPos 144 99% Quantile QV,40
POSITIONAL QUALITY,Read1,ReadPos 145 1% Quantile QV,12
POSITIONAL QUALITY,Read1,ReadPos 145 2% Quantile QV,12
POSITIONAL QUALITY,Read1,ReadPos 145 5% Quantile QV,24
POSITIONAL QUALITY,Read1,ReadPos 145 10% Quantile QV,24
POSITIONAL QUALITY,Read1,ReadPos 145 25% Quantile QV,40
POSITIONAL QUALITY,Read1,ReadPos 145 50% Quantile QV,40
POSITIONAL QUALITY,Read1,ReadPos 145 75% Quantile QV,40
POSITIONAL QUALITY,Read1,ReadPos 145 90% Quantile QV,40
POSITIONAL QUALITY,Read1,ReadPos 145 95% Quantile QV,40
POSITIONAL QUALITY,Read1,ReadPos 145 98% Quantile QV,40
POSITIONAL QUALITY,Read1,ReadPos 145 99% Quantile QV,40
POSITIONAL QUALITY,Read1,ReadPos 146 1% Quantile QV,12
POSITIONAL QUALITY,Read1,ReadPos 146 2% Quantile QV,12
POSITIONAL QUALITY,Read1,ReadPos 146 5% Quantile QV,24
POSITIONAL QUALITY,Read1,ReadPos 146 10% Quantile QV,24
POSITIONAL QUALITY,Read1,ReadPos 146 25% Quantile QV,40
POSITIONAL QUALITY,Read1,ReadPos 146 50% Quantile QV,40
POSITIONAL QUALITY,Read1,ReadPos 146 75% Quantile QV,40
POSITIONAL QUALITY,Read1,ReadPos 146 90% Quantile QV,40
POSITIONAL QUALITY,Read1,ReadPos 146 95% Quantile QV,40
POSITIONAL QUALITY,Read1,ReadPos 146 98% Quantile QV,40
POSITIONAL QUALITY,Read1,ReadPos 146 99% Quantile QV,40
POSITIONAL QUALITY,Read1,ReadPos 147 1% Quantile QV,12
POSITIONAL QUALITY,Read1,ReadPos 147 2% Quantile QV,12
POSITIONAL QUALITY,Read1,ReadPos 147 5% Quantile QV,24
POSITIONAL QUALITY,Read1,ReadPos 147 10% Quantile QV,24
POSITIONAL QUALITY,Read1,ReadPos 147 25% Quantile QV,40
POSITIONAL QUALITY,Read1,ReadPos 147 50% Quantile QV,40
POSITIONAL QUALITY,Read1,ReadPos 147 75% Quantile QV,40
POSITIONAL QUALITY,Read1,ReadPos 147 90% Quantile QV,40
POSITIONAL QUALITY,Read1,ReadPos 147 95% Quantile QV,40
POSITIONAL QUALITY,Read1,ReadPos 147 98% Quantile QV,40
POSITIONAL QUALITY,Read1,ReadPos 147 99% Quantile QV,40
POSITIONAL QUALITY,Read1,ReadPos 148 1% Quantile QV,12
POSITIONAL QUALITY,Read1,ReadPos 148 2% Quantile QV,12
POSITIONAL QUALITY,Read1,ReadPos 148 5% Quantile QV,24
POSITIONAL QUALITY,Read1,ReadPos 148 10% Quantile QV,24
POSITIONAL QUALITY,Read1,ReadPos 148 25% Quantile QV,40
POSITIONAL QUALITY,Read1,ReadPos 148 50% Quantile QV,40
POSITIONAL QUALITY,Read1,ReadPos 148 75% Quantile QV,40
POSITIONAL QUALITY,Read1,ReadPos 148 90% Quantile QV,40
POSITIONAL QUALITY,Read1,ReadPos 148 95% Quantile QV,40
POSITIONAL QUALITY,Read1,ReadPos 148 98% Quantile QV,40
POSITIONAL QUALITY,Read1,ReadPos 148 99% Quantile QV,40
POSITIONAL QUALITY,Read1,ReadPos 149 1% Quantile QV,12
POSITIONAL QUALITY,Read1,ReadPos 149 2% Quantile QV,12
POSITIONAL QUALITY,Read1,ReadPos 149 5% Quantile QV,24
POSITIONAL QUALITY,Read1,ReadPos 149 10% Quantile QV,24
POSITIONAL QUALITY,Read1,ReadPos 149 25% Quantile QV,40
POSITIONAL QUALITY,Read1,ReadPos 149 50% Quantile QV,40
POSITIONAL QUALITY,Read1,ReadPos 149 75% Quantile QV,40
POSITIONAL QUALITY,Read1,ReadPos 149 90% Quantile QV,40
POSITIONAL QUALITY,Read1,ReadPos 149 95% Quantile QV,40
POSITIONAL QUALITY,Read1,ReadPos 149 98% Quantile QV,40
POSITIONAL QUALITY,Read1,ReadPos 149 99% Quantile QV,40
POSITIONAL QUALITY,Read1,ReadPos 150 1% Quantile QV,12
POSITIONAL QUALITY,Read1,ReadPos 150 2% Quantile QV,12
POSITIONAL QUALITY,Read1,ReadPos 150 5% Quantile QV,24
POSITIONAL QUALITY,Read1,ReadPos 150 10% Quantile QV,24
POSITIONAL QUALITY,Read1,ReadPos 150 25% Quantile QV,40
POSITIONAL QUALITY,Read1,ReadPos 150 50% Quantile QV,40
POSITIONAL QUALITY,Read1,ReadPos 150 75% Quantile QV,40
POSITIONAL QUALITY,Read1,ReadPos 150 90% Quantile QV,40
POSITIONAL QUALITY,Read1,ReadPos 150 95% Quantile QV,40
POSITIONAL QUALITY,Read1,ReadPos 150 98% Quantile QV,40
POSITIONAL QUALITY,Read1,ReadPos 150 99% Quantile QV,40
POSITIONAL QUALITY,Read1,ReadPos 151 1% Quantile QV,12
POSITIONAL QUALITY,Read1,ReadPos 151 2% Quantile QV,12
POSITIONAL QUALITY,Read1,ReadPos 151 5% Quantile QV,12
POSITIONAL QUALITY,Read1,ReadPos 151 10% Quantile QV,24
POSITIONAL QUALITY,Read1,ReadPos 151 25% Quantile QV,40
POSITIONAL QUALITY,Read1,ReadPos 151 50% Quantile QV,40
POSITIONAL QUALITY,Read1,ReadPos 151 75% Quantile QV,40
POSITIONAL QUALITY,Read1,ReadPos 151 90% Quantile QV,40
POSITIONAL QUALITY,Read1,ReadPos 151 95% Quantile QV,40
POSITIONAL QUALITY,Read1,ReadPos 151 98% Quantile QV,40
POSITIONAL QUALITY,Read1,ReadPos 151 99% Quantile QV,40
READ MEAN QUALITY,Read2,Q5 Reads,7
READ MEAN QUALITY,Read2,Q6 Reads,47
READ MEAN QUALITY,Read2,Q7 Reads,145
READ MEAN QUALITY,Read2,Q8 Reads,303
READ MEAN QUALITY,Read2,Q9 Reads,533
READ MEAN QUALITY,Read2,Q10 Reads,806
READ MEAN QUALITY,Read2,Q11 Reads,1496
READ MEAN QUALITY,Read2,Q12 Reads,2423
READ MEAN QUALITY,Read2,Q13 Reads,3429
READ MEAN QUALITY,Read2,Q14 Reads,6469
READ MEAN QUALITY,Read2,Q15 Reads,30405
READ MEAN QUALITY,Read2,Q16 Reads,156320
READ MEAN QUALITY,Read2,Q17 Reads,591422
READ MEAN QUALITY,Read2,Q18 Reads,1536007
READ MEAN QUALITY,Read2,Q19 Reads,2689058
READ MEAN QUALITY,Read2,Q20 Reads,3201716
READ MEAN QUALITY,Read2,Q21 Reads,3308412
READ MEAN QUALITY,Read2,Q22 Reads,3100756
READ MEAN QUALITY,Read2,Q23 Reads,3189183
READ MEAN QUALITY,Read2,Q24 Reads,3055455
READ MEAN QUALITY,Read2,Q25 Reads,3354844
READ MEAN QUALITY,Read2,Q26 Reads,3601260
READ MEAN QUALITY,Read2,Q27 Reads,3892099
READ MEAN QUALITY,Read2,Q28 Reads,4111718
READ MEAN QUALITY,Read2,Q29 Reads,4613888
READ MEAN QUALITY,Read2,Q30 Reads,5088062
READ MEAN QUALITY,Read2,Q31 Reads,5714353
READ MEAN QUALITY,Read2,Q32 Reads,6370426
READ MEAN QUALITY,Read2,Q33 Reads,7673601
READ MEAN QUALITY,Read2,Q34 Reads,9427315
READ MEAN QUALITY,Read2,Q35 Reads,12400278
READ MEAN QUALITY,Read2,Q36 Reads,17439655
READ MEAN QUALITY,Read2,Q37 Reads,28259598
READ MEAN QUALITY,Read2,Q38 Reads,51048681
READ MEAN QUALITY,Read2,Q39 Reads,166460696
READ MEAN QUALITY,Read2,Q40 Reads,622263161
POSITIONAL BASE MEAN QUALITY,Read2,ReadPos 1 A Average Quality,37.62
POSITIONAL BASE MEAN QUALITY,Read2,ReadPos 2 A Average Quality,38.32
POSITIONAL BASE MEAN QUALITY,Read2,ReadPos 3 A Average Quality,38.58
POSITIONAL BASE MEAN QUALITY,Read2,ReadPos 4 A Average Quality,38.34
POSITIONAL BASE MEAN QUALITY,Read2,ReadPos 5 A Average Quality,38.58
POSITIONAL BASE MEAN QUALITY,Read2,ReadPos 6 A Average Quality,38.80
POSITIONAL BASE MEAN QUALITY,Read2,ReadPos 7 A Average Quality,38.82
POSITIONAL BASE MEAN QUALITY,Read2,ReadPos 8 A Average Quality,38.90
POSITIONAL BASE MEAN QUALITY,Read2,ReadPos 9 A Average Quality,38.86
POSITIONAL BASE MEAN QUALITY,Read2,ReadPos 10 A Average Quality,38.86
POSITIONAL BASE MEAN QUALITY,Read2,ReadPos 11 A Average Quality,38.99
POSITIONAL BASE MEAN QUALITY,Read2,ReadPos 12 A Average Quality,38.98
POSITIONAL BASE MEAN QUALITY,Read2,ReadPos 13 A Average Quality,38.99
POSITIONAL BASE MEAN QUALITY,Read2,ReadPos 14 A Average Quality,38.96
POSITIONAL BASE MEAN QUALITY,Read2,ReadPos 15 A Average Quality,39.04
POSITIONAL BASE MEAN QUALITY,Read2,ReadPos 16 A Average Quality,39.03
POSITIONAL BASE MEAN QUALITY,Read2,ReadPos 17 A Average Quality,39.03
POSITIONAL BASE MEAN QUALITY,Read2,ReadPos 18 A Average Quality,39.08
POSITIONAL BASE MEAN QUALITY,Read2,ReadPos 19 A Average Quality,39.04
POSITIONAL BASE MEAN QUALITY,Read2,ReadPos 20 A Average Quality,39.09
POSITIONAL BASE MEAN QUALITY,Read2,ReadPos 21 A Average Quality,39.07
POSITIONAL BASE MEAN QUALITY,Read2,ReadPos 22 A Average Quality,39.07
POSITIONAL BASE MEAN QUALITY,Read2,ReadPos 23 A Average Quality,39.09
POSITIONAL BASE MEAN QUALITY,Read2,ReadPos 24 A Average Quality,39.05
POSITIONAL BASE MEAN QUALITY,Read2,ReadPos 25 A Average Quality,39.05
POSITIONAL BASE MEAN QUALITY,Read2,ReadPos 26 A Average Quality,38.65
POSITIONAL BASE MEAN QUALITY,Read2,ReadPos 27 A Average Quality,38.65
POSITIONAL BASE MEAN QUALITY,Read2,ReadPos 28 A Average Quality,38.67
POSITIONAL BASE MEAN QUALITY,Read2,ReadPos 29 A Average Quality,38.68
POSITIONAL BASE MEAN QUALITY,Read2,ReadPos 30 A Average Quality,38.70
POSITIONAL BASE MEAN QUALITY,Read2,ReadPos 31 A Average Quality,38.71
POSITIONAL BASE MEAN QUALITY,Read2,ReadPos 32 A Average Quality,38.71
POSITIONAL BASE MEAN QUALITY,Read2,ReadPos 33 A Average Quality,38.72
POSITIONAL BASE MEAN QUALITY,Read2,ReadPos 34 A Average Quality,38.72
POSITIONAL BASE MEAN QUALITY,Read2,ReadPos 35 A Average Quality,38.72
POSITIONAL BASE MEAN QUALITY,Read2,ReadPos 36 A Average Quality,38.72
POSITIONAL BASE MEAN QUALITY,Read2,ReadPos 37 A Average Quality,38.71
POSITIONAL BASE MEAN QUALITY,Read2,ReadPos 38 A Average Quality,38.71
POSITIONAL BASE MEAN QUALITY,Read2,ReadPos 39 A Average Quality,38.70
POSITIONAL BASE MEAN QUALITY,Read2,ReadPos 40 A Average Quality,38.71
POSITIONAL BASE MEAN QUALITY,Read2,ReadPos 41 A Average Quality,38.71
POSITIONAL BASE MEAN QUALITY,Read2,ReadPos 42 A Average Quality,38.71
POSITIONAL BASE MEAN QUALITY,Read2,ReadPos 43 A Average Quality,38.71
POSITIONAL BASE MEAN QUALITY,Read2,ReadPos 44 A Average Quality,38.70
POSITIONAL BASE MEAN QUALITY,Read2,ReadPos 45 A Average Quality,38.71
POSITIONAL BASE MEAN QUALITY,Read2,ReadPos 46 A Average Quality,38.71
POSITIONAL BASE MEAN QUALITY,Read2,ReadPos 47 A Average Quality,38.71
POSITIONAL BASE MEAN QUALITY,Read2,ReadPos 48 A Average Quality,38.70
POSITIONAL BASE MEAN QUALITY,Read2,ReadPos 49 A Average Quality,38.70
POSITIONAL BASE MEAN QUALITY,Read2,ReadPos 50 A Average Quality,38.70
POSITIONAL BASE MEAN QUALITY,Read2,ReadPos 51 A Average Quality,38.70
POSITIONAL BASE MEAN QUALITY,Read2,ReadPos 52 A Average Quality,38.71
POSITIONAL BASE MEAN QUALITY,Read2,ReadPos 53 A Average Quality,38.69
POSITIONAL BASE MEAN QUALITY,Read2,ReadPos 54 A Average Quality,38.70
POSITIONAL BASE MEAN QUALITY,Read2,ReadPos 55 A Average Quality,38.71
POSITIONAL BASE MEAN QUALITY,Read2,ReadPos 56 A Average Quality,38.70
POSITIONAL BASE MEAN QUALITY,Read2,ReadPos 57 A Average Quality,38.68
POSITIONAL BASE MEAN QUALITY,Read2,ReadPos 58 A Average Quality,38.68
POSITIONAL BASE MEAN QUALITY,Read2,ReadPos 59 A Average Quality,38.69
POSITIONAL BASE MEAN QUALITY,Read2,ReadPos 60 A Average Quality,38.69
POSITIONAL BASE MEAN QUALITY,Read2,ReadPos 61 A Average Quality,38.68
POSITIONAL BASE MEAN QUALITY,Read2,ReadPos 62 A Average Quality,38.67
POSITIONAL BASE MEAN QUALITY,Read2,ReadPos 63 A Average Quality,38.66
POSITIONAL BASE MEAN QUALITY,Read2,ReadPos 64 A Average Quality,38.67
POSITIONAL BASE MEAN QUALITY,Read2,ReadPos 65 A Average Quality,38.66
POSITIONAL BASE MEAN QUALITY,Read2,ReadPos 66 A Average Quality,38.65
POSITIONAL BASE MEAN QUALITY,Read2,ReadPos 67 A Average Quality,38.64
POSITIONAL BASE MEAN QUALITY,Read2,ReadPos 68 A Average Quality,38.64
POSITIONAL BASE MEAN QUALITY,Read2,ReadPos 69 A Average Quality,38.63
POSITIONAL BASE MEAN QUALITY,Read2,ReadPos 70 A Average Quality,38.62
POSITIONAL BASE MEAN QUALITY,Read2,ReadPos 71 A Average Quality,38.62
POSITIONAL BASE MEAN QUALITY,Read2,ReadPos 72 A Average Quality,38.61
POSITIONAL BASE MEAN QUALITY,Read2,ReadPos 73 A Average Quality,38.59
POSITIONAL BASE MEAN QUALITY,Read2,ReadPos 74 A Average Quality,38.59
POSITIONAL BASE MEAN QUALITY,Read2,ReadPos 75 A Average Quality,38.59
POSITIONAL BASE MEAN QUALITY,Read2,ReadPos 76 A Average Quality,38.58
POSITIONAL BASE MEAN QUALITY,Read2,ReadPos 77 A Average Quality,38.56
POSITIONAL BASE MEAN QUALITY,Read2,ReadPos 78 A Average Quality,38.56
POSITIONAL BASE MEAN QUALITY,Read2,ReadPos 79 A Average Quality,38.55
POSITIONAL BASE MEAN QUALITY,Read2,ReadPos 80 A Average Quality,38.54
POSITIONAL BASE MEAN QUALITY,Read2,ReadPos 81 A Average Quality,38.54
POSITIONAL BASE MEAN QUALITY,Read2,ReadPos 82 A Average Quality,38.52
POSITIONAL BASE MEAN QUALITY,Read2,ReadPos 83 A Average Quality,38.51
POSITIONAL BASE MEAN QUALITY,Read2,ReadPos 84 A Average Quality,38.51
POSITIONAL BASE MEAN QUALITY,Read2,ReadPos 85 A Average Quality,38.50
POSITIONAL BASE MEAN QUALITY,Read2,ReadPos 86 A Average Quality,38.49
POSITIONAL BASE MEAN QUALITY,Read2,ReadPos 87 A Average Quality,38.47
POSITIONAL BASE MEAN QUALITY,Read2,ReadPos 88 A Average Quality,38.45
POSITIONAL BASE MEAN QUALITY,Read2,ReadPos 89 A Average Quality,38.46
POSITIONAL BASE MEAN QUALITY,Read2,ReadPos 90 A Average Quality,38.44
POSITIONAL BASE MEAN QUALITY,Read2,ReadPos 91 A Average Quality,38.44
POSITIONAL BASE MEAN QUALITY,Read2,ReadPos 92 A Average Quality,38.42
POSITIONAL BASE MEAN QUALITY,Read2,ReadPos 93 A Average Quality,38.40
POSITIONAL BASE MEAN QUALITY,Read2,ReadPos 94 A Average Quality,38.39
POSITIONAL BASE MEAN QUALITY,Read2,ReadPos 95 A Average Quality,38.38
POSITIONAL BASE MEAN QUALITY,Read2,ReadPos 96 A Average Quality,38.37
POSITIONAL BASE MEAN QUALITY,Read2,ReadPos 97 A Average Quality,38.35
POSITIONAL BASE MEAN QUALITY,Read2,ReadPos 98 A Average Quality,38.34
POSITIONAL BASE MEAN QUALITY,Read2,ReadPos 99 A Average Quality,38.34
POSITIONAL BASE MEAN QUALITY,Read2,ReadPos 100 A Average Quality,38.33
POSITIONAL BASE MEAN QUALITY,Read2,ReadPos 101 A Average Quality,38.31
POSITIONAL BASE MEAN QUALITY,Read2,ReadPos 102 A Average Quality,38.30
POSITIONAL BASE MEAN QUALITY,Read2,ReadPos 103 A Average Quality,38.28
POSITIONAL BASE MEAN QUALITY,Read2,ReadPos 104 A Average Quality,38.28
POSITIONAL BASE MEAN QUALITY,Read2,ReadPos 105 A Average Quality,38.26
POSITIONAL BASE MEAN QUALITY,Read2,ReadPos 106 A Average Quality,38.24
POSITIONAL BASE MEAN QUALITY,Read2,ReadPos 107 A Average Quality,38.22
POSITIONAL BASE MEAN QUALITY,Read2,ReadPos 108 A Average Quality,38.20
POSITIONAL BASE MEAN QUALITY,Read2,ReadPos 109 A Average Quality,38.21
POSITIONAL BASE MEAN QUALITY,Read2,ReadPos 110 A Average Quality,38.19
POSITIONAL BASE MEAN QUALITY,Read2,ReadPos 111 A Average Quality,38.17
POSITIONAL BASE MEAN QUALITY,Read2,ReadPos 112 A Average Quality,38.16
POSITIONAL BASE MEAN QUALITY,Read2,ReadPos 113 A Average Quality,38.15
POSITIONAL BASE MEAN QUALITY,Read2,ReadPos 114 A Average Quality,38.13
POSITIONAL BASE MEAN QUALITY,Read2,ReadPos 115 A Average Quality,38.11
POSITIONAL BASE MEAN QUALITY,Read2,ReadPos 116 A Average Quality,38.10
POSITIONAL BASE MEAN QUALITY,Read2,ReadPos 117 A Average Quality,38.07
POSITIONAL BASE MEAN QUALITY,Read2,ReadPos 118 A Average Quality,38.06
POSITIONAL BASE MEAN QUALITY,Read2,ReadPos 119 A Average Quality,38.06
POSITIONAL BASE MEAN QUALITY,Read2,ReadPos 120 A Average Quality,38.04
POSITIONAL BASE MEAN QUALITY,Read2,ReadPos 121 A Average Quality,38.02
POSITIONAL BASE MEAN QUALITY,Read2,ReadPos 122 A Average Quality,38.01
POSITIONAL BASE MEAN QUALITY,Read2,ReadPos 123 A Average Quality,37.99
POSITIONAL BASE MEAN QUALITY,Read2,ReadPos 124 A Average Quality,37.99
POSITIONAL BASE MEAN QUALITY,Read2,ReadPos 125 A Average Quality,37.97
POSITIONAL BASE MEAN QUALITY,Read2,ReadPos 126 A Average Quality,37.95
POSITIONAL BASE MEAN QUALITY,Read2,ReadPos 127 A Average Quality,37.94
POSITIONAL BASE MEAN QUALITY,Read2,ReadPos 128 A Average Quality,37.92
POSITIONAL BASE MEAN QUALITY,Read2,ReadPos 129 A Average Quality,37.91
POSITIONAL BASE MEAN QUALITY,Read2,ReadPos 130 A Average Quality,37.90
POSITIONAL BASE MEAN QUALITY,Read2,ReadPos 131 A Average Quality,37.88
POSITIONAL BASE MEAN QUALITY,Read2,ReadPos 132 A Average Quality,37.86
POSITIONAL BASE MEAN QUALITY,Read2,ReadPos 133 A Average Quality,37.85
POSITIONAL BASE MEAN QUALITY,Read2,ReadPos 134 A Average Quality,37.85
POSITIONAL BASE MEAN QUALITY,Read2,ReadPos 135 A Average Quality,37.83
POSITIONAL BASE MEAN QUALITY,Read2,ReadPos 136 A Average Quality,37.81
POSITIONAL BASE MEAN QUALITY,Read2,ReadPos 137 A Average Quality,37.80
POSITIONAL BASE MEAN QUALITY,Read2,ReadPos 138 A Average Quality,37.78
POSITIONAL BASE MEAN QUALITY,Read2,ReadPos 139 A Average Quality,37.78
POSITIONAL BASE MEAN QUALITY,Read2,ReadPos 140 A Average Quality,37.77
POSITIONAL BASE MEAN QUALITY,Read2,ReadPos 141 A Average Quality,37.76
POSITIONAL BASE MEAN QUALITY,Read2,ReadPos 142 A Average Quality,37.74
POSITIONAL BASE MEAN QUALITY,Read2,ReadPos 143 A Average Quality,37.72
POSITIONAL BASE MEAN QUALITY,Read2,ReadPos 144 A Average Quality,37.72
POSITIONAL BASE MEAN QUALITY,Read2,ReadPos 145 A Average Quality,37.70
POSITIONAL BASE MEAN QUALITY,Read2,ReadPos 146 A Average Quality,37.68
POSITIONAL BASE MEAN QUALITY,Read2,ReadPos 147 A Average Quality,37.65
POSITIONAL BASE MEAN QUALITY,Read2,ReadPos 148 A Average Quality,37.64
POSITIONAL BASE MEAN QUALITY,Read2,ReadPos 149 A Average Quality,37.62
POSITIONAL BASE MEAN QUALITY,Read2,ReadPos 150 A Average Quality,37.61
POSITIONAL BASE MEAN QUALITY,Read2,ReadPos 151 A Average Quality,36.78
POSITIONAL BASE MEAN QUALITY,Read2,ReadPos 1 C Average Quality,37.78
POSITIONAL BASE MEAN QUALITY,Read2,ReadPos 2 C Average Quality,38.35
POSITIONAL BASE MEAN QUALITY,Read2,ReadPos 3 C Average Quality,38.73
POSITIONAL BASE MEAN QUALITY,Read2,ReadPos 4 C Average Quality,38.56
POSITIONAL BASE MEAN QUALITY,Read2,ReadPos 5 C Average Quality,38.59
POSITIONAL BASE MEAN QUALITY,Read2,ReadPos 6 C Average Quality,38.94
POSITIONAL BASE MEAN QUALITY,Read2,ReadPos 7 C Average Quality,38.94
POSITIONAL BASE MEAN QUALITY,Read2,ReadPos 8 C Average Quality,38.99
POSITIONAL BASE MEAN QUALITY,Read2,ReadPos 9 C Average Quality,39.07
POSITIONAL BASE MEAN QUALITY,Read2,ReadPos 10 C Average Quality,38.91
POSITIONAL BASE MEAN QUALITY,Read2,ReadPos 11 C Average Quality,39.10
POSITIONAL BASE MEAN QUALITY,Read2,ReadPos 12 C Average Quality,38.95
POSITIONAL BASE MEAN QUALITY,Read2,ReadPos 13 C Average Quality,39.07
POSITIONAL BASE MEAN QUALITY,Read2,ReadPos 14 C Average Quality,39.08
POSITIONAL BASE MEAN QUALITY,Read2,ReadPos 15 C Average Quality,39.09
POSITIONAL BASE MEAN QUALITY,Read2,ReadPos 16 C Average Quality,39.04
POSITIONAL BASE MEAN QUALITY,Read2,ReadPos 17 C Average Quality,39.02
POSITIONAL BASE MEAN QUALITY,Read2,ReadPos 18 C Average Quality,39.03
POSITIONAL BASE MEAN QUALITY,Read2,ReadPos 19 C Average Quality,39.06
POSITIONAL BASE MEAN QUALITY,Read2,ReadPos 20 C Average Quality,39.06
POSITIONAL BASE MEAN QUALITY,Read2,ReadPos 21 C Average Quality,39.08
POSITIONAL BASE MEAN QUALITY,Read2,ReadPos 22 C Average Quality,39.06
POSITIONAL BASE MEAN QUALITY,Read2,ReadPos 23 C Average Quality,39.05
POSITIONAL BASE MEAN QUALITY,Read2,ReadPos 24 C Average Quality,39.05
POSITIONAL BASE MEAN QUALITY,Read2,ReadPos 25 C Average Quality,39.07
POSITIONAL BASE MEAN QUALITY,Read2,ReadPos 26 C Average Quality,38.54
POSITIONAL BASE MEAN QUALITY,Read2,ReadPos 27 C Average Quality,38.54
POSITIONAL BASE MEAN QUALITY,Read2,ReadPos 28 C Average Quality,38.53
POSITIONAL BASE MEAN QUALITY,Read2,ReadPos 29 C Average Quality,38.51
POSITIONAL BASE MEAN QUALITY,Read2,ReadPos 30 C Average Quality,38.53
POSITIONAL BASE MEAN QUALITY,Read2,ReadPos 31 C Average Quality,38.51
POSITIONAL BASE MEAN QUALITY,Read2,ReadPos 32 C Average Quality,38.52
POSITIONAL BASE MEAN QUALITY,Read2,ReadPos 33 C Average Quality,38.52
POSITIONAL BASE MEAN QUALITY,Read2,ReadPos 34 C Average Quality,38.52
POSITIONAL BASE MEAN QUALITY,Read2,ReadPos 35 C Average Quality,38.54
POSITIONAL BASE MEAN QUALITY,Read2,ReadPos 36 C Average Quality,38.51
POSITIONAL BASE MEAN QUALITY,Read2,ReadPos 37 C Average Quality,38.52
POSITIONAL BASE MEAN QUALITY,Read2,ReadPos 38 C Average Quality,38.49
POSITIONAL BASE MEAN QUALITY,Read2,ReadPos 39 C Average Quality,38.49
POSITIONAL BASE MEAN QUALITY,Read2,ReadPos 40 C Average Quality,38.50
POSITIONAL BASE MEAN QUALITY,Read2,ReadPos 41 C Average Quality,38.49
POSITIONAL BASE MEAN QUALITY,Read2,ReadPos 42 C Average Quality,38.49
POSITIONAL BASE MEAN QUALITY,Read2,ReadPos 43 C Average Quality,38.48
POSITIONAL BASE MEAN QUALITY,Read2,ReadPos 44 C Average Quality,38.49
POSITIONAL BASE MEAN QUALITY,Read2,ReadPos 45 C Average Quality,38.48
POSITIONAL BASE MEAN QUALITY,Read2,ReadPos 46 C Average Quality,38.47
POSITIONAL BASE MEAN QUALITY,Read2,ReadPos 47 C Average Quality,38.47
POSITIONAL BASE MEAN QUALITY,Read2,ReadPos 48 C Average Quality,38.46
POSITIONAL BASE MEAN QUALITY,Read2,ReadPos 49 C Average Quality,38.47
POSITIONAL BASE MEAN QUALITY,Read2,ReadPos 50 C Average Quality,38.47
POSITIONAL BASE MEAN QUALITY,Read2,ReadPos 51 C Average Quality,38.46
POSITIONAL BASE MEAN QUALITY,Read2,ReadPos 52 C Average Quality,38.46
POSITIONAL BASE MEAN QUALITY,Read2,ReadPos 53 C Average Quality,38.43
POSITIONAL BASE MEAN QUALITY,Read2,ReadPos 54 C Average Quality,38.44
POSITIONAL BASE MEAN QUALITY,Read2,ReadPos 55 C Average Quality,38.44
POSITIONAL BASE MEAN QUALITY,Read2,ReadPos 56 C Average Quality,38.42
POSITIONAL BASE MEAN QUALITY,Read2,ReadPos 57 C Average Quality,38.42
POSITIONAL BASE MEAN QUALITY,Read2,ReadPos 58 C Average Quality,38.39
POSITIONAL BASE MEAN QUALITY,Read2,ReadPos 59 C Average Quality,38.40
POSITIONAL BASE MEAN QUALITY,Read2,ReadPos 60 C Average Quality,38.40
POSITIONAL BASE MEAN QUALITY,Read2,ReadPos 61 C Average Quality,38.37
POSITIONAL BASE MEAN QUALITY,Read2,ReadPos 62 C Average Quality,38.37
POSITIONAL BASE MEAN QUALITY,Read2,ReadPos 63 C Average Quality,38.36
POSITIONAL BASE MEAN QUALITY,Read2,ReadPos 64 C Average Quality,38.36
POSITIONAL BASE MEAN QUALITY,Read2,ReadPos 65 C Average Quality,38.35
POSITIONAL BASE MEAN QUALITY,Read2,ReadPos 66 C Average Quality,38.34
POSITIONAL BASE MEAN QUALITY,Read2,ReadPos 67 C Average Quality,38.33
POSITIONAL BASE MEAN QUALITY,Read2,ReadPos 68 C Average Quality,38.32
POSITIONAL BASE MEAN QUALITY,Read2,ReadPos 69 C Average Quality,38.31
POSITIONAL BASE MEAN QUALITY,Read2,ReadPos 70 C Average Quality,38.31
POSITIONAL BASE MEAN QUALITY,Read2,ReadPos 71 C Average Quality,38.30
POSITIONAL BASE MEAN QUALITY,Read2,ReadPos 72 C Average Quality,38.28
POSITIONAL BASE MEAN QUALITY,Read2,ReadPos 73 C Average Quality,38.27
POSITIONAL BASE MEAN QUALITY,Read2,ReadPos 74 C Average Quality,38.27
POSITIONAL BASE MEAN QUALITY,Read2,ReadPos 75 C Average Quality,38.27
POSITIONAL BASE MEAN QUALITY,Read2,ReadPos 76 C Average Quality,38.25
POSITIONAL BASE MEAN QUALITY,Read2,ReadPos 77 C Average Quality,38.22
POSITIONAL BASE MEAN QUALITY,Read2,ReadPos 78 C Average Quality,38.21
POSITIONAL BASE MEAN QUALITY,Read2,ReadPos 79 C Average Quality,38.21
POSITIONAL BASE MEAN QUALITY,Read2,ReadPos 80 C Average Quality,38.20
POSITIONAL BASE MEAN QUALITY,Read2,ReadPos 81 C Average Quality,38.19
POSITIONAL BASE MEAN QUALITY,Read2,ReadPos 82 C Average Quality,38.17
POSITIONAL BASE MEAN QUALITY,Read2,ReadPos 83 C Average Quality,38.15
POSITIONAL BASE MEAN QUALITY,Read2,ReadPos 84 C Average Quality,38.15
POSITIONAL BASE MEAN QUALITY,Read2,ReadPos 85 C Average Quality,38.13
POSITIONAL BASE MEAN QUALITY,Read2,ReadPos 86 C Average Quality,38.11
POSITIONAL BASE MEAN QUALITY,Read2,ReadPos 87 C Average Quality,38.09
POSITIONAL BASE MEAN QUALITY,Read2,ReadPos 88 C Average Quality,38.09
POSITIONAL BASE MEAN QUALITY,Read2,ReadPos 89 C Average Quality,38.09
POSITIONAL BASE MEAN QUALITY,Read2,ReadPos 90 C Average Quality,38.07
POSITIONAL BASE MEAN QUALITY,Read2,ReadPos 91 C Average Quality,38.06
POSITIONAL BASE MEAN QUALITY,Read2,ReadPos 92 C Average Quality,38.03
POSITIONAL BASE MEAN QUALITY,Read2,ReadPos 93 C Average Quality,38.02
POSITIONAL BASE MEAN QUALITY,Read2,ReadPos 94 C Average Quality,38.00
POSITIONAL BASE MEAN QUALITY,Read2,ReadPos 95 C Average Quality,37.99
POSITIONAL BASE MEAN QUALITY,Read2,ReadPos 96 C Average Quality,37.97
POSITIONAL BASE MEAN QUALITY,Read2,ReadPos 97 C Average Quality,37.96
POSITIONAL BASE MEAN QUALITY,Read2,ReadPos 98 C Average Quality,37.94
POSITIONAL BASE MEAN QUALITY,Read2,ReadPos 99 C Average Quality,37.93
POSITIONAL BASE MEAN QUALITY,Read2,ReadPos 100 C Average Quality,37.91
POSITIONAL BASE MEAN QUALITY,Read2,ReadPos 101 C Average Quality,37.89
POSITIONAL BASE MEAN QUALITY,Read2,ReadPos 102 C Average Quality,37.87
POSITIONAL BASE MEAN QUALITY,Read2,ReadPos 103 C Average Quality,37.85
POSITIONAL BASE MEAN QUALITY,Read2,ReadPos 104 C Average Quality,37.84
POSITIONAL BASE MEAN QUALITY,Read2,ReadPos 105 C Average Quality,37.83
POSITIONAL BASE MEAN QUALITY,Read2,ReadPos 106 C Average Quality,37.80
POSITIONAL BASE MEAN QUALITY,Read2,ReadPos 107 C Average Quality,37.79
POSITIONAL BASE MEAN QUALITY,Read2,ReadPos 108 C Average Quality,37.77
POSITIONAL BASE MEAN QUALITY,Read2,ReadPos 109 C Average Quality,37.74
POSITIONAL BASE MEAN QUALITY,Read2,ReadPos 110 C Average Quality,37.75
POSITIONAL BASE MEAN QUALITY,Read2,ReadPos 111 C Average Quality,37.72
POSITIONAL BASE MEAN QUALITY,Read2,ReadPos 112 C Average Quality,37.70
POSITIONAL BASE MEAN QUALITY,Read2,ReadPos 113 C Average Quality,37.68
POSITIONAL BASE MEAN QUALITY,Read2,ReadPos 114 C Average Quality,37.66
POSITIONAL BASE MEAN QUALITY,Read2,ReadPos 115 C Average Quality,37.65
POSITIONAL BASE MEAN QUALITY,Read2,ReadPos 116 C Average Quality,37.62
POSITIONAL BASE MEAN QUALITY,Read2,ReadPos 117 C Average Quality,37.60
POSITIONAL BASE MEAN QUALITY,Read2,ReadPos 118 C Average Quality,37.59
POSITIONAL BASE MEAN QUALITY,Read2,ReadPos 119 C Average Quality,37.58
POSITIONAL BASE MEAN QUALITY,Read2,ReadPos 120 C Average Quality,37.57
POSITIONAL BASE MEAN QUALITY,Read2,ReadPos 121 C Average Quality,37.55
POSITIONAL BASE MEAN QUALITY,Read2,ReadPos 122 C Average Quality,37.53
POSITIONAL BASE MEAN QUALITY,Read2,ReadPos 123 C Average Quality,37.51
POSITIONAL BASE MEAN QUALITY,Read2,ReadPos 124 C Average Quality,37.48
POSITIONAL BASE MEAN QUALITY,Read2,ReadPos 125 C Average Quality,37.47
POSITIONAL BASE MEAN QUALITY,Read2,ReadPos 126 C Average Quality,37.45
POSITIONAL BASE MEAN QUALITY,Read2,ReadPos 127 C Average Quality,37.43
POSITIONAL BASE MEAN QUALITY,Read2,ReadPos 128 C Average Quality,37.42
POSITIONAL BASE MEAN QUALITY,Read2,ReadPos 129 C Average Quality,37.40
POSITIONAL BASE MEAN QUALITY,Read2,ReadPos 130 C Average Quality,37.40
POSITIONAL BASE MEAN QUALITY,Read2,ReadPos 131 C Average Quality,37.38
POSITIONAL BASE MEAN QUALITY,Read2,ReadPos 132 C Average Quality,37.35
POSITIONAL BASE MEAN QUALITY,Read2,ReadPos 133 C Average Quality,37.34
POSITIONAL BASE MEAN QUALITY,Read2,ReadPos 134 C Average Quality,37.32
POSITIONAL BASE MEAN QUALITY,Read2,ReadPos 135 C Average Quality,37.30
POSITIONAL BASE MEAN QUALITY,Read2,ReadPos 136 C Average Quality,37.30
POSITIONAL BASE MEAN QUALITY,Read2,ReadPos 137 C Average Quality,37.29
POSITIONAL BASE MEAN QUALITY,Read2,ReadPos 138 C Average Quality,37.28
POSITIONAL BASE MEAN QUALITY,Read2,ReadPos 139 C Average Quality,37.26
POSITIONAL BASE MEAN QUALITY,Read2,ReadPos 140 C Average Quality,37.26
POSITIONAL BASE MEAN QUALITY,Read2,ReadPos 141 C Average Quality,37.24
POSITIONAL BASE MEAN QUALITY,Read2,ReadPos 142 C Average Quality,37.22
POSITIONAL BASE MEAN QUALITY,Read2,ReadPos 143 C Average Quality,37.21
POSITIONAL BASE MEAN QUALITY,Read2,ReadPos 144 C Average Quality,37.19
POSITIONAL BASE MEAN QUALITY,Read2,ReadPos 145 C Average Quality,37.18
POSITIONAL BASE MEAN QUALITY,Read2,ReadPos 146 C Average Quality,37.16
POSITIONAL BASE MEAN QUALITY,Read2,ReadPos 147 C Average Quality,37.13
POSITIONAL BASE MEAN QUALITY,Read2,ReadPos 148 C Average Quality,37.14
POSITIONAL BASE MEAN QUALITY,Read2,ReadPos 149 C Average Quality,37.10
POSITIONAL BASE MEAN QUALITY,Read2,ReadPos 150 C Average Quality,37.10
POSITIONAL BASE MEAN QUALITY,Read2,ReadPos 151 C Average Quality,36.16
POSITIONAL BASE MEAN QUALITY,Read2,ReadPos 1 G Average Quality,37.64
POSITIONAL BASE MEAN QUALITY,Read2,ReadPos 2 G Average Quality,38.19
POSITIONAL BASE MEAN QUALITY,Read2,ReadPos 3 G Average Quality,38.37
POSITIONAL BASE MEAN QUALITY,Read2,ReadPos 4 G Average Quality,38.08
POSITIONAL BASE MEAN QUALITY,Read2,ReadPos 5 G Average Quality,38.45
POSITIONAL BASE MEAN QUALITY,Read2,ReadPos 6 G Average Quality,38.93
POSITIONAL BASE MEAN QUALITY,Read2,ReadPos 7 G Average Quality,38.88
POSITIONAL BASE MEAN QUALITY,Read2,ReadPos 8 G Average Quality,38.91
POSITIONAL BASE MEAN QUALITY,Read2,ReadPos 9 G Average Quality,38.91
POSITIONAL BASE MEAN QUALITY,Read2,ReadPos 10 G Average Quality,38.63
POSITIONAL BASE MEAN QUALITY,Read2,ReadPos 11 G Average Quality,39.16
POSITIONAL BASE MEAN QUALITY,Read2,ReadPos 12 G Average Quality,38.95
POSITIONAL BASE MEAN QUALITY,Read2,ReadPos 13 G Average Quality,39.11
POSITIONAL BASE MEAN QUALITY,Read2,ReadPos 14 G Average Quality,38.92
POSITIONAL BASE MEAN QUALITY,Read2,ReadPos 15 G Average Quality,39.03
POSITIONAL BASE MEAN QUALITY,Read2,ReadPos 16 G Average Quality,39.00
POSITIONAL BASE MEAN QUALITY,Read2,ReadPos 17 G Average Quality,38.95
POSITIONAL BASE MEAN QUALITY,Read2,ReadPos 18 G Average Quality,39.03
POSITIONAL BASE MEAN QUALITY,Read2,ReadPos 19 G Average Quality,39.05
POSITIONAL BASE MEAN QUALITY,Read2,ReadPos 20 G Average Quality,39.04
POSITIONAL BASE MEAN QUALITY,Read2,ReadPos 21 G Average Quality,39.06
POSITIONAL BASE MEAN QUALITY,Read2,ReadPos 22 G Average Quality,39.03
POSITIONAL BASE MEAN QUALITY,Read2,ReadPos 23 G Average Quality,39.04
POSITIONAL BASE MEAN QUALITY,Read2,ReadPos 24 G Average Quality,39.05
POSITIONAL BASE MEAN QUALITY,Read2,ReadPos 25 G Average Quality,39.06
POSITIONAL BASE MEAN QUALITY,Read2,ReadPos 26 G Average Quality,38.39
POSITIONAL BASE MEAN QUALITY,Read2,ReadPos 27 G Average Quality,38.35
POSITIONAL BASE MEAN QUALITY,Read2,ReadPos 28 G Average Quality,38.40
POSITIONAL BASE MEAN QUALITY,Read2,ReadPos 29 G Average Quality,38.41
POSITIONAL BASE MEAN QUALITY,Read2,ReadPos 30 G Average Quality,38.44
POSITIONAL BASE MEAN QUALITY,Read2,ReadPos 31 G Average Quality,38.46
POSITIONAL BASE MEAN QUALITY,Read2,ReadPos 32 G Average Quality,38.45
POSITIONAL BASE MEAN QUALITY,Read2,ReadPos 33 G Average Quality,38.48
POSITIONAL BASE MEAN QUALITY,Read2,ReadPos 34 G Average Quality,38.49
POSITIONAL BASE MEAN QUALITY,Read2,ReadPos 35 G Average Quality,38.49
POSITIONAL BASE MEAN QUALITY,Read2,ReadPos 36 G Average Quality,38.50
POSITIONAL BASE MEAN QUALITY,Read2,ReadPos 37 G Average Quality,38.50
POSITIONAL BASE MEAN QUALITY,Read2,ReadPos 38 G Average Quality,38.50
POSITIONAL BASE MEAN QUALITY,Read2,ReadPos 39 G Average Quality,38.51
POSITIONAL BASE MEAN QUALITY,Read2,ReadPos 40 G Average Quality,38.51
POSITIONAL BASE MEAN QUALITY,Read2,ReadPos 41 G Average Quality,38.52
POSITIONAL BASE MEAN QUALITY,Read2,ReadPos 42 G Average Quality,38.52
POSITIONAL BASE MEAN QUALITY,Read2,ReadPos 43 G Average Quality,38.53
POSITIONAL BASE MEAN QUALITY,Read2,ReadPos 44 G Average Quality,38.54
POSITIONAL BASE MEAN QUALITY,Read2,ReadPos 45 G Average Quality,38.54
POSITIONAL BASE MEAN QUALITY,Read2,ReadPos 46 G Average Quality,38.55
POSITIONAL BASE MEAN QUALITY,Read2,ReadPos 47 G Average Quality,38.55
POSITIONAL BASE MEAN QUALITY,Read2,ReadPos 48 G Average Quality,38.54
POSITIONAL BASE MEAN QUALITY,Read2,ReadPos 49 G Average Quality,38.54
POSITIONAL BASE MEAN QUALITY,Read2,ReadPos 50 G Average Quality,38.54
POSITIONAL BASE MEAN QUALITY,Read2,ReadPos 51 G Average Quality,38.55
POSITIONAL BASE MEAN QUALITY,Read2,ReadPos 52 G Average Quality,38.55
POSITIONAL BASE MEAN QUALITY,Read2,ReadPos 53 G Average Quality,38.55
POSITIONAL BASE MEAN QUALITY,Read2,ReadPos 54 G Average Quality,38.56
POSITIONAL BASE MEAN QUALITY,Read2,ReadPos 55 G Average Quality,38.55
POSITIONAL BASE MEAN QUALITY,Read2,ReadPos 56 G Average Quality,38.56
POSITIONAL BASE MEAN QUALITY,Read2,ReadPos 57 G Average Quality,38.54
POSITIONAL BASE MEAN QUALITY,Read2,ReadPos 58 G Average Quality,38.54
POSITIONAL BASE MEAN QUALITY,Read2,ReadPos 59 G Average Quality,38.54
POSITIONAL BASE MEAN QUALITY,Read2,ReadPos 60 G Average Quality,38.54
POSITIONAL BASE MEAN QUALITY,Read2,ReadPos 61 G Average Quality,38.54
POSITIONAL BASE MEAN QUALITY,Read2,ReadPos 62 G Average Quality,38.55
POSITIONAL BASE MEAN QUALITY,Read2,ReadPos 63 G Average Quality,38.54
POSITIONAL BASE MEAN QUALITY,Read2,ReadPos 64 G Average Quality,38.54
POSITIONAL BASE MEAN QUALITY,Read2,ReadPos 65 G Average Quality,38.52
POSITIONAL BASE MEAN QUALITY,Read2,ReadPos 66 G Average Quality,38.52
POSITIONAL BASE MEAN QUALITY,Read2,ReadPos 67 G Average Quality,38.52
POSITIONAL BASE MEAN QUALITY,Read2,ReadPos 68 G Average Quality,38.53
POSITIONAL BASE MEAN QUALITY,Read2,ReadPos 69 G Average Quality,38.53
POSITIONAL BASE MEAN QUALITY,Read2,ReadPos 70 G Average Quality,38.52
POSITIONAL BASE MEAN QUALITY,Read2,ReadPos 71 G Average Quality,38.52
POSITIONAL BASE MEAN QUALITY,Read2,ReadPos 72 G Average Quality,38.51
POSITIONAL BASE MEAN QUALITY,Read2,ReadPos 73 G Average Quality,38.50
POSITIONAL BASE MEAN QUALITY,Read2,ReadPos 74 G Average Quality,38.50
POSITIONAL BASE MEAN QUALITY,Read2,ReadPos 75 G Average Quality,38.50
POSITIONAL BASE MEAN QUALITY,Read2,ReadPos 76 G Average Quality,38.49
POSITIONAL BASE MEAN QUALITY,Read2,ReadPos 77 G Average Quality,38.49
POSITIONAL BASE MEAN QUALITY,Read2,ReadPos 78 G Average Quality,38.49
POSITIONAL BASE MEAN QUALITY,Read2,ReadPos 79 G Average Quality,38.48
POSITIONAL BASE MEAN QUALITY,Read2,ReadPos 80 G Average Quality,38.47
POSITIONAL BASE MEAN QUALITY,Read2,ReadPos 81 G Average Quality,38.46
POSITIONAL BASE MEAN QUALITY,Read2,ReadPos 82 G Average Quality,38.46
POSITIONAL BASE MEAN QUALITY,Read2,ReadPos 83 G Average Quality,38.46
POSITIONAL BASE MEAN QUALITY,Read2,ReadPos 84 G Average Quality,38.44
POSITIONAL BASE MEAN QUALITY,Read2,ReadPos 85 G Average Quality,38.44
POSITIONAL BASE MEAN QUALITY,Read2,ReadPos 86 G Average Quality,38.43
POSITIONAL BASE MEAN QUALITY,Read2,ReadPos 87 G Average Quality,38.44
POSITIONAL BASE MEAN QUALITY,Read2,ReadPos 88 G Average Quality,38.43
POSITIONAL BASE MEAN QUALITY,Read2,ReadPos 89 G Average Quality,38.42
POSITIONAL BASE MEAN QUALITY,Read2,ReadPos 90 G Average Quality,38.41
POSITIONAL BASE MEAN QUALITY,Read2,ReadPos 91 G Average Quality,38.40
POSITIONAL BASE MEAN QUALITY,Read2,ReadPos 92 G Average Quality,38.40
POSITIONAL BASE MEAN QUALITY,Read2,ReadPos 93 G Average Quality,38.39
POSITIONAL BASE MEAN QUALITY,Read2,ReadPos 94 G Average Quality,38.38
POSITIONAL BASE MEAN QUALITY,Read2,ReadPos 95 G Average Quality,38.37
POSITIONAL BASE MEAN QUALITY,Read2,ReadPos 96 G Average Quality,38.36
POSITIONAL BASE MEAN QUALITY,Read2,ReadPos 97 G Average Quality,38.37
POSITIONAL BASE MEAN QUALITY,Read2,ReadPos 98 G Average Quality,38.36
POSITIONAL BASE MEAN QUALITY,Read2,ReadPos 99 G Average Quality,38.35
POSITIONAL BASE MEAN QUALITY,Read2,ReadPos 100 G Average Quality,38.34
POSITIONAL BASE MEAN QUALITY,Read2,ReadPos 101 G Average Quality,38.32
POSITIONAL BASE MEAN QUALITY,Read2,ReadPos 102 G Average Quality,38.33
POSITIONAL BASE MEAN QUALITY,Read2,ReadPos 103 G Average Quality,38.32
POSITIONAL BASE MEAN QUALITY,Read2,ReadPos 104 G Average Quality,38.30
POSITIONAL BASE MEAN QUALITY,Read2,ReadPos 105 G Average Quality,38.29
POSITIONAL BASE MEAN QUALITY,Read2,ReadPos 106 G Average Quality,38.27
POSITIONAL BASE MEAN QUALITY,Read2,ReadPos 107 G Average Quality,38.27
POSITIONAL BASE MEAN QUALITY,Read2,ReadPos 108 G Average Quality,38.26
POSITIONAL BASE MEAN QUALITY,Read2,ReadPos 109 G Average Quality,38.25
POSITIONAL BASE MEAN QUALITY,Read2,ReadPos 110 G Average Quality,38.24
POSITIONAL BASE MEAN QUALITY,Read2,ReadPos 111 G Average Quality,38.22
POSITIONAL BASE MEAN QUALITY,Read2,ReadPos 112 G Average Quality,38.23
POSITIONAL BASE MEAN QUALITY,Read2,ReadPos 113 G Average Quality,38.22
POSITIONAL BASE MEAN QUALITY,Read2,ReadPos 114 G Average Quality,38.20
POSITIONAL BASE MEAN QUALITY,Read2,ReadPos 115 G Average Quality,38.18
POSITIONAL BASE MEAN QUALITY,Read2,ReadPos 116 G Average Quality,38.17
POSITIONAL BASE MEAN QUALITY,Read2,ReadPos 117 G Average Quality,38.17
POSITIONAL BASE MEAN QUALITY,Read2,ReadPos 118 G Average Quality,38.16
POSITIONAL BASE MEAN QUALITY,Read2,ReadPos 119 G Average Quality,38.15
POSITIONAL BASE MEAN QUALITY,Read2,ReadPos 120 G Average Quality,38.12
POSITIONAL BASE MEAN QUALITY,Read2,ReadPos 121 G Average Quality,38.11
POSITIONAL BASE MEAN QUALITY,Read2,ReadPos 122 G Average Quality,38.12
POSITIONAL BASE MEAN QUALITY,Read2,ReadPos 123 G Average Quality,38.10
POSITIONAL BASE MEAN QUALITY,Read2,ReadPos 124 G Average Quality,38.09
POSITIONAL BASE MEAN QUALITY,Read2,ReadPos 125 G Average Quality,38.07
POSITIONAL BASE MEAN QUALITY,Read2,ReadPos 126 G Average Quality,38.06
POSITIONAL BASE MEAN QUALITY,Read2,ReadPos 127 G Average Quality,38.05
POSITIONAL BASE MEAN QUALITY,Read2,ReadPos 128 G Average Quality,38.04
POSITIONAL BASE MEAN QUALITY,Read2,ReadPos 129 G Average Quality,38.03
POSITIONAL BASE MEAN QUALITY,Read2,ReadPos 130 G Average Quality,38.01
POSITIONAL BASE MEAN QUALITY,Read2,ReadPos 131 G Average Quality,38.00
POSITIONAL BASE MEAN QUALITY,Read2,ReadPos 132 G Average Quality,38.01
POSITIONAL BASE MEAN QUALITY,Read2,ReadPos 133 G Average Quality,37.99
POSITIONAL BASE MEAN QUALITY,Read2,ReadPos 134 G Average Quality,37.98
POSITIONAL BASE MEAN QUALITY,Read2,ReadPos 135 G Average Quality,37.96
POSITIONAL BASE MEAN QUALITY,Read2,ReadPos 136 G Average Quality,37.96
POSITIONAL BASE MEAN QUALITY,Read2,ReadPos 137 G Average Quality,37.96
POSITIONAL BASE MEAN QUALITY,Read2,ReadPos 138 G Average Quality,37.94
POSITIONAL BASE MEAN QUALITY,Read2,ReadPos 139 G Average Quality,37.92
POSITIONAL BASE MEAN QUALITY,Read2,ReadPos 140 G Average Quality,37.91
POSITIONAL BASE MEAN QUALITY,Read2,ReadPos 141 G Average Quality,37.90
POSITIONAL BASE MEAN QUALITY,Read2,ReadPos 142 G Average Quality,37.91
POSITIONAL BASE MEAN QUALITY,Read2,ReadPos 143 G Average Quality,37.89
POSITIONAL BASE MEAN QUALITY,Read2,ReadPos 144 G Average Quality,37.89
POSITIONAL BASE MEAN QUALITY,Read2,ReadPos 145 G Average Quality,37.87
POSITIONAL BASE MEAN QUALITY,Read2,ReadPos 146 G Average Quality,37.85
POSITIONAL BASE MEAN QUALITY,Read2,ReadPos 147 G Average Quality,37.86
POSITIONAL BASE MEAN QUALITY,Read2,ReadPos 148 G Average Quality,37.85
POSITIONAL BASE MEAN QUALITY,Read2,ReadPos 149 G Average Quality,37.80
POSITIONAL BASE MEAN QUALITY,Read2,ReadPos 150 G Average Quality,37.78
POSITIONAL BASE MEAN QUALITY,Read2,ReadPos 151 G Average Quality,37.23
POSITIONAL BASE MEAN QUALITY,Read2,ReadPos 1 T Average Quality,38.64
POSITIONAL BASE MEAN QUALITY,Read2,ReadPos 2 T Average Quality,38.71
POSITIONAL BASE MEAN QUALITY,Read2,ReadPos 3 T Average Quality,39.00
POSITIONAL BASE MEAN QUALITY,Read2,ReadPos 4 T Average Quality,39.06
POSITIONAL BASE MEAN QUALITY,Read2,ReadPos 5 T Average Quality,39.19
POSITIONAL BASE MEAN QUALITY,Read2,ReadPos 6 T Average Quality,39.30
POSITIONAL BASE MEAN QUALITY,Read2,ReadPos 7 T Average Quality,39.27
POSITIONAL BASE MEAN QUALITY,Read2,ReadPos 8 T Average Quality,39.33
POSITIONAL BASE MEAN QUALITY,Read2,ReadPos 9 T Average Quality,39.33
POSITIONAL BASE MEAN QUALITY,Read2,ReadPos 10 T Average Quality,39.35
POSITIONAL BASE MEAN QUALITY,Read2,ReadPos 11 T Average Quality,39.45
POSITIONAL BASE MEAN QUALITY,Read2,ReadPos 12 T Average Quality,39.39
POSITIONAL BASE MEAN QUALITY,Read2,ReadPos 13 T Average Quality,39.47
POSITIONAL BASE MEAN QUALITY,Read2,ReadPos 14 T Average Quality,39.41
POSITIONAL BASE MEAN QUALITY,Read2,ReadPos 15 T Average Quality,39.44
POSITIONAL BASE MEAN QUALITY,Read2,ReadPos 16 T Average Quality,39.43
POSITIONAL BASE MEAN QUALITY,Read2,ReadPos 17 T Average Quality,39.42
POSITIONAL BASE MEAN QUALITY,Read2,ReadPos 18 T Average Quality,39.45
POSITIONAL BASE MEAN QUALITY,Read2,ReadPos 19 T Average Quality,39.48
POSITIONAL BASE MEAN QUALITY,Read2,ReadPos 20 T Average Quality,39.45
POSITIONAL BASE MEAN QUALITY,Read2,ReadPos 21 T Average Quality,39.49
POSITIONAL BASE MEAN QUALITY,Read2,ReadPos 22 T Average Quality,39.47
POSITIONAL BASE MEAN QUALITY,Read2,ReadPos 23 T Average Quality,39.46
POSITIONAL BASE MEAN QUALITY,Read2,ReadPos 24 T Average Quality,39.47
POSITIONAL BASE MEAN QUALITY,Read2,ReadPos 25 T Average Quality,39.49
POSITIONAL BASE MEAN QUALITY,Read2,ReadPos 26 T Average Quality,38.97
POSITIONAL BASE MEAN QUALITY,Read2,ReadPos 27 T Average Quality,38.96
POSITIONAL BASE MEAN QUALITY,Read2,ReadPos 28 T Average Quality,38.97
POSITIONAL BASE MEAN QUALITY,Read2,ReadPos 29 T Average Quality,38.98
POSITIONAL BASE MEAN QUALITY,Read2,ReadPos 30 T Average Quality,38.98
POSITIONAL BASE MEAN QUALITY,Read2,ReadPos 31 T Average Quality,38.99
POSITIONAL BASE MEAN QUALITY,Read2,ReadPos 32 T Average Quality,39.01
POSITIONAL BASE MEAN QUALITY,Read2,ReadPos 33 T Average Quality,39.03
POSITIONAL BASE MEAN QUALITY,Read2,ReadPos 34 T Average Quality,39.03
POSITIONAL BASE MEAN QUALITY,Read2,ReadPos 35 T Average Quality,39.03
POSITIONAL BASE MEAN QUALITY,Read2,ReadPos 36 T Average Quality,39.03
POSITIONAL BASE MEAN QUALITY,Read2,ReadPos 37 T Average Quality,39.04
POSITIONAL BASE MEAN QUALITY,Read2,ReadPos 38 T Average Quality,39.04
POSITIONAL BASE MEAN QUALITY,Read2,ReadPos 39 T Average Quality,39.04
POSITIONAL BASE MEAN QUALITY,Read2,ReadPos 40 T Average Quality,39.04
POSITIONAL BASE MEAN QUALITY,Read2,ReadPos 41 T Average Quality,39.05
POSITIONAL BASE MEAN QUALITY,Read2,ReadPos 42 T Average Quality,39.05
POSITIONAL BASE MEAN QUALITY,Read2,ReadPos 43 T Average Quality,39.06
POSITIONAL BASE MEAN QUALITY,Read2,ReadPos 44 T Average Quality,39.05
POSITIONAL BASE MEAN QUALITY,Read2,ReadPos 45 T Average Quality,39.06
POSITIONAL BASE MEAN QUALITY,Read2,ReadPos 46 T Average Quality,39.06
POSITIONAL BASE MEAN QUALITY,Read2,ReadPos 47 T Average Quality,39.07
POSITIONAL BASE MEAN QUALITY,Read2,ReadPos 48 T Average Quality,39.06
POSITIONAL BASE MEAN QUALITY,Read2,ReadPos 49 T Average Quality,39.07
POSITIONAL BASE MEAN QUALITY,Read2,ReadPos 50 T Average Quality,39.06
POSITIONAL BASE MEAN QUALITY,Read2,ReadPos 51 T Average Quality,39.07
POSITIONAL BASE MEAN QUALITY,Read2,ReadPos 52 T Average Quality,39.07
POSITIONAL BASE MEAN QUALITY,Read2,ReadPos 53 T Average Quality,39.07
POSITIONAL BASE MEAN QUALITY,Read2,ReadPos 54 T Average Quality,39.06
POSITIONAL BASE MEAN QUALITY,Read2,ReadPos 55 T Average Quality,39.07
POSITIONAL BASE MEAN QUALITY,Read2,ReadPos 56 T Average Quality,39.06
POSITIONAL BASE MEAN QUALITY,Read2,ReadPos 57 T Average Quality,39.07
POSITIONAL BASE MEAN QUALITY,Read2,ReadPos 58 T Average Quality,39.06
POSITIONAL BASE MEAN QUALITY,Read2,ReadPos 59 T Average Quality,39.06
POSITIONAL BASE MEAN QUALITY,Read2,ReadPos 60 T Average Quality,39.05
POSITIONAL BASE MEAN QUALITY,Read2,ReadPos 61 T Average Quality,39.06
POSITIONAL BASE MEAN QUALITY,Read2,ReadPos 62 T Average Quality,39.05
POSITIONAL BASE MEAN QUALITY,Read2,ReadPos 63 T Average Quality,39.06
POSITIONAL BASE MEAN QUALITY,Read2,ReadPos 64 T Average Quality,39.04
POSITIONAL BASE MEAN QUALITY,Read2,ReadPos 65 T Average Quality,39.04
POSITIONAL BASE MEAN QUALITY,Read2,ReadPos 66 T Average Quality,39.04
POSITIONAL BASE MEAN QUALITY,Read2,ReadPos 67 T Average Quality,39.04
POSITIONAL BASE MEAN QUALITY,Read2,ReadPos 68 T Average Quality,39.04
POSITIONAL BASE MEAN QUALITY,Read2,ReadPos 69 T Average Quality,39.03
POSITIONAL BASE MEAN QUALITY,Read2,ReadPos 70 T Average Quality,39.02
POSITIONAL BASE MEAN QUALITY,Read2,ReadPos 71 T Average Quality,39.03
POSITIONAL BASE MEAN QUALITY,Read2,ReadPos 72 T Average Quality,39.02
POSITIONAL BASE MEAN QUALITY,Read2,ReadPos 73 T Average Quality,39.02
POSITIONAL BASE MEAN QUALITY,Read2,ReadPos 74 T Average Quality,39.00
POSITIONAL BASE MEAN QUALITY,Read2,ReadPos 75 T Average Quality,39.00
POSITIONAL BASE MEAN QUALITY,Read2,ReadPos 76 T Average Quality,38.99
POSITIONAL BASE MEAN QUALITY,Read2,ReadPos 77 T Average Quality,38.99
POSITIONAL BASE MEAN QUALITY,Read2,ReadPos 78 T Average Quality,38.99
POSITIONAL BASE MEAN QUALITY,Read2,ReadPos 79 T Average Quality,38.97
POSITIONAL BASE MEAN QUALITY,Read2,ReadPos 80 T Average Quality,38.97
POSITIONAL BASE MEAN QUALITY,Read2,ReadPos 81 T Average Quality,38.97
POSITIONAL BASE MEAN QUALITY,Read2,ReadPos 82 T Average Quality,38.95
POSITIONAL BASE MEAN QUALITY,Read2,ReadPos 83 T Average Quality,38.96
POSITIONAL BASE MEAN QUALITY,Read2,ReadPos 84 T Average Quality,38.94
POSITIONAL BASE MEAN QUALITY,Read2,ReadPos 85 T Average Quality,38.94
POSITIONAL BASE MEAN QUALITY,Read2,ReadPos 86 T Average Quality,38.93
POSITIONAL BASE MEAN QUALITY,Read2,ReadPos 87 T Average Quality,38.93
POSITIONAL BASE MEAN QUALITY,Read2,ReadPos 88 T Average Quality,38.92
POSITIONAL BASE MEAN QUALITY,Read2,ReadPos 89 T Average Quality,38.90
POSITIONAL BASE MEAN QUALITY,Read2,ReadPos 90 T Average Quality,38.90
POSITIONAL BASE MEAN QUALITY,Read2,ReadPos 91 T Average Quality,38.90
POSITIONAL BASE MEAN QUALITY,Read2,ReadPos 92 T Average Quality,38.88
POSITIONAL BASE MEAN QUALITY,Read2,ReadPos 93 T Average Quality,38.88
POSITIONAL BASE MEAN QUALITY,Read2,ReadPos 94 T Average Quality,38.86
POSITIONAL BASE MEAN QUALITY,Read2,ReadPos 95 T Average Quality,38.86
POSITIONAL BASE MEAN QUALITY,Read2,ReadPos 96 T Average Quality,38.85
POSITIONAL BASE MEAN QUALITY,Read2,ReadPos 97 T Average Quality,38.84
POSITIONAL BASE MEAN QUALITY,Read2,ReadPos 98 T Average Quality,38.84
POSITIONAL BASE MEAN QUALITY,Read2,ReadPos 99 T Average Quality,38.82
POSITIONAL BASE MEAN QUALITY,Read2,ReadPos 100 T Average Quality,38.82
POSITIONAL BASE MEAN QUALITY,Read2,ReadPos 101 T Average Quality,38.81
POSITIONAL BASE MEAN QUALITY,Read2,ReadPos 102 T Average Quality,38.80
POSITIONAL BASE MEAN QUALITY,Read2,ReadPos 103 T Average Quality,38.80
POSITIONAL BASE MEAN QUALITY,Read2,ReadPos 104 T Average Quality,38.77
POSITIONAL BASE MEAN QUALITY,Read2,ReadPos 105 T Average Quality,38.78
POSITIONAL BASE MEAN QUALITY,Read2,ReadPos 106 T Average Quality,38.76
POSITIONAL BASE MEAN QUALITY,Read2,ReadPos 107 T Average Quality,38.76
POSITIONAL BASE MEAN QUALITY,Read2,ReadPos 108 T Average Quality,38.75
POSITIONAL BASE MEAN QUALITY,Read2,ReadPos 109 T Average Quality,38.73
POSITIONAL BASE MEAN QUALITY,Read2,ReadPos 110 T Average Quality,38.72
POSITIONAL BASE MEAN QUALITY,Read2,ReadPos 111 T Average Quality,38.72
POSITIONAL BASE MEAN QUALITY,Read2,ReadPos 112 T Average Quality,38.70
POSITIONAL BASE MEAN QUALITY,Read2,ReadPos 113 T Average Quality,38.70
POSITIONAL BASE MEAN QUALITY,Read2,ReadPos 114 T Average Quality,38.68
POSITIONAL BASE MEAN QUALITY,Read2,ReadPos 115 T Average Quality,38.68
POSITIONAL BASE MEAN QUALITY,Read2,ReadPos 116 T Average Quality,38.67
POSITIONAL BASE MEAN QUALITY,Read2,ReadPos 117 T Average Quality,38.65
POSITIONAL BASE MEAN QUALITY,Read2,ReadPos 118 T Average Quality,38.64
POSITIONAL BASE MEAN QUALITY,Read2,ReadPos 119 T Average Quality,38.62
POSITIONAL BASE MEAN QUALITY,Read2,ReadPos 120 T Average Quality,38.62
POSITIONAL BASE MEAN QUALITY,Read2,ReadPos 121 T Average Quality,38.62
POSITIONAL BASE MEAN QUALITY,Read2,ReadPos 122 T Average Quality,38.60
POSITIONAL BASE MEAN QUALITY,Read2,ReadPos 123 T Average Quality,38.59
POSITIONAL BASE MEAN QUALITY,Read2,ReadPos 124 T Average Quality,38.56
POSITIONAL BASE MEAN QUALITY,Read2,ReadPos 125 T Average Quality,38.56
POSITIONAL BASE MEAN QUALITY,Read2,ReadPos 126 T Average Quality,38.56
POSITIONAL BASE MEAN QUALITY,Read2,ReadPos 127 T Average Quality,38.54
POSITIONAL BASE MEAN QUALITY,Read2,ReadPos 128 T Average Quality,38.54
POSITIONAL BASE MEAN QUALITY,Read2,ReadPos 129 T Average Quality,38.51
POSITIONAL BASE MEAN QUALITY,Read2,ReadPos 130 T Average Quality,38.51
POSITIONAL BASE MEAN QUALITY,Read2,ReadPos 131 T Average Quality,38.51
POSITIONAL BASE MEAN QUALITY,Read2,ReadPos 132 T Average Quality,38.49
POSITIONAL BASE MEAN QUALITY,Read2,ReadPos 133 T Average Quality,38.49
POSITIONAL BASE MEAN QUALITY,Read2,ReadPos 134 T Average Quality,38.47
POSITIONAL BASE MEAN QUALITY,Read2,ReadPos 135 T Average Quality,38.47
POSITIONAL BASE MEAN QUALITY,Read2,ReadPos 136 T Average Quality,38.47
POSITIONAL BASE MEAN QUALITY,Read2,ReadPos 137 T Average Quality,38.46
POSITIONAL BASE MEAN QUALITY,Read2,ReadPos 138 T Average Quality,38.45
POSITIONAL BASE MEAN QUALITY,Read2,ReadPos 139 T Average Quality,38.43
POSITIONAL BASE MEAN QUALITY,Read2,ReadPos 140 T Average Quality,38.44
POSITIONAL BASE MEAN QUALITY,Read2,ReadPos 141 T Average Quality,38.43
POSITIONAL BASE MEAN QUALITY,Read2,ReadPos 142 T Average Quality,38.41
POSITIONAL BASE MEAN QUALITY,Read2,ReadPos 143 T Average Quality,38.41
POSITIONAL BASE MEAN QUALITY,Read2,ReadPos 144 T Average Quality,38.39
POSITIONAL BASE MEAN QUALITY,Read2,ReadPos 145 T Average Quality,38.40
POSITIONAL BASE MEAN QUALITY,Read2,ReadPos 146 T Average Quality,38.39
POSITIONAL BASE MEAN QUALITY,Read2,ReadPos 147 T Average Quality,38.37
POSITIONAL BASE MEAN QUALITY,Read2,ReadPos 148 T Average Quality,38.37
POSITIONAL BASE MEAN QUALITY,Read2,ReadPos 149 T Average Quality,38.33
POSITIONAL BASE MEAN QUALITY,Read2,ReadPos 150 T Average Quality,38.35
POSITIONAL BASE MEAN QUALITY,Read2,ReadPos 151 T Average Quality,37.81
POSITIONAL BASE CONTENT,Read2,ReadPos 1 A Bases,188498443
POSITIONAL BASE CONTENT,Read2,ReadPos 2 A Bases,201685923
POSITIONAL BASE CONTENT,Read2,ReadPos 3 A Bases,230149731
POSITIONAL BASE CONTENT,Read2,ReadPos 4 A Bases,148354477
POSITIONAL BASE CONTENT,Read2,ReadPos 5 A Bases,359862139
POSITIONAL BASE CONTENT,Read2,ReadPos 6 A Bases,379410369
POSITIONAL BASE CONTENT,Read2,ReadPos 7 A Bases,302322403
POSITIONAL BASE CONTENT,Read2,ReadPos 8 A Bases,340028288
POSITIONAL BASE CONTENT,Read2,ReadPos 9 A Bases,124882141
POSITIONAL BASE CONTENT,Read2,ReadPos 10 A Bases,282836952
POSITIONAL BASE CONTENT,Read2,ReadPos 11 A Bases,224337739
POSITIONAL BASE CONTENT,Read2,ReadPos 12 A Bases,249471981
POSITIONAL BASE CONTENT,Read2,ReadPos 13 A Bases,215486611
POSITIONAL BASE CONTENT,Read2,ReadPos 14 A Bases,216763082
POSITIONAL BASE CONTENT,Read2,ReadPos 15 A Bases,305933453
POSITIONAL BASE CONTENT,Read2,ReadPos 16 A Bases,306384481
POSITIONAL BASE CONTENT,Read2,ReadPos 17 A Bases,291756380
POSITIONAL BASE CONTENT,Read2,ReadPos 18 A Bases,291146082
POSITIONAL BASE CONTENT,Read2,ReadPos 19 A Bases,284660882
POSITIONAL BASE CONTENT,Read2,ReadPos 20 A Bases,284849893
POSITIONAL BASE CONTENT,Read2,ReadPos 21 A Bases,283688249
POSITIONAL BASE CONTENT,Read2,ReadPos 22 A Bases,281418469
POSITIONAL BASE CONTENT,Read2,ReadPos 23 A Bases,281977969
POSITIONAL BASE CONTENT,Read2,ReadPos 24 A Bases,281055635
POSITIONAL BASE CONTENT,Read2,ReadPos 25 A Bases,280534281
POSITIONAL BASE CONTENT,Read2,ReadPos 26 A Bases,281528052
POSITIONAL BASE CONTENT,Read2,ReadPos 27 A Bases,279463234
POSITIONAL BASE CONTENT,Read2,ReadPos 28 A Bases,279998149
POSITIONAL BASE CONTENT,Read2,ReadPos 29 A Bases,282516847
POSITIONAL BASE CONTENT,Read2,ReadPos 30 A Bases,284193498
POSITIONAL BASE CONTENT,Read2,ReadPos 31 A Bases,288546258
POSITIONAL BASE CONTENT,Read2,ReadPos 32 A Bases,284993225
POSITIONAL BASE CONTENT,Read2,ReadPos 33 A Bases,282374468
POSITIONAL BASE CONTENT,Read2,ReadPos 34 A Bases,278307155
POSITIONAL BASE CONTENT,Read2,ReadPos 35 A Bases,278824435
POSITIONAL BASE CONTENT,Read2,ReadPos 36 A Bases,289218393
POSITIONAL BASE CONTENT,Read2,ReadPos 37 A Bases,285111434
POSITIONAL BASE CONTENT,Read2,ReadPos 38 A Bases,289947887
POSITIONAL BASE CONTENT,Read2,ReadPos 39 A Bases,284081202
POSITIONAL BASE CONTENT,Read2,ReadPos 40 A Bases,283579084
POSITIONAL BASE CONTENT,Read2,ReadPos 41 A Bases,283165496
POSITIONAL BASE CONTENT,Read2,ReadPos 42 A Bases,285251552
POSITIONAL BASE CONTENT,Read2,ReadPos 43 A Bases,281617802
POSITIONAL BASE CONTENT,Read2,ReadPos 44 A Bases,280481033
POSITIONAL BASE CONTENT,Read2,ReadPos 45 A Bases,282546733
POSITIONAL BASE CONTENT,Read2,ReadPos 46 A Bases,288038280
POSITIONAL BASE CONTENT,Read2,ReadPos 47 A Bases,286700420
POSITIONAL BASE CONTENT,Read2,ReadPos 48 A Bases,284327230
POSITIONAL BASE CONTENT,Read2,ReadPos 49 A Bases,281984011
POSITIONAL BASE CONTENT,Read2,ReadPos 50 A Bases,283686651
POSITIONAL BASE CONTENT,Read2,ReadPos 51 A Bases,282267321
POSITIONAL BASE CONTENT,Read2,ReadPos 52 A Bases,284111740
POSITIONAL BASE CONTENT,Read2,ReadPos 53 A Bases,281507522
POSITIONAL BASE CONTENT,Read2,ReadPos 54 A Bases,284883905
POSITIONAL BASE CONTENT,Read2,ReadPos 55 A Bases,285322990
POSITIONAL BASE CONTENT,Read2,ReadPos 56 A Bases,284061614
POSITIONAL BASE CONTENT,Read2,ReadPos 57 A Bases,280704877
POSITIONAL BASE CONTENT,Read2,ReadPos 58 A Bases,278317261
POSITIONAL BASE CONTENT,Read2,ReadPos 59 A Bases,277916372
POSITIONAL BASE CONTENT,Read2,ReadPos 60 A Bases,280711356
POSITIONAL BASE CONTENT,Read2,ReadPos 61 A Bases,284187380
POSITIONAL BASE CONTENT,Read2,ReadPos 62 A Bases,284073329
POSITIONAL BASE CONTENT,Read2,ReadPos 63 A Bases,283504939
POSITIONAL BASE CONTENT,Read2,ReadPos 64 A Bases,278628949
POSITIONAL BASE CONTENT,Read2,ReadPos 65 A Bases,277273206
POSITIONAL BASE CONTENT,Read2,ReadPos 66 A Bases,278920212
POSITIONAL BASE CONTENT,Read2,ReadPos 67 A Bases,280298444
POSITIONAL BASE CONTENT,Read2,ReadPos 68 A Bases,282961848
POSITIONAL BASE CONTENT,Read2,ReadPos 69 A Bases,277618069
POSITIONAL BASE CONTENT,Read2,ReadPos 70 A Bases,277781623
POSITIONAL BASE CONTENT,Read2,ReadPos 71 A Bases,278733425
POSITIONAL BASE CONTENT,Read2,ReadPos 72 A Bases,281125082
POSITIONAL BASE CONTENT,Read2,ReadPos 73 A Bases,281764123
POSITIONAL BASE CONTENT,Read2,ReadPos 74 A Bases,278686851
POSITIONAL BASE CONTENT,Read2,ReadPos 75 A Bases,278172275
POSITIONAL BASE CONTENT,Read2,ReadPos 76 A Bases,282956591
POSITIONAL BASE CONTENT,Read2,ReadPos 77 A Bases,280979072
POSITIONAL BASE CONTENT,Read2,ReadPos 78 A Bases,282926332
POSITIONAL BASE CONTENT,Read2,ReadPos 79 A Bases,277836506
POSITIONAL BASE CONTENT,Read2,ReadPos 80 A Bases,275566773
POSITIONAL BASE CONTENT,Read2,ReadPos 81 A Bases,277801312
POSITIONAL BASE CONTENT,Read2,ReadPos 82 A Bases,279005897
POSITIONAL BASE CONTENT,Read2,ReadPos 83 A Bases,279768321
POSITIONAL BASE CONTENT,Read2,ReadPos 84 A Bases,276604965
POSITIONAL BASE CONTENT,Read2,ReadPos 85 A Bases,275714330
POSITIONAL BASE CONTENT,Read2,ReadPos 86 A Bases,280539756
POSITIONAL BASE CONTENT,Read2,ReadPos 87 A Bases,280390136
POSITIONAL BASE CONTENT,Read2,ReadPos 88 A Bases,278547399
POSITIONAL BASE CONTENT,Read2,ReadPos 89 A Bases,273800500
POSITIONAL BASE CONTENT,Read2,ReadPos 90 A Bases,274170332
POSITIONAL BASE CONTENT,Read2,ReadPos 91 A Bases,277381788
POSITIONAL BASE CONTENT,Read2,ReadPos 92 A Bases,279642434
POSITIONAL BASE CONTENT,Read2,ReadPos 93 A Bases,277789172
POSITIONAL BASE CONTENT,Read2,ReadPos 94 A Bases,276889287
POSITIONAL BASE CONTENT,Read2,ReadPos 95 A Bases,274593245
POSITIONAL BASE CONTENT,Read2,ReadPos 96 A Bases,277328879
POSITIONAL BASE CONTENT,Read2,ReadPos 97 A Bases,275321560
POSITIONAL BASE CONTENT,Read2,ReadPos 98 A Bases,275563305
POSITIONAL BASE CONTENT,Read2,ReadPos 99 A Bases,273322421
POSITIONAL BASE CONTENT,Read2,ReadPos 100 A Bases,274684745
POSITIONAL BASE CONTENT,Read2,ReadPos 101 A Bases,277587391
POSITIONAL BASE CONTENT,Read2,ReadPos 102 A Bases,277878507
POSITIONAL BASE CONTENT,Read2,ReadPos 103 A Bases,277961550
POSITIONAL BASE CONTENT,Read2,ReadPos 104 A Bases,276860468
POSITIONAL BASE CONTENT,Read2,ReadPos 105 A Bases,273860262
POSITIONAL BASE CONTENT,Read2,ReadPos 106 A Bases,274155282
POSITIONAL BASE CONTENT,Read2,ReadPos 107 A Bases,273362029
POSITIONAL BASE CONTENT,Read2,ReadPos 108 A Bases,274985913
POSITIONAL BASE CONTENT,Read2,ReadPos 109 A Bases,274893391
POSITIONAL BASE CONTENT,Read2,ReadPos 110 A Bases,273178473
POSITIONAL BASE CONTENT,Read2,ReadPos 111 A Bases,275740855
POSITIONAL BASE CONTENT,Read2,ReadPos 112 A Bases,276725577
POSITIONAL BASE CONTENT,Read2,ReadPos 113 A Bases,276307053
POSITIONAL BASE CONTENT,Read2,ReadPos 114 A Bases,274519912
POSITIONAL BASE CONTENT,Read2,ReadPos 115 A Bases,272539783
POSITIONAL BASE CONTENT,Read2,ReadPos 116 A Bases,275077847
POSITIONAL BASE CONTENT,Read2,ReadPos 117 A Bases,273697502
POSITIONAL BASE CONTENT,Read2,ReadPos 118 A Bases,273779390
POSITIONAL BASE CONTENT,Read2,ReadPos 119 A Bases,270531718
POSITIONAL BASE CONTENT,Read2,ReadPos 120 A Bases,270756616
POSITIONAL BASE CONTENT,Read2,ReadPos 121 A Bases,271461052
POSITIONAL BASE CONTENT,Read2,ReadPos 122 A Bases,273023144
POSITIONAL BASE CONTENT,Read2,ReadPos 123 A Bases,272443080
POSITIONAL BASE CONTENT,Read2,ReadPos 124 A Bases,270548597
POSITIONAL BASE CONTENT,Read2,ReadPos 125 A Bases,269439066
POSITIONAL BASE CONTENT,Read2,ReadPos 126 A Bases,271955947
POSITIONAL BASE CONTENT,Read2,ReadPos 127 A Bases,273301870
POSITIONAL BASE CONTENT,Read2,ReadPos 128 A Bases,271961206
POSITIONAL BASE CONTENT,Read2,ReadPos 129 A Bases,267963140
POSITIONAL BASE CONTENT,Read2,ReadPos 130 A Bases,269024051
POSITIONAL BASE CONTENT,Read2,ReadPos 131 A Bases,269551872
POSITIONAL BASE CONTENT,Read2,ReadPos 132 A Bases,271028795
POSITIONAL BASE CONTENT,Read2,ReadPos 133 A Bases,269201184
POSITIONAL BASE CONTENT,Read2,ReadPos 134 A Bases,266836505
POSITIONAL BASE CONTENT,Read2,ReadPos 135 A Bases,267183716
POSITIONAL BASE CONTENT,Read2,ReadPos 136 A Bases,267955575
POSITIONAL BASE CONTENT,Read2,ReadPos 137 A Bases,268313555
POSITIONAL BASE CONTENT,Read2,ReadPos 138 A Bases,267417988
POSITIONAL BASE CONTENT,Read2,ReadPos 139 A Bases,264496947
POSITIONAL BASE CONTENT,Read2,ReadPos 140 A Bases,267276101
POSITIONAL BASE CONTENT,Read2,ReadPos 141 A Bases,268201973
POSITIONAL BASE CONTENT,Read2,ReadPos 142 A Bases,268356809
POSITIONAL BASE CONTENT,Read2,ReadPos 143 A Bases,266776221
POSITIONAL BASE CONTENT,Read2,ReadPos 144 A Bases,262883076
POSITIONAL BASE CONTENT,Read2,ReadPos 145 A Bases,264189906
POSITIONAL BASE CONTENT,Read2,ReadPos 146 A Bases,264831577
POSITIONAL BASE CONTENT,Read2,ReadPos 147 A Bases,263815447
POSITIONAL BASE CONTENT,Read2,ReadPos 148 A Bases,255942037
POSITIONAL BASE CONTENT,Read2,ReadPos 149 A Bases,262277148
POSITIONAL BASE CONTENT,Read2,ReadPos 150 A Bases,257665146
POSITIONAL BASE CONTENT,Read2,ReadPos 151 A Bases,263335252
POSITIONAL BASE CONTENT,Read2,ReadPos 1 C Bases,237273200
POSITIONAL BASE CONTENT,Read2,ReadPos 2 C Bases,239182172
POSITIONAL BASE CONTENT,Read2,ReadPos 3 C Bases,256042137
POSITIONAL BASE CONTENT,Read2,ReadPos 4 C Bases,310998138
POSITIONAL BASE CONTENT,Read2,ReadPos 5 C Bases,123816768
POSITIONAL BASE CONTENT,Read2,ReadPos 6 C Bases,118783727
POSITIONAL BASE CONTENT,Read2,ReadPos 7 C Bases,179134433
POSITIONAL BASE CONTENT,Read2,ReadPos 8 C Bases,179570304
POSITIONAL BASE CONTENT,Read2,ReadPos 9 C Bases,403310623
POSITIONAL BASE CONTENT,Read2,ReadPos 10 C Bases,196337928
POSITIONAL BASE CONTENT,Read2,ReadPos 11 C Bases,176163956
POSITIONAL BASE CONTENT,Read2,ReadPos 12 C Bases,198266228
POSITIONAL BASE CONTENT,Read2,ReadPos 13 C Bases,225017533
POSITIONAL BASE CONTENT,Read2,ReadPos 14 C Bases,282333285
POSITIONAL BASE CONTENT,Read2,ReadPos 15 C Bases,212051275
POSITIONAL BASE CONTENT,Read2,ReadPos 16 C Bases,204033502
POSITIONAL BASE CONTENT,Read2,ReadPos 17 C Bases,204707053
POSITIONAL BASE CONTENT,Read2,ReadPos 18 C Bases,194932696
POSITIONAL BASE CONTENT,Read2,ReadPos 19 C Bases,199202359
POSITIONAL BASE CONTENT,Read2,ReadPos 20 C Bases,194333816
POSITIONAL BASE CONTENT,Read2,ReadPos 21 C Bases,203696186
POSITIONAL BASE CONTENT,Read2,ReadPos 22 C Bases,202332077
POSITIONAL BASE CONTENT,Read2,ReadPos 23 C Bases,205136256
POSITIONAL BASE CONTENT,Read2,ReadPos 24 C Bases,203317426
POSITIONAL BASE CONTENT,Read2,ReadPos 25 C Bases,204105120
POSITIONAL BASE CONTENT,Read2,ReadPos 26 C Bases,204821792
POSITIONAL BASE CONTENT,Read2,ReadPos 27 C Bases,204107218
POSITIONAL BASE CONTENT,Read2,ReadPos 28 C Bases,201461867
POSITIONAL BASE CONTENT,Read2,ReadPos 29 C Bases,201339704
POSITIONAL BASE CONTENT,Read2,ReadPos 30 C Bases,199389333
POSITIONAL BASE CONTENT,Read2,ReadPos 31 C Bases,197292254
POSITIONAL BASE CONTENT,Read2,ReadPos 32 C Bases,202188536
POSITIONAL BASE CONTENT,Read2,ReadPos 33 C Bases,200967294
POSITIONAL BASE CONTENT,Read2,ReadPos 34 C Bases,202321024
POSITIONAL BASE CONTENT,Read2,ReadPos 35 C Bases,202939371
POSITIONAL BASE CONTENT,Read2,ReadPos 36 C Bases,196619644
POSITIONAL BASE CONTENT,Read2,ReadPos 37 C Bases,199699642
POSITIONAL BASE CONTENT,Read2,ReadPos 38 C Bases,195372702
POSITIONAL BASE CONTENT,Read2,ReadPos 39 C Bases,197432588
POSITIONAL BASE CONTENT,Read2,ReadPos 40 C Bases,199438719
POSITIONAL BASE CONTENT,Read2,ReadPos 41 C Bases,199786068
POSITIONAL BASE CONTENT,Read2,ReadPos 42 C Bases,199384770
POSITIONAL BASE CONTENT,Read2,ReadPos 43 C Bases,201672719
POSITIONAL BASE CONTENT,Read2,ReadPos 44 C Bases,199791301
POSITIONAL BASE CONTENT,Read2,ReadPos 45 C Bases,199731429
POSITIONAL BASE CONTENT,Read2,ReadPos 46 C Bases,193723229
POSITIONAL BASE CONTENT,Read2,ReadPos 47 C Bases,195949398
POSITIONAL BASE CONTENT,Read2,ReadPos 48 C Bases,199019520
POSITIONAL BASE CONTENT,Read2,ReadPos 49 C Bases,198277422
POSITIONAL BASE CONTENT,Read2,ReadPos 50 C Bases,199177590
POSITIONAL BASE CONTENT,Read2,ReadPos 51 C Bases,196734131
POSITIONAL BASE CONTENT,Read2,ReadPos 52 C Bases,198014701
POSITIONAL BASE CONTENT,Read2,ReadPos 53 C Bases,197580189
POSITIONAL BASE CONTENT,Read2,ReadPos 54 C Bases,195894281
POSITIONAL BASE CONTENT,Read2,ReadPos 55 C Bases,197513221
POSITIONAL BASE CONTENT,Read2,ReadPos 56 C Bases,194886906
POSITIONAL BASE CONTENT,Read2,ReadPos 57 C Bases,199806464
POSITIONAL BASE CONTENT,Read2,ReadPos 58 C Bases,199031968
POSITIONAL BASE CONTENT,Read2,ReadPos 59 C Bases,201244469
POSITIONAL BASE CONTENT,Read2,ReadPos 60 C Bases,198566451
POSITIONAL BASE CONTENT,Read2,ReadPos 61 C Bases,194638689
POSITIONAL BASE CONTENT,Read2,ReadPos 62 C Bases,196090916
POSITIONAL BASE CONTENT,Read2,ReadPos 63 C Bases,195466294
POSITIONAL BASE CONTENT,Read2,ReadPos 64 C Bases,200287123
POSITIONAL BASE CONTENT,Read2,ReadPos 65 C Bases,200467225
POSITIONAL BASE CONTENT,Read2,ReadPos 66 C Bases,201652896
POSITIONAL BASE CONTENT,Read2,ReadPos 67 C Bases,198509877
POSITIONAL BASE CONTENT,Read2,ReadPos 68 C Bases,193615446
POSITIONAL BASE CONTENT,Read2,ReadPos 69 C Bases,195973280
POSITIONAL BASE CONTENT,Read2,ReadPos 70 C Bases,197230227
POSITIONAL BASE CONTENT,Read2,ReadPos 71 C Bases,196942971
POSITIONAL BASE CONTENT,Read2,ReadPos 72 C Bases,194394200
POSITIONAL BASE CONTENT,Read2,ReadPos 73 C Bases,196253472
POSITIONAL BASE CONTENT,Read2,ReadPos 74 C Bases,197989307
POSITIONAL BASE CONTENT,Read2,ReadPos 75 C Bases,197792947
POSITIONAL BASE CONTENT,Read2,ReadPos 76 C Bases,195991597
POSITIONAL BASE CONTENT,Read2,ReadPos 77 C Bases,194495234
POSITIONAL BASE CONTENT,Read2,ReadPos 78 C Bases,191967415
POSITIONAL BASE CONTENT,Read2,ReadPos 79 C Bases,196247186
POSITIONAL BASE CONTENT,Read2,ReadPos 80 C Bases,197211129
POSITIONAL BASE CONTENT,Read2,ReadPos 81 C Bases,196895381
POSITIONAL BASE CONTENT,Read2,ReadPos 82 C Bases,195682353
POSITIONAL BASE CONTENT,Read2,ReadPos 83 C Bases,194056170
POSITIONAL BASE CONTENT,Read2,ReadPos 84 C Bases,198389809
POSITIONAL BASE CONTENT,Read2,ReadPos 85 C Bases,198751893
POSITIONAL BASE CONTENT,Read2,ReadPos 86 C Bases,193860104
POSITIONAL BASE CONTENT,Read2,ReadPos 87 C Bases,192999971
POSITIONAL BASE CONTENT,Read2,ReadPos 88 C Bases,195122308
POSITIONAL BASE CONTENT,Read2,ReadPos 89 C Bases,199334028
POSITIONAL BASE CONTENT,Read2,ReadPos 90 C Bases,197797220
POSITIONAL BASE CONTENT,Read2,ReadPos 91 C Bases,195779891
POSITIONAL BASE CONTENT,Read2,ReadPos 92 C Bases,193375640
POSITIONAL BASE CONTENT,Read2,ReadPos 93 C Bases,195168667
POSITIONAL BASE CONTENT,Read2,ReadPos 94 C Bases,197066987
POSITIONAL BASE CONTENT,Read2,ReadPos 95 C Bases,198175371
POSITIONAL BASE CONTENT,Read2,ReadPos 96 C Bases,195146501
POSITIONAL BASE CONTENT,Read2,ReadPos 97 C Bases,196540417
POSITIONAL BASE CONTENT,Read2,ReadPos 98 C Bases,195876137
POSITIONAL BASE CONTENT,Read2,ReadPos 99 C Bases,196866843
POSITIONAL BASE CONTENT,Read2,ReadPos 100 C Bases,196686874
POSITIONAL BASE CONTENT,Read2,ReadPos 101 C Bases,194228861
POSITIONAL BASE CONTENT,Read2,ReadPos 102 C Bases,193242940
POSITIONAL BASE CONTENT,Read2,ReadPos 103 C Bases,193069202
POSITIONAL BASE CONTENT,Read2,ReadPos 104 C Bases,194457566
POSITIONAL BASE CONTENT,Read2,ReadPos 105 C Bases,194517623
POSITIONAL BASE CONTENT,Read2,ReadPos 106 C Bases,196288939
POSITIONAL BASE CONTENT,Read2,ReadPos 107 C Bases,195283325
POSITIONAL BASE CONTENT,Read2,ReadPos 108 C Bases,196245335
POSITIONAL BASE CONTENT,Read2,ReadPos 109 C Bases,193629568
POSITIONAL BASE CONTENT,Read2,ReadPos 110 C Bases,195252964
POSITIONAL BASE CONTENT,Read2,ReadPos 111 C Bases,192742600
POSITIONAL BASE CONTENT,Read2,ReadPos 112 C Bases,191008554
POSITIONAL BASE CONTENT,Read2,ReadPos 113 C Bases,191353073
POSITIONAL BASE CONTENT,Read2,ReadPos 114 C Bases,192097956
POSITIONAL BASE CONTENT,Read2,ReadPos 115 C Bases,193989325
POSITIONAL BASE CONTENT,Read2,ReadPos 116 C Bases,189717852
POSITIONAL BASE CONTENT,Read2,ReadPos 117 C Bases,189354577
POSITIONAL BASE CONTENT,Read2,ReadPos 118 C Bases,189519019
POSITIONAL BASE CONTENT,Read2,ReadPos 119 C Bases,191984776
POSITIONAL BASE CONTENT,Read2,ReadPos 120 C Bases,193204699
POSITIONAL BASE CONTENT,Read2,ReadPos 121 C Bases,190042471
POSITIONAL BASE CONTENT,Read2,ReadPos 122 C Bases,189479420
POSITIONAL BASE CONTENT,Read2,ReadPos 123 C Bases,190129219
POSITIONAL BASE CONTENT,Read2,ReadPos 124 C Bases,191427173
POSITIONAL BASE CONTENT,Read2,ReadPos 125 C Bases,191601983
POSITIONAL BASE CONTENT,Read2,ReadPos 126 C Bases,188278382
POSITIONAL BASE CONTENT,Read2,ReadPos 127 C Bases,186235976
POSITIONAL BASE CONTENT,Read2,ReadPos 128 C Bases,187287780
POSITIONAL BASE CONTENT,Read2,ReadPos 129 C Bases,189842823
POSITIONAL BASE CONTENT,Read2,ReadPos 130 C Bases,189716107
POSITIONAL BASE CONTENT,Read2,ReadPos 131 C Bases,187178578
POSITIONAL BASE CONTENT,Read2,ReadPos 132 C Bases,186291337
POSITIONAL BASE CONTENT,Read2,ReadPos 133 C Bases,188821877
POSITIONAL BASE CONTENT,Read2,ReadPos 134 C Bases,190346192
POSITIONAL BASE CONTENT,Read2,ReadPos 135 C Bases,188753537
POSITIONAL BASE CONTENT,Read2,ReadPos 136 C Bases,187889289
POSITIONAL BASE CONTENT,Read2,ReadPos 137 C Bases,187615952
POSITIONAL BASE CONTENT,Read2,ReadPos 138 C Bases,187905872
POSITIONAL BASE CONTENT,Read2,ReadPos 139 C Bases,189138202
POSITIONAL BASE CONTENT,Read2,ReadPos 140 C Bases,187030215
POSITIONAL BASE CONTENT,Read2,ReadPos 141 C Bases,185582268
POSITIONAL BASE CONTENT,Read2,ReadPos 142 C Bases,185448759
POSITIONAL BASE CONTENT,Read2,ReadPos 143 C Bases,185988555
POSITIONAL BASE CONTENT,Read2,ReadPos 144 C Bases,188419418
POSITIONAL BASE CONTENT,Read2,ReadPos 145 C Bases,186994177
POSITIONAL BASE CONTENT,Read2,ReadPos 146 C Bases,184796949
POSITIONAL BASE CONTENT,Read2,ReadPos 147 C Bases,183586115
POSITIONAL BASE CONTENT,Read2,ReadPos 148 C Bases,181007497
POSITIONAL BASE CONTENT,Read2,ReadPos 149 C Bases,187333141
POSITIONAL BASE CONTENT,Read2,ReadPos 150 C Bases,187176343
POSITIONAL BASE CONTENT,Read2,ReadPos 151 C Bases,183719339
POSITIONAL BASE CONTENT,Read2,ReadPos 1 G Bases,448674618
POSITIONAL BASE CONTENT,Read2,ReadPos 2 G Bases,174299756
POSITIONAL BASE CONTENT,Read2,ReadPos 3 G Bases,192207743
POSITIONAL BASE CONTENT,Read2,ReadPos 4 G Bases,124624156
POSITIONAL BASE CONTENT,Read2,ReadPos 5 G Bases,133279613
POSITIONAL BASE CONTENT,Read2,ReadPos 6 G Bases,316545486
POSITIONAL BASE CONTENT,Read2,ReadPos 7 G Bases,266235037
POSITIONAL BASE CONTENT,Read2,ReadPos 8 G Bases,246213424
POSITIONAL BASE CONTENT,Read2,ReadPos 9 G Bases,236039211
POSITIONAL BASE CONTENT,Read2,ReadPos 10 G Bases,119221427
POSITIONAL BASE CONTENT,Read2,ReadPos 11 G Bases,339246141
POSITIONAL BASE CONTENT,Read2,ReadPos 12 G Bases,193522047
POSITIONAL BASE CONTENT,Read2,ReadPos 13 G Bases,269283515
POSITIONAL BASE CONTENT,Read2,ReadPos 14 G Bases,187667460
POSITIONAL BASE CONTENT,Read2,ReadPos 15 G Bases,219747474
POSITIONAL BASE CONTENT,Read2,ReadPos 16 G Bases,208214980
POSITIONAL BASE CONTENT,Read2,ReadPos 17 G Bases,192846594
POSITIONAL BASE CONTENT,Read2,ReadPos 18 G Bases,198494057
POSITIONAL BASE CONTENT,Read2,ReadPos 19 G Bases,206153537
POSITIONAL BASE CONTENT,Read2,ReadPos 20 G Bases,214363805
POSITIONAL BASE CONTENT,Read2,ReadPos 21 G Bases,214530175
POSITIONAL BASE CONTENT,Read2,ReadPos 22 G Bases,202772759
POSITIONAL BASE CONTENT,Read2,ReadPos 23 G Bases,208510110
POSITIONAL BASE CONTENT,Read2,ReadPos 24 G Bases,206451444
POSITIONAL BASE CONTENT,Read2,ReadPos 25 G Bases,209242569
POSITIONAL BASE CONTENT,Read2,ReadPos 26 G Bases,204202365
POSITIONAL BASE CONTENT,Read2,ReadPos 27 G Bases,200849991
POSITIONAL BASE CONTENT,Read2,ReadPos 28 G Bases,205537926
POSITIONAL BASE CONTENT,Read2,ReadPos 29 G Bases,201464587
POSITIONAL BASE CONTENT,Read2,ReadPos 30 G Bases,207371677
POSITIONAL BASE CONTENT,Read2,ReadPos 31 G Bases,212000236
POSITIONAL BASE CONTENT,Read2,ReadPos 32 G Bases,200541666
POSITIONAL BASE CONTENT,Read2,ReadPos 33 G Bases,203369863
POSITIONAL BASE CONTENT,Read2,ReadPos 34 G Bases,202059315
POSITIONAL BASE CONTENT,Read2,ReadPos 35 G Bases,203605541
POSITIONAL BASE CONTENT,Read2,ReadPos 36 G Bases,205061282
POSITIONAL BASE CONTENT,Read2,ReadPos 37 G Bases,205016502
POSITIONAL BASE CONTENT,Read2,ReadPos 38 G Bases,203812996
POSITIONAL BASE CONTENT,Read2,ReadPos 39 G Bases,203701264
POSITIONAL BASE CONTENT,Read2,ReadPos 40 G Bases,201953584
POSITIONAL BASE CONTENT,Read2,ReadPos 41 G Bases,207337871
POSITIONAL BASE CONTENT,Read2,ReadPos 42 G Bases,200330097
POSITIONAL BASE CONTENT,Read2,ReadPos 43 G Bases,203754013
POSITIONAL BASE CONTENT,Read2,ReadPos 44 G Bases,204599072
POSITIONAL BASE CONTENT,Read2,ReadPos 45 G Bases,206443033
POSITIONAL BASE CONTENT,Read2,ReadPos 46 G Bases,207453145
POSITIONAL BASE CONTENT,Read2,ReadPos 47 G Bases,201489728
POSITIONAL BASE CONTENT,Read2,ReadPos 48 G Bases,200745598
POSITIONAL BASE CONTENT,Read2,ReadPos 49 G Bases,202328512
POSITIONAL BASE CONTENT,Read2,ReadPos 50 G Bases,203772677
POSITIONAL BASE CONTENT,Read2,ReadPos 51 G Bases,207246066
POSITIONAL BASE CONTENT,Read2,ReadPos 52 G Bases,201429483
POSITIONAL BASE CONTENT,Read2,ReadPos 53 G Bases,203128645
POSITIONAL BASE CONTENT,Read2,ReadPos 54 G Bases,205184683
POSITIONAL BASE CONTENT,Read2,ReadPos 55 G Bases,204263301
POSITIONAL BASE CONTENT,Read2,ReadPos 56 G Bases,208946363
POSITIONAL BASE CONTENT,Read2,ReadPos 57 G Bases,198804489
POSITIONAL BASE CONTENT,Read2,ReadPos 58 G Bases,199241237
POSITIONAL BASE CONTENT,Read2,ReadPos 59 G Bases,199806915
POSITIONAL BASE CONTENT,Read2,ReadPos 60 G Bases,203043057
POSITIONAL BASE CONTENT,Read2,ReadPos 61 G Bases,206741359
POSITIONAL BASE CONTENT,Read2,ReadPos 62 G Bases,202569810
POSITIONAL BASE CONTENT,Read2,ReadPos 63 G Bases,202105614
POSITIONAL BASE CONTENT,Read2,ReadPos 64 G Bases,200136133
POSITIONAL BASE CONTENT,Read2,ReadPos 65 G Bases,199682920
POSITIONAL BASE CONTENT,Read2,ReadPos 66 G Bases,201523408
POSITIONAL BASE CONTENT,Read2,ReadPos 67 G Bases,197313229
POSITIONAL BASE CONTENT,Read2,ReadPos 68 G Bases,202259894
POSITIONAL BASE CONTENT,Read2,ReadPos 69 G Bases,205200604
POSITIONAL BASE CONTENT,Read2,ReadPos 70 G Bases,205504129
POSITIONAL BASE CONTENT,Read2,ReadPos 71 G Bases,205086011
POSITIONAL BASE CONTENT,Read2,ReadPos 72 G Bases,198115100
POSITIONAL BASE CONTENT,Read2,ReadPos 73 G Bases,200657935
POSITIONAL BASE CONTENT,Read2,ReadPos 74 G Bases,201094287
POSITIONAL BASE CONTENT,Read2,ReadPos 75 G Bases,204386718
POSITIONAL BASE CONTENT,Read2,ReadPos 76 G Bases,203282251
POSITIONAL BASE CONTENT,Read2,ReadPos 77 G Bases,200020424
POSITIONAL BASE CONTENT,Read2,ReadPos 78 G Bases,202467647
POSITIONAL BASE CONTENT,Read2,ReadPos 79 G Bases,200960241
POSITIONAL BASE CONTENT,Read2,ReadPos 80 G Bases,203321171
POSITIONAL BASE CONTENT,Read2,ReadPos 81 G Bases,202870037
POSITIONAL BASE CONTENT,Read2,ReadPos 82 G Bases,196809076
POSITIONAL BASE CONTENT,Read2,ReadPos 83 G Bases,200153630
POSITIONAL BASE CONTENT,Read2,ReadPos 84 G Bases,198534089
POSITIONAL BASE CONTENT,Read2,ReadPos 85 G Bases,200334144
POSITIONAL BASE CONTENT,Read2,ReadPos 86 G Bases,201095557
POSITIONAL BASE CONTENT,Read2,ReadPos 87 G Bases,200295394
POSITIONAL BASE CONTENT,Read2,ReadPos 88 G Bases,200375511
POSITIONAL BASE CONTENT,Read2,ReadPos 89 G Bases,199225292
POSITIONAL BASE CONTENT,Read2,ReadPos 90 G Bases,199120230
POSITIONAL BASE CONTENT,Read2,ReadPos 91 G Bases,199863656
POSITIONAL BASE CONTENT,Read2,ReadPos 92 G Bases,197911401
POSITIONAL BASE CONTENT,Read2,ReadPos 93 G Bases,199694608
POSITIONAL BASE CONTENT,Read2,ReadPos 94 G Bases,196025535
POSITIONAL BASE CONTENT,Read2,ReadPos 95 G Bases,197191261
POSITIONAL BASE CONTENT,Read2,ReadPos 96 G Bases,196932445
POSITIONAL BASE CONTENT,Read2,ReadPos 97 G Bases,197836634
POSITIONAL BASE CONTENT,Read2,ReadPos 98 G Bases,199318613
POSITIONAL BASE CONTENT,Read2,ReadPos 99 G Bases,198161320
POSITIONAL BASE CONTENT,Read2,ReadPos 100 G Bases,198880510
POSITIONAL BASE CONTENT,Read2,ReadPos 101 G Bases,197177250
POSITIONAL BASE CONTENT,Read2,ReadPos 102 G Bases,196929311
POSITIONAL BASE CONTENT,Read2,ReadPos 103 G Bases,196222438
POSITIONAL BASE CONTENT,Read2,ReadPos 104 G Bases,195603590
POSITIONAL BASE CONTENT,Read2,ReadPos 105 G Bases,197279157
POSITIONAL BASE CONTENT,Read2,ReadPos 106 G Bases,195833092
POSITIONAL BASE CONTENT,Read2,ReadPos 107 G Bases,194138802
POSITIONAL BASE CONTENT,Read2,ReadPos 108 G Bases,193813776
POSITIONAL BASE CONTENT,Read2,ReadPos 109 G Bases,195584187
POSITIONAL BASE CONTENT,Read2,ReadPos 110 G Bases,198320791
POSITIONAL BASE CONTENT,Read2,ReadPos 111 G Bases,197424974
POSITIONAL BASE CONTENT,Read2,ReadPos 112 G Bases,194974847
POSITIONAL BASE CONTENT,Read2,ReadPos 113 G Bases,193042058
POSITIONAL BASE CONTENT,Read2,ReadPos 114 G Bases,193729035
POSITIONAL BASE CONTENT,Read2,ReadPos 115 G Bases,193983876
POSITIONAL BASE CONTENT,Read2,ReadPos 116 G Bases,196304434
POSITIONAL BASE CONTENT,Read2,ReadPos 117 G Bases,195156591
POSITIONAL BASE CONTENT,Read2,ReadPos 118 G Bases,195562328
POSITIONAL BASE CONTENT,Read2,ReadPos 119 G Bases,195702527
POSITIONAL BASE CONTENT,Read2,ReadPos 120 G Bases,194598018
POSITIONAL BASE CONTENT,Read2,ReadPos 121 G Bases,196072433
POSITIONAL BASE CONTENT,Read2,ReadPos 122 G Bases,194256357
POSITIONAL BASE CONTENT,Read2,ReadPos 123 G Bases,192714397
POSITIONAL BASE CONTENT,Read2,ReadPos 124 G Bases,193012872
POSITIONAL BASE CONTENT,Read2,ReadPos 125 G Bases,193458724
POSITIONAL BASE CONTENT,Read2,ReadPos 126 G Bases,195414281
POSITIONAL BASE CONTENT,Read2,ReadPos 127 G Bases,193122339
POSITIONAL BASE CONTENT,Read2,ReadPos 128 G Bases,192576837
POSITIONAL BASE CONTENT,Read2,ReadPos 129 G Bases,193364057
POSITIONAL BASE CONTENT,Read2,ReadPos 130 G Bases,192932060
POSITIONAL BASE CONTENT,Read2,ReadPos 131 G Bases,194791056
POSITIONAL BASE CONTENT,Read2,ReadPos 132 G Bases,192838827
POSITIONAL BASE CONTENT,Read2,ReadPos 133 G Bases,191798970
POSITIONAL BASE CONTENT,Read2,ReadPos 134 G Bases,192267356
POSITIONAL BASE CONTENT,Read2,ReadPos 135 G Bases,192751992
POSITIONAL BASE CONTENT,Read2,ReadPos 136 G Bases,194206050
POSITIONAL BASE CONTENT,Read2,ReadPos 137 G Bases,191411928
POSITIONAL BASE CONTENT,Read2,ReadPos 138 G Bases,189517430
POSITIONAL BASE CONTENT,Read2,ReadPos 139 G Bases,190664780
POSITIONAL BASE CONTENT,Read2,ReadPos 140 G Bases,192365065
POSITIONAL BASE CONTENT,Read2,ReadPos 141 G Bases,193083838
POSITIONAL BASE CONTENT,Read2,ReadPos 142 G Bases,191167333
POSITIONAL BASE CONTENT,Read2,ReadPos 143 G Bases,190580753
POSITIONAL BASE CONTENT,Read2,ReadPos 144 G Bases,191071789
POSITIONAL BASE CONTENT,Read2,ReadPos 145 G Bases,190897541
POSITIONAL BASE CONTENT,Read2,ReadPos 146 G Bases,191395086
POSITIONAL BASE CONTENT,Read2,ReadPos 147 G Bases,189419463
POSITIONAL BASE CONTENT,Read2,ReadPos 148 G Bases,188452928
POSITIONAL BASE CONTENT,Read2,ReadPos 149 G Bases,183064376
POSITIONAL BASE CONTENT,Read2,ReadPos 150 G Bases,181089423
POSITIONAL BASE CONTENT,Read2,ReadPos 151 G Bases,189665823
POSITIONAL BASE CONTENT,Read2,ReadPos 1 T Bases,95105882
POSITIONAL BASE CONTENT,Read2,ReadPos 2 T Bases,357059403
POSITIONAL BASE CONTENT,Read2,ReadPos 3 T Bases,294159295
POSITIONAL BASE CONTENT,Read2,ReadPos 4 T Bases,388594584
POSITIONAL BASE CONTENT,Read2,ReadPos 5 T Bases,355589282
POSITIONAL BASE CONTENT,Read2,ReadPos 6 T Bases,157720652
POSITIONAL BASE CONTENT,Read2,ReadPos 7 T Bases,224890986
POSITIONAL BASE CONTENT,Read2,ReadPos 8 T Bases,206765213
POSITIONAL BASE CONTENT,Read2,ReadPos 9 T Bases,208339596
POSITIONAL BASE CONTENT,Read2,ReadPos 10 T Bases,374181679
POSITIONAL BASE CONTENT,Read2,ReadPos 11 T Bases,232770081
POSITIONAL BASE CONTENT,Read2,ReadPos 12 T Bases,331316780
POSITIONAL BASE CONTENT,Read2,ReadPos 13 T Bases,262796286
POSITIONAL BASE CONTENT,Read2,ReadPos 14 T Bases,285710345
POSITIONAL BASE CONTENT,Read2,ReadPos 15 T Bases,234853255
POSITIONAL BASE CONTENT,Read2,ReadPos 16 T Bases,253899256
POSITIONAL BASE CONTENT,Read2,ReadPos 17 T Bases,283212745
POSITIONAL BASE CONTENT,Read2,ReadPos 18 T Bases,288006492
POSITIONAL BASE CONTENT,Read2,ReadPos 19 T Bases,282521028
POSITIONAL BASE CONTENT,Read2,ReadPos 20 T Bases,278843853
POSITIONAL BASE CONTENT,Read2,ReadPos 21 T Bases,270620712
POSITIONAL BASE CONTENT,Read2,ReadPos 22 T Bases,285996900
POSITIONAL BASE CONTENT,Read2,ReadPos 23 T Bases,276905515
POSITIONAL BASE CONTENT,Read2,ReadPos 24 T Bases,281732434
POSITIONAL BASE CONTENT,Read2,ReadPos 25 T Bases,278673023
POSITIONAL BASE CONTENT,Read2,ReadPos 26 T Bases,282004022
POSITIONAL BASE CONTENT,Read2,ReadPos 27 T Bases,288104053
POSITIONAL BASE CONTENT,Read2,ReadPos 28 T Bases,285449024
POSITIONAL BASE CONTENT,Read2,ReadPos 29 T Bases,287042157
POSITIONAL BASE CONTENT,Read2,ReadPos 30 T Bases,281037253
POSITIONAL BASE CONTENT,Read2,ReadPos 31 T Bases,274195971
POSITIONAL BASE CONTENT,Read2,ReadPos 32 T Bases,283528249
POSITIONAL BASE CONTENT,Read2,ReadPos 33 T Bases,285059511
POSITIONAL BASE CONTENT,Read2,ReadPos 34 T Bases,288783808
POSITIONAL BASE CONTENT,Read2,ReadPos 35 T Bases,285612076
POSITIONAL BASE CONTENT,Read2,ReadPos 36 T Bases,279712422
POSITIONAL BASE CONTENT,Read2,ReadPos 37 T Bases,280795218
POSITIONAL BASE CONTENT,Read2,ReadPos 38 T Bases,281345275
POSITIONAL BASE CONTENT,Read2,ReadPos 39 T Bases,285124068
POSITIONAL BASE CONTENT,Read2,ReadPos 40 T Bases,285201152
POSITIONAL BASE CONTENT,Read2,ReadPos 41 T Bases,279531346
POSITIONAL BASE CONTENT,Read2,ReadPos 42 T Bases,284696581
POSITIONAL BASE CONTENT,Read2,ReadPos 43 T Bases,282264599
POSITIONAL BASE CONTENT,Read2,ReadPos 44 T Bases,283999525
POSITIONAL BASE CONTENT,Read2,ReadPos 45 T Bases,279664823
POSITIONAL BASE CONTENT,Read2,ReadPos 46 T Bases,278644830
POSITIONAL BASE CONTENT,Read2,ReadPos 47 T Bases,283525535
POSITIONAL BASE CONTENT,Read2,ReadPos 48 T Bases,283265308
POSITIONAL BASE CONTENT,Read2,ReadPos 49 T Bases,284719207
POSITIONAL BASE CONTENT,Read2,ReadPos 50 T Bases,280467751
POSITIONAL BASE CONTENT,Read2,ReadPos 51 T Bases,280601544
POSITIONAL BASE CONTENT,Read2,ReadPos 52 T Bases,282961906
POSITIONAL BASE CONTENT,Read2,ReadPos 53 T Bases,283789768
POSITIONAL BASE CONTENT,Read2,ReadPos 54 T Bases,279680541
POSITIONAL BASE CONTENT,Read2,ReadPos 55 T Bases,277936074
POSITIONAL BASE CONTENT,Read2,ReadPos 56 T Bases,276794977
POSITIONAL BASE CONTENT,Read2,ReadPos 57 T Bases,285025140
POSITIONAL BASE CONTENT,Read2,ReadPos 58 T Bases,287364028
POSITIONAL BASE CONTENT,Read2,ReadPos 59 T Bases,284922869
POSITIONAL BASE CONTENT,Read2,ReadPos 60 T Bases,281180255
POSITIONAL BASE CONTENT,Read2,ReadPos 61 T Bases,277807726
POSITIONAL BASE CONTENT,Read2,ReadPos 62 T Bases,280286444
POSITIONAL BASE CONTENT,Read2,ReadPos 63 T Bases,281489841
POSITIONAL BASE CONTENT,Read2,ReadPos 64 T Bases,283009940
POSITIONAL BASE CONTENT,Read2,ReadPos 65 T Bases,284078104
POSITIONAL BASE CONTENT,Read2,ReadPos 66 T Bases,278893279
POSITIONAL BASE CONTENT,Read2,ReadPos 67 T Bases,284440805
POSITIONAL BASE CONTENT,Read2,ReadPos 68 T Bases,281315767
POSITIONAL BASE CONTENT,Read2,ReadPos 69 T Bases,281232968
POSITIONAL BASE CONTENT,Read2,ReadPos 70 T Bases,279229999
POSITIONAL BASE CONTENT,Read2,ReadPos 71 T Bases,278680437
POSITIONAL BASE CONTENT,Read2,ReadPos 72 T Bases,285425495
POSITIONAL BASE CONTENT,Read2,ReadPos 73 T Bases,279893314
POSITIONAL BASE CONTENT,Read2,ReadPos 74 T Bases,280239995
POSITIONAL BASE CONTENT,Read2,ReadPos 75 T Bases,276062732
POSITIONAL BASE CONTENT,Read2,ReadPos 76 T Bases,274624588
POSITIONAL BASE CONTENT,Read2,ReadPos 77 T Bases,280848546
POSITIONAL BASE CONTENT,Read2,ReadPos 78 T Bases,278579796
POSITIONAL BASE CONTENT,Read2,ReadPos 79 T Bases,280580128
POSITIONAL BASE CONTENT,Read2,ReadPos 80 T Bases,279232027
POSITIONAL BASE CONTENT,Read2,ReadPos 81 T Bases,277450360
POSITIONAL BASE CONTENT,Read2,ReadPos 82 T Bases,283090492
POSITIONAL BASE CONTENT,Read2,ReadPos 83 T Bases,279856691
POSITIONAL BASE CONTENT,Read2,ReadPos 84 T Bases,279926909
POSITIONAL BASE CONTENT,Read2,ReadPos 85 T Bases,277755945
POSITIONAL BASE CONTENT,Read2,ReadPos 86 T Bases,276654762
POSITIONAL BASE CONTENT,Read2,ReadPos 87 T Bases,277614723
POSITIONAL BASE CONTENT,Read2,ReadPos 88 T Bases,276753919
POSITIONAL BASE CONTENT,Read2,ReadPos 89 T Bases,278044587
POSITIONAL BASE CONTENT,Read2,ReadPos 90 T Bases,278977507
POSITIONAL BASE CONTENT,Read2,ReadPos 91 T Bases,276668061
POSITIONAL BASE CONTENT,Read2,ReadPos 92 T Bases,278348949
POSITIONAL BASE CONTENT,Read2,ReadPos 93 T Bases,276092471
POSITIONAL BASE CONTENT,Read2,ReadPos 94 T Bases,278101990
POSITIONAL BASE CONTENT,Read2,ReadPos 95 T Bases,277400484
POSITIONAL BASE CONTENT,Read2,ReadPos 96 T Bases,277099049
POSITIONAL BASE CONTENT,Read2,ReadPos 97 T Bases,276210260
POSITIONAL BASE CONTENT,Read2,ReadPos 98 T Bases,274547539
POSITIONAL BASE CONTENT,Read2,ReadPos 99 T Bases,276450847
POSITIONAL BASE CONTENT,Read2,ReadPos 100 T Bases,274129954
POSITIONAL BASE CONTENT,Read2,ReadPos 101 T Bases,274975102
POSITIONAL BASE CONTENT,Read2,ReadPos 102 T Bases,275466139
POSITIONAL BASE CONTENT,Read2,ReadPos 103 T Bases,275588914
POSITIONAL BASE CONTENT,Read2,ReadPos 104 T Bases,275341725
POSITIONAL BASE CONTENT,Read2,ReadPos 105 T Bases,275728913
POSITIONAL BASE CONTENT,Read2,ReadPos 106 T Bases,274033891
POSITIONAL BASE CONTENT,Read2,ReadPos 107 T Bases,277058579
POSITIONAL BASE CONTENT,Read2,ReadPos 108 T Bases,273962802
POSITIONAL BASE CONTENT,Read2,ReadPos 109 T Bases,274405610
POSITIONAL BASE CONTENT,Read2,ReadPos 110 T Bases,270686433
POSITIONAL BASE CONTENT,Read2,ReadPos 111 T Bases,271455658
POSITIONAL BASE CONTENT,Read2,ReadPos 112 T Bases,274168949
POSITIONAL BASE CONTENT,Read2,ReadPos 113 T Bases,275715792
POSITIONAL BASE CONTENT,Read2,ReadPos 114 T Bases,275372420
POSITIONAL BASE CONTENT,Read2,ReadPos 115 T Bases,274377090
POSITIONAL BASE CONTENT,Read2,ReadPos 116 T Bases,272898526
POSITIONAL BASE CONTENT,Read2,ReadPos 117 T Bases,274886833
POSITIONAL BASE CONTENT,Read2,ReadPos 118 T Bases,273383402
POSITIONAL BASE CONTENT,Read2,ReadPos 119 T Bases,273005603
POSITIONAL BASE CONTENT,Read2,ReadPos 120 T Bases,272331193
POSITIONAL BASE CONTENT,Read2,ReadPos 121 T Bases,272740585
POSITIONAL BASE CONTENT,Read2,ReadPos 122 T Bases,272992730
POSITIONAL BASE CONTENT,Read2,ReadPos 123 T Bases,273811516
POSITIONAL BASE CONTENT,Read2,ReadPos 124 T Bases,273397802
POSITIONAL BASE CONTENT,Read2,ReadPos 125 T Bases,272961212
POSITIONAL BASE CONTENT,Read2,ReadPos 126 T Bases,270899148
POSITIONAL BASE CONTENT,Read2,ReadPos 127 T Bases,272565385
POSITIONAL BASE CONTENT,Read2,ReadPos 128 T Bases,272676960
POSITIONAL BASE CONTENT,Read2,ReadPos 129 T Bases,272531128
POSITIONAL BASE CONTENT,Read2,ReadPos 130 T Bases,271136324
POSITIONAL BASE CONTENT,Read2,ReadPos 131 T Bases,270663580
POSITIONAL BASE CONTENT,Read2,ReadPos 132 T Bases,271438030
POSITIONAL BASE CONTENT,Read2,ReadPos 133 T Bases,271069217
POSITIONAL BASE CONTENT,Read2,ReadPos 134 T Bases,270626590
POSITIONAL BASE CONTENT,Read2,ReadPos 135 T Bases,270415670
POSITIONAL BASE CONTENT,Read2,ReadPos 136 T Bases,268029136
POSITIONAL BASE CONTENT,Read2,ReadPos 137 T Bases,269621898
POSITIONAL BASE CONTENT,Read2,ReadPos 138 T Bases,270959729
POSITIONAL BASE CONTENT,Read2,ReadPos 139 T Bases,270491820
POSITIONAL BASE CONTENT,Read2,ReadPos 140 T Bases,267151492
POSITIONAL BASE CONTENT,Read2,ReadPos 141 T Bases,266068643
POSITIONAL BASE CONTENT,Read2,ReadPos 142 T Bases,267059903
POSITIONAL BASE CONTENT,Read2,ReadPos 143 T Bases,267742977
POSITIONAL BASE CONTENT,Read2,ReadPos 144 T Bases,267703324
POSITIONAL BASE CONTENT,Read2,ReadPos 145 T Bases,266732319
POSITIONAL BASE CONTENT,Read2,ReadPos 146 T Bases,265791246
POSITIONAL BASE CONTENT,Read2,ReadPos 147 T Bases,265763470
POSITIONAL BASE CONTENT,Read2,ReadPos 148 T Bases,262128197
POSITIONAL BASE CONTENT,Read2,ReadPos 149 T Bases,254839576
POSITIONAL BASE CONTENT,Read2,ReadPos 150 T Bases,261587273
POSITIONAL BASE CONTENT,Read2,ReadPos 151 T Bases,250790022
POSITIONAL BASE CONTENT,Read2,ReadPos 1 N Bases,3041884
POSITIONAL BASE CONTENT,Read2,ReadPos 2 N Bases,366773
POSITIONAL BASE CONTENT,Read2,ReadPos 3 N Bases,35121
POSITIONAL BASE CONTENT,Read2,ReadPos 4 N Bases,22672
POSITIONAL BASE CONTENT,Read2,ReadPos 5 N Bases,46225
POSITIONAL BASE CONTENT,Read2,ReadPos 6 N Bases,133793
POSITIONAL BASE CONTENT,Read2,ReadPos 7 N Bases,11168
POSITIONAL BASE CONTENT,Read2,ReadPos 8 N Bases,16798
POSITIONAL BASE CONTENT,Read2,ReadPos 9 N Bases,22456
POSITIONAL BASE CONTENT,Read2,ReadPos 10 N Bases,16041
POSITIONAL BASE CONTENT,Read2,ReadPos 11 N Bases,76110
POSITIONAL BASE CONTENT,Read2,ReadPos 12 N Bases,16991
POSITIONAL BASE CONTENT,Read2,ReadPos 13 N Bases,10082
POSITIONAL BASE CONTENT,Read2,ReadPos 14 N Bases,119855
POSITIONAL BASE CONTENT,Read2,ReadPos 15 N Bases,8570
POSITIONAL BASE CONTENT,Read2,ReadPos 16 N Bases,61808
POSITIONAL BASE CONTENT,Read2,ReadPos 17 N Bases,71255
POSITIONAL BASE CONTENT,Read2,ReadPos 18 N Bases,14700
POSITIONAL BASE CONTENT,Read2,ReadPos 19 N Bases,56221
POSITIONAL BASE CONTENT,Read2,ReadPos 20 N Bases,202660
POSITIONAL BASE CONTENT,Read2,ReadPos 21 N Bases,57476
POSITIONAL BASE CONTENT,Read2,ReadPos 22 N Bases,70333
POSITIONAL BASE CONTENT,Read2,ReadPos 23 N Bases,58846
POSITIONAL BASE CONTENT,Read2,ReadPos 24 N Bases,28879
POSITIONAL BASE CONTENT,Read2,ReadPos 25 N Bases,26823
POSITIONAL BASE CONTENT,Read2,ReadPos 26 N Bases,20720
POSITIONAL BASE CONTENT,Read2,ReadPos 27 N Bases,38638
POSITIONAL BASE CONTENT,Read2,ReadPos 28 N Bases,38366
POSITIONAL BASE CONTENT,Read2,ReadPos 29 N Bases,15277
POSITIONAL BASE CONTENT,Read2,ReadPos 30 N Bases,260578
POSITIONAL BASE CONTENT,Read2,ReadPos 31 N Bases,100389
POSITIONAL BASE CONTENT,Read2,ReadPos 32 N Bases,745946
POSITIONAL BASE CONTENT,Read2,ReadPos 33 N Bases,17797
POSITIONAL BASE CONTENT,Read2,ReadPos 34 N Bases,20684
POSITIONAL BASE CONTENT,Read2,ReadPos 35 N Bases,170432
POSITIONAL BASE CONTENT,Read2,ReadPos 36 N Bases,234041
POSITIONAL BASE CONTENT,Read2,ReadPos 37 N Bases,11451
POSITIONAL BASE CONTENT,Read2,ReadPos 38 N Bases,18067
POSITIONAL BASE CONTENT,Read2,ReadPos 39 N Bases,28923
POSITIONAL BASE CONTENT,Read2,ReadPos 40 N Bases,20395
POSITIONAL BASE CONTENT,Read2,ReadPos 41 N Bases,148306
POSITIONAL BASE CONTENT,Read2,ReadPos 42 N Bases,20783
POSITIONAL BASE CONTENT,Read2,ReadPos 43 N Bases,17679
POSITIONAL BASE CONTENT,Read2,ReadPos 44 N Bases,23012
POSITIONAL BASE CONTENT,Read2,ReadPos 45 N Bases,21746
POSITIONAL BASE CONTENT,Read2,ReadPos 46 N Bases,121376
POSITIONAL BASE CONTENT,Read2,ReadPos 47 N Bases,21313
POSITIONAL BASE CONTENT,Read2,ReadPos 48 N Bases,139103
POSITIONAL BASE CONTENT,Read2,ReadPos 49 N Bases,26375
POSITIONAL BASE CONTENT,Read2,ReadPos 50 N Bases,28453
POSITIONAL BASE CONTENT,Read2,ReadPos 51 N Bases,22409
POSITIONAL BASE CONTENT,Read2,ReadPos 52 N Bases,15787
POSITIONAL BASE CONTENT,Read2,ReadPos 53 N Bases,126147
POSITIONAL BASE CONTENT,Read2,ReadPos 54 N Bases,27532
POSITIONAL BASE CONTENT,Read2,ReadPos 55 N Bases,137396
POSITIONAL BASE CONTENT,Read2,ReadPos 56 N Bases,34397
POSITIONAL BASE CONTENT,Read2,ReadPos 57 N Bases,28331
POSITIONAL BASE CONTENT,Read2,ReadPos 58 N Bases,162804
POSITIONAL BASE CONTENT,Read2,ReadPos 59 N Bases,26281
POSITIONAL BASE CONTENT,Read2,ReadPos 60 N Bases,193409
POSITIONAL BASE CONTENT,Read2,ReadPos 61 N Bases,35201
POSITIONAL BASE CONTENT,Read2,ReadPos 62 N Bases,25575
POSITIONAL BASE CONTENT,Read2,ReadPos 63 N Bases,26578
POSITIONAL BASE CONTENT,Read2,ReadPos 64 N Bases,23071
POSITIONAL BASE CONTENT,Read2,ReadPos 65 N Bases,30646
POSITIONAL BASE CONTENT,Read2,ReadPos 66 N Bases,34663
POSITIONAL BASE CONTENT,Read2,ReadPos 67 N Bases,38540
POSITIONAL BASE CONTENT,Read2,ReadPos 68 N Bases,130580
POSITIONAL BASE CONTENT,Read2,ReadPos 69 N Bases,15536
POSITIONAL BASE CONTENT,Read2,ReadPos 70 N Bases,44180
POSITIONAL BASE CONTENT,Read2,ReadPos 71 N Bases,48123
POSITIONAL BASE CONTENT,Read2,ReadPos 72 N Bases,28314
POSITIONAL BASE CONTENT,Read2,ReadPos 73 N Bases,26344
POSITIONAL BASE CONTENT,Read2,ReadPos 74 N Bases,31260
POSITIONAL BASE CONTENT,Read2,ReadPos 75 N Bases,1027877
POSITIONAL BASE CONTENT,Read2,ReadPos 76 N Bases,24923
POSITIONAL BASE CONTENT,Read2,ReadPos 77 N Bases,33138
POSITIONAL BASE CONTENT,Read2,ReadPos 78 N Bases,27459
POSITIONAL BASE CONTENT,Read2,ReadPos 79 N Bases,30191
POSITIONAL BASE CONTENT,Read2,ReadPos 80 N Bases,30121
POSITIONAL BASE CONTENT,Read2,ReadPos 81 N Bases,23105
POSITIONAL BASE CONTENT,Read2,ReadPos 82 N Bases,34611
POSITIONAL BASE CONTENT,Read2,ReadPos 83 N Bases,272550
POSITIONAL BASE CONTENT,Read2,ReadPos 84 N Bases,51152
POSITIONAL BASE CONTENT,Read2,ReadPos 85 N Bases,284022
POSITIONAL BASE CONTENT,Read2,ReadPos 86 N Bases,37112
POSITIONAL BASE CONTENT,Read2,ReadPos 87 N Bases,285043
POSITIONAL BASE CONTENT,Read2,ReadPos 88 N Bases,279528
POSITIONAL BASE CONTENT,Read2,ReadPos 89 N Bases,275357
POSITIONAL BASE CONTENT,Read2,ReadPos 90 N Bases,262840
POSITIONAL BASE CONTENT,Read2,ReadPos 91 N Bases,280092
POSITIONAL BASE CONTENT,Read2,ReadPos 92 N Bases,262828
POSITIONAL BASE CONTENT,Read2,ReadPos 93 N Bases,262790
POSITIONAL BASE CONTENT,Read2,ReadPos 94 N Bases,275204
POSITIONAL BASE CONTENT,Read2,ReadPos 95 N Bases,272912
POSITIONAL BASE CONTENT,Read2,ReadPos 96 N Bases,377892
POSITIONAL BASE CONTENT,Read2,ReadPos 97 N Bases,272125
POSITIONAL BASE CONTENT,Read2,ReadPos 98 N Bases,268328
POSITIONAL BASE CONTENT,Read2,ReadPos 99 N Bases,276563
POSITIONAL BASE CONTENT,Read2,ReadPos 100 N Bases,270737
POSITIONAL BASE CONTENT,Read2,ReadPos 101 N Bases,275673
POSITIONAL BASE CONTENT,Read2,ReadPos 102 N Bases,264123
POSITIONAL BASE CONTENT,Read2,ReadPos 103 N Bases,373781
POSITIONAL BASE CONTENT,Read2,ReadPos 104 N Bases,273112
POSITIONAL BASE CONTENT,Read2,ReadPos 105 N Bases,371426
POSITIONAL BASE CONTENT,Read2,ReadPos 106 N Bases,619525
POSITIONAL BASE CONTENT,Read2,ReadPos 107 N Bases,282730
POSITIONAL BASE CONTENT,Read2,ReadPos 108 N Bases,396259
POSITIONAL BASE CONTENT,Read2,ReadPos 109 N Bases,280978
POSITIONAL BASE CONTENT,Read2,ReadPos 110 N Bases,840798
POSITIONAL BASE CONTENT,Read2,ReadPos 111 N Bases,440196
POSITIONAL BASE CONTENT,Read2,ReadPos 112 N Bases,425681
POSITIONAL BASE CONTENT,Read2,ReadPos 113 N Bases,289475
POSITIONAL BASE CONTENT,Read2,ReadPos 114 N Bases,282597
POSITIONAL BASE CONTENT,Read2,ReadPos 115 N Bases,285523
POSITIONAL BASE CONTENT,Read2,ReadPos 116 N Bases,286683
POSITIONAL BASE CONTENT,Read2,ReadPos 117 N Bases,301575
POSITIONAL BASE CONTENT,Read2,ReadPos 118 N Bases,315602
POSITIONAL BASE CONTENT,Read2,ReadPos 119 N Bases,592150
POSITIONAL BASE CONTENT,Read2,ReadPos 120 N Bases,285134
POSITIONAL BASE CONTENT,Read2,ReadPos 121 N Bases,288205
POSITIONAL BASE CONTENT,Read2,ReadPos 122 N Bases,290258
POSITIONAL BASE CONTENT,Read2,ReadPos 123 N Bases,313198
POSITIONAL BASE CONTENT,Read2,ReadPos 124 N Bases,289782
POSITIONAL BASE CONTENT,Read2,ReadPos 125 N Bases,339864
POSITIONAL BASE CONTENT,Read2,ReadPos 126 N Bases,284256
POSITIONAL BASE CONTENT,Read2,ReadPos 127 N Bases,619208
POSITIONAL BASE CONTENT,Read2,ReadPos 128 N Bases,383100
POSITIONAL BASE CONTENT,Read2,ReadPos 129 N Bases,310104
POSITIONAL BASE CONTENT,Read2,ReadPos 130 N Bases,413181
POSITIONAL BASE CONTENT,Read2,ReadPos 131 N Bases,346151
POSITIONAL BASE CONTENT,Read2,ReadPos 132 N Bases,281522
POSITIONAL BASE CONTENT,Read2,ReadPos 133 N Bases,295544
POSITIONAL BASE CONTENT,Read2,ReadPos 134 N Bases,301266
POSITIONAL BASE CONTENT,Read2,ReadPos 135 N Bases,319662
POSITIONAL BASE CONTENT,Read2,ReadPos 136 N Bases,279544
POSITIONAL BASE CONTENT,Read2,ReadPos 137 N Bases,277326
POSITIONAL BASE CONTENT,Read2,ReadPos 138 N Bases,334632
POSITIONAL BASE CONTENT,Read2,ReadPos 139 N Bases,299276
POSITIONAL BASE CONTENT,Read2,ReadPos 140 N Bases,314064
POSITIONAL BASE CONTENT,Read2,ReadPos 141 N Bases,299206
POSITIONAL BASE CONTENT,Read2,ReadPos 142 N Bases,280415
POSITIONAL BASE CONTENT,Read2,ReadPos 143 N Bases,295332
POSITIONAL BASE CONTENT,Read2,ReadPos 144 N Bases,318085
POSITIONAL BASE CONTENT,Read2,ReadPos 145 N Bases,310182
POSITIONAL BASE CONTENT,Read2,ReadPos 146 N Bases,306765
POSITIONAL BASE CONTENT,Read2,ReadPos 147 N Bases,289317
POSITIONAL BASE CONTENT,Read2,ReadPos 148 N Bases,284613
POSITIONAL BASE CONTENT,Read2,ReadPos 149 N Bases,301031
POSITIONAL BASE CONTENT,Read2,ReadPos 150 N Bases,297087
POSITIONAL BASE CONTENT,Read2,ReadPos 151 N Bases,304836
READ LENGTHS,Read2,20bp Length Reads,1229
READ LENGTHS,Read2,21bp Length Reads,2260
READ LENGTHS,Read2,22bp Length Reads,1842
READ LENGTHS,Read2,23bp Length Reads,2878
READ LENGTHS,Read2,24bp Length Reads,4002
READ LENGTHS,Read2,25bp Length Reads,4865
READ LENGTHS,Read2,26bp Length Reads,13817
READ LENGTHS,Read2,27bp Length Reads,77802
READ LENGTHS,Read2,28bp Length Reads,106760
READ LENGTHS,Read2,29bp Length Reads,126233
READ LENGTHS,Read2,30bp Length Reads,117231
READ LENGTHS,Read2,31bp Length Reads,137486
READ LENGTHS,Read2,32bp Length Reads,208689
READ LENGTHS,Read2,33bp Length Reads,296947
READ LENGTHS,Read2,34bp Length Reads,340131
READ LENGTHS,Read2,35bp Length Reads,306073
READ LENGTHS,Read2,36bp Length Reads,211535
READ LENGTHS,Read2,37bp Length Reads,137320
READ LENGTHS,Read2,38bp Length Reads,128882
READ LENGTHS,Read2,39bp Length Reads,175111
READ LENGTHS,Read2,40bp Length Reads,223847
READ LENGTHS,Read2,41bp Length Reads,285304
READ LENGTHS,Read2,42bp Length Reads,356971
READ LENGTHS,Read2,43bp Length Reads,432869
READ LENGTHS,Read2,44bp Length Reads,486179
READ LENGTHS,Read2,45bp Length Reads,426904
READ LENGTHS,Read2,46bp Length Reads,294466
READ LENGTHS,Read2,47bp Length Reads,189635
READ LENGTHS,Read2,48bp Length Reads,161232
READ LENGTHS,Read2,49bp Length Reads,202405
READ LENGTHS,Read2,50bp Length Reads,261651
READ LENGTHS,Read2,51bp Length Reads,337854
READ LENGTHS,Read2,52bp Length Reads,401346
READ LENGTHS,Read2,53bp Length Reads,461329
READ LENGTHS,Read2,54bp Length Reads,497960
READ LENGTHS,Read2,55bp Length Reads,448725
READ LENGTHS,Read2,56bp Length Reads,354956
READ LENGTHS,Read2,57bp Length Reads,252003
READ LENGTHS,Read2,58bp Length Reads,200392
READ LENGTHS,Read2,59bp Length Reads,222378
READ LENGTHS,Read2,60bp Length Reads,284173
READ LENGTHS,Read2,61bp Length Reads,364281
READ LENGTHS,Read2,62bp Length Reads,452808
READ LENGTHS,Read2,63bp Length Reads,508050
READ LENGTHS,Read2,64bp Length Reads,553115
READ LENGTHS,Read2,65bp Length Reads,507643
READ LENGTHS,Read2,66bp Length Reads,423563
READ LENGTHS,Read2,67bp Length Reads,317360
READ LENGTHS,Read2,68bp Length Reads,243078
READ LENGTHS,Read2,69bp Length Reads,250299
READ LENGTHS,Read2,70bp Length Reads,299191
READ LENGTHS,Read2,71bp Length Reads,402776
READ LENGTHS,Read2,72bp Length Reads,493003
READ LENGTHS,Read2,73bp Length Reads,553488
READ LENGTHS,Read2,74bp Length Reads,599151
READ LENGTHS,Read2,75bp Length Reads,562599
READ LENGTHS,Read2,76bp Length Reads,503536
READ LENGTHS,Read2,77bp Length Reads,407765
READ LENGTHS,Read2,78bp Length Reads,314397
READ LENGTHS,Read2,79bp Length Reads,293031
READ LENGTHS,Read2,80bp Length Reads,321026
READ LENGTHS,Read2,81bp Length Reads,417766
READ LENGTHS,Read2,82bp Length Reads,515067
READ LENGTHS,Read2,83bp Length Reads,600438
READ LENGTHS,Read2,84bp Length Reads,666590
READ LENGTHS,Read2,85bp Length Reads,653043
READ LENGTHS,Read2,86bp Length Reads,602024
READ LENGTHS,Read2,87bp Length Reads,506602
READ LENGTHS,Read2,88bp Length Reads,398901
READ LENGTHS,Read2,89bp Length Reads,351635
READ LENGTHS,Read2,90bp Length Reads,354641
READ LENGTHS,Read2,91bp Length Reads,432236
READ LENGTHS,Read2,92bp Length Reads,533544
READ LENGTHS,Read2,93bp Length Reads,648705
READ LENGTHS,Read2,94bp Length Reads,725730
READ LENGTHS,Read2,95bp Length Reads,748507
READ LENGTHS,Read2,96bp Length Reads,703770
READ LENGTHS,Read2,97bp Length Reads,607074
READ LENGTHS,Read2,98bp Length Reads,495928
READ LENGTHS,Read2,99bp Length Reads,425174
READ LENGTHS,Read2,100bp Length Reads,408543
READ LENGTHS,Read2,101bp Length Reads,463257
READ LENGTHS,Read2,102bp Length Reads,565135
READ LENGTHS,Read2,103bp Length Reads,679424
READ LENGTHS,Read2,104bp Length Reads,779080
READ LENGTHS,Read2,105bp Length Reads,826652
READ LENGTHS,Read2,106bp Length Reads,805264
READ LENGTHS,Read2,107bp Length Reads,721380
READ LENGTHS,Read2,108bp Length Reads,610351
READ LENGTHS,Read2,109bp Length Reads,514275
READ LENGTHS,Read2,110bp Length Reads,475176
READ LENGTHS,Read2,111bp Length Reads,500675
READ LENGTHS,Read2,112bp Length Reads,596157
READ LENGTHS,Read2,113bp Length Reads,705531
READ LENGTHS,Read2,114bp Length Reads,826323
READ LENGTHS,Read2,115bp Length Reads,890255
READ LENGTHS,Read2,116bp Length Reads,888264
READ LENGTHS,Read2,117bp Length Reads,837337
READ LENGTHS,Read2,118bp Length Reads,742967
READ LENGTHS,Read2,119bp Length Reads,641114
READ LENGTHS,Read2,120bp Length Reads,570914
READ LENGTHS,Read2,121bp Length Reads,562837
READ LENGTHS,Read2,122bp Length Reads,630499
READ LENGTHS,Read2,123bp Length Reads,735184
READ LENGTHS,Read2,124bp Length Reads,875377
READ LENGTHS,Read2,125bp Length Reads,968835
READ LENGTHS,Read2,126bp Length Reads,987236
READ LENGTHS,Read2,127bp Length Reads,958895
READ LENGTHS,Read2,128bp Length Reads,874631
READ LENGTHS,Read2,129bp Length Reads,789529
READ LENGTHS,Read2,130bp Length Reads,690486
READ LENGTHS,Read2,131bp Length Reads,652726
READ LENGTHS,Read2,132bp Length Reads,691719
READ LENGTHS,Read2,133bp Length Reads,808883
READ LENGTHS,Read2,134bp Length Reads,953332
READ LENGTHS,Read2,135bp Length Reads,1064983
READ LENGTHS,Read2,136bp Length Reads,1118935
READ LENGTHS,Read2,137bp Length Reads,1105008
READ LENGTHS,Read2,138bp Length Reads,1044626
READ LENGTHS,Read2,139bp Length Reads,954088
READ LENGTHS,Read2,140bp Length Reads,901009
READ LENGTHS,Read2,141bp Length Reads,922709
READ LENGTHS,Read2,142bp Length Reads,929381
READ LENGTHS,Read2,143bp Length Reads,988146
READ LENGTHS,Read2,144bp Length Reads,1271567
READ LENGTHS,Read2,145bp Length Reads,2002502
READ LENGTHS,Read2,146bp Length Reads,4247811
READ LENGTHS,Read2,147bp Length Reads,15058540
READ LENGTHS,Read2,151bp Length Reads,887815272
READ GC CONTENT,Read2,0% GC Reads,1971
READ GC CONTENT,Read2,1% GC Reads,2361
READ GC CONTENT,Read2,2% GC Reads,3996
READ GC CONTENT,Read2,3% GC Reads,6943
READ GC CONTENT,Read2,4% GC Reads,10212
READ GC CONTENT,Read2,5% GC Reads,13700
READ GC CONTENT,Read2,6% GC Reads,18699
READ GC CONTENT,Read2,7% GC Reads,26526
READ GC CONTENT,Read2,8% GC Reads,46631
READ GC CONTENT,Read2,9% GC Reads,73407
READ GC CONTENT,Read2,10% GC Reads,102621
READ GC CONTENT,Read2,11% GC Reads,141254
READ GC CONTENT,Read2,12% GC Reads,184575
READ GC CONTENT,Read2,13% GC Reads,223923
READ GC CONTENT,Read2,14% GC Reads,238613
READ GC CONTENT,Read2,15% GC Reads,237301
READ GC CONTENT,Read2,16% GC Reads,273897
READ GC CONTENT,Read2,17% GC Reads,359393
READ GC CONTENT,Read2,18% GC Reads,559761
READ GC CONTENT,Read2,19% GC Reads,901458
READ GC CONTENT,Read2,20% GC Reads,1432006
READ GC CONTENT,Read2,21% GC Reads,2101127
READ GC CONTENT,Read2,22% GC Reads,3106653
READ GC CONTENT,Read2,23% GC Reads,4397722
READ GC CONTENT,Read2,24% GC Reads,6085132
READ GC CONTENT,Read2,25% GC Reads,8796600
READ GC CONTENT,Read2,26% GC Reads,11280150
READ GC CONTENT,Read2,27% GC Reads,14137361
READ GC CONTENT,Read2,28% GC Reads,17153881
READ GC CONTENT,Read2,29% GC Reads,20193583
READ GC CONTENT,Read2,30% GC Reads,23208387
READ GC CONTENT,Read2,31% GC Reads,26134405
READ GC CONTENT,Read2,32% GC Reads,28992416
READ GC CONTENT,Read2,33% GC Reads,31766342
READ GC CONTENT,Read2,34% GC Reads,34490747
READ GC CONTENT,Read2,35% GC Reads,37147945
READ GC CONTENT,Read2,36% GC Reads,39718858
READ GC CONTENT,Read2,37% GC Reads,41486484
READ GC CONTENT,Read2,38% GC Reads,42166166
READ GC CONTENT,Read2,39% GC Reads,41405018
READ GC CONTENT,Read2,40% GC Reads,39903909
READ GC CONTENT,Read2,41% GC Reads,37828620
READ GC CONTENT,Read2,42% GC Reads,35467325
READ GC CONTENT,Read2,43% GC Reads,32982699
READ GC CONTENT,Read2,44% GC Reads,30856986
READ GC CONTENT,Read2,45% GC Reads,29318476
READ GC CONTENT,Read2,46% GC Reads,28052500
READ GC CONTENT,Read2,47% GC Reads,27149939
READ GC CONTENT,Read2,48% GC Reads,26479854
READ GC CONTENT,Read2,49% GC Reads,26007896
READ GC CONTENT,Read2,50% GC Reads,25576260
READ GC CONTENT,Read2,51% GC Reads,24809568
READ GC CONTENT,Read2,52% GC Reads,23500496
READ GC CONTENT,Read2,53% GC Reads,21226215
READ GC CONTENT,Read2,54% GC Reads,18538762
READ GC CONTENT,Read2,55% GC Reads,15764065
READ GC CONTENT,Read2,56% GC Reads,13196933
READ GC CONTENT,Read2,57% GC Reads,11124081
READ GC CONTENT,Read2,58% GC Reads,9359132
READ GC CONTENT,Read2,59% GC Reads,7977857
READ GC CONTENT,Read2,60% GC Reads,6813659
READ GC CONTENT,Read2,61% GC Reads,5852818
READ GC CONTENT,Read2,62% GC Reads,5021774
READ GC CONTENT,Read2,63% GC Reads,4310009
READ GC CONTENT,Read2,64% GC Reads,3662240
READ GC CONTENT,Read2,65% GC Reads,3096303
READ GC CONTENT,Read2,66% GC Reads,2576424
READ GC CONTENT,Read2,67% GC Reads,2113869
READ GC CONTENT,Read2,68% GC Reads,1711899
READ GC CONTENT,Read2,69% GC Reads,1382202
READ GC CONTENT,Read2,70% GC Reads,1107878
READ GC CONTENT,Read2,71% GC Reads,904190
READ GC CONTENT,Read2,72% GC Reads,741811
READ GC CONTENT,Read2,73% GC Reads,616331
READ GC CONTENT,Read2,74% GC Reads,514741
READ GC CONTENT,Read2,75% GC Reads,442432
READ GC CONTENT,Read2,76% GC Reads,370799
READ GC CONTENT,Read2,77% GC Reads,328756
READ GC CONTENT,Read2,78% GC Reads,283627
READ GC CONTENT,Read2,79% GC Reads,237024
READ GC CONTENT,Read2,80% GC Reads,196721
READ GC CONTENT,Read2,81% GC Reads,161026
READ GC CONTENT,Read2,82% GC Reads,134267
READ GC CONTENT,Read2,83% GC Reads,111211
READ GC CONTENT,Read2,84% GC Reads,94294
READ GC CONTENT,Read2,85% GC Reads,82533
READ GC CONTENT,Read2,86% GC Reads,77520
READ GC CONTENT,Read2,87% GC Reads,75008
READ GC CONTENT,Read2,88% GC Reads,76213
READ GC CONTENT,Read2,89% GC Reads,78357
READ GC CONTENT,Read2,90% GC Reads,81210
READ GC CONTENT,Read2,91% GC Reads,84322
READ GC CONTENT,Read2,92% GC Reads,88571
READ GC CONTENT,Read2,93% GC Reads,93192
READ GC CONTENT,Read2,94% GC Reads,100570
READ GC CONTENT,Read2,95% GC Reads,112044
READ GC CONTENT,Read2,96% GC Reads,140992
READ GC CONTENT,Read2,97% GC Reads,204328
READ GC CONTENT,Read2,98% GC Reads,335397
READ GC CONTENT,Read2,99% GC Reads,644357
READ GC CONTENT,Read2,100% GC Reads,3783310
READ GC CONTENT QUALITY,Read2,0% GC Reads Average Quality,39.11
READ GC CONTENT QUALITY,Read2,1% GC Reads Average Quality,39.02
READ GC CONTENT QUALITY,Read2,2% GC Reads Average Quality,39.20
READ GC CONTENT QUALITY,Read2,3% GC Reads Average Quality,39.29
READ GC CONTENT QUALITY,Read2,4% GC Reads Average Quality,39.26
READ GC CONTENT QUALITY,Read2,5% GC Reads Average Quality,39.23
READ GC CONTENT QUALITY,Read2,6% GC Reads Average Quality,39.28
READ GC CONTENT QUALITY,Read2,7% GC Reads Average Quality,39.31
READ GC CONTENT QUALITY,Read2,8% GC Reads Average Quality,39.41
READ GC CONTENT QUALITY,Read2,9% GC Reads Average Quality,39.45
READ GC CONTENT QUALITY,Read2,10% GC Reads Average Quality,39.43
READ GC CONTENT QUALITY,Read2,11% GC Reads Average Quality,39.43
READ GC CONTENT QUALITY,Read2,12% GC Reads Average Quality,39.42
READ GC CONTENT QUALITY,Read2,13% GC Reads Average Quality,39.40
READ GC CONTENT QUALITY,Read2,14% GC Reads Average Quality,39.35
READ GC CONTENT QUALITY,Read2,15% GC Reads Average Quality,39.27
READ GC CONTENT QUALITY,Read2,16% GC Reads Average Quality,39.26
READ GC CONTENT QUALITY,Read2,17% GC Reads Average Quality,39.29
READ GC CONTENT QUALITY,Read2,18% GC Reads Average Quality,39.34
READ GC CONTENT QUALITY,Read2,19% GC Reads Average Quality,39.37
READ GC CONTENT QUALITY,Read2,20% GC Reads Average Quality,39.36
READ GC CONTENT QUALITY,Read2,21% GC Reads Average Quality,39.34
READ GC CONTENT QUALITY,Read2,22% GC Reads Average Quality,39.32
READ GC CONTENT QUALITY,Read2,23% GC Reads Average Quality,39.30
READ GC CONTENT QUALITY,Read2,24% GC Reads Average Quality,39.28
READ GC CONTENT QUALITY,Read2,25% GC Reads Average Quality,39.24
READ GC CONTENT QUALITY,Read2,26% GC Reads Average Quality,39.22
READ GC CONTENT QUALITY,Read2,27% GC Reads Average Quality,39.18
READ GC CONTENT QUALITY,Read2,28% GC Reads Average Quality,39.15
READ GC CONTENT QUALITY,Read2,29% GC Reads Average Quality,39.12
READ GC CONTENT QUALITY,Read2,30% GC Reads Average Quality,39.08
READ GC CONTENT QUALITY,Read2,31% GC Reads Average Quality,39.05
READ GC CONTENT QUALITY,Read2,32% GC Reads Average Quality,39.02
READ GC CONTENT QUALITY,Read2,33% GC Reads Average Quality,38.99
READ GC CONTENT QUALITY,Read2,34% GC Reads Average Quality,38.96
READ GC CONTENT QUALITY,Read2,35% GC Reads Average Quality,38.93
READ GC CONTENT QUALITY,Read2,36% GC Reads Average Quality,38.91
READ GC CONTENT QUALITY,Read2,37% GC Reads Average Quality,38.87
READ GC CONTENT QUALITY,Read2,38% GC Reads Average Quality,38.83
READ GC CONTENT QUALITY,Read2,39% GC Reads Average Quality,38.77
READ GC CONTENT QUALITY,Read2,40% GC Reads Average Quality,38.71
READ GC CONTENT QUALITY,Read2,41% GC Reads Average Quality,38.64
READ GC CONTENT QUALITY,Read2,42% GC Reads Average Quality,38.57
READ GC CONTENT QUALITY,Read2,43% GC Reads Average Quality,38.51
READ GC CONTENT QUALITY,Read2,44% GC Reads Average Quality,38.45
READ GC CONTENT QUALITY,Read2,45% GC Reads Average Quality,38.41
READ GC CONTENT QUALITY,Read2,46% GC Reads Average Quality,38.37
READ GC CONTENT QUALITY,Read2,47% GC Reads Average Quality,38.34
READ GC CONTENT QUALITY,Read2,48% GC Reads Average Quality,38.33
READ GC CONTENT QUALITY,Read2,49% GC Reads Average Quality,38.33
READ GC CONTENT QUALITY,Read2,50% GC Reads Average Quality,38.34
READ GC CONTENT QUALITY,Read2,51% GC Reads Average Quality,38.35
READ GC CONTENT QUALITY,Read2,52% GC Reads Average Quality,38.35
READ GC CONTENT QUALITY,Read2,53% GC Reads Average Quality,38.32
READ GC CONTENT QUALITY,Read2,54% GC Reads Average Quality,38.27
READ GC CONTENT QUALITY,Read2,55% GC Reads Average Quality,38.22
READ GC CONTENT QUALITY,Read2,56% GC Reads Average Quality,38.16
READ GC CONTENT QUALITY,Read2,57% GC Reads Average Quality,38.11
READ GC CONTENT QUALITY,Read2,58% GC Reads Average Quality,38.06
READ GC CONTENT QUALITY,Read2,59% GC Reads Average Quality,38.03
READ GC CONTENT QUALITY,Read2,60% GC Reads Average Quality,37.99
READ GC CONTENT QUALITY,Read2,61% GC Reads Average Quality,37.96
READ GC CONTENT QUALITY,Read2,62% GC Reads Average Quality,37.92
READ GC CONTENT QUALITY,Read2,63% GC Reads Average Quality,37.87
READ GC CONTENT QUALITY,Read2,64% GC Reads Average Quality,37.80
READ GC CONTENT QUALITY,Read2,65% GC Reads Average Quality,37.72
READ GC CONTENT QUALITY,Read2,66% GC Reads Average Quality,37.61
READ GC CONTENT QUALITY,Read2,67% GC Reads Average Quality,37.46
READ GC CONTENT QUALITY,Read2,68% GC Reads Average Quality,37.28
READ GC CONTENT QUALITY,Read2,69% GC Reads Average Quality,37.06
READ GC CONTENT QUALITY,Read2,70% GC Reads Average Quality,36.79
READ GC CONTENT QUALITY,Read2,71% GC Reads Average Quality,36.51
READ GC CONTENT QUALITY,Read2,72% GC Reads Average Quality,36.19
READ GC CONTENT QUALITY,Read2,73% GC Reads Average Quality,35.83
READ GC CONTENT QUALITY,Read2,74% GC Reads Average Quality,35.42
READ GC CONTENT QUALITY,Read2,75% GC Reads Average Quality,35.05
READ GC CONTENT QUALITY,Read2,76% GC Reads Average Quality,34.62
READ GC CONTENT QUALITY,Read2,77% GC Reads Average Quality,34.30
READ GC CONTENT QUALITY,Read2,78% GC Reads Average Quality,33.83
READ GC CONTENT QUALITY,Read2,79% GC Reads Average Quality,33.17
READ GC CONTENT QUALITY,Read2,80% GC Reads Average Quality,32.30
READ GC CONTENT QUALITY,Read2,81% GC Reads Average Quality,31.15
READ GC CONTENT QUALITY,Read2,82% GC Reads Average Quality,29.94
READ GC CONTENT QUALITY,Read2,83% GC Reads Average Quality,28.31
READ GC CONTENT QUALITY,Read2,84% GC Reads Average Quality,26.53
READ GC CONTENT QUALITY,Read2,85% GC Reads Average Quality,24.68
READ GC CONTENT QUALITY,Read2,86% GC Reads Average Quality,23.47
READ GC CONTENT QUALITY,Read2,87% GC Reads Average Quality,22.70
READ GC CONTENT QUALITY,Read2,88% GC Reads Average Quality,22.46
READ GC CONTENT QUALITY,Read2,89% GC Reads Average Quality,22.53
READ GC CONTENT QUALITY,Read2,90% GC Reads Average Quality,22.68
READ GC CONTENT QUALITY,Read2,91% GC Reads Average Quality,22.91
READ GC CONTENT QUALITY,Read2,92% GC Reads Average Quality,23.18
READ GC CONTENT QUALITY,Read2,93% GC Reads Average Quality,23.49
READ GC CONTENT QUALITY,Read2,94% GC Reads Average Quality,23.79
READ GC CONTENT QUALITY,Read2,95% GC Reads Average Quality,24.05
READ GC CONTENT QUALITY,Read2,96% GC Reads Average Quality,24.27
READ GC CONTENT QUALITY,Read2,97% GC Reads Average Quality,24.53
READ GC CONTENT QUALITY,Read2,98% GC Reads Average Quality,25.12
READ GC CONTENT QUALITY,Read2,99% GC Reads Average Quality,26.32
READ GC CONTENT QUALITY,Read2,100% GC Reads Average Quality,32.61
SEQUENCE POSITIONS,Read2,'AGATCGGAAGAG' 2bp Starts,5
SEQUENCE POSITIONS,Read2,'AGATCGGAAGAG' 5bp Starts,5
SEQUENCE POSITIONS,Read2,'AGATCGGAAGAG' 6bp Starts,8
SEQUENCE POSITIONS,Read2,'AGATCGGAAGAG' 7bp Starts,4
SEQUENCE POSITIONS,Read2,'AGATCGGAAGAG' 8bp Starts,14
SEQUENCE POSITIONS,Read2,'AGATCGGAAGAG' 9bp Starts,5
SEQUENCE POSITIONS,Read2,'AGATCGGAAGAG' 10bp Starts,27
SEQUENCE POSITIONS,Read2,'AGATCGGAAGAG' 11bp Starts,4
SEQUENCE POSITIONS,Read2,'AGATCGGAAGAG' 12bp Starts,6
SEQUENCE POSITIONS,Read2,'AGATCGGAAGAG' 13bp Starts,2
SEQUENCE POSITIONS,Read2,'AGATCGGAAGAG' 14bp Starts,7
SEQUENCE POSITIONS,Read2,'AGATCGGAAGAG' 15bp Starts,22
SEQUENCE POSITIONS,Read2,'AGATCGGAAGAG' 16bp Starts,8
SEQUENCE POSITIONS,Read2,'AGATCGGAAGAG' 17bp Starts,10
SEQUENCE POSITIONS,Read2,'AGATCGGAAGAG' 18bp Starts,8
SEQUENCE POSITIONS,Read2,'AGATCGGAAGAG' 19bp Starts,10
SEQUENCE POSITIONS,Read2,'AGATCGGAAGAG' 20bp Starts,11
SEQUENCE POSITIONS,Read2,'AGATCGGAAGAG' 21bp Starts,14
SEQUENCE POSITIONS,Read2,'AGATCGGAAGAG' 22bp Starts,12
SEQUENCE POSITIONS,Read2,'AGATCGGAAGAG' 23bp Starts,13
SEQUENCE POSITIONS,Read2,'AGATCGGAAGAG' 24bp Starts,17
SEQUENCE POSITIONS,Read2,'AGATCGGAAGAG' 25bp Starts,6
SEQUENCE POSITIONS,Read2,'AGATCGGAAGAG' 26bp Starts,13
SEQUENCE POSITIONS,Read2,'AGATCGGAAGAG' 27bp Starts,12
SEQUENCE POSITIONS,Read2,'AGATCGGAAGAG' 28bp Starts,18
SEQUENCE POSITIONS,Read2,'AGATCGGAAGAG' 29bp Starts,7
SEQUENCE POSITIONS,Read2,'AGATCGGAAGAG' 30bp Starts,17
SEQUENCE POSITIONS,Read2,'AGATCGGAAGAG' 31bp Starts,10
SEQUENCE POSITIONS,Read2,'AGATCGGAAGAG' 32bp Starts,6
SEQUENCE POSITIONS,Read2,'AGATCGGAAGAG' 33bp Starts,8
SEQUENCE POSITIONS,Read2,'AGATCGGAAGAG' 34bp Starts,6
SEQUENCE POSITIONS,Read2,'AGATCGGAAGAG' 35bp Starts,8
SEQUENCE POSITIONS,Read2,'AGATCGGAAGAG' 36bp Starts,17
SEQUENCE POSITIONS,Read2,'AGATCGGAAGAG' 37bp Starts,7
SEQUENCE POSITIONS,Read2,'AGATCGGAAGAG' 38bp Starts,22
SEQUENCE POSITIONS,Read2,'AGATCGGAAGAG' 39bp Starts,8
SEQUENCE POSITIONS,Read2,'AGATCGGAAGAG' 40bp Starts,13
SEQUENCE POSITIONS,Read2,'AGATCGGAAGAG' 42bp Starts,11
SEQUENCE POSITIONS,Read2,'AGATCGGAAGAG' 43bp Starts,15
SEQUENCE POSITIONS,Read2,'AGATCGGAAGAG' 44bp Starts,5
SEQUENCE POSITIONS,Read2,'AGATCGGAAGAG' 45bp Starts,11
SEQUENCE POSITIONS,Read2,'AGATCGGAAGAG' 46bp Starts,10
SEQUENCE POSITIONS,Read2,'AGATCGGAAGAG' 47bp Starts,9
SEQUENCE POSITIONS,Read2,'AGATCGGAAGAG' 48bp Starts,3
SEQUENCE POSITIONS,Read2,'AGATCGGAAGAG' 49bp Starts,13
SEQUENCE POSITIONS,Read2,'AGATCGGAAGAG' 50bp Starts,14
SEQUENCE POSITIONS,Read2,'AGATCGGAAGAG' 51bp Starts,4
SEQUENCE POSITIONS,Read2,'AGATCGGAAGAG' 52bp Starts,11
SEQUENCE POSITIONS,Read2,'AGATCGGAAGAG' 53bp Starts,11
SEQUENCE POSITIONS,Read2,'AGATCGGAAGAG' 54bp Starts,8
SEQUENCE POSITIONS,Read2,'AGATCGGAAGAG' 55bp Starts,15
SEQUENCE POSITIONS,Read2,'AGATCGGAAGAG' 56bp Starts,12
SEQUENCE POSITIONS,Read2,'AGATCGGAAGAG' 57bp Starts,11
SEQUENCE POSITIONS,Read2,'AGATCGGAAGAG' 58bp Starts,11
SEQUENCE POSITIONS,Read2,'AGATCGGAAGAG' 59bp Starts,2
SEQUENCE POSITIONS,Read2,'AGATCGGAAGAG' 60bp Starts,6
SEQUENCE POSITIONS,Read2,'AGATCGGAAGAG' 61bp Starts,10
SEQUENCE POSITIONS,Read2,'AGATCGGAAGAG' 62bp Starts,11
SEQUENCE POSITIONS,Read2,'AGATCGGAAGAG' 63bp Starts,6
SEQUENCE POSITIONS,Read2,'AGATCGGAAGAG' 64bp Starts,5
SEQUENCE POSITIONS,Read2,'AGATCGGAAGAG' 65bp Starts,10
SEQUENCE POSITIONS,Read2,'AGATCGGAAGAG' 66bp Starts,10
SEQUENCE POSITIONS,Read2,'AGATCGGAAGAG' 67bp Starts,5
SEQUENCE POSITIONS,Read2,'AGATCGGAAGAG' 68bp Starts,9
SEQUENCE POSITIONS,Read2,'AGATCGGAAGAG' 69bp Starts,8
SEQUENCE POSITIONS,Read2,'AGATCGGAAGAG' 70bp Starts,6
SEQUENCE POSITIONS,Read2,'AGATCGGAAGAG' 71bp Starts,22
SEQUENCE POSITIONS,Read2,'AGATCGGAAGAG' 72bp Starts,5
SEQUENCE POSITIONS,Read2,'AGATCGGAAGAG' 73bp Starts,12
SEQUENCE POSITIONS,Read2,'AGATCGGAAGAG' 74bp Starts,11
SEQUENCE POSITIONS,Read2,'AGATCGGAAGAG' 75bp Starts,10
SEQUENCE POSITIONS,Read2,'AGATCGGAAGAG' 76bp Starts,10
SEQUENCE POSITIONS,Read2,'AGATCGGAAGAG' 77bp Starts,14
SEQUENCE POSITIONS,Read2,'AGATCGGAAGAG' 78bp Starts,8
SEQUENCE POSITIONS,Read2,'AGATCGGAAGAG' 79bp Starts,10
SEQUENCE POSITIONS,Read2,'AGATCGGAAGAG' 80bp Starts,11
SEQUENCE POSITIONS,Read2,'AGATCGGAAGAG' 81bp Starts,9
SEQUENCE POSITIONS,Read2,'AGATCGGAAGAG' 82bp Starts,7
SEQUENCE POSITIONS,Read2,'AGATCGGAAGAG' 83bp Starts,12
SEQUENCE POSITIONS,Read2,'AGATCGGAAGAG' 84bp Starts,5
SEQUENCE POSITIONS,Read2,'AGATCGGAAGAG' 85bp Starts,9
SEQUENCE POSITIONS,Read2,'AGATCGGAAGAG' 86bp Starts,5
SEQUENCE POSITIONS,Read2,'AGATCGGAAGAG' 87bp Starts,12
SEQUENCE POSITIONS,Read2,'AGATCGGAAGAG' 88bp Starts,8
SEQUENCE POSITIONS,Read2,'AGATCGGAAGAG' 89bp Starts,11
SEQUENCE POSITIONS,Read2,'AGATCGGAAGAG' 90bp Starts,13
SEQUENCE POSITIONS,Read2,'AGATCGGAAGAG' 91bp Starts,18
SEQUENCE POSITIONS,Read2,'AGATCGGAAGAG' 92bp Starts,8
SEQUENCE POSITIONS,Read2,'AGATCGGAAGAG' 93bp Starts,10
SEQUENCE POSITIONS,Read2,'AGATCGGAAGAG' 94bp Starts,6
SEQUENCE POSITIONS,Read2,'AGATCGGAAGAG' 95bp Starts,20
SEQUENCE POSITIONS,Read2,'AGATCGGAAGAG' 96bp Starts,8
SEQUENCE POSITIONS,Read2,'AGATCGGAAGAG' 97bp Starts,9
SEQUENCE POSITIONS,Read2,'AGATCGGAAGAG' 98bp Starts,22
SEQUENCE POSITIONS,Read2,'AGATCGGAAGAG' 99bp Starts,9
SEQUENCE POSITIONS,Read2,'AGATCGGAAGAG' 100bp Starts,11
SEQUENCE POSITIONS,Read2,'AGATCGGAAGAG' 101bp Starts,10
SEQUENCE POSITIONS,Read2,'AGATCGGAAGAG' 102bp Starts,4
SEQUENCE POSITIONS,Read2,'AGATCGGAAGAG' 103bp Starts,12
SEQUENCE POSITIONS,Read2,'AGATCGGAAGAG' 104bp Starts,3
SEQUENCE POSITIONS,Read2,'AGATCGGAAGAG' 105bp Starts,14
SEQUENCE POSITIONS,Read2,'AGATCGGAAGAG' 106bp Starts,14
SEQUENCE POSITIONS,Read2,'AGATCGGAAGAG' 107bp Starts,6
SEQUENCE POSITIONS,Read2,'AGATCGGAAGAG' 108bp Starts,11
SEQUENCE POSITIONS,Read2,'AGATCGGAAGAG' 109bp Starts,17
SEQUENCE POSITIONS,Read2,'AGATCGGAAGAG' 110bp Starts,7
SEQUENCE POSITIONS,Read2,'AGATCGGAAGAG' 111bp Starts,16
SEQUENCE POSITIONS,Read2,'AGATCGGAAGAG' 112bp Starts,19
SEQUENCE POSITIONS,Read2,'AGATCGGAAGAG' 113bp Starts,20
SEQUENCE POSITIONS,Read2,'AGATCGGAAGAG' 114bp Starts,7
SEQUENCE POSITIONS,Read2,'AGATCGGAAGAG' 115bp Starts,7
SEQUENCE POSITIONS,Read2,'AGATCGGAAGAG' 116bp Starts,7
SEQUENCE POSITIONS,Read2,'AGATCGGAAGAG' 117bp Starts,8
SEQUENCE POSITIONS,Read2,'AGATCGGAAGAG' 118bp Starts,23
SEQUENCE POSITIONS,Read2,'AGATCGGAAGAG' 119bp Starts,14
SEQUENCE POSITIONS,Read2,'AGATCGGAAGAG' 120bp Starts,14
SEQUENCE POSITIONS,Read2,'AGATCGGAAGAG' 121bp Starts,3
SEQUENCE POSITIONS,Read2,'AGATCGGAAGAG' 122bp Starts,10
SEQUENCE POSITIONS,Read2,'AGATCGGAAGAG' 123bp Starts,9
SEQUENCE POSITIONS,Read2,'AGATCGGAAGAG' 124bp Starts,5
SEQUENCE POSITIONS,Read2,'AGATCGGAAGAG' 125bp Starts,5
SEQUENCE POSITIONS,Read2,'AGATCGGAAGAG' 126bp Starts,11
SEQUENCE POSITIONS,Read2,'AGATCGGAAGAG' 127bp Starts,14
SEQUENCE POSITIONS,Read2,'AGATCGGAAGAG' 128bp Starts,4
SEQUENCE POSITIONS,Read2,'AGATCGGAAGAG' 129bp Starts,8
SEQUENCE POSITIONS,Read2,'AGATCGGAAGAG' 130bp Starts,17
SEQUENCE POSITIONS,Read2,'AGATCGGAAGAG' 131bp Starts,15
SEQUENCE POSITIONS,Read2,'AGATCGGAAGAG' 132bp Starts,3
SEQUENCE POSITIONS,Read2,'AGATCGGAAGAG' 133bp Starts,21
SEQUENCE POSITIONS,Read2,'AGATCGGAAGAG' 134bp Starts,14
SEQUENCE POSITIONS,Read2,'AGATCGGAAGAG' 135bp Starts,6
SEQUENCE POSITIONS,Read2,'AGATCGGAAGAG' 136bp Starts,12
SEQUENCE POSITIONS,Read2,'AGATCGGAAGAG' 137bp Starts,10
SEQUENCE POSITIONS,Read2,'AGATCGGAAGAG' 138bp Starts,1
SEQUENCE POSITIONS,Read2,'AGATCGGAAGAG' Total Sequence Starts,1378,0.00
SEQUENCE POSITIONS,Read2,'TGGAATTCTCGG' 2bp Starts,11
SEQUENCE POSITIONS,Read2,'TGGAATTCTCGG' 3bp Starts,2
SEQUENCE POSITIONS,Read2,'TGGAATTCTCGG' 4bp Starts,9
SEQUENCE POSITIONS,Read2,'TGGAATTCTCGG' 5bp Starts,19
SEQUENCE POSITIONS,Read2,'TGGAATTCTCGG' 6bp Starts,1
SEQUENCE POSITIONS,Read2,'TGGAATTCTCGG' 7bp Starts,10
SEQUENCE POSITIONS,Read2,'TGGAATTCTCGG' 8bp Starts,2
SEQUENCE POSITIONS,Read2,'TGGAATTCTCGG' 9bp Starts,1
SEQUENCE POSITIONS,Read2,'TGGAATTCTCGG' 10bp Starts,7
SEQUENCE POSITIONS,Read2,'TGGAATTCTCGG' 11bp Starts,15
SEQUENCE POSITIONS,Read2,'TGGAATTCTCGG' 12bp Starts,22
SEQUENCE POSITIONS,Read2,'TGGAATTCTCGG' 13bp Starts,8
SEQUENCE POSITIONS,Read2,'TGGAATTCTCGG' 14bp Starts,21
SEQUENCE POSITIONS,Read2,'TGGAATTCTCGG' 15bp Starts,21
SEQUENCE POSITIONS,Read2,'TGGAATTCTCGG' 16bp Starts,4
SEQUENCE POSITIONS,Read2,'TGGAATTCTCGG' 17bp Starts,7
SEQUENCE POSITIONS,Read2,'TGGAATTCTCGG' 18bp Starts,5
SEQUENCE POSITIONS,Read2,'TGGAATTCTCGG' 19bp Starts,12
SEQUENCE POSITIONS,Read2,'TGGAATTCTCGG' 20bp Starts,31
SEQUENCE POSITIONS,Read2,'TGGAATTCTCGG' 21bp Starts,15
SEQUENCE POSITIONS,Read2,'TGGAATTCTCGG' 22bp Starts,10
SEQUENCE POSITIONS,Read2,'TGGAATTCTCGG' 23bp Starts,21
SEQUENCE POSITIONS,Read2,'TGGAATTCTCGG' 24bp Starts,10
SEQUENCE POSITIONS,Read2,'TGGAATTCTCGG' 25bp Starts,25
SEQUENCE POSITIONS,Read2,'TGGAATTCTCGG' 26bp Starts,18
SEQUENCE POSITIONS,Read2,'TGGAATTCTCGG' 27bp Starts,11
SEQUENCE POSITIONS,Read2,'TGGAATTCTCGG' 28bp Starts,13
SEQUENCE POSITIONS,Read2,'TGGAATTCTCGG' 29bp Starts,13
SEQUENCE POSITIONS,Read2,'TGGAATTCTCGG' 30bp Starts,15
SEQUENCE POSITIONS,Read2,'TGGAATTCTCGG' 31bp Starts,21
SEQUENCE POSITIONS,Read2,'TGGAATTCTCGG' 32bp Starts,4
SEQUENCE POSITIONS,Read2,'TGGAATTCTCGG' 33bp Starts,10
SEQUENCE POSITIONS,Read2,'TGGAATTCTCGG' 34bp Starts,11
SEQUENCE POSITIONS,Read2,'TGGAATTCTCGG' 35bp Starts,15
SEQUENCE POSITIONS,Read2,'TGGAATTCTCGG' 36bp Starts,16
SEQUENCE POSITIONS,Read2,'TGGAATTCTCGG' 37bp Starts,48
SEQUENCE POSITIONS,Read2,'TGGAATTCTCGG' 38bp Starts,8
SEQUENCE POSITIONS,Read2,'TGGAATTCTCGG' 39bp Starts,22
SEQUENCE POSITIONS,Read2,'TGGAATTCTCGG' 40bp Starts,6
SEQUENCE POSITIONS,Read2,'TGGAATTCTCGG' 41bp Starts,16
SEQUENCE POSITIONS,Read2,'TGGAATTCTCGG' 42bp Starts,9
SEQUENCE POSITIONS,Read2,'TGGAATTCTCGG' 43bp Starts,13
SEQUENCE POSITIONS,Read2,'TGGAATTCTCGG' 44bp Starts,15
SEQUENCE POSITIONS,Read2,'TGGAATTCTCGG' 45bp Starts,18
SEQUENCE POSITIONS,Read2,'TGGAATTCTCGG' 46bp Starts,20
SEQUENCE POSITIONS,Read2,'TGGAATTCTCGG' 47bp Starts,11
SEQUENCE POSITIONS,Read2,'TGGAATTCTCGG' 48bp Starts,8
SEQUENCE POSITIONS,Read2,'TGGAATTCTCGG' 49bp Starts,12
SEQUENCE POSITIONS,Read2,'TGGAATTCTCGG' 50bp Starts,18
SEQUENCE POSITIONS,Read2,'TGGAATTCTCGG' 51bp Starts,14
SEQUENCE POSITIONS,Read2,'TGGAATTCTCGG' 52bp Starts,17
SEQUENCE POSITIONS,Read2,'TGGAATTCTCGG' 53bp Starts,13
SEQUENCE POSITIONS,Read2,'TGGAATTCTCGG' 54bp Starts,20
SEQUENCE POSITIONS,Read2,'TGGAATTCTCGG' 55bp Starts,13
SEQUENCE POSITIONS,Read2,'TGGAATTCTCGG' 56bp Starts,11
SEQUENCE POSITIONS,Read2,'TGGAATTCTCGG' 57bp Starts,7
SEQUENCE POSITIONS,Read2,'TGGAATTCTCGG' 58bp Starts,20
SEQUENCE POSITIONS,Read2,'TGGAATTCTCGG' 59bp Starts,21
SEQUENCE POSITIONS,Read2,'TGGAATTCTCGG' 60bp Starts,19
SEQUENCE POSITIONS,Read2,'TGGAATTCTCGG' 61bp Starts,13
SEQUENCE POSITIONS,Read2,'TGGAATTCTCGG' 62bp Starts,9
SEQUENCE POSITIONS,Read2,'TGGAATTCTCGG' 63bp Starts,11
SEQUENCE POSITIONS,Read2,'TGGAATTCTCGG' 64bp Starts,20
SEQUENCE POSITIONS,Read2,'TGGAATTCTCGG' 65bp Starts,17
SEQUENCE POSITIONS,Read2,'TGGAATTCTCGG' 66bp Starts,17
SEQUENCE POSITIONS,Read2,'TGGAATTCTCGG' 67bp Starts,12
SEQUENCE POSITIONS,Read2,'TGGAATTCTCGG' 68bp Starts,16
SEQUENCE POSITIONS,Read2,'TGGAATTCTCGG' 69bp Starts,19
SEQUENCE POSITIONS,Read2,'TGGAATTCTCGG' 70bp Starts,20
SEQUENCE POSITIONS,Read2,'TGGAATTCTCGG' 71bp Starts,19
SEQUENCE POSITIONS,Read2,'TGGAATTCTCGG' 72bp Starts,17
SEQUENCE POSITIONS,Read2,'TGGAATTCTCGG' 73bp Starts,33
SEQUENCE POSITIONS,Read2,'TGGAATTCTCGG' 74bp Starts,25
SEQUENCE POSITIONS,Read2,'TGGAATTCTCGG' 75bp Starts,17
SEQUENCE POSITIONS,Read2,'TGGAATTCTCGG' 76bp Starts,15
SEQUENCE POSITIONS,Read2,'TGGAATTCTCGG' 77bp Starts,10
SEQUENCE POSITIONS,Read2,'TGGAATTCTCGG' 78bp Starts,17
SEQUENCE POSITIONS,Read2,'TGGAATTCTCGG' 79bp Starts,18
SEQUENCE POSITIONS,Read2,'TGGAATTCTCGG' 80bp Starts,11
SEQUENCE POSITIONS,Read2,'TGGAATTCTCGG' 81bp Starts,7
SEQUENCE POSITIONS,Read2,'TGGAATTCTCGG' 82bp Starts,15
SEQUENCE POSITIONS,Read2,'TGGAATTCTCGG' 83bp Starts,15
SEQUENCE POSITIONS,Read2,'TGGAATTCTCGG' 84bp Starts,17
SEQUENCE POSITIONS,Read2,'TGGAATTCTCGG' 85bp Starts,16
SEQUENCE POSITIONS,Read2,'TGGAATTCTCGG' 86bp Starts,22
SEQUENCE POSITIONS,Read2,'TGGAATTCTCGG' 87bp Starts,17
SEQUENCE POSITIONS,Read2,'TGGAATTCTCGG' 88bp Starts,12
SEQUENCE POSITIONS,Read2,'TGGAATTCTCGG' 89bp Starts,13
SEQUENCE POSITIONS,Read2,'TGGAATTCTCGG' 90bp Starts,14
SEQUENCE POSITIONS,Read2,'TGGAATTCTCGG' 91bp Starts,7
SEQUENCE POSITIONS,Read2,'TGGAATTCTCGG' 92bp Starts,39
SEQUENCE POSITIONS,Read2,'TGGAATTCTCGG' 93bp Starts,17
SEQUENCE POSITIONS,Read2,'TGGAATTCTCGG' 94bp Starts,21
SEQUENCE POSITIONS,Read2,'TGGAATTCTCGG' 95bp Starts,31
SEQUENCE POSITIONS,Read2,'TGGAATTCTCGG' 96bp Starts,11
SEQUENCE POSITIONS,Read2,'TGGAATTCTCGG' 97bp Starts,20
SEQUENCE POSITIONS,Read2,'TGGAATTCTCGG' 98bp Starts,10
SEQUENCE POSITIONS,Read2,'TGGAATTCTCGG' 99bp Starts,11
SEQUENCE POSITIONS,Read2,'TGGAATTCTCGG' 100bp Starts,11
SEQUENCE POSITIONS,Read2,'TGGAATTCTCGG' 101bp Starts,10
SEQUENCE POSITIONS,Read2,'TGGAATTCTCGG' 102bp Starts,9
SEQUENCE POSITIONS,Read2,'TGGAATTCTCGG' 103bp Starts,23
SEQUENCE POSITIONS,Read2,'TGGAATTCTCGG' 104bp Starts,16
SEQUENCE POSITIONS,Read2,'TGGAATTCTCGG' 105bp Starts,26
SEQUENCE POSITIONS,Read2,'TGGAATTCTCGG' 106bp Starts,17
SEQUENCE POSITIONS,Read2,'TGGAATTCTCGG' 107bp Starts,11
SEQUENCE POSITIONS,Read2,'TGGAATTCTCGG' 108bp Starts,3
SEQUENCE POSITIONS,Read2,'TGGAATTCTCGG' 109bp Starts,25
SEQUENCE POSITIONS,Read2,'TGGAATTCTCGG' 110bp Starts,14
SEQUENCE POSITIONS,Read2,'TGGAATTCTCGG' 111bp Starts,21
SEQUENCE POSITIONS,Read2,'TGGAATTCTCGG' 112bp Starts,18
SEQUENCE POSITIONS,Read2,'TGGAATTCTCGG' 113bp Starts,7
SEQUENCE POSITIONS,Read2,'TGGAATTCTCGG' 114bp Starts,12
SEQUENCE POSITIONS,Read2,'TGGAATTCTCGG' 115bp Starts,12
SEQUENCE POSITIONS,Read2,'TGGAATTCTCGG' 116bp Starts,18
SEQUENCE POSITIONS,Read2,'TGGAATTCTCGG' 117bp Starts,18
SEQUENCE POSITIONS,Read2,'TGGAATTCTCGG' 118bp Starts,9
SEQUENCE POSITIONS,Read2,'TGGAATTCTCGG' 119bp Starts,22
SEQUENCE POSITIONS,Read2,'TGGAATTCTCGG' 120bp Starts,19
SEQUENCE POSITIONS,Read2,'TGGAATTCTCGG' 121bp Starts,5
SEQUENCE POSITIONS,Read2,'TGGAATTCTCGG' 122bp Starts,11
SEQUENCE POSITIONS,Read2,'TGGAATTCTCGG' 123bp Starts,6
SEQUENCE POSITIONS,Read2,'TGGAATTCTCGG' 124bp Starts,10
SEQUENCE POSITIONS,Read2,'TGGAATTCTCGG' 125bp Starts,21
SEQUENCE POSITIONS,Read2,'TGGAATTCTCGG' 126bp Starts,10
SEQUENCE POSITIONS,Read2,'TGGAATTCTCGG' 127bp Starts,9
SEQUENCE POSITIONS,Read2,'TGGAATTCTCGG' 128bp Starts,13
SEQUENCE POSITIONS,Read2,'TGGAATTCTCGG' 129bp Starts,7
SEQUENCE POSITIONS,Read2,'TGGAATTCTCGG' 130bp Starts,4
SEQUENCE POSITIONS,Read2,'TGGAATTCTCGG' 131bp Starts,18
SEQUENCE POSITIONS,Read2,'TGGAATTCTCGG' 132bp Starts,24
SEQUENCE POSITIONS,Read2,'TGGAATTCTCGG' 133bp Starts,14
SEQUENCE POSITIONS,Read2,'TGGAATTCTCGG' 134bp Starts,20
SEQUENCE POSITIONS,Read2,'TGGAATTCTCGG' 135bp Starts,13
SEQUENCE POSITIONS,Read2,'TGGAATTCTCGG' 136bp Starts,16
SEQUENCE POSITIONS,Read2,'TGGAATTCTCGG' 137bp Starts,13
SEQUENCE POSITIONS,Read2,'TGGAATTCTCGG' 138bp Starts,15
SEQUENCE POSITIONS,Read2,'TGGAATTCTCGG' 139bp Starts,16
SEQUENCE POSITIONS,Read2,'TGGAATTCTCGG' 140bp Starts,15
SEQUENCE POSITIONS,Read2,'TGGAATTCTCGG' Total Sequence Starts,2047,0.00
SEQUENCE POSITIONS,Read2,'GATCGTCGGACT' 7bp Starts,1
SEQUENCE POSITIONS,Read2,'GATCGTCGGACT' 11bp Starts,2
SEQUENCE POSITIONS,Read2,'GATCGTCGGACT' 14bp Starts,1
SEQUENCE POSITIONS,Read2,'GATCGTCGGACT' 15bp Starts,2
SEQUENCE POSITIONS,Read2,'GATCGTCGGACT' 16bp Starts,1
SEQUENCE POSITIONS,Read2,'GATCGTCGGACT' 18bp Starts,1
SEQUENCE POSITIONS,Read2,'GATCGTCGGACT' 20bp Starts,2
SEQUENCE POSITIONS,Read2,'GATCGTCGGACT' 21bp Starts,1
SEQUENCE POSITIONS,Read2,'GATCGTCGGACT' 23bp Starts,1
SEQUENCE POSITIONS,Read2,'GATCGTCGGACT' 25bp Starts,5
SEQUENCE POSITIONS,Read2,'GATCGTCGGACT' 27bp Starts,2
SEQUENCE POSITIONS,Read2,'GATCGTCGGACT' 34bp Starts,1
SEQUENCE POSITIONS,Read2,'GATCGTCGGACT' 39bp Starts,1
SEQUENCE POSITIONS,Read2,'GATCGTCGGACT' 42bp Starts,1
SEQUENCE POSITIONS,Read2,'GATCGTCGGACT' 43bp Starts,3
SEQUENCE POSITIONS,Read2,'GATCGTCGGACT' 48bp Starts,2
SEQUENCE POSITIONS,Read2,'GATCGTCGGACT' 50bp Starts,1
SEQUENCE POSITIONS,Read2,'GATCGTCGGACT' 53bp Starts,1
SEQUENCE POSITIONS,Read2,'GATCGTCGGACT' 56bp Starts,1
SEQUENCE POSITIONS,Read2,'GATCGTCGGACT' 57bp Starts,1
SEQUENCE POSITIONS,Read2,'GATCGTCGGACT' 60bp Starts,2
SEQUENCE POSITIONS,Read2,'GATCGTCGGACT' 62bp Starts,1
SEQUENCE POSITIONS,Read2,'GATCGTCGGACT' 63bp Starts,1
SEQUENCE POSITIONS,Read2,'GATCGTCGGACT' 83bp Starts,1
SEQUENCE POSITIONS,Read2,'GATCGTCGGACT' 84bp Starts,1
SEQUENCE POSITIONS,Read2,'GATCGTCGGACT' 86bp Starts,1
SEQUENCE POSITIONS,Read2,'GATCGTCGGACT' 89bp Starts,1
SEQUENCE POSITIONS,Read2,'GATCGTCGGACT' 90bp Starts,1
SEQUENCE POSITIONS,Read2,'GATCGTCGGACT' 91bp Starts,1
SEQUENCE POSITIONS,Read2,'GATCGTCGGACT' 92bp Starts,1
SEQUENCE POSITIONS,Read2,'GATCGTCGGACT' 98bp Starts,1
SEQUENCE POSITIONS,Read2,'GATCGTCGGACT' 100bp Starts,2
SEQUENCE POSITIONS,Read2,'GATCGTCGGACT' 101bp Starts,1
SEQUENCE POSITIONS,Read2,'GATCGTCGGACT' 106bp Starts,1
SEQUENCE POSITIONS,Read2,'GATCGTCGGACT' 109bp Starts,1
SEQUENCE POSITIONS,Read2,'GATCGTCGGACT' 111bp Starts,4
SEQUENCE POSITIONS,Read2,'GATCGTCGGACT' 112bp Starts,2
SEQUENCE POSITIONS,Read2,'GATCGTCGGACT' 114bp Starts,1
SEQUENCE POSITIONS,Read2,'GATCGTCGGACT' 117bp Starts,1
SEQUENCE POSITIONS,Read2,'GATCGTCGGACT' 120bp Starts,1
SEQUENCE POSITIONS,Read2,'GATCGTCGGACT' 132bp Starts,1
SEQUENCE POSITIONS,Read2,'GATCGTCGGACT' 133bp Starts,1
SEQUENCE POSITIONS,Read2,'GATCGTCGGACT' 134bp Starts,1
SEQUENCE POSITIONS,Read2,'GATCGTCGGACT' 138bp Starts,1
SEQUENCE POSITIONS,Read2,'GATCGTCGGACT' 139bp Starts,2
SEQUENCE POSITIONS,Read2,'GATCGTCGGACT' 140bp Starts,2
SEQUENCE POSITIONS,Read2,'GATCGTCGGACT' Total Sequence Starts,65,0.00
SEQUENCE POSITIONS,Read2,'CTGTCTCTTATA' 1bp Starts,10
SEQUENCE POSITIONS,Read2,'CTGTCTCTTATA' 2bp Starts,29
SEQUENCE POSITIONS,Read2,'CTGTCTCTTATA' 3bp Starts,64
SEQUENCE POSITIONS,Read2,'CTGTCTCTTATA' 4bp Starts,202
SEQUENCE POSITIONS,Read2,'CTGTCTCTTATA' 5bp Starts,35
SEQUENCE POSITIONS,Read2,'CTGTCTCTTATA' 6bp Starts,24
SEQUENCE POSITIONS,Read2,'CTGTCTCTTATA' 7bp Starts,107
SEQUENCE POSITIONS,Read2,'CTGTCTCTTATA' 8bp Starts,34
SEQUENCE POSITIONS,Read2,'CTGTCTCTTATA' 9bp Starts,479
SEQUENCE POSITIONS,Read2,'CTGTCTCTTATA' 10bp Starts,88
SEQUENCE POSITIONS,Read2,'CTGTCTCTTATA' 11bp Starts,143
SEQUENCE POSITIONS,Read2,'CTGTCTCTTATA' 12bp Starts,52
SEQUENCE POSITIONS,Read2,'CTGTCTCTTATA' 13bp Starts,129
SEQUENCE POSITIONS,Read2,'CTGTCTCTTATA' 14bp Starts,148
SEQUENCE POSITIONS,Read2,'CTGTCTCTTATA' 15bp Starts,84
SEQUENCE POSITIONS,Read2,'CTGTCTCTTATA' 16bp Starts,90
SEQUENCE POSITIONS,Read2,'CTGTCTCTTATA' 17bp Starts,104
SEQUENCE POSITIONS,Read2,'CTGTCTCTTATA' 18bp Starts,99
SEQUENCE POSITIONS,Read2,'CTGTCTCTTATA' 19bp Starts,125
SEQUENCE POSITIONS,Read2,'CTGTCTCTTATA' 20bp Starts,118
SEQUENCE POSITIONS,Read2,'CTGTCTCTTATA' 21bp Starts,125
SEQUENCE POSITIONS,Read2,'CTGTCTCTTATA' 22bp Starts,115
SEQUENCE POSITIONS,Read2,'CTGTCTCTTATA' 23bp Starts,148
SEQUENCE POSITIONS,Read2,'CTGTCTCTTATA' 24bp Starts,158
SEQUENCE POSITIONS,Read2,'CTGTCTCTTATA' 25bp Starts,168
SEQUENCE POSITIONS,Read2,'CTGTCTCTTATA' 26bp Starts,159
SEQUENCE POSITIONS,Read2,'CTGTCTCTTATA' 27bp Starts,179
SEQUENCE POSITIONS,Read2,'CTGTCTCTTATA' 28bp Starts,174
SEQUENCE POSITIONS,Read2,'CTGTCTCTTATA' 29bp Starts,222
SEQUENCE POSITIONS,Read2,'CTGTCTCTTATA' 30bp Starts,197
SEQUENCE POSITIONS,Read2,'CTGTCTCTTATA' 31bp Starts,181
SEQUENCE POSITIONS,Read2,'CTGTCTCTTATA' 32bp Starts,210
SEQUENCE POSITIONS,Read2,'CTGTCTCTTATA' 33bp Starts,279
SEQUENCE POSITIONS,Read2,'CTGTCTCTTATA' 34bp Starts,326
SEQUENCE POSITIONS,Read2,'CTGTCTCTTATA' 35bp Starts,287
SEQUENCE POSITIONS,Read2,'CTGTCTCTTATA' 36bp Starts,274
SEQUENCE POSITIONS,Read2,'CTGTCTCTTATA' 37bp Starts,219
SEQUENCE POSITIONS,Read2,'CTGTCTCTTATA' 38bp Starts,222
SEQUENCE POSITIONS,Read2,'CTGTCTCTTATA' 39bp Starts,242
SEQUENCE POSITIONS,Read2,'CTGTCTCTTATA' 40bp Starts,265
SEQUENCE POSITIONS,Read2,'CTGTCTCTTATA' 41bp Starts,252
SEQUENCE POSITIONS,Read2,'CTGTCTCTTATA' 42bp Starts,314
SEQUENCE POSITIONS,Read2,'CTGTCTCTTATA' 43bp Starts,372
SEQUENCE POSITIONS,Read2,'CTGTCTCTTATA' 44bp Starts,372
SEQUENCE POSITIONS,Read2,'CTGTCTCTTATA' 45bp Starts,397
SEQUENCE POSITIONS,Read2,'CTGTCTCTTATA' 46bp Starts,370
SEQUENCE POSITIONS,Read2,'CTGTCTCTTATA' 47bp Starts,355
SEQUENCE POSITIONS,Read2,'CTGTCTCTTATA' 48bp Starts,270
SEQUENCE POSITIONS,Read2,'CTGTCTCTTATA' 49bp Starts,294
SEQUENCE POSITIONS,Read2,'CTGTCTCTTATA' 50bp Starts,321
SEQUENCE POSITIONS,Read2,'CTGTCTCTTATA' 51bp Starts,287
SEQUENCE POSITIONS,Read2,'CTGTCTCTTATA' 52bp Starts,408
SEQUENCE POSITIONS,Read2,'CTGTCTCTTATA' 53bp Starts,379
SEQUENCE POSITIONS,Read2,'CTGTCTCTTATA' 54bp Starts,365
SEQUENCE POSITIONS,Read2,'CTGTCTCTTATA' 55bp Starts,446
SEQUENCE POSITIONS,Read2,'CTGTCTCTTATA' 56bp Starts,407
SEQUENCE POSITIONS,Read2,'CTGTCTCTTATA' 57bp Starts,359
SEQUENCE POSITIONS,Read2,'CTGTCTCTTATA' 58bp Starts,345
SEQUENCE POSITIONS,Read2,'CTGTCTCTTATA' 59bp Starts,336
SEQUENCE POSITIONS,Read2,'CTGTCTCTTATA' 60bp Starts,337
SEQUENCE POSITIONS,Read2,'CTGTCTCTTATA' 61bp Starts,384
SEQUENCE POSITIONS,Read2,'CTGTCTCTTATA' 62bp Starts,376
SEQUENCE POSITIONS,Read2,'CTGTCTCTTATA' 63bp Starts,372
SEQUENCE POSITIONS,Read2,'CTGTCTCTTATA' 64bp Starts,405
SEQUENCE POSITIONS,Read2,'CTGTCTCTTATA' 65bp Starts,485
SEQUENCE POSITIONS,Read2,'CTGTCTCTTATA' 66bp Starts,542
SEQUENCE POSITIONS,Read2,'CTGTCTCTTATA' 67bp Starts,543
SEQUENCE POSITIONS,Read2,'CTGTCTCTTATA' 68bp Starts,489
SEQUENCE POSITIONS,Read2,'CTGTCTCTTATA' 69bp Starts,400
SEQUENCE POSITIONS,Read2,'CTGTCTCTTATA' 70bp Starts,453
SEQUENCE POSITIONS,Read2,'CTGTCTCTTATA' 71bp Starts,462
SEQUENCE POSITIONS,Read2,'CTGTCTCTTATA' 72bp Starts,453
SEQUENCE POSITIONS,Read2,'CTGTCTCTTATA' 73bp Starts,427
SEQUENCE POSITIONS,Read2,'CTGTCTCTTATA' 74bp Starts,484
SEQUENCE POSITIONS,Read2,'CTGTCTCTTATA' 75bp Starts,507
SEQUENCE POSITIONS,Read2,'CTGTCTCTTATA' 76bp Starts,526
SEQUENCE POSITIONS,Read2,'CTGTCTCTTATA' 77bp Starts,472
SEQUENCE POSITIONS,Read2,'CTGTCTCTTATA' 78bp Starts,452
SEQUENCE POSITIONS,Read2,'CTGTCTCTTATA' 79bp Starts,444
SEQUENCE POSITIONS,Read2,'CTGTCTCTTATA' 80bp Starts,442
SEQUENCE POSITIONS,Read2,'CTGTCTCTTATA' 81bp Starts,411
SEQUENCE POSITIONS,Read2,'CTGTCTCTTATA' 82bp Starts,428
SEQUENCE POSITIONS,Read2,'CTGTCTCTTATA' 83bp Starts,518
SEQUENCE POSITIONS,Read2,'CTGTCTCTTATA' 84bp Starts,541
SEQUENCE POSITIONS,Read2,'CTGTCTCTTATA' 85bp Starts,590
SEQUENCE POSITIONS,Read2,'CTGTCTCTTATA' 86bp Starts,560
SEQUENCE POSITIONS,Read2,'CTGTCTCTTATA' 87bp Starts,624
SEQUENCE POSITIONS,Read2,'CTGTCTCTTATA' 88bp Starts,511
SEQUENCE POSITIONS,Read2,'CTGTCTCTTATA' 89bp Starts,489
SEQUENCE POSITIONS,Read2,'CTGTCTCTTATA' 90bp Starts,497
SEQUENCE POSITIONS,Read2,'CTGTCTCTTATA' 91bp Starts,510
SEQUENCE POSITIONS,Read2,'CTGTCTCTTATA' 92bp Starts,549
SEQUENCE POSITIONS,Read2,'CTGTCTCTTATA' 93bp Starts,522
SEQUENCE POSITIONS,Read2,'CTGTCTCTTATA' 94bp Starts,640
SEQUENCE POSITIONS,Read2,'CTGTCTCTTATA' 95bp Starts,682
SEQUENCE POSITIONS,Read2,'CTGTCTCTTATA' 96bp Starts,771
SEQUENCE POSITIONS,Read2,'CTGTCTCTTATA' 97bp Starts,657
SEQUENCE POSITIONS,Read2,'CTGTCTCTTATA' 98bp Starts,636
SEQUENCE POSITIONS,Read2,'CTGTCTCTTATA' 99bp Starts,532
SEQUENCE POSITIONS,Read2,'CTGTCTCTTATA' 100bp Starts,533
SEQUENCE POSITIONS,Read2,'CTGTCTCTTATA' 101bp Starts,547
SEQUENCE POSITIONS,Read2,'CTGTCTCTTATA' 102bp Starts,563
SEQUENCE POSITIONS,Read2,'CTGTCTCTTATA' 103bp Starts,608
SEQUENCE POSITIONS,Read2,'CTGTCTCTTATA' 104bp Starts,719
SEQUENCE POSITIONS,Read2,'CTGTCTCTTATA' 105bp Starts,746
SEQUENCE POSITIONS,Read2,'CTGTCTCTTATA' 106bp Starts,779
SEQUENCE POSITIONS,Read2,'CTGTCTCTTATA' 107bp Starts,820
SEQUENCE POSITIONS,Read2,'CTGTCTCTTATA' 108bp Starts,688
SEQUENCE POSITIONS,Read2,'CTGTCTCTTATA' 109bp Starts,629
SEQUENCE POSITIONS,Read2,'CTGTCTCTTATA' 110bp Starts,636
SEQUENCE POSITIONS,Read2,'CTGTCTCTTATA' 111bp Starts,611
SEQUENCE POSITIONS,Read2,'CTGTCTCTTATA' 112bp Starts,676
SEQUENCE POSITIONS,Read2,'CTGTCTCTTATA' 113bp Starts,656
SEQUENCE POSITIONS,Read2,'CTGTCTCTTATA' 114bp Starts,739
SEQUENCE POSITIONS,Read2,'CTGTCTCTTATA' 115bp Starts,826
SEQUENCE POSITIONS,Read2,'CTGTCTCTTATA' 116bp Starts,887
SEQUENCE POSITIONS,Read2,'CTGTCTCTTATA' 117bp Starts,877
SEQUENCE POSITIONS,Read2,'CTGTCTCTTATA' 118bp Starts,854
SEQUENCE POSITIONS,Read2,'CTGTCTCTTATA' 119bp Starts,729
SEQUENCE POSITIONS,Read2,'CTGTCTCTTATA' 120bp Starts,739
SEQUENCE POSITIONS,Read2,'CTGTCTCTTATA' 121bp Starts,705
SEQUENCE POSITIONS,Read2,'CTGTCTCTTATA' 122bp Starts,651
SEQUENCE POSITIONS,Read2,'CTGTCTCTTATA' 123bp Starts,707
SEQUENCE POSITIONS,Read2,'CTGTCTCTTATA' 124bp Starts,769
SEQUENCE POSITIONS,Read2,'CTGTCTCTTATA' 125bp Starts,883
SEQUENCE POSITIONS,Read2,'CTGTCTCTTATA' 126bp Starts,1016
SEQUENCE POSITIONS,Read2,'CTGTCTCTTATA' 127bp Starts,942
SEQUENCE POSITIONS,Read2,'CTGTCTCTTATA' 128bp Starts,975
SEQUENCE POSITIONS,Read2,'CTGTCTCTTATA' 129bp Starts,884
SEQUENCE POSITIONS,Read2,'CTGTCTCTTATA' 130bp Starts,913
SEQUENCE POSITIONS,Read2,'CTGTCTCTTATA' 131bp Starts,813
SEQUENCE POSITIONS,Read2,'CTGTCTCTTATA' 132bp Starts,699
SEQUENCE POSITIONS,Read2,'CTGTCTCTTATA' 133bp Starts,873
SEQUENCE POSITIONS,Read2,'CTGTCTCTTATA' 134bp Starts,840
SEQUENCE POSITIONS,Read2,'CTGTCTCTTATA' 135bp Starts,1334
SEQUENCE POSITIONS,Read2,'CTGTCTCTTATA' 136bp Starts,1177
SEQUENCE POSITIONS,Read2,'CTGTCTCTTATA' 137bp Starts,140
SEQUENCE POSITIONS,Read2,'CTGTCTCTTATA' 138bp Starts,56
SEQUENCE POSITIONS,Read2,'CTGTCTCTTATA' Total Sequence Starts,62325,0.01
POSITIONAL QUALITY,Read2,ReadPos 1 1% Quantile QV,12
POSITIONAL QUALITY,Read2,ReadPos 1 2% Quantile QV,12
POSITIONAL QUALITY,Read2,ReadPos 1 5% Quantile QV,24
POSITIONAL QUALITY,Read2,ReadPos 1 10% Quantile QV,24
POSITIONAL QUALITY,Read2,ReadPos 1 25% Quantile QV,40
POSITIONAL QUALITY,Read2,ReadPos 1 50% Quantile QV,40
POSITIONAL QUALITY,Read2,ReadPos 1 75% Quantile QV,40
POSITIONAL QUALITY,Read2,ReadPos 1 90% Quantile QV,40
POSITIONAL QUALITY,Read2,ReadPos 1 95% Quantile QV,40
POSITIONAL QUALITY,Read2,ReadPos 1 98% Quantile QV,40
POSITIONAL QUALITY,Read2,ReadPos 1 99% Quantile QV,40
POSITIONAL QUALITY,Read2,ReadPos 2 1% Quantile QV,12
POSITIONAL QUALITY,Read2,ReadPos 2 2% Quantile QV,12
POSITIONAL QUALITY,Read2,ReadPos 2 5% Quantile QV,24
POSITIONAL QUALITY,Read2,ReadPos 2 10% Quantile QV,40
POSITIONAL QUALITY,Read2,ReadPos 2 25% Quantile QV,40
POSITIONAL QUALITY,Read2,ReadPos 2 50% Quantile QV,40
POSITIONAL QUALITY,Read2,ReadPos 2 75% Quantile QV,40
POSITIONAL QUALITY,Read2,ReadPos 2 90% Quantile QV,40
POSITIONAL QUALITY,Read2,ReadPos 2 95% Quantile QV,40
POSITIONAL QUALITY,Read2,ReadPos 2 98% Quantile QV,40
POSITIONAL QUALITY,Read2,ReadPos 2 99% Quantile QV,40
POSITIONAL QUALITY,Read2,ReadPos 3 1% Quantile QV,12
POSITIONAL QUALITY,Read2,ReadPos 3 2% Quantile QV,12
POSITIONAL QUALITY,Read2,ReadPos 3 5% Quantile QV,24
POSITIONAL QUALITY,Read2,ReadPos 3 10% Quantile QV,40
POSITIONAL QUALITY,Read2,ReadPos 3 25% Quantile QV,40
POSITIONAL QUALITY,Read2,ReadPos 3 50% Quantile QV,40
POSITIONAL QUALITY,Read2,ReadPos 3 75% Quantile QV,40
POSITIONAL QUALITY,Read2,ReadPos 3 90% Quantile QV,40
POSITIONAL QUALITY,Read2,ReadPos 3 95% Quantile QV,40
POSITIONAL QUALITY,Read2,ReadPos 3 98% Quantile QV,40
POSITIONAL QUALITY,Read2,ReadPos 3 99% Quantile QV,40
POSITIONAL QUALITY,Read2,ReadPos 4 1% Quantile QV,12
POSITIONAL QUALITY,Read2,ReadPos 4 2% Quantile QV,12
POSITIONAL QUALITY,Read2,ReadPos 4 5% Quantile QV,24
POSITIONAL QUALITY,Read2,ReadPos 4 10% Quantile QV,40
POSITIONAL QUALITY,Read2,ReadPos 4 25% Quantile QV,40
POSITIONAL QUALITY,Read2,ReadPos 4 50% Quantile QV,40
POSITIONAL QUALITY,Read2,ReadPos 4 75% Quantile QV,40
POSITIONAL QUALITY,Read2,ReadPos 4 90% Quantile QV,40
POSITIONAL QUALITY,Read2,ReadPos 4 95% Quantile QV,40
POSITIONAL QUALITY,Read2,ReadPos 4 98% Quantile QV,40
POSITIONAL QUALITY,Read2,ReadPos 4 99% Quantile QV,40
POSITIONAL QUALITY,Read2,ReadPos 5 1% Quantile QV,12
POSITIONAL QUALITY,Read2,ReadPos 5 2% Quantile QV,12
POSITIONAL QUALITY,Read2,ReadPos 5 5% Quantile QV,24
POSITIONAL QUALITY,Read2,ReadPos 5 10% Quantile QV,40
POSITIONAL QUALITY,Read2,ReadPos 5 25% Quantile QV,40
POSITIONAL QUALITY,Read2,ReadPos 5 50% Quantile QV,40
POSITIONAL QUALITY,Read2,ReadPos 5 75% Quantile QV,40
POSITIONAL QUALITY,Read2,ReadPos 5 90% Quantile QV,40
POSITIONAL QUALITY,Read2,ReadPos 5 95% Quantile QV,40
POSITIONAL QUALITY,Read2,ReadPos 5 98% Quantile QV,40
POSITIONAL QUALITY,Read2,ReadPos 5 99% Quantile QV,40
POSITIONAL QUALITY,Read2,ReadPos 6 1% Quantile QV,12
POSITIONAL QUALITY,Read2,ReadPos 6 2% Quantile QV,24
POSITIONAL QUALITY,Read2,ReadPos 6 5% Quantile QV,24
POSITIONAL QUALITY,Read2,ReadPos 6 10% Quantile QV,40
POSITIONAL QUALITY,Read2,ReadPos 6 25% Quantile QV,40
POSITIONAL QUALITY,Read2,ReadPos 6 50% Quantile QV,40
POSITIONAL QUALITY,Read2,ReadPos 6 75% Quantile QV,40
POSITIONAL QUALITY,Read2,ReadPos 6 90% Quantile QV,40
POSITIONAL QUALITY,Read2,ReadPos 6 95% Quantile QV,40
POSITIONAL QUALITY,Read2,ReadPos 6 98% Quantile QV,40
POSITIONAL QUALITY,Read2,ReadPos 6 99% Quantile QV,40
POSITIONAL QUALITY,Read2,ReadPos 7 1% Quantile QV,12
POSITIONAL QUALITY,Read2,ReadPos 7 2% Quantile QV,24
POSITIONAL QUALITY,Read2,ReadPos 7 5% Quantile QV,24
POSITIONAL QUALITY,Read2,ReadPos 7 10% Quantile QV,40
POSITIONAL QUALITY,Read2,ReadPos 7 25% Quantile QV,40
POSITIONAL QUALITY,Read2,ReadPos 7 50% Quantile QV,40
POSITIONAL QUALITY,Read2,ReadPos 7 75% Quantile QV,40
POSITIONAL QUALITY,Read2,ReadPos 7 90% Quantile QV,40
POSITIONAL QUALITY,Read2,ReadPos 7 95% Quantile QV,40
POSITIONAL QUALITY,Read2,ReadPos 7 98% Quantile QV,40
POSITIONAL QUALITY,Read2,ReadPos 7 99% Quantile QV,40
POSITIONAL QUALITY,Read2,ReadPos 8 1% Quantile QV,12
POSITIONAL QUALITY,Read2,ReadPos 8 2% Quantile QV,24
POSITIONAL QUALITY,Read2,ReadPos 8 5% Quantile QV,40
POSITIONAL QUALITY,Read2,ReadPos 8 10% Quantile QV,40
POSITIONAL QUALITY,Read2,ReadPos 8 25% Quantile QV,40
POSITIONAL QUALITY,Read2,ReadPos 8 50% Quantile QV,40
POSITIONAL QUALITY,Read2,ReadPos 8 75% Quantile QV,40
POSITIONAL QUALITY,Read2,ReadPos 8 90% Quantile QV,40
POSITIONAL QUALITY,Read2,ReadPos 8 95% Quantile QV,40
POSITIONAL QUALITY,Read2,ReadPos 8 98% Quantile QV,40
POSITIONAL QUALITY,Read2,ReadPos 8 99% Quantile QV,40
POSITIONAL QUALITY,Read2,ReadPos 9 1% Quantile QV,12
POSITIONAL QUALITY,Read2,ReadPos 9 2% Quantile QV,24
POSITIONAL QUALITY,Read2,ReadPos 9 5% Quantile QV,40
POSITIONAL QUALITY,Read2,ReadPos 9 10% Quantile QV,40
POSITIONAL QUALITY,Read2,ReadPos 9 25% Quantile QV,40
POSITIONAL QUALITY,Read2,ReadPos 9 50% Quantile QV,40
POSITIONAL QUALITY,Read2,ReadPos 9 75% Quantile QV,40
POSITIONAL QUALITY,Read2,ReadPos 9 90% Quantile QV,40
POSITIONAL QUALITY,Read2,ReadPos 9 95% Quantile QV,40
POSITIONAL QUALITY,Read2,ReadPos 9 98% Quantile QV,40
POSITIONAL QUALITY,Read2,ReadPos 9 99% Quantile QV,40
POSITIONAL QUALITY,Read2,ReadPos 10 1% Quantile QV,12
POSITIONAL QUALITY,Read2,ReadPos 10 2% Quantile QV,24
POSITIONAL QUALITY,Read2,ReadPos 10 5% Quantile QV,40
POSITIONAL QUALITY,Read2,ReadPos 10 10% Quantile QV,40
POSITIONAL QUALITY,Read2,ReadPos 10 25% Quantile QV,40
POSITIONAL QUALITY,Read2,ReadPos 10 50% Quantile QV,40
POSITIONAL QUALITY,Read2,ReadPos 10 75% Quantile QV,40
POSITIONAL QUALITY,Read2,ReadPos 10 90% Quantile QV,40
POSITIONAL QUALITY,Read2,ReadPos 10 95% Quantile QV,40
POSITIONAL QUALITY,Read2,ReadPos 10 98% Quantile QV,40
POSITIONAL QUALITY,Read2,ReadPos 10 99% Quantile QV,40
POSITIONAL QUALITY,Read2,ReadPos 11 1% Quantile QV,12
POSITIONAL QUALITY,Read2,ReadPos 11 2% Quantile QV,24
POSITIONAL QUALITY,Read2,ReadPos 11 5% Quantile QV,40
POSITIONAL QUALITY,Read2,ReadPos 11 10% Quantile QV,40
POSITIONAL QUALITY,Read2,ReadPos 11 25% Quantile QV,40
POSITIONAL QUALITY,Read2,ReadPos 11 50% Quantile QV,40
POSITIONAL QUALITY,Read2,ReadPos 11 75% Quantile QV,40
POSITIONAL QUALITY,Read2,ReadPos 11 90% Quantile QV,40
POSITIONAL QUALITY,Read2,ReadPos 11 95% Quantile QV,40
POSITIONAL QUALITY,Read2,ReadPos 11 98% Quantile QV,40
POSITIONAL QUALITY,Read2,ReadPos 11 99% Quantile QV,40
POSITIONAL QUALITY,Read2,ReadPos 12 1% Quantile QV,12
POSITIONAL QUALITY,Read2,ReadPos 12 2% Quantile QV,24
POSITIONAL QUALITY,Read2,ReadPos 12 5% Quantile QV,40
POSITIONAL QUALITY,Read2,ReadPos 12 10% Quantile QV,40
POSITIONAL QUALITY,Read2,ReadPos 12 25% Quantile QV,40
POSITIONAL QUALITY,Read2,ReadPos 12 50% Quantile QV,40
POSITIONAL QUALITY,Read2,ReadPos 12 75% Quantile QV,40
POSITIONAL QUALITY,Read2,ReadPos 12 90% Quantile QV,40
POSITIONAL QUALITY,Read2,ReadPos 12 95% Quantile QV,40
POSITIONAL QUALITY,Read2,ReadPos 12 98% Quantile QV,40
POSITIONAL QUALITY,Read2,ReadPos 12 99% Quantile QV,40
POSITIONAL QUALITY,Read2,ReadPos 13 1% Quantile QV,12
POSITIONAL QUALITY,Read2,ReadPos 13 2% Quantile QV,24
POSITIONAL QUALITY,Read2,ReadPos 13 5% Quantile QV,40
POSITIONAL QUALITY,Read2,ReadPos 13 10% Quantile QV,40
POSITIONAL QUALITY,Read2,ReadPos 13 25% Quantile QV,40
POSITIONAL QUALITY,Read2,ReadPos 13 50% Quantile QV,40
POSITIONAL QUALITY,Read2,ReadPos 13 75% Quantile QV,40
POSITIONAL QUALITY,Read2,ReadPos 13 90% Quantile QV,40
POSITIONAL QUALITY,Read2,ReadPos 13 95% Quantile QV,40
POSITIONAL QUALITY,Read2,ReadPos 13 98% Quantile QV,40
POSITIONAL QUALITY,Read2,ReadPos 13 99% Quantile QV,40
POSITIONAL QUALITY,Read2,ReadPos 14 1% Quantile QV,12
POSITIONAL QUALITY,Read2,ReadPos 14 2% Quantile QV,24
POSITIONAL QUALITY,Read2,ReadPos 14 5% Quantile QV,40
POSITIONAL QUALITY,Read2,ReadPos 14 10% Quantile QV,40
POSITIONAL QUALITY,Read2,ReadPos 14 25% Quantile QV,40
POSITIONAL QUALITY,Read2,ReadPos 14 50% Quantile QV,40
POSITIONAL QUALITY,Read2,ReadPos 14 75% Quantile QV,40
POSITIONAL QUALITY,Read2,ReadPos 14 90% Quantile QV,40
POSITIONAL QUALITY,Read2,ReadPos 14 95% Quantile QV,40
POSITIONAL QUALITY,Read2,ReadPos 14 98% Quantile QV,40
POSITIONAL QUALITY,Read2,ReadPos 14 99% Quantile QV,40
POSITIONAL QUALITY,Read2,ReadPos 15 1% Quantile QV,12
POSITIONAL QUALITY,Read2,ReadPos 15 2% Quantile QV,24
POSITIONAL QUALITY,Read2,ReadPos 15 5% Quantile QV,40
POSITIONAL QUALITY,Read2,ReadPos 15 10% Quantile QV,40
POSITIONAL QUALITY,Read2,ReadPos 15 25% Quantile QV,40
POSITIONAL QUALITY,Read2,ReadPos 15 50% Quantile QV,40
POSITIONAL QUALITY,Read2,ReadPos 15 75% Quantile QV,40
POSITIONAL QUALITY,Read2,ReadPos 15 90% Quantile QV,40
POSITIONAL QUALITY,Read2,ReadPos 15 95% Quantile QV,40
POSITIONAL QUALITY,Read2,ReadPos 15 98% Quantile QV,40
POSITIONAL QUALITY,Read2,ReadPos 15 99% Quantile QV,40
POSITIONAL QUALITY,Read2,ReadPos 16 1% Quantile QV,12
POSITIONAL QUALITY,Read2,ReadPos 16 2% Quantile QV,24
POSITIONAL QUALITY,Read2,ReadPos 16 5% Quantile QV,40
POSITIONAL QUALITY,Read2,ReadPos 16 10% Quantile QV,40
POSITIONAL QUALITY,Read2,ReadPos 16 25% Quantile QV,40
POSITIONAL QUALITY,Read2,ReadPos 16 50% Quantile QV,40
POSITIONAL QUALITY,Read2,ReadPos 16 75% Quantile QV,40
POSITIONAL QUALITY,Read2,ReadPos 16 90% Quantile QV,40
POSITIONAL QUALITY,Read2,ReadPos 16 95% Quantile QV,40
POSITIONAL QUALITY,Read2,ReadPos 16 98% Quantile QV,40
POSITIONAL QUALITY,Read2,ReadPos 16 99% Quantile QV,40
POSITIONAL QUALITY,Read2,ReadPos 17 1% Quantile QV,12
POSITIONAL QUALITY,Read2,ReadPos 17 2% Quantile QV,24
POSITIONAL QUALITY,Read2,ReadPos 17 5% Quantile QV,40
POSITIONAL QUALITY,Read2,ReadPos 17 10% Quantile QV,40
POSITIONAL QUALITY,Read2,ReadPos 17 25% Quantile QV,40
POSITIONAL QUALITY,Read2,ReadPos 17 50% Quantile QV,40
POSITIONAL QUALITY,Read2,ReadPos 17 75% Quantile QV,40
POSITIONAL QUALITY,Read2,ReadPos 17 90% Quantile QV,40
POSITIONAL QUALITY,Read2,ReadPos 17 95% Quantile QV,40
POSITIONAL QUALITY,Read2,ReadPos 17 98% Quantile QV,40
POSITIONAL QUALITY,Read2,ReadPos 17 99% Quantile QV,40
POSITIONAL QUALITY,Read2,ReadPos 18 1% Quantile QV,12
POSITIONAL QUALITY,Read2,ReadPos 18 2% Quantile QV,24
POSITIONAL QUALITY,Read2,ReadPos 18 5% Quantile QV,40
POSITIONAL QUALITY,Read2,ReadPos 18 10% Quantile QV,40
POSITIONAL QUALITY,Read2,ReadPos 18 25% Quantile QV,40
POSITIONAL QUALITY,Read2,ReadPos 18 50% Quantile QV,40
POSITIONAL QUALITY,Read2,ReadPos 18 75% Quantile QV,40
POSITIONAL QUALITY,Read2,ReadPos 18 90% Quantile QV,40
POSITIONAL QUALITY,Read2,ReadPos 18 95% Quantile QV,40
POSITIONAL QUALITY,Read2,ReadPos 18 98% Quantile QV,40
POSITIONAL QUALITY,Read2,ReadPos 18 99% Quantile QV,40
POSITIONAL QUALITY,Read2,ReadPos 19 1% Quantile QV,12
POSITIONAL QUALITY,Read2,ReadPos 19 2% Quantile QV,24
POSITIONAL QUALITY,Read2,ReadPos 19 5% Quantile QV,40
POSITIONAL QUALITY,Read2,ReadPos 19 10% Quantile QV,40
POSITIONAL QUALITY,Read2,ReadPos 19 25% Quantile QV,40
POSITIONAL QUALITY,Read2,ReadPos 19 50% Quantile QV,40
POSITIONAL QUALITY,Read2,ReadPos 19 75% Quantile QV,40
POSITIONAL QUALITY,Read2,ReadPos 19 90% Quantile QV,40
POSITIONAL QUALITY,Read2,ReadPos 19 95% Quantile QV,40
POSITIONAL QUALITY,Read2,ReadPos 19 98% Quantile QV,40
POSITIONAL QUALITY,Read2,ReadPos 19 99% Quantile QV,40
POSITIONAL QUALITY,Read2,ReadPos 20 1% Quantile QV,12
POSITIONAL QUALITY,Read2,ReadPos 20 2% Quantile QV,24
POSITIONAL QUALITY,Read2,ReadPos 20 5% Quantile QV,40
POSITIONAL QUALITY,Read2,ReadPos 20 10% Quantile QV,40
POSITIONAL QUALITY,Read2,ReadPos 20 25% Quantile QV,40
POSITIONAL QUALITY,Read2,ReadPos 20 50% Quantile QV,40
POSITIONAL QUALITY,Read2,ReadPos 20 75% Quantile QV,40
POSITIONAL QUALITY,Read2,ReadPos 20 90% Quantile QV,40
POSITIONAL QUALITY,Read2,ReadPos 20 95% Quantile QV,40
POSITIONAL QUALITY,Read2,ReadPos 20 98% Quantile QV,40
POSITIONAL QUALITY,Read2,ReadPos 20 99% Quantile QV,40
POSITIONAL QUALITY,Read2,ReadPos 21 1% Quantile QV,12
POSITIONAL QUALITY,Read2,ReadPos 21 2% Quantile QV,24
POSITIONAL QUALITY,Read2,ReadPos 21 5% Quantile QV,40
POSITIONAL QUALITY,Read2,ReadPos 21 10% Quantile QV,40
POSITIONAL QUALITY,Read2,ReadPos 21 25% Quantile QV,40
POSITIONAL QUALITY,Read2,ReadPos 21 50% Quantile QV,40
POSITIONAL QUALITY,Read2,ReadPos 21 75% Quantile QV,40
POSITIONAL QUALITY,Read2,ReadPos 21 90% Quantile QV,40
POSITIONAL QUALITY,Read2,ReadPos 21 95% Quantile QV,40
POSITIONAL QUALITY,Read2,ReadPos 21 98% Quantile QV,40
POSITIONAL QUALITY,Read2,ReadPos 21 99% Quantile QV,40
POSITIONAL QUALITY,Read2,ReadPos 22 1% Quantile QV,12
POSITIONAL QUALITY,Read2,ReadPos 22 2% Quantile QV,24
POSITIONAL QUALITY,Read2,ReadPos 22 5% Quantile QV,40
POSITIONAL QUALITY,Read2,ReadPos 22 10% Quantile QV,40
POSITIONAL QUALITY,Read2,ReadPos 22 25% Quantile QV,40
POSITIONAL QUALITY,Read2,ReadPos 22 50% Quantile QV,40
POSITIONAL QUALITY,Read2,ReadPos 22 75% Quantile QV,40
POSITIONAL QUALITY,Read2,ReadPos 22 90% Quantile QV,40
POSITIONAL QUALITY,Read2,ReadPos 22 95% Quantile QV,40
POSITIONAL QUALITY,Read2,ReadPos 22 98% Quantile QV,40
POSITIONAL QUALITY,Read2,ReadPos 22 99% Quantile QV,40
POSITIONAL QUALITY,Read2,ReadPos 23 1% Quantile QV,12
POSITIONAL QUALITY,Read2,ReadPos 23 2% Quantile QV,24
POSITIONAL QUALITY,Read2,ReadPos 23 5% Quantile QV,40
POSITIONAL QUALITY,Read2,ReadPos 23 10% Quantile QV,40
POSITIONAL QUALITY,Read2,ReadPos 23 25% Quantile QV,40
POSITIONAL QUALITY,Read2,ReadPos 23 50% Quantile QV,40
POSITIONAL QUALITY,Read2,ReadPos 23 75% Quantile QV,40
POSITIONAL QUALITY,Read2,ReadPos 23 90% Quantile QV,40
POSITIONAL QUALITY,Read2,ReadPos 23 95% Quantile QV,40
POSITIONAL QUALITY,Read2,ReadPos 23 98% Quantile QV,40
POSITIONAL QUALITY,Read2,ReadPos 23 99% Quantile QV,40
POSITIONAL QUALITY,Read2,ReadPos 24 1% Quantile QV,12
POSITIONAL QUALITY,Read2,ReadPos 24 2% Quantile QV,24
POSITIONAL QUALITY,Read2,ReadPos 24 5% Quantile QV,40
POSITIONAL QUALITY,Read2,ReadPos 24 10% Quantile QV,40
POSITIONAL QUALITY,Read2,ReadPos 24 25% Quantile QV,40
POSITIONAL QUALITY,Read2,ReadPos 24 50% Quantile QV,40
POSITIONAL QUALITY,Read2,ReadPos 24 75% Quantile QV,40
POSITIONAL QUALITY,Read2,ReadPos 24 90% Quantile QV,40
POSITIONAL QUALITY,Read2,ReadPos 24 95% Quantile QV,40
POSITIONAL QUALITY,Read2,ReadPos 24 98% Quantile QV,40
POSITIONAL QUALITY,Read2,ReadPos 24 99% Quantile QV,40
POSITIONAL QUALITY,Read2,ReadPos 25 1% Quantile QV,12
POSITIONAL QUALITY,Read2,ReadPos 25 2% Quantile QV,24
POSITIONAL QUALITY,Read2,ReadPos 25 5% Quantile QV,40
POSITIONAL QUALITY,Read2,ReadPos 25 10% Quantile QV,40
POSITIONAL QUALITY,Read2,ReadPos 25 25% Quantile QV,40
POSITIONAL QUALITY,Read2,ReadPos 25 50% Quantile QV,40
POSITIONAL QUALITY,Read2,ReadPos 25 75% Quantile QV,40
POSITIONAL QUALITY,Read2,ReadPos 25 90% Quantile QV,40
POSITIONAL QUALITY,Read2,ReadPos 25 95% Quantile QV,40
POSITIONAL QUALITY,Read2,ReadPos 25 98% Quantile QV,40
POSITIONAL QUALITY,Read2,ReadPos 25 99% Quantile QV,40
POSITIONAL QUALITY,Read2,ReadPos 26 1% Quantile QV,12
POSITIONAL QUALITY,Read2,ReadPos 26 2% Quantile QV,12
POSITIONAL QUALITY,Read2,ReadPos 26 5% Quantile QV,24
POSITIONAL QUALITY,Read2,ReadPos 26 10% Quantile QV,40
POSITIONAL QUALITY,Read2,ReadPos 26 25% Quantile QV,40
POSITIONAL QUALITY,Read2,ReadPos 26 50% Quantile QV,40
POSITIONAL QUALITY,Read2,ReadPos 26 75% Quantile QV,40
POSITIONAL QUALITY,Read2,ReadPos 26 90% Quantile QV,40
POSITIONAL QUALITY,Read2,ReadPos 26 95% Quantile QV,40
POSITIONAL QUALITY,Read2,ReadPos 26 98% Quantile QV,40
POSITIONAL QUALITY,Read2,ReadPos 26 99% Quantile QV,40
POSITIONAL QUALITY,Read2,ReadPos 27 1% Quantile QV,12
POSITIONAL QUALITY,Read2,ReadPos 27 2% Quantile QV,12
POSITIONAL QUALITY,Read2,ReadPos 27 5% Quantile QV,24
POSITIONAL QUALITY,Read2,ReadPos 27 10% Quantile QV,40
POSITIONAL QUALITY,Read2,ReadPos 27 25% Quantile QV,40
POSITIONAL QUALITY,Read2,ReadPos 27 50% Quantile QV,40
POSITIONAL QUALITY,Read2,ReadPos 27 75% Quantile QV,40
POSITIONAL QUALITY,Read2,ReadPos 27 90% Quantile QV,40
POSITIONAL QUALITY,Read2,ReadPos 27 95% Quantile QV,40
POSITIONAL QUALITY,Read2,ReadPos 27 98% Quantile QV,40
POSITIONAL QUALITY,Read2,ReadPos 27 99% Quantile QV,40
POSITIONAL QUALITY,Read2,ReadPos 28 1% Quantile QV,12
POSITIONAL QUALITY,Read2,ReadPos 28 2% Quantile QV,12
POSITIONAL QUALITY,Read2,ReadPos 28 5% Quantile QV,24
POSITIONAL QUALITY,Read2,ReadPos 28 10% Quantile QV,40
POSITIONAL QUALITY,Read2,ReadPos 28 25% Quantile QV,40
POSITIONAL QUALITY,Read2,ReadPos 28 50% Quantile QV,40
POSITIONAL QUALITY,Read2,ReadPos 28 75% Quantile QV,40
POSITIONAL QUALITY,Read2,ReadPos 28 90% Quantile QV,40
POSITIONAL QUALITY,Read2,ReadPos 28 95% Quantile QV,40
POSITIONAL QUALITY,Read2,ReadPos 28 98% Quantile QV,40
POSITIONAL QUALITY,Read2,ReadPos 28 99% Quantile QV,40
POSITIONAL QUALITY,Read2,ReadPos 29 1% Quantile QV,12
POSITIONAL QUALITY,Read2,ReadPos 29 2% Quantile QV,12
POSITIONAL QUALITY,Read2,ReadPos 29 5% Quantile QV,24
POSITIONAL QUALITY,Read2,ReadPos 29 10% Quantile QV,40
POSITIONAL QUALITY,Read2,ReadPos 29 25% Quantile QV,40
POSITIONAL QUALITY,Read2,ReadPos 29 50% Quantile QV,40
POSITIONAL QUALITY,Read2,ReadPos 29 75% Quantile QV,40
POSITIONAL QUALITY,Read2,ReadPos 29 90% Quantile QV,40
POSITIONAL QUALITY,Read2,ReadPos 29 95% Quantile QV,40
POSITIONAL QUALITY,Read2,ReadPos 29 98% Quantile QV,40
POSITIONAL QUALITY,Read2,ReadPos 29 99% Quantile QV,40
POSITIONAL QUALITY,Read2,ReadPos 30 1% Quantile QV,12
POSITIONAL QUALITY,Read2,ReadPos 30 2% Quantile QV,12
POSITIONAL QUALITY,Read2,ReadPos 30 5% Quantile QV,24
POSITIONAL QUALITY,Read2,ReadPos 30 10% Quantile QV,40
POSITIONAL QUALITY,Read2,ReadPos 30 25% Quantile QV,40
POSITIONAL QUALITY,Read2,ReadPos 30 50% Quantile QV,40
POSITIONAL QUALITY,Read2,ReadPos 30 75% Quantile QV,40
POSITIONAL QUALITY,Read2,ReadPos 30 90% Quantile QV,40
POSITIONAL QUALITY,Read2,ReadPos 30 95% Quantile QV,40
POSITIONAL QUALITY,Read2,ReadPos 30 98% Quantile QV,40
POSITIONAL QUALITY,Read2,ReadPos 30 99% Quantile QV,40
POSITIONAL QUALITY,Read2,ReadPos 31 1% Quantile QV,12
POSITIONAL QUALITY,Read2,ReadPos 31 2% Quantile QV,12
POSITIONAL QUALITY,Read2,ReadPos 31 5% Quantile QV,24
POSITIONAL QUALITY,Read2,ReadPos 31 10% Quantile QV,40
POSITIONAL QUALITY,Read2,ReadPos 31 25% Quantile QV,40
POSITIONAL QUALITY,Read2,ReadPos 31 50% Quantile QV,40
POSITIONAL QUALITY,Read2,ReadPos 31 75% Quantile QV,40
POSITIONAL QUALITY,Read2,ReadPos 31 90% Quantile QV,40
POSITIONAL QUALITY,Read2,ReadPos 31 95% Quantile QV,40
POSITIONAL QUALITY,Read2,ReadPos 31 98% Quantile QV,40
POSITIONAL QUALITY,Read2,ReadPos 31 99% Quantile QV,40
POSITIONAL QUALITY,Read2,ReadPos 32 1% Quantile QV,12
POSITIONAL QUALITY,Read2,ReadPos 32 2% Quantile QV,12
POSITIONAL QUALITY,Read2,ReadPos 32 5% Quantile QV,24
POSITIONAL QUALITY,Read2,ReadPos 32 10% Quantile QV,40
POSITIONAL QUALITY,Read2,ReadPos 32 25% Quantile QV,40
POSITIONAL QUALITY,Read2,ReadPos 32 50% Quantile QV,40
POSITIONAL QUALITY,Read2,ReadPos 32 75% Quantile QV,40
POSITIONAL QUALITY,Read2,ReadPos 32 90% Quantile QV,40
POSITIONAL QUALITY,Read2,ReadPos 32 95% Quantile QV,40
POSITIONAL QUALITY,Read2,ReadPos 32 98% Quantile QV,40
POSITIONAL QUALITY,Read2,ReadPos 32 99% Quantile QV,40
POSITIONAL QUALITY,Read2,ReadPos 33 1% Quantile QV,12
POSITIONAL QUALITY,Read2,ReadPos 33 2% Quantile QV,12
POSITIONAL QUALITY,Read2,ReadPos 33 5% Quantile QV,24
POSITIONAL QUALITY,Read2,ReadPos 33 10% Quantile QV,40
POSITIONAL QUALITY,Read2,ReadPos 33 25% Quantile QV,40
POSITIONAL QUALITY,Read2,ReadPos 33 50% Quantile QV,40
POSITIONAL QUALITY,Read2,ReadPos 33 75% Quantile QV,40
POSITIONAL QUALITY,Read2,ReadPos 33 90% Quantile QV,40
POSITIONAL QUALITY,Read2,ReadPos 33 95% Quantile QV,40
POSITIONAL QUALITY,Read2,ReadPos 33 98% Quantile QV,40
POSITIONAL QUALITY,Read2,ReadPos 33 99% Quantile QV,40
POSITIONAL QUALITY,Read2,ReadPos 34 1% Quantile QV,12
POSITIONAL QUALITY,Read2,ReadPos 34 2% Quantile QV,12
POSITIONAL QUALITY,Read2,ReadPos 34 5% Quantile QV,24
POSITIONAL QUALITY,Read2,ReadPos 34 10% Quantile QV,40
POSITIONAL QUALITY,Read2,ReadPos 34 25% Quantile QV,40
POSITIONAL QUALITY,Read2,ReadPos 34 50% Quantile QV,40
POSITIONAL QUALITY,Read2,ReadPos 34 75% Quantile QV,40
POSITIONAL QUALITY,Read2,ReadPos 34 90% Quantile QV,40
POSITIONAL QUALITY,Read2,ReadPos 34 95% Quantile QV,40
POSITIONAL QUALITY,Read2,ReadPos 34 98% Quantile QV,40
POSITIONAL QUALITY,Read2,ReadPos 34 99% Quantile QV,40
POSITIONAL QUALITY,Read2,ReadPos 35 1% Quantile QV,12
POSITIONAL QUALITY,Read2,ReadPos 35 2% Quantile QV,12
POSITIONAL QUALITY,Read2,ReadPos 35 5% Quantile QV,24
POSITIONAL QUALITY,Read2,ReadPos 35 10% Quantile QV,40
POSITIONAL QUALITY,Read2,ReadPos 35 25% Quantile QV,40
POSITIONAL QUALITY,Read2,ReadPos 35 50% Quantile QV,40
POSITIONAL QUALITY,Read2,ReadPos 35 75% Quantile QV,40
POSITIONAL QUALITY,Read2,ReadPos 35 90% Quantile QV,40
POSITIONAL QUALITY,Read2,ReadPos 35 95% Quantile QV,40
POSITIONAL QUALITY,Read2,ReadPos 35 98% Quantile QV,40
POSITIONAL QUALITY,Read2,ReadPos 35 99% Quantile QV,40
POSITIONAL QUALITY,Read2,ReadPos 36 1% Quantile QV,12
POSITIONAL QUALITY,Read2,ReadPos 36 2% Quantile QV,12
POSITIONAL QUALITY,Read2,ReadPos 36 5% Quantile QV,24
POSITIONAL QUALITY,Read2,ReadPos 36 10% Quantile QV,40
POSITIONAL QUALITY,Read2,ReadPos 36 25% Quantile QV,40
POSITIONAL QUALITY,Read2,ReadPos 36 50% Quantile QV,40
POSITIONAL QUALITY,Read2,ReadPos 36 75% Quantile QV,40
POSITIONAL QUALITY,Read2,ReadPos 36 90% Quantile QV,40
POSITIONAL QUALITY,Read2,ReadPos 36 95% Quantile QV,40
POSITIONAL QUALITY,Read2,ReadPos 36 98% Quantile QV,40
POSITIONAL QUALITY,Read2,ReadPos 36 99% Quantile QV,40
POSITIONAL QUALITY,Read2,ReadPos 37 1% Quantile QV,12
POSITIONAL QUALITY,Read2,ReadPos 37 2% Quantile QV,12
POSITIONAL QUALITY,Read2,ReadPos 37 5% Quantile QV,24
POSITIONAL QUALITY,Read2,ReadPos 37 10% Quantile QV,40
POSITIONAL QUALITY,Read2,ReadPos 37 25% Quantile QV,40
POSITIONAL QUALITY,Read2,ReadPos 37 50% Quantile QV,40
POSITIONAL QUALITY,Read2,ReadPos 37 75% Quantile QV,40
POSITIONAL QUALITY,Read2,ReadPos 37 90% Quantile QV,40
POSITIONAL QUALITY,Read2,ReadPos 37 95% Quantile QV,40
POSITIONAL QUALITY,Read2,ReadPos 37 98% Quantile QV,40
POSITIONAL QUALITY,Read2,ReadPos 37 99% Quantile QV,40
POSITIONAL QUALITY,Read2,ReadPos 38 1% Quantile QV,12
POSITIONAL QUALITY,Read2,ReadPos 38 2% Quantile QV,12
POSITIONAL QUALITY,Read2,ReadPos 38 5% Quantile QV,24
POSITIONAL QUALITY,Read2,ReadPos 38 10% Quantile QV,40
POSITIONAL QUALITY,Read2,ReadPos 38 25% Quantile QV,40
POSITIONAL QUALITY,Read2,ReadPos 38 50% Quantile QV,40
POSITIONAL QUALITY,Read2,ReadPos 38 75% Quantile QV,40
POSITIONAL QUALITY,Read2,ReadPos 38 90% Quantile QV,40
POSITIONAL QUALITY,Read2,ReadPos 38 95% Quantile QV,40
POSITIONAL QUALITY,Read2,ReadPos 38 98% Quantile QV,40
POSITIONAL QUALITY,Read2,ReadPos 38 99% Quantile QV,40
POSITIONAL QUALITY,Read2,ReadPos 39 1% Quantile QV,12
POSITIONAL QUALITY,Read2,ReadPos 39 2% Quantile QV,12
POSITIONAL QUALITY,Read2,ReadPos 39 5% Quantile QV,24
POSITIONAL QUALITY,Read2,ReadPos 39 10% Quantile QV,40
POSITIONAL QUALITY,Read2,ReadPos 39 25% Quantile QV,40
POSITIONAL QUALITY,Read2,ReadPos 39 50% Quantile QV,40
POSITIONAL QUALITY,Read2,ReadPos 39 75% Quantile QV,40
POSITIONAL QUALITY,Read2,ReadPos 39 90% Quantile QV,40
POSITIONAL QUALITY,Read2,ReadPos 39 95% Quantile QV,40
POSITIONAL QUALITY,Read2,ReadPos 39 98% Quantile QV,40
POSITIONAL QUALITY,Read2,ReadPos 39 99% Quantile QV,40
POSITIONAL QUALITY,Read2,ReadPos 40 1% Quantile QV,12
POSITIONAL QUALITY,Read2,ReadPos 40 2% Quantile QV,12
POSITIONAL QUALITY,Read2,ReadPos 40 5% Quantile QV,24
POSITIONAL QUALITY,Read2,ReadPos 40 10% Quantile QV,40
POSITIONAL QUALITY,Read2,ReadPos 40 25% Quantile QV,40
POSITIONAL QUALITY,Read2,ReadPos 40 50% Quantile QV,40
POSITIONAL QUALITY,Read2,ReadPos 40 75% Quantile QV,40
POSITIONAL QUALITY,Read2,ReadPos 40 90% Quantile QV,40
POSITIONAL QUALITY,Read2,ReadPos 40 95% Quantile QV,40
POSITIONAL QUALITY,Read2,ReadPos 40 98% Quantile QV,40
POSITIONAL QUALITY,Read2,ReadPos 40 99% Quantile QV,40
POSITIONAL QUALITY,Read2,ReadPos 41 1% Quantile QV,12
POSITIONAL QUALITY,Read2,ReadPos 41 2% Quantile QV,12
POSITIONAL QUALITY,Read2,ReadPos 41 5% Quantile QV,24
POSITIONAL QUALITY,Read2,ReadPos 41 10% Quantile QV,40
POSITIONAL QUALITY,Read2,ReadPos 41 25% Quantile QV,40
POSITIONAL QUALITY,Read2,ReadPos 41 50% Quantile QV,40
POSITIONAL QUALITY,Read2,ReadPos 41 75% Quantile QV,40
POSITIONAL QUALITY,Read2,ReadPos 41 90% Quantile QV,40
POSITIONAL QUALITY,Read2,ReadPos 41 95% Quantile QV,40
POSITIONAL QUALITY,Read2,ReadPos 41 98% Quantile QV,40
POSITIONAL QUALITY,Read2,ReadPos 41 99% Quantile QV,40
POSITIONAL QUALITY,Read2,ReadPos 42 1% Quantile QV,12
POSITIONAL QUALITY,Read2,ReadPos 42 2% Quantile QV,12
POSITIONAL QUALITY,Read2,ReadPos 42 5% Quantile QV,24
POSITIONAL QUALITY,Read2,ReadPos 42 10% Quantile QV,40
POSITIONAL QUALITY,Read2,ReadPos 42 25% Quantile QV,40
POSITIONAL QUALITY,Read2,ReadPos 42 50% Quantile QV,40
POSITIONAL QUALITY,Read2,ReadPos 42 75% Quantile QV,40
POSITIONAL QUALITY,Read2,ReadPos 42 90% Quantile QV,40
POSITIONAL QUALITY,Read2,ReadPos 42 95% Quantile QV,40
POSITIONAL QUALITY,Read2,ReadPos 42 98% Quantile QV,40
POSITIONAL QUALITY,Read2,ReadPos 42 99% Quantile QV,40
POSITIONAL QUALITY,Read2,ReadPos 43 1% Quantile QV,12
POSITIONAL QUALITY,Read2,ReadPos 43 2% Quantile QV,12
POSITIONAL QUALITY,Read2,ReadPos 43 5% Quantile QV,24
POSITIONAL QUALITY,Read2,ReadPos 43 10% Quantile QV,40
POSITIONAL QUALITY,Read2,ReadPos 43 25% Quantile QV,40
POSITIONAL QUALITY,Read2,ReadPos 43 50% Quantile QV,40
POSITIONAL QUALITY,Read2,ReadPos 43 75% Quantile QV,40
POSITIONAL QUALITY,Read2,ReadPos 43 90% Quantile QV,40
POSITIONAL QUALITY,Read2,ReadPos 43 95% Quantile QV,40
POSITIONAL QUALITY,Read2,ReadPos 43 98% Quantile QV,40
POSITIONAL QUALITY,Read2,ReadPos 43 99% Quantile QV,40
POSITIONAL QUALITY,Read2,ReadPos 44 1% Quantile QV,12
POSITIONAL QUALITY,Read2,ReadPos 44 2% Quantile QV,12
POSITIONAL QUALITY,Read2,ReadPos 44 5% Quantile QV,24
POSITIONAL QUALITY,Read2,ReadPos 44 10% Quantile QV,40
POSITIONAL QUALITY,Read2,ReadPos 44 25% Quantile QV,40
POSITIONAL QUALITY,Read2,ReadPos 44 50% Quantile QV,40
POSITIONAL QUALITY,Read2,ReadPos 44 75% Quantile QV,40
POSITIONAL QUALITY,Read2,ReadPos 44 90% Quantile QV,40
POSITIONAL QUALITY,Read2,ReadPos 44 95% Quantile QV,40
POSITIONAL QUALITY,Read2,ReadPos 44 98% Quantile QV,40
POSITIONAL QUALITY,Read2,ReadPos 44 99% Quantile QV,40
POSITIONAL QUALITY,Read2,ReadPos 45 1% Quantile QV,12
POSITIONAL QUALITY,Read2,ReadPos 45 2% Quantile QV,12
POSITIONAL QUALITY,Read2,ReadPos 45 5% Quantile QV,24
POSITIONAL QUALITY,Read2,ReadPos 45 10% Quantile QV,40
POSITIONAL QUALITY,Read2,ReadPos 45 25% Quantile QV,40
POSITIONAL QUALITY,Read2,ReadPos 45 50% Quantile QV,40
POSITIONAL QUALITY,Read2,ReadPos 45 75% Quantile QV,40
POSITIONAL QUALITY,Read2,ReadPos 45 90% Quantile QV,40
POSITIONAL QUALITY,Read2,ReadPos 45 95% Quantile QV,40
POSITIONAL QUALITY,Read2,ReadPos 45 98% Quantile QV,40
POSITIONAL QUALITY,Read2,ReadPos 45 99% Quantile QV,40
POSITIONAL QUALITY,Read2,ReadPos 46 1% Quantile QV,12
POSITIONAL QUALITY,Read2,ReadPos 46 2% Quantile QV,12
POSITIONAL QUALITY,Read2,ReadPos 46 5% Quantile QV,24
POSITIONAL QUALITY,Read2,ReadPos 46 10% Quantile QV,40
POSITIONAL QUALITY,Read2,ReadPos 46 25% Quantile QV,40
POSITIONAL QUALITY,Read2,ReadPos 46 50% Quantile QV,40
POSITIONAL QUALITY,Read2,ReadPos 46 75% Quantile QV,40
POSITIONAL QUALITY,Read2,ReadPos 46 90% Quantile QV,40
POSITIONAL QUALITY,Read2,ReadPos 46 95% Quantile QV,40
POSITIONAL QUALITY,Read2,ReadPos 46 98% Quantile QV,40
POSITIONAL QUALITY,Read2,ReadPos 46 99% Quantile QV,40
POSITIONAL QUALITY,Read2,ReadPos 47 1% Quantile QV,12
POSITIONAL QUALITY,Read2,ReadPos 47 2% Quantile QV,12
POSITIONAL QUALITY,Read2,ReadPos 47 5% Quantile QV,24
POSITIONAL QUALITY,Read2,ReadPos 47 10% Quantile QV,40
POSITIONAL QUALITY,Read2,ReadPos 47 25% Quantile QV,40
POSITIONAL QUALITY,Read2,ReadPos 47 50% Quantile QV,40
POSITIONAL QUALITY,Read2,ReadPos 47 75% Quantile QV,40
POSITIONAL QUALITY,Read2,ReadPos 47 90% Quantile QV,40
POSITIONAL QUALITY,Read2,ReadPos 47 95% Quantile QV,40
POSITIONAL QUALITY,Read2,ReadPos 47 98% Quantile QV,40
POSITIONAL QUALITY,Read2,ReadPos 47 99% Quantile QV,40
POSITIONAL QUALITY,Read2,ReadPos 48 1% Quantile QV,12
POSITIONAL QUALITY,Read2,ReadPos 48 2% Quantile QV,12
POSITIONAL QUALITY,Read2,ReadPos 48 5% Quantile QV,24
POSITIONAL QUALITY,Read2,ReadPos 48 10% Quantile QV,40
POSITIONAL QUALITY,Read2,ReadPos 48 25% Quantile QV,40
POSITIONAL QUALITY,Read2,ReadPos 48 50% Quantile QV,40
POSITIONAL QUALITY,Read2,ReadPos 48 75% Quantile QV,40
POSITIONAL QUALITY,Read2,ReadPos 48 90% Quantile QV,40
POSITIONAL QUALITY,Read2,ReadPos 48 95% Quantile QV,40
POSITIONAL QUALITY,Read2,ReadPos 48 98% Quantile QV,40
POSITIONAL QUALITY,Read2,ReadPos 48 99% Quantile QV,40
POSITIONAL QUALITY,Read2,ReadPos 49 1% Quantile QV,12
POSITIONAL QUALITY,Read2,ReadPos 49 2% Quantile QV,12
POSITIONAL QUALITY,Read2,ReadPos 49 5% Quantile QV,24
POSITIONAL QUALITY,Read2,ReadPos 49 10% Quantile QV,40
POSITIONAL QUALITY,Read2,ReadPos 49 25% Quantile QV,40
POSITIONAL QUALITY,Read2,ReadPos 49 50% Quantile QV,40
POSITIONAL QUALITY,Read2,ReadPos 49 75% Quantile QV,40
POSITIONAL QUALITY,Read2,ReadPos 49 90% Quantile QV,40
POSITIONAL QUALITY,Read2,ReadPos 49 95% Quantile QV,40
POSITIONAL QUALITY,Read2,ReadPos 49 98% Quantile QV,40
POSITIONAL QUALITY,Read2,ReadPos 49 99% Quantile QV,40
POSITIONAL QUALITY,Read2,ReadPos 50 1% Quantile QV,12
POSITIONAL QUALITY,Read2,ReadPos 50 2% Quantile QV,12
POSITIONAL QUALITY,Read2,ReadPos 50 5% Quantile QV,24
POSITIONAL QUALITY,Read2,ReadPos 50 10% Quantile QV,40
POSITIONAL QUALITY,Read2,ReadPos 50 25% Quantile QV,40
POSITIONAL QUALITY,Read2,ReadPos 50 50% Quantile QV,40
POSITIONAL QUALITY,Read2,ReadPos 50 75% Quantile QV,40
POSITIONAL QUALITY,Read2,ReadPos 50 90% Quantile QV,40
POSITIONAL QUALITY,Read2,ReadPos 50 95% Quantile QV,40
POSITIONAL QUALITY,Read2,ReadPos 50 98% Quantile QV,40
POSITIONAL QUALITY,Read2,ReadPos 50 99% Quantile QV,40
POSITIONAL QUALITY,Read2,ReadPos 51 1% Quantile QV,12
POSITIONAL QUALITY,Read2,ReadPos 51 2% Quantile QV,12
POSITIONAL QUALITY,Read2,ReadPos 51 5% Quantile QV,24
POSITIONAL QUALITY,Read2,ReadPos 51 10% Quantile QV,40
POSITIONAL QUALITY,Read2,ReadPos 51 25% Quantile QV,40
POSITIONAL QUALITY,Read2,ReadPos 51 50% Quantile QV,40
POSITIONAL QUALITY,Read2,ReadPos 51 75% Quantile QV,40
POSITIONAL QUALITY,Read2,ReadPos 51 90% Quantile QV,40
POSITIONAL QUALITY,Read2,ReadPos 51 95% Quantile QV,40
POSITIONAL QUALITY,Read2,ReadPos 51 98% Quantile QV,40
POSITIONAL QUALITY,Read2,ReadPos 51 99% Quantile QV,40
POSITIONAL QUALITY,Read2,ReadPos 52 1% Quantile QV,12
POSITIONAL QUALITY,Read2,ReadPos 52 2% Quantile QV,12
POSITIONAL QUALITY,Read2,ReadPos 52 5% Quantile QV,24
POSITIONAL QUALITY,Read2,ReadPos 52 10% Quantile QV,40
POSITIONAL QUALITY,Read2,ReadPos 52 25% Quantile QV,40
POSITIONAL QUALITY,Read2,ReadPos 52 50% Quantile QV,40
POSITIONAL QUALITY,Read2,ReadPos 52 75% Quantile QV,40
POSITIONAL QUALITY,Read2,ReadPos 52 90% Quantile QV,40
POSITIONAL QUALITY,Read2,ReadPos 52 95% Quantile QV,40
POSITIONAL QUALITY,Read2,ReadPos 52 98% Quantile QV,40
POSITIONAL QUALITY,Read2,ReadPos 52 99% Quantile QV,40
POSITIONAL QUALITY,Read2,ReadPos 53 1% Quantile QV,12
POSITIONAL QUALITY,Read2,ReadPos 53 2% Quantile QV,12
POSITIONAL QUALITY,Read2,ReadPos 53 5% Quantile QV,24
POSITIONAL QUALITY,Read2,ReadPos 53 10% Quantile QV,40
POSITIONAL QUALITY,Read2,ReadPos 53 25% Quantile QV,40
POSITIONAL QUALITY,Read2,ReadPos 53 50% Quantile QV,40
POSITIONAL QUALITY,Read2,ReadPos 53 75% Quantile QV,40
POSITIONAL QUALITY,Read2,ReadPos 53 90% Quantile QV,40
POSITIONAL QUALITY,Read2,ReadPos 53 95% Quantile QV,40
POSITIONAL QUALITY,Read2,ReadPos 53 98% Quantile QV,40
POSITIONAL QUALITY,Read2,ReadPos 53 99% Quantile QV,40
POSITIONAL QUALITY,Read2,ReadPos 54 1% Quantile QV,12
POSITIONAL QUALITY,Read2,ReadPos 54 2% Quantile QV,12
POSITIONAL QUALITY,Read2,ReadPos 54 5% Quantile QV,24
POSITIONAL QUALITY,Read2,ReadPos 54 10% Quantile QV,40
POSITIONAL QUALITY,Read2,ReadPos 54 25% Quantile QV,40
POSITIONAL QUALITY,Read2,ReadPos 54 50% Quantile QV,40
POSITIONAL QUALITY,Read2,ReadPos 54 75% Quantile QV,40
POSITIONAL QUALITY,Read2,ReadPos 54 90% Quantile QV,40
POSITIONAL QUALITY,Read2,ReadPos 54 95% Quantile QV,40
POSITIONAL QUALITY,Read2,ReadPos 54 98% Quantile QV,40
POSITIONAL QUALITY,Read2,ReadPos 54 99% Quantile QV,40
POSITIONAL QUALITY,Read2,ReadPos 55 1% Quantile QV,12
POSITIONAL QUALITY,Read2,ReadPos 55 2% Quantile QV,12
POSITIONAL QUALITY,Read2,ReadPos 55 5% Quantile QV,24
POSITIONAL QUALITY,Read2,ReadPos 55 10% Quantile QV,40
POSITIONAL QUALITY,Read2,ReadPos 55 25% Quantile QV,40
POSITIONAL QUALITY,Read2,ReadPos 55 50% Quantile QV,40
POSITIONAL QUALITY,Read2,ReadPos 55 75% Quantile QV,40
POSITIONAL QUALITY,Read2,ReadPos 55 90% Quantile QV,40
POSITIONAL QUALITY,Read2,ReadPos 55 95% Quantile QV,40
POSITIONAL QUALITY,Read2,ReadPos 55 98% Quantile QV,40
POSITIONAL QUALITY,Read2,ReadPos 55 99% Quantile QV,40
POSITIONAL QUALITY,Read2,ReadPos 56 1% Quantile QV,12
POSITIONAL QUALITY,Read2,ReadPos 56 2% Quantile QV,12
POSITIONAL QUALITY,Read2,ReadPos 56 5% Quantile QV,24
POSITIONAL QUALITY,Read2,ReadPos 56 10% Quantile QV,40
POSITIONAL QUALITY,Read2,ReadPos 56 25% Quantile QV,40
POSITIONAL QUALITY,Read2,ReadPos 56 50% Quantile QV,40
POSITIONAL QUALITY,Read2,ReadPos 56 75% Quantile QV,40
POSITIONAL QUALITY,Read2,ReadPos 56 90% Quantile QV,40
POSITIONAL QUALITY,Read2,ReadPos 56 95% Quantile QV,40
POSITIONAL QUALITY,Read2,ReadPos 56 98% Quantile QV,40
POSITIONAL QUALITY,Read2,ReadPos 56 99% Quantile QV,40
POSITIONAL QUALITY,Read2,ReadPos 57 1% Quantile QV,12
POSITIONAL QUALITY,Read2,ReadPos 57 2% Quantile QV,12
POSITIONAL QUALITY,Read2,ReadPos 57 5% Quantile QV,24
POSITIONAL QUALITY,Read2,ReadPos 57 10% Quantile QV,40
POSITIONAL QUALITY,Read2,ReadPos 57 25% Quantile QV,40
POSITIONAL QUALITY,Read2,ReadPos 57 50% Quantile QV,40
POSITIONAL QUALITY,Read2,ReadPos 57 75% Quantile QV,40
POSITIONAL QUALITY,Read2,ReadPos 57 90% Quantile QV,40
POSITIONAL QUALITY,Read2,ReadPos 57 95% Quantile QV,40
POSITIONAL QUALITY,Read2,ReadPos 57 98% Quantile QV,40
POSITIONAL QUALITY,Read2,ReadPos 57 99% Quantile QV,40
POSITIONAL QUALITY,Read2,ReadPos 58 1% Quantile QV,12
POSITIONAL QUALITY,Read2,ReadPos 58 2% Quantile QV,12
POSITIONAL QUALITY,Read2,ReadPos 58 5% Quantile QV,24
POSITIONAL QUALITY,Read2,ReadPos 58 10% Quantile QV,40
POSITIONAL QUALITY,Read2,ReadPos 58 25% Quantile QV,40
POSITIONAL QUALITY,Read2,ReadPos 58 50% Quantile QV,40
POSITIONAL QUALITY,Read2,ReadPos 58 75% Quantile QV,40
POSITIONAL QUALITY,Read2,ReadPos 58 90% Quantile QV,40
POSITIONAL QUALITY,Read2,ReadPos 58 95% Quantile QV,40
POSITIONAL QUALITY,Read2,ReadPos 58 98% Quantile QV,40
POSITIONAL QUALITY,Read2,ReadPos 58 99% Quantile QV,40
POSITIONAL QUALITY,Read2,ReadPos 59 1% Quantile QV,12
POSITIONAL QUALITY,Read2,ReadPos 59 2% Quantile QV,12
POSITIONAL QUALITY,Read2,ReadPos 59 5% Quantile QV,24
POSITIONAL QUALITY,Read2,ReadPos 59 10% Quantile QV,40
POSITIONAL QUALITY,Read2,ReadPos 59 25% Quantile QV,40
POSITIONAL QUALITY,Read2,ReadPos 59 50% Quantile QV,40
POSITIONAL QUALITY,Read2,ReadPos 59 75% Quantile QV,40
POSITIONAL QUALITY,Read2,ReadPos 59 90% Quantile QV,40
POSITIONAL QUALITY,Read2,ReadPos 59 95% Quantile QV,40
POSITIONAL QUALITY,Read2,ReadPos 59 98% Quantile QV,40
POSITIONAL QUALITY,Read2,ReadPos 59 99% Quantile QV,40
POSITIONAL QUALITY,Read2,ReadPos 60 1% Quantile QV,12
POSITIONAL QUALITY,Read2,ReadPos 60 2% Quantile QV,12
POSITIONAL QUALITY,Read2,ReadPos 60 5% Quantile QV,24
POSITIONAL QUALITY,Read2,ReadPos 60 10% Quantile QV,40
POSITIONAL QUALITY,Read2,ReadPos 60 25% Quantile QV,40
POSITIONAL QUALITY,Read2,ReadPos 60 50% Quantile QV,40
POSITIONAL QUALITY,Read2,ReadPos 60 75% Quantile QV,40
POSITIONAL QUALITY,Read2,ReadPos 60 90% Quantile QV,40
POSITIONAL QUALITY,Read2,ReadPos 60 95% Quantile QV,40
POSITIONAL QUALITY,Read2,ReadPos 60 98% Quantile QV,40
POSITIONAL QUALITY,Read2,ReadPos 60 99% Quantile QV,40
POSITIONAL QUALITY,Read2,ReadPos 61 1% Quantile QV,12
POSITIONAL QUALITY,Read2,ReadPos 61 2% Quantile QV,12
POSITIONAL QUALITY,Read2,ReadPos 61 5% Quantile QV,24
POSITIONAL QUALITY,Read2,ReadPos 61 10% Quantile QV,40
POSITIONAL QUALITY,Read2,ReadPos 61 25% Quantile QV,40
POSITIONAL QUALITY,Read2,ReadPos 61 50% Quantile QV,40
POSITIONAL QUALITY,Read2,ReadPos 61 75% Quantile QV,40
POSITIONAL QUALITY,Read2,ReadPos 61 90% Quantile QV,40
POSITIONAL QUALITY,Read2,ReadPos 61 95% Quantile QV,40
POSITIONAL QUALITY,Read2,ReadPos 61 98% Quantile QV,40
POSITIONAL QUALITY,Read2,ReadPos 61 99% Quantile QV,40
POSITIONAL QUALITY,Read2,ReadPos 62 1% Quantile QV,12
POSITIONAL QUALITY,Read2,ReadPos 62 2% Quantile QV,12
POSITIONAL QUALITY,Read2,ReadPos 62 5% Quantile QV,24
POSITIONAL QUALITY,Read2,ReadPos 62 10% Quantile QV,40
POSITIONAL QUALITY,Read2,ReadPos 62 25% Quantile QV,40
POSITIONAL QUALITY,Read2,ReadPos 62 50% Quantile QV,40
POSITIONAL QUALITY,Read2,ReadPos 62 75% Quantile QV,40
POSITIONAL QUALITY,Read2,ReadPos 62 90% Quantile QV,40
POSITIONAL QUALITY,Read2,ReadPos 62 95% Quantile QV,40
POSITIONAL QUALITY,Read2,ReadPos 62 98% Quantile QV,40
POSITIONAL QUALITY,Read2,ReadPos 62 99% Quantile QV,40
POSITIONAL QUALITY,Read2,ReadPos 63 1% Quantile QV,12
POSITIONAL QUALITY,Read2,ReadPos 63 2% Quantile QV,12
POSITIONAL QUALITY,Read2,ReadPos 63 5% Quantile QV,24
POSITIONAL QUALITY,Read2,ReadPos 63 10% Quantile QV,40
POSITIONAL QUALITY,Read2,ReadPos 63 25% Quantile QV,40
POSITIONAL QUALITY,Read2,ReadPos 63 50% Quantile QV,40
POSITIONAL QUALITY,Read2,ReadPos 63 75% Quantile QV,40
POSITIONAL QUALITY,Read2,ReadPos 63 90% Quantile QV,40
POSITIONAL QUALITY,Read2,ReadPos 63 95% Quantile QV,40
POSITIONAL QUALITY,Read2,ReadPos 63 98% Quantile QV,40
POSITIONAL QUALITY,Read2,ReadPos 63 99% Quantile QV,40
POSITIONAL QUALITY,Read2,ReadPos 64 1% Quantile QV,12
POSITIONAL QUALITY,Read2,ReadPos 64 2% Quantile QV,12
POSITIONAL QUALITY,Read2,ReadPos 64 5% Quantile QV,24
POSITIONAL QUALITY,Read2,ReadPos 64 10% Quantile QV,40
POSITIONAL QUALITY,Read2,ReadPos 64 25% Quantile QV,40
POSITIONAL QUALITY,Read2,ReadPos 64 50% Quantile QV,40
POSITIONAL QUALITY,Read2,ReadPos 64 75% Quantile QV,40
POSITIONAL QUALITY,Read2,ReadPos 64 90% Quantile QV,40
POSITIONAL QUALITY,Read2,ReadPos 64 95% Quantile QV,40
POSITIONAL QUALITY,Read2,ReadPos 64 98% Quantile QV,40
POSITIONAL QUALITY,Read2,ReadPos 64 99% Quantile QV,40
POSITIONAL QUALITY,Read2,ReadPos 65 1% Quantile QV,12
POSITIONAL QUALITY,Read2,ReadPos 65 2% Quantile QV,12
POSITIONAL QUALITY,Read2,ReadPos 65 5% Quantile QV,24
POSITIONAL QUALITY,Read2,ReadPos 65 10% Quantile QV,40
POSITIONAL QUALITY,Read2,ReadPos 65 25% Quantile QV,40
POSITIONAL QUALITY,Read2,ReadPos 65 50% Quantile QV,40
POSITIONAL QUALITY,Read2,ReadPos 65 75% Quantile QV,40
POSITIONAL QUALITY,Read2,ReadPos 65 90% Quantile QV,40
POSITIONAL QUALITY,Read2,ReadPos 65 95% Quantile QV,40
POSITIONAL QUALITY,Read2,ReadPos 65 98% Quantile QV,40
POSITIONAL QUALITY,Read2,ReadPos 65 99% Quantile QV,40
POSITIONAL QUALITY,Read2,ReadPos 66 1% Quantile QV,12
POSITIONAL QUALITY,Read2,ReadPos 66 2% Quantile QV,12
POSITIONAL QUALITY,Read2,ReadPos 66 5% Quantile QV,24
POSITIONAL QUALITY,Read2,ReadPos 66 10% Quantile QV,40
POSITIONAL QUALITY,Read2,ReadPos 66 25% Quantile QV,40
POSITIONAL QUALITY,Read2,ReadPos 66 50% Quantile QV,40
POSITIONAL QUALITY,Read2,ReadPos 66 75% Quantile QV,40
POSITIONAL QUALITY,Read2,ReadPos 66 90% Quantile QV,40
POSITIONAL QUALITY,Read2,ReadPos 66 95% Quantile QV,40
POSITIONAL QUALITY,Read2,ReadPos 66 98% Quantile QV,40
POSITIONAL QUALITY,Read2,ReadPos 66 99% Quantile QV,40
POSITIONAL QUALITY,Read2,ReadPos 67 1% Quantile QV,12
POSITIONAL QUALITY,Read2,ReadPos 67 2% Quantile QV,12
POSITIONAL QUALITY,Read2,ReadPos 67 5% Quantile QV,24
POSITIONAL QUALITY,Read2,ReadPos 67 10% Quantile QV,40
POSITIONAL QUALITY,Read2,ReadPos 67 25% Quantile QV,40
POSITIONAL QUALITY,Read2,ReadPos 67 50% Quantile QV,40
POSITIONAL QUALITY,Read2,ReadPos 67 75% Quantile QV,40
POSITIONAL QUALITY,Read2,ReadPos 67 90% Quantile QV,40
POSITIONAL QUALITY,Read2,ReadPos 67 95% Quantile QV,40
POSITIONAL QUALITY,Read2,ReadPos 67 98% Quantile QV,40
POSITIONAL QUALITY,Read2,ReadPos 67 99% Quantile QV,40
POSITIONAL QUALITY,Read2,ReadPos 68 1% Quantile QV,12
POSITIONAL QUALITY,Read2,ReadPos 68 2% Quantile QV,12
POSITIONAL QUALITY,Read2,ReadPos 68 5% Quantile QV,24
POSITIONAL QUALITY,Read2,ReadPos 68 10% Quantile QV,40
POSITIONAL QUALITY,Read2,ReadPos 68 25% Quantile QV,40
POSITIONAL QUALITY,Read2,ReadPos 68 50% Quantile QV,40
POSITIONAL QUALITY,Read2,ReadPos 68 75% Quantile QV,40
POSITIONAL QUALITY,Read2,ReadPos 68 90% Quantile QV,40
POSITIONAL QUALITY,Read2,ReadPos 68 95% Quantile QV,40
POSITIONAL QUALITY,Read2,ReadPos 68 98% Quantile QV,40
POSITIONAL QUALITY,Read2,ReadPos 68 99% Quantile QV,40
POSITIONAL QUALITY,Read2,ReadPos 69 1% Quantile QV,12
POSITIONAL QUALITY,Read2,ReadPos 69 2% Quantile QV,12
POSITIONAL QUALITY,Read2,ReadPos 69 5% Quantile QV,24
POSITIONAL QUALITY,Read2,ReadPos 69 10% Quantile QV,40
POSITIONAL QUALITY,Read2,ReadPos 69 25% Quantile QV,40
POSITIONAL QUALITY,Read2,ReadPos 69 50% Quantile QV,40
POSITIONAL QUALITY,Read2,ReadPos 69 75% Quantile QV,40
POSITIONAL QUALITY,Read2,ReadPos 69 90% Quantile QV,40
POSITIONAL QUALITY,Read2,ReadPos 69 95% Quantile QV,40
POSITIONAL QUALITY,Read2,ReadPos 69 98% Quantile QV,40
POSITIONAL QUALITY,Read2,ReadPos 69 99% Quantile QV,40
POSITIONAL QUALITY,Read2,ReadPos 70 1% Quantile QV,12
POSITIONAL QUALITY,Read2,ReadPos 70 2% Quantile QV,12
POSITIONAL QUALITY,Read2,ReadPos 70 5% Quantile QV,24
POSITIONAL QUALITY,Read2,ReadPos 70 10% Quantile QV,40
POSITIONAL QUALITY,Read2,ReadPos 70 25% Quantile QV,40
POSITIONAL QUALITY,Read2,ReadPos 70 50% Quantile QV,40
POSITIONAL QUALITY,Read2,ReadPos 70 75% Quantile QV,40
POSITIONAL QUALITY,Read2,ReadPos 70 90% Quantile QV,40
POSITIONAL QUALITY,Read2,ReadPos 70 95% Quantile QV,40
POSITIONAL QUALITY,Read2,ReadPos 70 98% Quantile QV,40
POSITIONAL QUALITY,Read2,ReadPos 70 99% Quantile QV,40
POSITIONAL QUALITY,Read2,ReadPos 71 1% Quantile QV,12
POSITIONAL QUALITY,Read2,ReadPos 71 2% Quantile QV,12
POSITIONAL QUALITY,Read2,ReadPos 71 5% Quantile QV,24
POSITIONAL QUALITY,Read2,ReadPos 71 10% Quantile QV,40
POSITIONAL QUALITY,Read2,ReadPos 71 25% Quantile QV,40
POSITIONAL QUALITY,Read2,ReadPos 71 50% Quantile QV,40
POSITIONAL QUALITY,Read2,ReadPos 71 75% Quantile QV,40
POSITIONAL QUALITY,Read2,ReadPos 71 90% Quantile QV,40
POSITIONAL QUALITY,Read2,ReadPos 71 95% Quantile QV,40
POSITIONAL QUALITY,Read2,ReadPos 71 98% Quantile QV,40
POSITIONAL QUALITY,Read2,ReadPos 71 99% Quantile QV,40
POSITIONAL QUALITY,Read2,ReadPos 72 1% Quantile QV,12
POSITIONAL QUALITY,Read2,ReadPos 72 2% Quantile QV,12
POSITIONAL QUALITY,Read2,ReadPos 72 5% Quantile QV,24
POSITIONAL QUALITY,Read2,ReadPos 72 10% Quantile QV,40
POSITIONAL QUALITY,Read2,ReadPos 72 25% Quantile QV,40
POSITIONAL QUALITY,Read2,ReadPos 72 50% Quantile QV,40
POSITIONAL QUALITY,Read2,ReadPos 72 75% Quantile QV,40
POSITIONAL QUALITY,Read2,ReadPos 72 90% Quantile QV,40
POSITIONAL QUALITY,Read2,ReadPos 72 95% Quantile QV,40
POSITIONAL QUALITY,Read2,ReadPos 72 98% Quantile QV,40
POSITIONAL QUALITY,Read2,ReadPos 72 99% Quantile QV,40
POSITIONAL QUALITY,Read2,ReadPos 73 1% Quantile QV,12
POSITIONAL QUALITY,Read2,ReadPos 73 2% Quantile QV,12
POSITIONAL QUALITY,Read2,ReadPos 73 5% Quantile QV,24
POSITIONAL QUALITY,Read2,ReadPos 73 10% Quantile QV,40
POSITIONAL QUALITY,Read2,ReadPos 73 25% Quantile QV,40
POSITIONAL QUALITY,Read2,ReadPos 73 50% Quantile QV,40
POSITIONAL QUALITY,Read2,ReadPos 73 75% Quantile QV,40
POSITIONAL QUALITY,Read2,ReadPos 73 90% Quantile QV,40
POSITIONAL QUALITY,Read2,ReadPos 73 95% Quantile QV,40
POSITIONAL QUALITY,Read2,ReadPos 73 98% Quantile QV,40
POSITIONAL QUALITY,Read2,ReadPos 73 99% Quantile QV,40
POSITIONAL QUALITY,Read2,ReadPos 74 1% Quantile QV,12
POSITIONAL QUALITY,Read2,ReadPos 74 2% Quantile QV,12
POSITIONAL QUALITY,Read2,ReadPos 74 5% Quantile QV,24
POSITIONAL QUALITY,Read2,ReadPos 74 10% Quantile QV,40
POSITIONAL QUALITY,Read2,ReadPos 74 25% Quantile QV,40
POSITIONAL QUALITY,Read2,ReadPos 74 50% Quantile QV,40
POSITIONAL QUALITY,Read2,ReadPos 74 75% Quantile QV,40
POSITIONAL QUALITY,Read2,ReadPos 74 90% Quantile QV,40
POSITIONAL QUALITY,Read2,ReadPos 74 95% Quantile QV,40
POSITIONAL QUALITY,Read2,ReadPos 74 98% Quantile QV,40
POSITIONAL QUALITY,Read2,ReadPos 74 99% Quantile QV,40
POSITIONAL QUALITY,Read2,ReadPos 75 1% Quantile QV,12
POSITIONAL QUALITY,Read2,ReadPos 75 2% Quantile QV,12
POSITIONAL QUALITY,Read2,ReadPos 75 5% Quantile QV,24
POSITIONAL QUALITY,Read2,ReadPos 75 10% Quantile QV,40
POSITIONAL QUALITY,Read2,ReadPos 75 25% Quantile QV,40
POSITIONAL QUALITY,Read2,ReadPos 75 50% Quantile QV,40
POSITIONAL QUALITY,Read2,ReadPos 75 75% Quantile QV,40
POSITIONAL QUALITY,Read2,ReadPos 75 90% Quantile QV,40
POSITIONAL QUALITY,Read2,ReadPos 75 95% Quantile QV,40
POSITIONAL QUALITY,Read2,ReadPos 75 98% Quantile QV,40
POSITIONAL QUALITY,Read2,ReadPos 75 99% Quantile QV,40
POSITIONAL QUALITY,Read2,ReadPos 76 1% Quantile QV,12
POSITIONAL QUALITY,Read2,ReadPos 76 2% Quantile QV,12
POSITIONAL QUALITY,Read2,ReadPos 76 5% Quantile QV,24
POSITIONAL QUALITY,Read2,ReadPos 76 10% Quantile QV,40
POSITIONAL QUALITY,Read2,ReadPos 76 25% Quantile QV,40
POSITIONAL QUALITY,Read2,ReadPos 76 50% Quantile QV,40
POSITIONAL QUALITY,Read2,ReadPos 76 75% Quantile QV,40
POSITIONAL QUALITY,Read2,ReadPos 76 90% Quantile QV,40
POSITIONAL QUALITY,Read2,ReadPos 76 95% Quantile QV,40
POSITIONAL QUALITY,Read2,ReadPos 76 98% Quantile QV,40
POSITIONAL QUALITY,Read2,ReadPos 76 99% Quantile QV,40
POSITIONAL QUALITY,Read2,ReadPos 77 1% Quantile QV,12
POSITIONAL QUALITY,Read2,ReadPos 77 2% Quantile QV,12
POSITIONAL QUALITY,Read2,ReadPos 77 5% Quantile QV,24
POSITIONAL QUALITY,Read2,ReadPos 77 10% Quantile QV,40
POSITIONAL QUALITY,Read2,ReadPos 77 25% Quantile QV,40
POSITIONAL QUALITY,Read2,ReadPos 77 50% Quantile QV,40
POSITIONAL QUALITY,Read2,ReadPos 77 75% Quantile QV,40
POSITIONAL QUALITY,Read2,ReadPos 77 90% Quantile QV,40
POSITIONAL QUALITY,Read2,ReadPos 77 95% Quantile QV,40
POSITIONAL QUALITY,Read2,ReadPos 77 98% Quantile QV,40
POSITIONAL QUALITY,Read2,ReadPos 77 99% Quantile QV,40
POSITIONAL QUALITY,Read2,ReadPos 78 1% Quantile QV,12
POSITIONAL QUALITY,Read2,ReadPos 78 2% Quantile QV,12
POSITIONAL QUALITY,Read2,ReadPos 78 5% Quantile QV,24
POSITIONAL QUALITY,Read2,ReadPos 78 10% Quantile QV,40
POSITIONAL QUALITY,Read2,ReadPos 78 25% Quantile QV,40
POSITIONAL QUALITY,Read2,ReadPos 78 50% Quantile QV,40
POSITIONAL QUALITY,Read2,ReadPos 78 75% Quantile QV,40
POSITIONAL QUALITY,Read2,ReadPos 78 90% Quantile QV,40
POSITIONAL QUALITY,Read2,ReadPos 78 95% Quantile QV,40
POSITIONAL QUALITY,Read2,ReadPos 78 98% Quantile QV,40
POSITIONAL QUALITY,Read2,ReadPos 78 99% Quantile QV,40
POSITIONAL QUALITY,Read2,ReadPos 79 1% Quantile QV,12
POSITIONAL QUALITY,Read2,ReadPos 79 2% Quantile QV,12
POSITIONAL QUALITY,Read2,ReadPos 79 5% Quantile QV,24
POSITIONAL QUALITY,Read2,ReadPos 79 10% Quantile QV,40
POSITIONAL QUALITY,Read2,ReadPos 79 25% Quantile QV,40
POSITIONAL QUALITY,Read2,ReadPos 79 50% Quantile QV,40
POSITIONAL QUALITY,Read2,ReadPos 79 75% Quantile QV,40
POSITIONAL QUALITY,Read2,ReadPos 79 90% Quantile QV,40
POSITIONAL QUALITY,Read2,ReadPos 79 95% Quantile QV,40
POSITIONAL QUALITY,Read2,ReadPos 79 98% Quantile QV,40
POSITIONAL QUALITY,Read2,ReadPos 79 99% Quantile QV,40
POSITIONAL QUALITY,Read2,ReadPos 80 1% Quantile QV,12
POSITIONAL QUALITY,Read2,ReadPos 80 2% Quantile QV,12
POSITIONAL QUALITY,Read2,ReadPos 80 5% Quantile QV,24
POSITIONAL QUALITY,Read2,ReadPos 80 10% Quantile QV,40
POSITIONAL QUALITY,Read2,ReadPos 80 25% Quantile QV,40
POSITIONAL QUALITY,Read2,ReadPos 80 50% Quantile QV,40
POSITIONAL QUALITY,Read2,ReadPos 80 75% Quantile QV,40
POSITIONAL QUALITY,Read2,ReadPos 80 90% Quantile QV,40
POSITIONAL QUALITY,Read2,ReadPos 80 95% Quantile QV,40
POSITIONAL QUALITY,Read2,ReadPos 80 98% Quantile QV,40
POSITIONAL QUALITY,Read2,ReadPos 80 99% Quantile QV,40
POSITIONAL QUALITY,Read2,ReadPos 81 1% Quantile QV,12
POSITIONAL QUALITY,Read2,ReadPos 81 2% Quantile QV,12
POSITIONAL QUALITY,Read2,ReadPos 81 5% Quantile QV,24
POSITIONAL QUALITY,Read2,ReadPos 81 10% Quantile QV,40
POSITIONAL QUALITY,Read2,ReadPos 81 25% Quantile QV,40
POSITIONAL QUALITY,Read2,ReadPos 81 50% Quantile QV,40
POSITIONAL QUALITY,Read2,ReadPos 81 75% Quantile QV,40
POSITIONAL QUALITY,Read2,ReadPos 81 90% Quantile QV,40
POSITIONAL QUALITY,Read2,ReadPos 81 95% Quantile QV,40
POSITIONAL QUALITY,Read2,ReadPos 81 98% Quantile QV,40
POSITIONAL QUALITY,Read2,ReadPos 81 99% Quantile QV,40
POSITIONAL QUALITY,Read2,ReadPos 82 1% Quantile QV,12
POSITIONAL QUALITY,Read2,ReadPos 82 2% Quantile QV,12
POSITIONAL QUALITY,Read2,ReadPos 82 5% Quantile QV,24
POSITIONAL QUALITY,Read2,ReadPos 82 10% Quantile QV,40
POSITIONAL QUALITY,Read2,ReadPos 82 25% Quantile QV,40
POSITIONAL QUALITY,Read2,ReadPos 82 50% Quantile QV,40
POSITIONAL QUALITY,Read2,ReadPos 82 75% Quantile QV,40
POSITIONAL QUALITY,Read2,ReadPos 82 90% Quantile QV,40
POSITIONAL QUALITY,Read2,ReadPos 82 95% Quantile QV,40
POSITIONAL QUALITY,Read2,ReadPos 82 98% Quantile QV,40
POSITIONAL QUALITY,Read2,ReadPos 82 99% Quantile QV,40
POSITIONAL QUALITY,Read2,ReadPos 83 1% Quantile QV,12
POSITIONAL QUALITY,Read2,ReadPos 83 2% Quantile QV,12
POSITIONAL QUALITY,Read2,ReadPos 83 5% Quantile QV,24
POSITIONAL QUALITY,Read2,ReadPos 83 10% Quantile QV,40
POSITIONAL QUALITY,Read2,ReadPos 83 25% Quantile QV,40
POSITIONAL QUALITY,Read2,ReadPos 83 50% Quantile QV,40
POSITIONAL QUALITY,Read2,ReadPos 83 75% Quantile QV,40
POSITIONAL QUALITY,Read2,ReadPos 83 90% Quantile QV,40
POSITIONAL QUALITY,Read2,ReadPos 83 95% Quantile QV,40
POSITIONAL QUALITY,Read2,ReadPos 83 98% Quantile QV,40
POSITIONAL QUALITY,Read2,ReadPos 83 99% Quantile QV,40
POSITIONAL QUALITY,Read2,ReadPos 84 1% Quantile QV,12
POSITIONAL QUALITY,Read2,ReadPos 84 2% Quantile QV,12
POSITIONAL QUALITY,Read2,ReadPos 84 5% Quantile QV,24
POSITIONAL QUALITY,Read2,ReadPos 84 10% Quantile QV,40
POSITIONAL QUALITY,Read2,ReadPos 84 25% Quantile QV,40
POSITIONAL QUALITY,Read2,ReadPos 84 50% Quantile QV,40
POSITIONAL QUALITY,Read2,ReadPos 84 75% Quantile QV,40
POSITIONAL QUALITY,Read2,ReadPos 84 90% Quantile QV,40
POSITIONAL QUALITY,Read2,ReadPos 84 95% Quantile QV,40
POSITIONAL QUALITY,Read2,ReadPos 84 98% Quantile QV,40
POSITIONAL QUALITY,Read2,ReadPos 84 99% Quantile QV,40
POSITIONAL QUALITY,Read2,ReadPos 85 1% Quantile QV,12
POSITIONAL QUALITY,Read2,ReadPos 85 2% Quantile QV,12
POSITIONAL QUALITY,Read2,ReadPos 85 5% Quantile QV,24
POSITIONAL QUALITY,Read2,ReadPos 85 10% Quantile QV,40
POSITIONAL QUALITY,Read2,ReadPos 85 25% Quantile QV,40
POSITIONAL QUALITY,Read2,ReadPos 85 50% Quantile QV,40
POSITIONAL QUALITY,Read2,ReadPos 85 75% Quantile QV,40
POSITIONAL QUALITY,Read2,ReadPos 85 90% Quantile QV,40
POSITIONAL QUALITY,Read2,ReadPos 85 95% Quantile QV,40
POSITIONAL QUALITY,Read2,ReadPos 85 98% Quantile QV,40
POSITIONAL QUALITY,Read2,ReadPos 85 99% Quantile QV,40
POSITIONAL QUALITY,Read2,ReadPos 86 1% Quantile QV,12
POSITIONAL QUALITY,Read2,ReadPos 86 2% Quantile QV,12
POSITIONAL QUALITY,Read2,ReadPos 86 5% Quantile QV,24
POSITIONAL QUALITY,Read2,ReadPos 86 10% Quantile QV,40
POSITIONAL QUALITY,Read2,ReadPos 86 25% Quantile QV,40
POSITIONAL QUALITY,Read2,ReadPos 86 50% Quantile QV,40
POSITIONAL QUALITY,Read2,ReadPos 86 75% Quantile QV,40
POSITIONAL QUALITY,Read2,ReadPos 86 90% Quantile QV,40
POSITIONAL QUALITY,Read2,ReadPos 86 95% Quantile QV,40
POSITIONAL QUALITY,Read2,ReadPos 86 98% Quantile QV,40
POSITIONAL QUALITY,Read2,ReadPos 86 99% Quantile QV,40
POSITIONAL QUALITY,Read2,ReadPos 87 1% Quantile QV,12
POSITIONAL QUALITY,Read2,ReadPos 87 2% Quantile QV,12
POSITIONAL QUALITY,Read2,ReadPos 87 5% Quantile QV,24
POSITIONAL QUALITY,Read2,ReadPos 87 10% Quantile QV,40
POSITIONAL QUALITY,Read2,ReadPos 87 25% Quantile QV,40
POSITIONAL QUALITY,Read2,ReadPos 87 50% Quantile QV,40
POSITIONAL QUALITY,Read2,ReadPos 87 75% Quantile QV,40
POSITIONAL QUALITY,Read2,ReadPos 87 90% Quantile QV,40
POSITIONAL QUALITY,Read2,ReadPos 87 95% Quantile QV,40
POSITIONAL QUALITY,Read2,ReadPos 87 98% Quantile QV,40
POSITIONAL QUALITY,Read2,ReadPos 87 99% Quantile QV,40
POSITIONAL QUALITY,Read2,ReadPos 88 1% Quantile QV,12
POSITIONAL QUALITY,Read2,ReadPos 88 2% Quantile QV,12
POSITIONAL QUALITY,Read2,ReadPos 88 5% Quantile QV,24
POSITIONAL QUALITY,Read2,ReadPos 88 10% Quantile QV,40
POSITIONAL QUALITY,Read2,ReadPos 88 25% Quantile QV,40
POSITIONAL QUALITY,Read2,ReadPos 88 50% Quantile QV,40
POSITIONAL QUALITY,Read2,ReadPos 88 75% Quantile QV,40
POSITIONAL QUALITY,Read2,ReadPos 88 90% Quantile QV,40
POSITIONAL QUALITY,Read2,ReadPos 88 95% Quantile QV,40
POSITIONAL QUALITY,Read2,ReadPos 88 98% Quantile QV,40
POSITIONAL QUALITY,Read2,ReadPos 88 99% Quantile QV,40
POSITIONAL QUALITY,Read2,ReadPos 89 1% Quantile QV,12
POSITIONAL QUALITY,Read2,ReadPos 89 2% Quantile QV,12
POSITIONAL QUALITY,Read2,ReadPos 89 5% Quantile QV,24
POSITIONAL QUALITY,Read2,ReadPos 89 10% Quantile QV,40
POSITIONAL QUALITY,Read2,ReadPos 89 25% Quantile QV,40
POSITIONAL QUALITY,Read2,ReadPos 89 50% Quantile QV,40
POSITIONAL QUALITY,Read2,ReadPos 89 75% Quantile QV,40
POSITIONAL QUALITY,Read2,ReadPos 89 90% Quantile QV,40
POSITIONAL QUALITY,Read2,ReadPos 89 95% Quantile QV,40
POSITIONAL QUALITY,Read2,ReadPos 89 98% Quantile QV,40
POSITIONAL QUALITY,Read2,ReadPos 89 99% Quantile QV,40
POSITIONAL QUALITY,Read2,ReadPos 90 1% Quantile QV,12
POSITIONAL QUALITY,Read2,ReadPos 90 2% Quantile QV,12
POSITIONAL QUALITY,Read2,ReadPos 90 5% Quantile QV,24
POSITIONAL QUALITY,Read2,ReadPos 90 10% Quantile QV,40
POSITIONAL QUALITY,Read2,ReadPos 90 25% Quantile QV,40
POSITIONAL QUALITY,Read2,ReadPos 90 50% Quantile QV,40
POSITIONAL QUALITY,Read2,ReadPos 90 75% Quantile QV,40
POSITIONAL QUALITY,Read2,ReadPos 90 90% Quantile QV,40
POSITIONAL QUALITY,Read2,ReadPos 90 95% Quantile QV,40
POSITIONAL QUALITY,Read2,ReadPos 90 98% Quantile QV,40
POSITIONAL QUALITY,Read2,ReadPos 90 99% Quantile QV,40
POSITIONAL QUALITY,Read2,ReadPos 91 1% Quantile QV,12
POSITIONAL QUALITY,Read2,ReadPos 91 2% Quantile QV,12
POSITIONAL QUALITY,Read2,ReadPos 91 5% Quantile QV,24
POSITIONAL QUALITY,Read2,ReadPos 91 10% Quantile QV,40
POSITIONAL QUALITY,Read2,ReadPos 91 25% Quantile QV,40
POSITIONAL QUALITY,Read2,ReadPos 91 50% Quantile QV,40
POSITIONAL QUALITY,Read2,ReadPos 91 75% Quantile QV,40
POSITIONAL QUALITY,Read2,ReadPos 91 90% Quantile QV,40
POSITIONAL QUALITY,Read2,ReadPos 91 95% Quantile QV,40
POSITIONAL QUALITY,Read2,ReadPos 91 98% Quantile QV,40
POSITIONAL QUALITY,Read2,ReadPos 91 99% Quantile QV,40
POSITIONAL QUALITY,Read2,ReadPos 92 1% Quantile QV,12
POSITIONAL QUALITY,Read2,ReadPos 92 2% Quantile QV,12
POSITIONAL QUALITY,Read2,ReadPos 92 5% Quantile QV,24
POSITIONAL QUALITY,Read2,ReadPos 92 10% Quantile QV,40
POSITIONAL QUALITY,Read2,ReadPos 92 25% Quantile QV,40
POSITIONAL QUALITY,Read2,ReadPos 92 50% Quantile QV,40
POSITIONAL QUALITY,Read2,ReadPos 92 75% Quantile QV,40
POSITIONAL QUALITY,Read2,ReadPos 92 90% Quantile QV,40
POSITIONAL QUALITY,Read2,ReadPos 92 95% Quantile QV,40
POSITIONAL QUALITY,Read2,ReadPos 92 98% Quantile QV,40
POSITIONAL QUALITY,Read2,ReadPos 92 99% Quantile QV,40
POSITIONAL QUALITY,Read2,ReadPos 93 1% Quantile QV,12
POSITIONAL QUALITY,Read2,ReadPos 93 2% Quantile QV,12
POSITIONAL QUALITY,Read2,ReadPos 93 5% Quantile QV,24
POSITIONAL QUALITY,Read2,ReadPos 93 10% Quantile QV,40
POSITIONAL QUALITY,Read2,ReadPos 93 25% Quantile QV,40
POSITIONAL QUALITY,Read2,ReadPos 93 50% Quantile QV,40
POSITIONAL QUALITY,Read2,ReadPos 93 75% Quantile QV,40
POSITIONAL QUALITY,Read2,ReadPos 93 90% Quantile QV,40
POSITIONAL QUALITY,Read2,ReadPos 93 95% Quantile QV,40
POSITIONAL QUALITY,Read2,ReadPos 93 98% Quantile QV,40
POSITIONAL QUALITY,Read2,ReadPos 93 99% Quantile QV,40
POSITIONAL QUALITY,Read2,ReadPos 94 1% Quantile QV,12
POSITIONAL QUALITY,Read2,ReadPos 94 2% Quantile QV,12
POSITIONAL QUALITY,Read2,ReadPos 94 5% Quantile QV,24
POSITIONAL QUALITY,Read2,ReadPos 94 10% Quantile QV,40
POSITIONAL QUALITY,Read2,ReadPos 94 25% Quantile QV,40
POSITIONAL QUALITY,Read2,ReadPos 94 50% Quantile QV,40
POSITIONAL QUALITY,Read2,ReadPos 94 75% Quantile QV,40
POSITIONAL QUALITY,Read2,ReadPos 94 90% Quantile QV,40
POSITIONAL QUALITY,Read2,ReadPos 94 95% Quantile QV,40
POSITIONAL QUALITY,Read2,ReadPos 94 98% Quantile QV,40
POSITIONAL QUALITY,Read2,ReadPos 94 99% Quantile QV,40
POSITIONAL QUALITY,Read2,ReadPos 95 1% Quantile QV,12
POSITIONAL QUALITY,Read2,ReadPos 95 2% Quantile QV,12
POSITIONAL QUALITY,Read2,ReadPos 95 5% Quantile QV,24
POSITIONAL QUALITY,Read2,ReadPos 95 10% Quantile QV,40
POSITIONAL QUALITY,Read2,ReadPos 95 25% Quantile QV,40
POSITIONAL QUALITY,Read2,ReadPos 95 50% Quantile QV,40
POSITIONAL QUALITY,Read2,ReadPos 95 75% Quantile QV,40
POSITIONAL QUALITY,Read2,ReadPos 95 90% Quantile QV,40
POSITIONAL QUALITY,Read2,ReadPos 95 95% Quantile QV,40
POSITIONAL QUALITY,Read2,ReadPos 95 98% Quantile QV,40
POSITIONAL QUALITY,Read2,ReadPos 95 99% Quantile QV,40
POSITIONAL QUALITY,Read2,ReadPos 96 1% Quantile QV,12
POSITIONAL QUALITY,Read2,ReadPos 96 2% Quantile QV,12
POSITIONAL QUALITY,Read2,ReadPos 96 5% Quantile QV,24
POSITIONAL QUALITY,Read2,ReadPos 96 10% Quantile QV,40
POSITIONAL QUALITY,Read2,ReadPos 96 25% Quantile QV,40
POSITIONAL QUALITY,Read2,ReadPos 96 50% Quantile QV,40
POSITIONAL QUALITY,Read2,ReadPos 96 75% Quantile QV,40
POSITIONAL QUALITY,Read2,ReadPos 96 90% Quantile QV,40
POSITIONAL QUALITY,Read2,ReadPos 96 95% Quantile QV,40
POSITIONAL QUALITY,Read2,ReadPos 96 98% Quantile QV,40
POSITIONAL QUALITY,Read2,ReadPos 96 99% Quantile QV,40
POSITIONAL QUALITY,Read2,ReadPos 97 1% Quantile QV,12
POSITIONAL QUALITY,Read2,ReadPos 97 2% Quantile QV,12
POSITIONAL QUALITY,Read2,ReadPos 97 5% Quantile QV,24
POSITIONAL QUALITY,Read2,ReadPos 97 10% Quantile QV,40
POSITIONAL QUALITY,Read2,ReadPos 97 25% Quantile QV,40
POSITIONAL QUALITY,Read2,ReadPos 97 50% Quantile QV,40
POSITIONAL QUALITY,Read2,ReadPos 97 75% Quantile QV,40
POSITIONAL QUALITY,Read2,ReadPos 97 90% Quantile QV,40
POSITIONAL QUALITY,Read2,ReadPos 97 95% Quantile QV,40
POSITIONAL QUALITY,Read2,ReadPos 97 98% Quantile QV,40
POSITIONAL QUALITY,Read2,ReadPos 97 99% Quantile QV,40
POSITIONAL QUALITY,Read2,ReadPos 98 1% Quantile QV,12
POSITIONAL QUALITY,Read2,ReadPos 98 2% Quantile QV,12
POSITIONAL QUALITY,Read2,ReadPos 98 5% Quantile QV,24
POSITIONAL QUALITY,Read2,ReadPos 98 10% Quantile QV,40
POSITIONAL QUALITY,Read2,ReadPos 98 25% Quantile QV,40
POSITIONAL QUALITY,Read2,ReadPos 98 50% Quantile QV,40
POSITIONAL QUALITY,Read2,ReadPos 98 75% Quantile QV,40
POSITIONAL QUALITY,Read2,ReadPos 98 90% Quantile QV,40
POSITIONAL QUALITY,Read2,ReadPos 98 95% Quantile QV,40
POSITIONAL QUALITY,Read2,ReadPos 98 98% Quantile QV,40
POSITIONAL QUALITY,Read2,ReadPos 98 99% Quantile QV,40
POSITIONAL QUALITY,Read2,ReadPos 99 1% Quantile QV,12
POSITIONAL QUALITY,Read2,ReadPos 99 2% Quantile QV,12
POSITIONAL QUALITY,Read2,ReadPos 99 5% Quantile QV,24
POSITIONAL QUALITY,Read2,ReadPos 99 10% Quantile QV,40
POSITIONAL QUALITY,Read2,ReadPos 99 25% Quantile QV,40
POSITIONAL QUALITY,Read2,ReadPos 99 50% Quantile QV,40
POSITIONAL QUALITY,Read2,ReadPos 99 75% Quantile QV,40
POSITIONAL QUALITY,Read2,ReadPos 99 90% Quantile QV,40
POSITIONAL QUALITY,Read2,ReadPos 99 95% Quantile QV,40
POSITIONAL QUALITY,Read2,ReadPos 99 98% Quantile QV,40
POSITIONAL QUALITY,Read2,ReadPos 99 99% Quantile QV,40
POSITIONAL QUALITY,Read2,ReadPos 100 1% Quantile QV,12
POSITIONAL QUALITY,Read2,ReadPos 100 2% Quantile QV,12
POSITIONAL QUALITY,Read2,ReadPos 100 5% Quantile QV,24
POSITIONAL QUALITY,Read2,ReadPos 100 10% Quantile QV,40
POSITIONAL QUALITY,Read2,ReadPos 100 25% Quantile QV,40
POSITIONAL QUALITY,Read2,ReadPos 100 50% Quantile QV,40
POSITIONAL QUALITY,Read2,ReadPos 100 75% Quantile QV,40
POSITIONAL QUALITY,Read2,ReadPos 100 90% Quantile QV,40
POSITIONAL QUALITY,Read2,ReadPos 100 95% Quantile QV,40
POSITIONAL QUALITY,Read2,ReadPos 100 98% Quantile QV,40
POSITIONAL QUALITY,Read2,ReadPos 100 99% Quantile QV,40
POSITIONAL QUALITY,Read2,ReadPos 101 1% Quantile QV,12
POSITIONAL QUALITY,Read2,ReadPos 101 2% Quantile QV,12
POSITIONAL QUALITY,Read2,ReadPos 101 5% Quantile QV,24
POSITIONAL QUALITY,Read2,ReadPos 101 10% Quantile QV,40
POSITIONAL QUALITY,Read2,ReadPos 101 25% Quantile QV,40
POSITIONAL QUALITY,Read2,ReadPos 101 50% Quantile QV,40
POSITIONAL QUALITY,Read2,ReadPos 101 75% Quantile QV,40
POSITIONAL QUALITY,Read2,ReadPos 101 90% Quantile QV,40
POSITIONAL QUALITY,Read2,ReadPos 101 95% Quantile QV,40
POSITIONAL QUALITY,Read2,ReadPos 101 98% Quantile QV,40
POSITIONAL QUALITY,Read2,ReadPos 101 99% Quantile QV,40
POSITIONAL QUALITY,Read2,ReadPos 102 1% Quantile QV,12
POSITIONAL QUALITY,Read2,ReadPos 102 2% Quantile QV,12
POSITIONAL QUALITY,Read2,ReadPos 102 5% Quantile QV,24
POSITIONAL QUALITY,Read2,ReadPos 102 10% Quantile QV,40
POSITIONAL QUALITY,Read2,ReadPos 102 25% Quantile QV,40
POSITIONAL QUALITY,Read2,ReadPos 102 50% Quantile QV,40
POSITIONAL QUALITY,Read2,ReadPos 102 75% Quantile QV,40
POSITIONAL QUALITY,Read2,ReadPos 102 90% Quantile QV,40
POSITIONAL QUALITY,Read2,ReadPos 102 95% Quantile QV,40
POSITIONAL QUALITY,Read2,ReadPos 102 98% Quantile QV,40
POSITIONAL QUALITY,Read2,ReadPos 102 99% Quantile QV,40
POSITIONAL QUALITY,Read2,ReadPos 103 1% Quantile QV,12
POSITIONAL QUALITY,Read2,ReadPos 103 2% Quantile QV,12
POSITIONAL QUALITY,Read2,ReadPos 103 5% Quantile QV,24
POSITIONAL QUALITY,Read2,ReadPos 103 10% Quantile QV,40
POSITIONAL QUALITY,Read2,ReadPos 103 25% Quantile QV,40
POSITIONAL QUALITY,Read2,ReadPos 103 50% Quantile QV,40
POSITIONAL QUALITY,Read2,ReadPos 103 75% Quantile QV,40
POSITIONAL QUALITY,Read2,ReadPos 103 90% Quantile QV,40
POSITIONAL QUALITY,Read2,ReadPos 103 95% Quantile QV,40
POSITIONAL QUALITY,Read2,ReadPos 103 98% Quantile QV,40
POSITIONAL QUALITY,Read2,ReadPos 103 99% Quantile QV,40
POSITIONAL QUALITY,Read2,ReadPos 104 1% Quantile QV,12
POSITIONAL QUALITY,Read2,ReadPos 104 2% Quantile QV,12
POSITIONAL QUALITY,Read2,ReadPos 104 5% Quantile QV,24
POSITIONAL QUALITY,Read2,ReadPos 104 10% Quantile QV,40
POSITIONAL QUALITY,Read2,ReadPos 104 25% Quantile QV,40
POSITIONAL QUALITY,Read2,ReadPos 104 50% Quantile QV,40
POSITIONAL QUALITY,Read2,ReadPos 104 75% Quantile QV,40
POSITIONAL QUALITY,Read2,ReadPos 104 90% Quantile QV,40
POSITIONAL QUALITY,Read2,ReadPos 104 95% Quantile QV,40
POSITIONAL QUALITY,Read2,ReadPos 104 98% Quantile QV,40
POSITIONAL QUALITY,Read2,ReadPos 104 99% Quantile QV,40
POSITIONAL QUALITY,Read2,ReadPos 105 1% Quantile QV,12
POSITIONAL QUALITY,Read2,ReadPos 105 2% Quantile QV,12
POSITIONAL QUALITY,Read2,ReadPos 105 5% Quantile QV,24
POSITIONAL QUALITY,Read2,ReadPos 105 10% Quantile QV,40
POSITIONAL QUALITY,Read2,ReadPos 105 25% Quantile QV,40
POSITIONAL QUALITY,Read2,ReadPos 105 50% Quantile QV,40
POSITIONAL QUALITY,Read2,ReadPos 105 75% Quantile QV,40
POSITIONAL QUALITY,Read2,ReadPos 105 90% Quantile QV,40
POSITIONAL QUALITY,Read2,ReadPos 105 95% Quantile QV,40
POSITIONAL QUALITY,Read2,ReadPos 105 98% Quantile QV,40
POSITIONAL QUALITY,Read2,ReadPos 105 99% Quantile QV,40
POSITIONAL QUALITY,Read2,ReadPos 106 1% Quantile QV,12
POSITIONAL QUALITY,Read2,ReadPos 106 2% Quantile QV,12
POSITIONAL QUALITY,Read2,ReadPos 106 5% Quantile QV,24
POSITIONAL QUALITY,Read2,ReadPos 106 10% Quantile QV,40
POSITIONAL QUALITY,Read2,ReadPos 106 25% Quantile QV,40
POSITIONAL QUALITY,Read2,ReadPos 106 50% Quantile QV,40
POSITIONAL QUALITY,Read2,ReadPos 106 75% Quantile QV,40
POSITIONAL QUALITY,Read2,ReadPos 106 90% Quantile QV,40
POSITIONAL QUALITY,Read2,ReadPos 106 95% Quantile QV,40
POSITIONAL QUALITY,Read2,ReadPos 106 98% Quantile QV,40
POSITIONAL QUALITY,Read2,ReadPos 106 99% Quantile QV,40
POSITIONAL QUALITY,Read2,ReadPos 107 1% Quantile QV,12
POSITIONAL QUALITY,Read2,ReadPos 107 2% Quantile QV,12
POSITIONAL QUALITY,Read2,ReadPos 107 5% Quantile QV,24
POSITIONAL QUALITY,Read2,ReadPos 107 10% Quantile QV,40
POSITIONAL QUALITY,Read2,ReadPos 107 25% Quantile QV,40
POSITIONAL QUALITY,Read2,ReadPos 107 50% Quantile QV,40
POSITIONAL QUALITY,Read2,ReadPos 107 75% Quantile QV,40
POSITIONAL QUALITY,Read2,ReadPos 107 90% Quantile QV,40
POSITIONAL QUALITY,Read2,ReadPos 107 95% Quantile QV,40
POSITIONAL QUALITY,Read2,ReadPos 107 98% Quantile QV,40
POSITIONAL QUALITY,Read2,ReadPos 107 99% Quantile QV,40
POSITIONAL QUALITY,Read2,ReadPos 108 1% Quantile QV,12
POSITIONAL QUALITY,Read2,ReadPos 108 2% Quantile QV,12
POSITIONAL QUALITY,Read2,ReadPos 108 5% Quantile QV,24
POSITIONAL QUALITY,Read2,ReadPos 108 10% Quantile QV,40
POSITIONAL QUALITY,Read2,ReadPos 108 25% Quantile QV,40
POSITIONAL QUALITY,Read2,ReadPos 108 50% Quantile QV,40
POSITIONAL QUALITY,Read2,ReadPos 108 75% Quantile QV,40
POSITIONAL QUALITY,Read2,ReadPos 108 90% Quantile QV,40
POSITIONAL QUALITY,Read2,ReadPos 108 95% Quantile QV,40
POSITIONAL QUALITY,Read2,ReadPos 108 98% Quantile QV,40
POSITIONAL QUALITY,Read2,ReadPos 108 99% Quantile QV,40
POSITIONAL QUALITY,Read2,ReadPos 109 1% Quantile QV,12
POSITIONAL QUALITY,Read2,ReadPos 109 2% Quantile QV,12
POSITIONAL QUALITY,Read2,ReadPos 109 5% Quantile QV,24
POSITIONAL QUALITY,Read2,ReadPos 109 10% Quantile QV,40
POSITIONAL QUALITY,Read2,ReadPos 109 25% Quantile QV,40
POSITIONAL QUALITY,Read2,ReadPos 109 50% Quantile QV,40
POSITIONAL QUALITY,Read2,ReadPos 109 75% Quantile QV,40
POSITIONAL QUALITY,Read2,ReadPos 109 90% Quantile QV,40
POSITIONAL QUALITY,Read2,ReadPos 109 95% Quantile QV,40
POSITIONAL QUALITY,Read2,ReadPos 109 98% Quantile QV,40
POSITIONAL QUALITY,Read2,ReadPos 109 99% Quantile QV,40
POSITIONAL QUALITY,Read2,ReadPos 110 1% Quantile QV,12
POSITIONAL QUALITY,Read2,ReadPos 110 2% Quantile QV,12
POSITIONAL QUALITY,Read2,ReadPos 110 5% Quantile QV,24
POSITIONAL QUALITY,Read2,ReadPos 110 10% Quantile QV,40
POSITIONAL QUALITY,Read2,ReadPos 110 25% Quantile QV,40
POSITIONAL QUALITY,Read2,ReadPos 110 50% Quantile QV,40
POSITIONAL QUALITY,Read2,ReadPos 110 75% Quantile QV,40
POSITIONAL QUALITY,Read2,ReadPos 110 90% Quantile QV,40
POSITIONAL QUALITY,Read2,ReadPos 110 95% Quantile QV,40
POSITIONAL QUALITY,Read2,ReadPos 110 98% Quantile QV,40
POSITIONAL QUALITY,Read2,ReadPos 110 99% Quantile QV,40
POSITIONAL QUALITY,Read2,ReadPos 111 1% Quantile QV,12
POSITIONAL QUALITY,Read2,ReadPos 111 2% Quantile QV,12
POSITIONAL QUALITY,Read2,ReadPos 111 5% Quantile QV,24
POSITIONAL QUALITY,Read2,ReadPos 111 10% Quantile QV,40
POSITIONAL QUALITY,Read2,ReadPos 111 25% Quantile QV,40
POSITIONAL QUALITY,Read2,ReadPos 111 50% Quantile QV,40
POSITIONAL QUALITY,Read2,ReadPos 111 75% Quantile QV,40
POSITIONAL QUALITY,Read2,ReadPos 111 90% Quantile QV,40
POSITIONAL QUALITY,Read2,ReadPos 111 95% Quantile QV,40
POSITIONAL QUALITY,Read2,ReadPos 111 98% Quantile QV,40
POSITIONAL QUALITY,Read2,ReadPos 111 99% Quantile QV,40
POSITIONAL QUALITY,Read2,ReadPos 112 1% Quantile QV,12
POSITIONAL QUALITY,Read2,ReadPos 112 2% Quantile QV,12
POSITIONAL QUALITY,Read2,ReadPos 112 5% Quantile QV,24
POSITIONAL QUALITY,Read2,ReadPos 112 10% Quantile QV,40
POSITIONAL QUALITY,Read2,ReadPos 112 25% Quantile QV,40
POSITIONAL QUALITY,Read2,ReadPos 112 50% Quantile QV,40
POSITIONAL QUALITY,Read2,ReadPos 112 75% Quantile QV,40
POSITIONAL QUALITY,Read2,ReadPos 112 90% Quantile QV,40
POSITIONAL QUALITY,Read2,ReadPos 112 95% Quantile QV,40
POSITIONAL QUALITY,Read2,ReadPos 112 98% Quantile QV,40
POSITIONAL QUALITY,Read2,ReadPos 112 99% Quantile QV,40
POSITIONAL QUALITY,Read2,ReadPos 113 1% Quantile QV,12
POSITIONAL QUALITY,Read2,ReadPos 113 2% Quantile QV,12
POSITIONAL QUALITY,Read2,ReadPos 113 5% Quantile QV,24
POSITIONAL QUALITY,Read2,ReadPos 113 10% Quantile QV,40
POSITIONAL QUALITY,Read2,ReadPos 113 25% Quantile QV,40
POSITIONAL QUALITY,Read2,ReadPos 113 50% Quantile QV,40
POSITIONAL QUALITY,Read2,ReadPos 113 75% Quantile QV,40
POSITIONAL QUALITY,Read2,ReadPos 113 90% Quantile QV,40
POSITIONAL QUALITY,Read2,ReadPos 113 95% Quantile QV,40
POSITIONAL QUALITY,Read2,ReadPos 113 98% Quantile QV,40
POSITIONAL QUALITY,Read2,ReadPos 113 99% Quantile QV,40
POSITIONAL QUALITY,Read2,ReadPos 114 1% Quantile QV,12
POSITIONAL QUALITY,Read2,ReadPos 114 2% Quantile QV,12
POSITIONAL QUALITY,Read2,ReadPos 114 5% Quantile QV,24
POSITIONAL QUALITY,Read2,ReadPos 114 10% Quantile QV,40
POSITIONAL QUALITY,Read2,ReadPos 114 25% Quantile QV,40
POSITIONAL QUALITY,Read2,ReadPos 114 50% Quantile QV,40
POSITIONAL QUALITY,Read2,ReadPos 114 75% Quantile QV,40
POSITIONAL QUALITY,Read2,ReadPos 114 90% Quantile QV,40
POSITIONAL QUALITY,Read2,ReadPos 114 95% Quantile QV,40
POSITIONAL QUALITY,Read2,ReadPos 114 98% Quantile QV,40
POSITIONAL QUALITY,Read2,ReadPos 114 99% Quantile QV,40
POSITIONAL QUALITY,Read2,ReadPos 115 1% Quantile QV,12
POSITIONAL QUALITY,Read2,ReadPos 115 2% Quantile QV,12
POSITIONAL QUALITY,Read2,ReadPos 115 5% Quantile QV,24
POSITIONAL QUALITY,Read2,ReadPos 115 10% Quantile QV,40
POSITIONAL QUALITY,Read2,ReadPos 115 25% Quantile QV,40
POSITIONAL QUALITY,Read2,ReadPos 115 50% Quantile QV,40
POSITIONAL QUALITY,Read2,ReadPos 115 75% Quantile QV,40
POSITIONAL QUALITY,Read2,ReadPos 115 90% Quantile QV,40
POSITIONAL QUALITY,Read2,ReadPos 115 95% Quantile QV,40
POSITIONAL QUALITY,Read2,ReadPos 115 98% Quantile QV,40
POSITIONAL QUALITY,Read2,ReadPos 115 99% Quantile QV,40
POSITIONAL QUALITY,Read2,ReadPos 116 1% Quantile QV,12
POSITIONAL QUALITY,Read2,ReadPos 116 2% Quantile QV,12
POSITIONAL QUALITY,Read2,ReadPos 116 5% Quantile QV,24
POSITIONAL QUALITY,Read2,ReadPos 116 10% Quantile QV,40
POSITIONAL QUALITY,Read2,ReadPos 116 25% Quantile QV,40
POSITIONAL QUALITY,Read2,ReadPos 116 50% Quantile QV,40
POSITIONAL QUALITY,Read2,ReadPos 116 75% Quantile QV,40
POSITIONAL QUALITY,Read2,ReadPos 116 90% Quantile QV,40
POSITIONAL QUALITY,Read2,ReadPos 116 95% Quantile QV,40
POSITIONAL QUALITY,Read2,ReadPos 116 98% Quantile QV,40
POSITIONAL QUALITY,Read2,ReadPos 116 99% Quantile QV,40
POSITIONAL QUALITY,Read2,ReadPos 117 1% Quantile QV,12
POSITIONAL QUALITY,Read2,ReadPos 117 2% Quantile QV,12
POSITIONAL QUALITY,Read2,ReadPos 117 5% Quantile QV,24
POSITIONAL QUALITY,Read2,ReadPos 117 10% Quantile QV,40
POSITIONAL QUALITY,Read2,ReadPos 117 25% Quantile QV,40
POSITIONAL QUALITY,Read2,ReadPos 117 50% Quantile QV,40
POSITIONAL QUALITY,Read2,ReadPos 117 75% Quantile QV,40
POSITIONAL QUALITY,Read2,ReadPos 117 90% Quantile QV,40
POSITIONAL QUALITY,Read2,ReadPos 117 95% Quantile QV,40
POSITIONAL QUALITY,Read2,ReadPos 117 98% Quantile QV,40
POSITIONAL QUALITY,Read2,ReadPos 117 99% Quantile QV,40
POSITIONAL QUALITY,Read2,ReadPos 118 1% Quantile QV,12
POSITIONAL QUALITY,Read2,ReadPos 118 2% Quantile QV,12
POSITIONAL QUALITY,Read2,ReadPos 118 5% Quantile QV,24
POSITIONAL QUALITY,Read2,ReadPos 118 10% Quantile QV,40
POSITIONAL QUALITY,Read2,ReadPos 118 25% Quantile QV,40
POSITIONAL QUALITY,Read2,ReadPos 118 50% Quantile QV,40
POSITIONAL QUALITY,Read2,ReadPos 118 75% Quantile QV,40
POSITIONAL QUALITY,Read2,ReadPos 118 90% Quantile QV,40
POSITIONAL QUALITY,Read2,ReadPos 118 95% Quantile QV,40
POSITIONAL QUALITY,Read2,ReadPos 118 98% Quantile QV,40
POSITIONAL QUALITY,Read2,ReadPos 118 99% Quantile QV,40
POSITIONAL QUALITY,Read2,ReadPos 119 1% Quantile QV,12
POSITIONAL QUALITY,Read2,ReadPos 119 2% Quantile QV,12
POSITIONAL QUALITY,Read2,ReadPos 119 5% Quantile QV,24
POSITIONAL QUALITY,Read2,ReadPos 119 10% Quantile QV,40
POSITIONAL QUALITY,Read2,ReadPos 119 25% Quantile QV,40
POSITIONAL QUALITY,Read2,ReadPos 119 50% Quantile QV,40
POSITIONAL QUALITY,Read2,ReadPos 119 75% Quantile QV,40
POSITIONAL QUALITY,Read2,ReadPos 119 90% Quantile QV,40
POSITIONAL QUALITY,Read2,ReadPos 119 95% Quantile QV,40
POSITIONAL QUALITY,Read2,ReadPos 119 98% Quantile QV,40
POSITIONAL QUALITY,Read2,ReadPos 119 99% Quantile QV,40
POSITIONAL QUALITY,Read2,ReadPos 120 1% Quantile QV,12
POSITIONAL QUALITY,Read2,ReadPos 120 2% Quantile QV,12
POSITIONAL QUALITY,Read2,ReadPos 120 5% Quantile QV,24
POSITIONAL QUALITY,Read2,ReadPos 120 10% Quantile QV,40
POSITIONAL QUALITY,Read2,ReadPos 120 25% Quantile QV,40
POSITIONAL QUALITY,Read2,ReadPos 120 50% Quantile QV,40
POSITIONAL QUALITY,Read2,ReadPos 120 75% Quantile QV,40
POSITIONAL QUALITY,Read2,ReadPos 120 90% Quantile QV,40
POSITIONAL QUALITY,Read2,ReadPos 120 95% Quantile QV,40
POSITIONAL QUALITY,Read2,ReadPos 120 98% Quantile QV,40
POSITIONAL QUALITY,Read2,ReadPos 120 99% Quantile QV,40
POSITIONAL QUALITY,Read2,ReadPos 121 1% Quantile QV,12
POSITIONAL QUALITY,Read2,ReadPos 121 2% Quantile QV,12
POSITIONAL QUALITY,Read2,ReadPos 121 5% Quantile QV,24
POSITIONAL QUALITY,Read2,ReadPos 121 10% Quantile QV,40
POSITIONAL QUALITY,Read2,ReadPos 121 25% Quantile QV,40
POSITIONAL QUALITY,Read2,ReadPos 121 50% Quantile QV,40
POSITIONAL QUALITY,Read2,ReadPos 121 75% Quantile QV,40
POSITIONAL QUALITY,Read2,ReadPos 121 90% Quantile QV,40
POSITIONAL QUALITY,Read2,ReadPos 121 95% Quantile QV,40
POSITIONAL QUALITY,Read2,ReadPos 121 98% Quantile QV,40
POSITIONAL QUALITY,Read2,ReadPos 121 99% Quantile QV,40
POSITIONAL QUALITY,Read2,ReadPos 122 1% Quantile QV,12
POSITIONAL QUALITY,Read2,ReadPos 122 2% Quantile QV,12
POSITIONAL QUALITY,Read2,ReadPos 122 5% Quantile QV,24
POSITIONAL QUALITY,Read2,ReadPos 122 10% Quantile QV,40
POSITIONAL QUALITY,Read2,ReadPos 122 25% Quantile QV,40
POSITIONAL QUALITY,Read2,ReadPos 122 50% Quantile QV,40
POSITIONAL QUALITY,Read2,ReadPos 122 75% Quantile QV,40
POSITIONAL QUALITY,Read2,ReadPos 122 90% Quantile QV,40
POSITIONAL QUALITY,Read2,ReadPos 122 95% Quantile QV,40
POSITIONAL QUALITY,Read2,ReadPos 122 98% Quantile QV,40
POSITIONAL QUALITY,Read2,ReadPos 122 99% Quantile QV,40
POSITIONAL QUALITY,Read2,ReadPos 123 1% Quantile QV,12
POSITIONAL QUALITY,Read2,ReadPos 123 2% Quantile QV,12
POSITIONAL QUALITY,Read2,ReadPos 123 5% Quantile QV,24
POSITIONAL QUALITY,Read2,ReadPos 123 10% Quantile QV,40
POSITIONAL QUALITY,Read2,ReadPos 123 25% Quantile QV,40
POSITIONAL QUALITY,Read2,ReadPos 123 50% Quantile QV,40
POSITIONAL QUALITY,Read2,ReadPos 123 75% Quantile QV,40
POSITIONAL QUALITY,Read2,ReadPos 123 90% Quantile QV,40
POSITIONAL QUALITY,Read2,ReadPos 123 95% Quantile QV,40
POSITIONAL QUALITY,Read2,ReadPos 123 98% Quantile QV,40
POSITIONAL QUALITY,Read2,ReadPos 123 99% Quantile QV,40
POSITIONAL QUALITY,Read2,ReadPos 124 1% Quantile QV,12
POSITIONAL QUALITY,Read2,ReadPos 124 2% Quantile QV,12
POSITIONAL QUALITY,Read2,ReadPos 124 5% Quantile QV,24
POSITIONAL QUALITY,Read2,ReadPos 124 10% Quantile QV,40
POSITIONAL QUALITY,Read2,ReadPos 124 25% Quantile QV,40
POSITIONAL QUALITY,Read2,ReadPos 124 50% Quantile QV,40
POSITIONAL QUALITY,Read2,ReadPos 124 75% Quantile QV,40
POSITIONAL QUALITY,Read2,ReadPos 124 90% Quantile QV,40
POSITIONAL QUALITY,Read2,ReadPos 124 95% Quantile QV,40
POSITIONAL QUALITY,Read2,ReadPos 124 98% Quantile QV,40
POSITIONAL QUALITY,Read2,ReadPos 124 99% Quantile QV,40
POSITIONAL QUALITY,Read2,ReadPos 125 1% Quantile QV,12
POSITIONAL QUALITY,Read2,ReadPos 125 2% Quantile QV,12
POSITIONAL QUALITY,Read2,ReadPos 125 5% Quantile QV,24
POSITIONAL QUALITY,Read2,ReadPos 125 10% Quantile QV,40
POSITIONAL QUALITY,Read2,ReadPos 125 25% Quantile QV,40
POSITIONAL QUALITY,Read2,ReadPos 125 50% Quantile QV,40
POSITIONAL QUALITY,Read2,ReadPos 125 75% Quantile QV,40
POSITIONAL QUALITY,Read2,ReadPos 125 90% Quantile QV,40
POSITIONAL QUALITY,Read2,ReadPos 125 95% Quantile QV,40
POSITIONAL QUALITY,Read2,ReadPos 125 98% Quantile QV,40
POSITIONAL QUALITY,Read2,ReadPos 125 99% Quantile QV,40
POSITIONAL QUALITY,Read2,ReadPos 126 1% Quantile QV,12
POSITIONAL QUALITY,Read2,ReadPos 126 2% Quantile QV,12
POSITIONAL QUALITY,Read2,ReadPos 126 5% Quantile QV,24
POSITIONAL QUALITY,Read2,ReadPos 126 10% Quantile QV,40
POSITIONAL QUALITY,Read2,ReadPos 126 25% Quantile QV,40
POSITIONAL QUALITY,Read2,ReadPos 126 50% Quantile QV,40
POSITIONAL QUALITY,Read2,ReadPos 126 75% Quantile QV,40
POSITIONAL QUALITY,Read2,ReadPos 126 90% Quantile QV,40
POSITIONAL QUALITY,Read2,ReadPos 126 95% Quantile QV,40
POSITIONAL QUALITY,Read2,ReadPos 126 98% Quantile QV,40
POSITIONAL QUALITY,Read2,ReadPos 126 99% Quantile QV,40
POSITIONAL QUALITY,Read2,ReadPos 127 1% Quantile QV,12
POSITIONAL QUALITY,Read2,ReadPos 127 2% Quantile QV,12
POSITIONAL QUALITY,Read2,ReadPos 127 5% Quantile QV,24
POSITIONAL QUALITY,Read2,ReadPos 127 10% Quantile QV,40
POSITIONAL QUALITY,Read2,ReadPos 127 25% Quantile QV,40
POSITIONAL QUALITY,Read2,ReadPos 127 50% Quantile QV,40
POSITIONAL QUALITY,Read2,ReadPos 127 75% Quantile QV,40
POSITIONAL QUALITY,Read2,ReadPos 127 90% Quantile QV,40
POSITIONAL QUALITY,Read2,ReadPos 127 95% Quantile QV,40
POSITIONAL QUALITY,Read2,ReadPos 127 98% Quantile QV,40
POSITIONAL QUALITY,Read2,ReadPos 127 99% Quantile QV,40
POSITIONAL QUALITY,Read2,ReadPos 128 1% Quantile QV,12
POSITIONAL QUALITY,Read2,ReadPos 128 2% Quantile QV,12
POSITIONAL QUALITY,Read2,ReadPos 128 5% Quantile QV,24
POSITIONAL QUALITY,Read2,ReadPos 128 10% Quantile QV,40
POSITIONAL QUALITY,Read2,ReadPos 128 25% Quantile QV,40
POSITIONAL QUALITY,Read2,ReadPos 128 50% Quantile QV,40
POSITIONAL QUALITY,Read2,ReadPos 128 75% Quantile QV,40
POSITIONAL QUALITY,Read2,ReadPos 128 90% Quantile QV,40
POSITIONAL QUALITY,Read2,ReadPos 128 95% Quantile QV,40
POSITIONAL QUALITY,Read2,ReadPos 128 98% Quantile QV,40
POSITIONAL QUALITY,Read2,ReadPos 128 99% Quantile QV,40
POSITIONAL QUALITY,Read2,ReadPos 129 1% Quantile QV,12
POSITIONAL QUALITY,Read2,ReadPos 129 2% Quantile QV,12
POSITIONAL QUALITY,Read2,ReadPos 129 5% Quantile QV,24
POSITIONAL QUALITY,Read2,ReadPos 129 10% Quantile QV,40
POSITIONAL QUALITY,Read2,ReadPos 129 25% Quantile QV,40
POSITIONAL QUALITY,Read2,ReadPos 129 50% Quantile QV,40
POSITIONAL QUALITY,Read2,ReadPos 129 75% Quantile QV,40
POSITIONAL QUALITY,Read2,ReadPos 129 90% Quantile QV,40
POSITIONAL QUALITY,Read2,ReadPos 129 95% Quantile QV,40
POSITIONAL QUALITY,Read2,ReadPos 129 98% Quantile QV,40
POSITIONAL QUALITY,Read2,ReadPos 129 99% Quantile QV,40
POSITIONAL QUALITY,Read2,ReadPos 130 1% Quantile QV,12
POSITIONAL QUALITY,Read2,ReadPos 130 2% Quantile QV,12
POSITIONAL QUALITY,Read2,ReadPos 130 5% Quantile QV,24
POSITIONAL QUALITY,Read2,ReadPos 130 10% Quantile QV,40
POSITIONAL QUALITY,Read2,ReadPos 130 25% Quantile QV,40
POSITIONAL QUALITY,Read2,ReadPos 130 50% Quantile QV,40
POSITIONAL QUALITY,Read2,ReadPos 130 75% Quantile QV,40
POSITIONAL QUALITY,Read2,ReadPos 130 90% Quantile QV,40
POSITIONAL QUALITY,Read2,ReadPos 130 95% Quantile QV,40
POSITIONAL QUALITY,Read2,ReadPos 130 98% Quantile QV,40
POSITIONAL QUALITY,Read2,ReadPos 130 99% Quantile QV,40
POSITIONAL QUALITY,Read2,ReadPos 131 1% Quantile QV,12
POSITIONAL QUALITY,Read2,ReadPos 131 2% Quantile QV,12
POSITIONAL QUALITY,Read2,ReadPos 131 5% Quantile QV,24
POSITIONAL QUALITY,Read2,ReadPos 131 10% Quantile QV,40
POSITIONAL QUALITY,Read2,ReadPos 131 25% Quantile QV,40
POSITIONAL QUALITY,Read2,ReadPos 131 50% Quantile QV,40
POSITIONAL QUALITY,Read2,ReadPos 131 75% Quantile QV,40
POSITIONAL QUALITY,Read2,ReadPos 131 90% Quantile QV,40
POSITIONAL QUALITY,Read2,ReadPos 131 95% Quantile QV,40
POSITIONAL QUALITY,Read2,ReadPos 131 98% Quantile QV,40
POSITIONAL QUALITY,Read2,ReadPos 131 99% Quantile QV,40
POSITIONAL QUALITY,Read2,ReadPos 132 1% Quantile QV,12
POSITIONAL QUALITY,Read2,ReadPos 132 2% Quantile QV,12
POSITIONAL QUALITY,Read2,ReadPos 132 5% Quantile QV,24
POSITIONAL QUALITY,Read2,ReadPos 132 10% Quantile QV,40
POSITIONAL QUALITY,Read2,ReadPos 132 25% Quantile QV,40
POSITIONAL QUALITY,Read2,ReadPos 132 50% Quantile QV,40
POSITIONAL QUALITY,Read2,ReadPos 132 75% Quantile QV,40
POSITIONAL QUALITY,Read2,ReadPos 132 90% Quantile QV,40
POSITIONAL QUALITY,Read2,ReadPos 132 95% Quantile QV,40
POSITIONAL QUALITY,Read2,ReadPos 132 98% Quantile QV,40
POSITIONAL QUALITY,Read2,ReadPos 132 99% Quantile QV,40
POSITIONAL QUALITY,Read2,ReadPos 133 1% Quantile QV,12
POSITIONAL QUALITY,Read2,ReadPos 133 2% Quantile QV,12
POSITIONAL QUALITY,Read2,ReadPos 133 5% Quantile QV,24
POSITIONAL QUALITY,Read2,ReadPos 133 10% Quantile QV,40
POSITIONAL QUALITY,Read2,ReadPos 133 25% Quantile QV,40
POSITIONAL QUALITY,Read2,ReadPos 133 50% Quantile QV,40
POSITIONAL QUALITY,Read2,ReadPos 133 75% Quantile QV,40
POSITIONAL QUALITY,Read2,ReadPos 133 90% Quantile QV,40
POSITIONAL QUALITY,Read2,ReadPos 133 95% Quantile QV,40
POSITIONAL QUALITY,Read2,ReadPos 133 98% Quantile QV,40
POSITIONAL QUALITY,Read2,ReadPos 133 99% Quantile QV,40
POSITIONAL QUALITY,Read2,ReadPos 134 1% Quantile QV,12
POSITIONAL QUALITY,Read2,ReadPos 134 2% Quantile QV,12
POSITIONAL QUALITY,Read2,ReadPos 134 5% Quantile QV,24
POSITIONAL QUALITY,Read2,ReadPos 134 10% Quantile QV,40
POSITIONAL QUALITY,Read2,ReadPos 134 25% Quantile QV,40
POSITIONAL QUALITY,Read2,ReadPos 134 50% Quantile QV,40
POSITIONAL QUALITY,Read2,ReadPos 134 75% Quantile QV,40
POSITIONAL QUALITY,Read2,ReadPos 134 90% Quantile QV,40
POSITIONAL QUALITY,Read2,ReadPos 134 95% Quantile QV,40
POSITIONAL QUALITY,Read2,ReadPos 134 98% Quantile QV,40
POSITIONAL QUALITY,Read2,ReadPos 134 99% Quantile QV,40
POSITIONAL QUALITY,Read2,ReadPos 135 1% Quantile QV,12
POSITIONAL QUALITY,Read2,ReadPos 135 2% Quantile QV,12
POSITIONAL QUALITY,Read2,ReadPos 135 5% Quantile QV,24
POSITIONAL QUALITY,Read2,ReadPos 135 10% Quantile QV,40
POSITIONAL QUALITY,Read2,ReadPos 135 25% Quantile QV,40
POSITIONAL QUALITY,Read2,ReadPos 135 50% Quantile QV,40
POSITIONAL QUALITY,Read2,ReadPos 135 75% Quantile QV,40
POSITIONAL QUALITY,Read2,ReadPos 135 90% Quantile QV,40
POSITIONAL QUALITY,Read2,ReadPos 135 95% Quantile QV,40
POSITIONAL QUALITY,Read2,ReadPos 135 98% Quantile QV,40
POSITIONAL QUALITY,Read2,ReadPos 135 99% Quantile QV,40
POSITIONAL QUALITY,Read2,ReadPos 136 1% Quantile QV,12
POSITIONAL QUALITY,Read2,ReadPos 136 2% Quantile QV,12
POSITIONAL QUALITY,Read2,ReadPos 136 5% Quantile QV,24
POSITIONAL QUALITY,Read2,ReadPos 136 10% Quantile QV,40
POSITIONAL QUALITY,Read2,ReadPos 136 25% Quantile QV,40
POSITIONAL QUALITY,Read2,ReadPos 136 50% Quantile QV,40
POSITIONAL QUALITY,Read2,ReadPos 136 75% Quantile QV,40
POSITIONAL QUALITY,Read2,ReadPos 136 90% Quantile QV,40
POSITIONAL QUALITY,Read2,ReadPos 136 95% Quantile QV,40
POSITIONAL QUALITY,Read2,ReadPos 136 98% Quantile QV,40
POSITIONAL QUALITY,Read2,ReadPos 136 99% Quantile QV,40
POSITIONAL QUALITY,Read2,ReadPos 137 1% Quantile QV,12
POSITIONAL QUALITY,Read2,ReadPos 137 2% Quantile QV,12
POSITIONAL QUALITY,Read2,ReadPos 137 5% Quantile QV,24
POSITIONAL QUALITY,Read2,ReadPos 137 10% Quantile QV,40
POSITIONAL QUALITY,Read2,ReadPos 137 25% Quantile QV,40
POSITIONAL QUALITY,Read2,ReadPos 137 50% Quantile QV,40
POSITIONAL QUALITY,Read2,ReadPos 137 75% Quantile QV,40
POSITIONAL QUALITY,Read2,ReadPos 137 90% Quantile QV,40
POSITIONAL QUALITY,Read2,ReadPos 137 95% Quantile QV,40
POSITIONAL QUALITY,Read2,ReadPos 137 98% Quantile QV,40
POSITIONAL QUALITY,Read2,ReadPos 137 99% Quantile QV,40
POSITIONAL QUALITY,Read2,ReadPos 138 1% Quantile QV,12
POSITIONAL QUALITY,Read2,ReadPos 138 2% Quantile QV,12
POSITIONAL QUALITY,Read2,ReadPos 138 5% Quantile QV,24
POSITIONAL QUALITY,Read2,ReadPos 138 10% Quantile QV,40
POSITIONAL QUALITY,Read2,ReadPos 138 25% Quantile QV,40
POSITIONAL QUALITY,Read2,ReadPos 138 50% Quantile QV,40
POSITIONAL QUALITY,Read2,ReadPos 138 75% Quantile QV,40
POSITIONAL QUALITY,Read2,ReadPos 138 90% Quantile QV,40
POSITIONAL QUALITY,Read2,ReadPos 138 95% Quantile QV,40
POSITIONAL QUALITY,Read2,ReadPos 138 98% Quantile QV,40
POSITIONAL QUALITY,Read2,ReadPos 138 99% Quantile QV,40
POSITIONAL QUALITY,Read2,ReadPos 139 1% Quantile QV,12
POSITIONAL QUALITY,Read2,ReadPos 139 2% Quantile QV,12
POSITIONAL QUALITY,Read2,ReadPos 139 5% Quantile QV,24
POSITIONAL QUALITY,Read2,ReadPos 139 10% Quantile QV,24
POSITIONAL QUALITY,Read2,ReadPos 139 25% Quantile QV,40
POSITIONAL QUALITY,Read2,ReadPos 139 50% Quantile QV,40
POSITIONAL QUALITY,Read2,ReadPos 139 75% Quantile QV,40
POSITIONAL QUALITY,Read2,ReadPos 139 90% Quantile QV,40
POSITIONAL QUALITY,Read2,ReadPos 139 95% Quantile QV,40
POSITIONAL QUALITY,Read2,ReadPos 139 98% Quantile QV,40
POSITIONAL QUALITY,Read2,ReadPos 139 99% Quantile QV,40
POSITIONAL QUALITY,Read2,ReadPos 140 1% Quantile QV,12
POSITIONAL QUALITY,Read2,ReadPos 140 2% Quantile QV,12
POSITIONAL QUALITY,Read2,ReadPos 140 5% Quantile QV,24
POSITIONAL QUALITY,Read2,ReadPos 140 10% Quantile QV,24
POSITIONAL QUALITY,Read2,ReadPos 140 25% Quantile QV,40
POSITIONAL QUALITY,Read2,ReadPos 140 50% Quantile QV,40
POSITIONAL QUALITY,Read2,ReadPos 140 75% Quantile QV,40
POSITIONAL QUALITY,Read2,ReadPos 140 90% Quantile QV,40
POSITIONAL QUALITY,Read2,ReadPos 140 95% Quantile QV,40
POSITIONAL QUALITY,Read2,ReadPos 140 98% Quantile QV,40
POSITIONAL QUALITY,Read2,ReadPos 140 99% Quantile QV,40
POSITIONAL QUALITY,Read2,ReadPos 141 1% Quantile QV,12
POSITIONAL QUALITY,Read2,ReadPos 141 2% Quantile QV,12
POSITIONAL QUALITY,Read2,ReadPos 141 5% Quantile QV,24
POSITIONAL QUALITY,Read2,ReadPos 141 10% Quantile QV,24
POSITIONAL QUALITY,Read2,ReadPos 141 25% Quantile QV,40
POSITIONAL QUALITY,Read2,ReadPos 141 50% Quantile QV,40
POSITIONAL QUALITY,Read2,ReadPos 141 75% Quantile QV,40
POSITIONAL QUALITY,Read2,ReadPos 141 90% Quantile QV,40
POSITIONAL QUALITY,Read2,ReadPos 141 95% Quantile QV,40
POSITIONAL QUALITY,Read2,ReadPos 141 98% Quantile QV,40
POSITIONAL QUALITY,Read2,ReadPos 141 99% Quantile QV,40
POSITIONAL QUALITY,Read2,ReadPos 142 1% Quantile QV,12
POSITIONAL QUALITY,Read2,ReadPos 142 2% Quantile QV,12
POSITIONAL QUALITY,Read2,ReadPos 142 5% Quantile QV,24
POSITIONAL QUALITY,Read2,ReadPos 142 10% Quantile QV,24
POSITIONAL QUALITY,Read2,ReadPos 142 25% Quantile QV,40
POSITIONAL QUALITY,Read2,ReadPos 142 50% Quantile QV,40
POSITIONAL QUALITY,Read2,ReadPos 142 75% Quantile QV,40
POSITIONAL QUALITY,Read2,ReadPos 142 90% Quantile QV,40
POSITIONAL QUALITY,Read2,ReadPos 142 95% Quantile QV,40
POSITIONAL QUALITY,Read2,ReadPos 142 98% Quantile QV,40
POSITIONAL QUALITY,Read2,ReadPos 142 99% Quantile QV,40
POSITIONAL QUALITY,Read2,ReadPos 143 1% Quantile QV,12
POSITIONAL QUALITY,Read2,ReadPos 143 2% Quantile QV,12
POSITIONAL QUALITY,Read2,ReadPos 143 5% Quantile QV,24
POSITIONAL QUALITY,Read2,ReadPos 143 10% Quantile QV,24
POSITIONAL QUALITY,Read2,ReadPos 143 25% Quantile QV,40
POSITIONAL QUALITY,Read2,ReadPos 143 50% Quantile QV,40
POSITIONAL QUALITY,Read2,ReadPos 143 75% Quantile QV,40
POSITIONAL QUALITY,Read2,ReadPos 143 90% Quantile QV,40
POSITIONAL QUALITY,Read2,ReadPos 143 95% Quantile QV,40
POSITIONAL QUALITY,Read2,ReadPos 143 98% Quantile QV,40
POSITIONAL QUALITY,Read2,ReadPos 143 99% Quantile QV,40
POSITIONAL QUALITY,Read2,ReadPos 144 1% Quantile QV,12
POSITIONAL QUALITY,Read2,ReadPos 144 2% Quantile QV,12
POSITIONAL QUALITY,Read2,ReadPos 144 5% Quantile QV,24
POSITIONAL QUALITY,Read2,ReadPos 144 10% Quantile QV,24
POSITIONAL QUALITY,Read2,ReadPos 144 25% Quantile QV,40
POSITIONAL QUALITY,Read2,ReadPos 144 50% Quantile QV,40
POSITIONAL QUALITY,Read2,ReadPos 144 75% Quantile QV,40
POSITIONAL QUALITY,Read2,ReadPos 144 90% Quantile QV,40
POSITIONAL QUALITY,Read2,ReadPos 144 95% Quantile QV,40
POSITIONAL QUALITY,Read2,ReadPos 144 98% Quantile QV,40
POSITIONAL QUALITY,Read2,ReadPos 144 99% Quantile QV,40
POSITIONAL QUALITY,Read2,ReadPos 145 1% Quantile QV,12
POSITIONAL QUALITY,Read2,ReadPos 145 2% Quantile QV,12
POSITIONAL QUALITY,Read2,ReadPos 145 5% Quantile QV,24
POSITIONAL QUALITY,Read2,ReadPos 145 10% Quantile QV,24
POSITIONAL QUALITY,Read2,ReadPos 145 25% Quantile QV,40
POSITIONAL QUALITY,Read2,ReadPos 145 50% Quantile QV,40
POSITIONAL QUALITY,Read2,ReadPos 145 75% Quantile QV,40
POSITIONAL QUALITY,Read2,ReadPos 145 90% Quantile QV,40
POSITIONAL QUALITY,Read2,ReadPos 145 95% Quantile QV,40
POSITIONAL QUALITY,Read2,ReadPos 145 98% Quantile QV,40
POSITIONAL QUALITY,Read2,ReadPos 145 99% Quantile QV,40
POSITIONAL QUALITY,Read2,ReadPos 146 1% Quantile QV,12
POSITIONAL QUALITY,Read2,ReadPos 146 2% Quantile QV,12
POSITIONAL QUALITY,Read2,ReadPos 146 5% Quantile QV,24
POSITIONAL QUALITY,Read2,ReadPos 146 10% Quantile QV,24
POSITIONAL QUALITY,Read2,ReadPos 146 25% Quantile QV,40
POSITIONAL QUALITY,Read2,ReadPos 146 50% Quantile QV,40
POSITIONAL QUALITY,Read2,ReadPos 146 75% Quantile QV,40
POSITIONAL QUALITY,Read2,ReadPos 146 90% Quantile QV,40
POSITIONAL QUALITY,Read2,ReadPos 146 95% Quantile QV,40
POSITIONAL QUALITY,Read2,ReadPos 146 98% Quantile QV,40
POSITIONAL QUALITY,Read2,ReadPos 146 99% Quantile QV,40
POSITIONAL QUALITY,Read2,ReadPos 147 1% Quantile QV,12
POSITIONAL QUALITY,Read2,ReadPos 147 2% Quantile QV,12
POSITIONAL QUALITY,Read2,ReadPos 147 5% Quantile QV,24
POSITIONAL QUALITY,Read2,ReadPos 147 10% Quantile QV,24
POSITIONAL QUALITY,Read2,ReadPos 147 25% Quantile QV,40
POSITIONAL QUALITY,Read2,ReadPos 147 50% Quantile QV,40
POSITIONAL QUALITY,Read2,ReadPos 147 75% Quantile QV,40
POSITIONAL QUALITY,Read2,ReadPos 147 90% Quantile QV,40
POSITIONAL QUALITY,Read2,ReadPos 147 95% Quantile QV,40
POSITIONAL QUALITY,Read2,ReadPos 147 98% Quantile QV,40
POSITIONAL QUALITY,Read2,ReadPos 147 99% Quantile QV,40
POSITIONAL QUALITY,Read2,ReadPos 148 1% Quantile QV,12
POSITIONAL QUALITY,Read2,ReadPos 148 2% Quantile QV,12
POSITIONAL QUALITY,Read2,ReadPos 148 5% Quantile QV,24
POSITIONAL QUALITY,Read2,ReadPos 148 10% Quantile QV,24
POSITIONAL QUALITY,Read2,ReadPos 148 25% Quantile QV,40
POSITIONAL QUALITY,Read2,ReadPos 148 50% Quantile QV,40
POSITIONAL QUALITY,Read2,ReadPos 148 75% Quantile QV,40
POSITIONAL QUALITY,Read2,ReadPos 148 90% Quantile QV,40
POSITIONAL QUALITY,Read2,ReadPos 148 95% Quantile QV,40
POSITIONAL QUALITY,Read2,ReadPos 148 98% Quantile QV,40
POSITIONAL QUALITY,Read2,ReadPos 148 99% Quantile QV,40
POSITIONAL QUALITY,Read2,ReadPos 149 1% Quantile QV,12
POSITIONAL QUALITY,Read2,ReadPos 149 2% Quantile QV,12
POSITIONAL QUALITY,Read2,ReadPos 149 5% Quantile QV,24
POSITIONAL QUALITY,Read2,ReadPos 149 10% Quantile QV,24
POSITIONAL QUALITY,Read2,ReadPos 149 25% Quantile QV,40
POSITIONAL QUALITY,Read2,ReadPos 149 50% Quantile QV,40
POSITIONAL QUALITY,Read2,ReadPos 149 75% Quantile QV,40
POSITIONAL QUALITY,Read2,ReadPos 149 90% Quantile QV,40
POSITIONAL QUALITY,Read2,ReadPos 149 95% Quantile QV,40
POSITIONAL QUALITY,Read2,ReadPos 149 98% Quantile QV,40
POSITIONAL QUALITY,Read2,ReadPos 149 99% Quantile QV,40
POSITIONAL QUALITY,Read2,ReadPos 150 1% Quantile QV,12
POSITIONAL QUALITY,Read2,ReadPos 150 2% Quantile QV,12
POSITIONAL QUALITY,Read2,ReadPos 150 5% Quantile QV,24
POSITIONAL QUALITY,Read2,ReadPos 150 10% Quantile QV,24
POSITIONAL QUALITY,Read2,ReadPos 150 25% Quantile QV,40
POSITIONAL QUALITY,Read2,ReadPos 150 50% Quantile QV,40
POSITIONAL QUALITY,Read2,ReadPos 150 75% Quantile QV,40
POSITIONAL QUALITY,Read2,ReadPos 150 90% Quantile QV,40
POSITIONAL QUALITY,Read2,ReadPos 150 95% Quantile QV,40
POSITIONAL QUALITY,Read2,ReadPos 150 98% Quantile QV,40
POSITIONAL QUALITY,Read2,ReadPos 150 99% Quantile QV,40
POSITIONAL QUALITY,Read2,ReadPos 151 1% Quantile QV,12
POSITIONAL QUALITY,Read2,ReadPos 151 2% Quantile QV,12
POSITIONAL QUALITY,Read2,ReadPos 151 5% Quantile QV,12
POSITIONAL QUALITY,Read2,ReadPos 151 10% Quantile QV,24
POSITIONAL QUALITY,Read2,ReadPos 151 25% Quantile QV,40
POSITIONAL QUALITY,Read2,ReadPos 151 50% Quantile QV,40
POSITIONAL QUALITY,Read2,ReadPos 151 75% Quantile QV,40
POSITIONAL QUALITY,Read2,ReadPos 151 90% Quantile QV,40
POSITIONAL QUALITY,Read2,ReadPos 151 95% Quantile QV,40
POSITIONAL QUALITY,Read2,ReadPos 151 98% Quantile QV,40
POSITIONAL QUALITY,Read2,ReadPos 151 99% Quantile QV,40
