chr1,9277454834,40.2526
chr2,9462061961,39.3354
chr3,7733693336,39.0393
chr4,7125476250,37.5514
chr5,6927790027,38.7064
chr6,6641937508,39.0522
chr7,6085984742,38.2838
chr8,5576545325,38.5205
chr9,4618726843,37.9235
chr10,5300099210,39.7717
chr11,5311069570,39.4776
chr12,5286296126,39.7054
chr13,3706066693,37.8235
chr14,3547162974,40.0727
chr15,3291267898,38.8849
chr16,3316544284,40.5416
chr17,3342808344,40.3135
chr18,2939039664,36.6969
chr19,2409482463,43.2067
chr20,2595255779,40.5862
chr21,1359196191,35.8763
chr22,1550007007,41.8107
chrX,2965151540,19.1432
chrY,351384682,14.8663
chrM,73530590,4438.11
chr1_KI270706v1_random,4056212,23.1711
chr1_KI270707v1_random,666379,20.8035
chr1_KI270708v1_random,42909,0.336061
chr1_KI270709v1_random,7478531,111.854
chr1_KI270710v1_random,116045,2.88842
chr1_KI270711v1_random,2288245,54.211
chr1_KI270712v1_random,2519305,14.3107
chr1_KI270713v1_random,2323532,57.0262
chr1_KI270714v1_random,1276116,30.5898
chr2_KI270715v1_random,770101,4.76928
chr2_KI270716v1_random,1064337,6.92031
chr3_GL000221v1_random,1759511,11.3227
chr4_GL000008v2_random,7337528,34.9891
chr5_GL000208v1_random,3954923,42.6687
chr9_KI270717v1_random,583809,14.5726
chr9_KI270718v1_random,660826,17.3655
chr9_KI270719v1_random,409214,2.31397
chr9_KI270720v1_random,204714,5.24236
chr11_KI270721v1_random,694680,6.92492
chr14_GL000009v2_random,152274,0.754919
chr14_GL000225v1_random,5739643,27.1798
chr14_KI270722v1_random,55650,0.286782
chr14_GL000194v1_random,203745,1.06411
chr14_KI270723v1_random,53207,1.39596
chr14_KI270724v1_random,6656,0.168272
chr14_KI270725v1_random,207306,1.19962
chr14_KI270726v1_random,54928,1.25581
chr15_KI270727v1_random,24338,0.0542958
chr16_KI270728v1_random,20651952,13.131
chr17_GL000205v2_random,3875615,20.8826
chr17_KI270729v1_random,15556462,57.7273
chr17_KI270730v1_random,1980121,18.5784
chr22_KI270731v1_random,1074841,7.12977
chr22_KI270732v1_random,1513299,36.4273
chr22_KI270733v1_random,8993101,50.025
chr22_KI270734v1_random,2162749,13.1036
chr22_KI270735v1_random,1075330,25.1181
chr22_KI270736v1_random,688685,4.05976
chr22_KI270737v1_random,1271616,12.2948
chr22_KI270738v1_random,3211540,33.5164
chr22_KI270739v1_random,516316,7.12917
chrY_KI270740v1_random,396397,10.6444
chrUn_KI270302v1,30390,13.3641
chrUn_KI270304v1,16699,7.71316
chrUn_KI270303v1,46258,23.8198
chrUn_KI270305v1,45175,30.6895
chrUn_KI270322v1,212294,34.1968
chrUn_KI270320v1,383209,86.7774
chrUn_KI270310v1,48115,40.0624
chrUn_KI270316v1,10228,7.0831
chrUn_KI270315v1,49201,21.6173
chrUn_KI270312v1,14528,14.5571
chrUn_KI270311v1,24957,8.41436
chrUn_KI270317v1,15923,4.39376
chrUn_KI270412v1,23448,19.888
chrUn_KI270411v1,75112,28.387
chrUn_KI270414v1,56334,22.6332
chrUn_KI270419v1,45179,43.9057
chrUn_KI270418v1,115542,53.8657
chrUn_KI270420v1,106563,45.9125
chrUn_KI270424v1,85231,39.8276
chrUn_KI270417v1,37935,18.5683
chrUn_KI270422v1,38320,26.519
chrUn_KI270423v1,25521,26.0153
chrUn_KI270425v1,23683,12.5706
chrUn_KI270429v1,89109,65.4732
chrUn_KI270442v1,1826970,4.92406
chrUn_KI270466v1,245769,199.326
chrUn_KI270465v1,234958,132.445
chrUn_KI270467v1,523653,133.585
chrUn_KI270435v1,1130072,12.1641
chrUn_KI270438v1,1375728,16.3756
chrUn_KI270468v1,239728,59.1191
chrUn_KI270510v1,133228,55.1669
chrUn_KI270509v1,28485,12.2886
chrUn_KI270518v1,17485,7.99863
chrUn_KI270508v1,64431,33.0246
chrUn_KI270516v1,59410,45.7
chrUn_KI270512v1,118466,5.2213
chrUn_KI270519v1,5883996,42.7405
chrUn_KI270522v1,151483,26.6977
chrUn_KI270511v1,400727,49.3081
chrUn_KI270515v1,388287,61.0418
chrUn_KI270507v1,351171,65.6027
chrUn_KI270517v1,302,0.0928374
chrUn_KI270529v1,57907,30.4934
chrUn_KI270528v1,23553,7.89574
chrUn_KI270530v1,18149,8.37131
chrUn_KI270539v1,12602,12.6908
chrUn_KI270538v1,6519780,102.469
chrUn_KI270544v1,101421,84.3769
chrUn_KI270548v1,0,0
chrUn_KI270583v1,6206,4.43286
chrUn_KI270587v1,379624,127.863
chrUn_KI270580v1,0,0
chrUn_KI270581v1,21330,3.02725
chrUn_KI270579v1,23586,0.76003
chrUn_KI270589v1,281364,7.94903
chrUn_KI270590v1,220146,46.9895
chrUn_KI270584v1,22250,4.9302
chrUn_KI270582v1,31048,4.77368
chrUn_KI270588v1,7319,1.18854
chrUn_KI270593v1,54009,17.7603
chrUn_KI270591v1,17466,3.01346
chrUn_KI270330v1,27929,16.9062
chrUn_KI270329v1,17480,16.8077
chrUn_KI270334v1,169,0.123538
chrUn_KI270333v1,872653,323.325
chrUn_KI270335v1,0,0
chrUn_KI270338v1,0,0
chrUn_KI270340v1,535,0.37465
chrUn_KI270336v1,242053,235.919
chrUn_KI270337v1,1126890,1005.25
chrUn_KI270363v1,45894,25.4542
chrUn_KI270364v1,16021,5.61156
chrUn_KI270362v1,90444,25.6215
chrUn_KI270366v1,113987,13.7004
chrUn_KI270378v1,1919,1.83111
chrUn_KI270379v1,0,0
chrUn_KI270389v1,9673,7.45223
chrUn_KI270390v1,18471,7.73816
chrUn_KI270387v1,4938,3.21275
chrUn_KI270395v1,17477,15.2905
chrUn_KI270396v1,73539,39.1165
chrUn_KI270388v1,805,0.662007
chrUn_KI270394v1,6188,6.37938
chrUn_KI270386v1,12005,6.71421
chrUn_KI270391v1,13928,9.38544
chrUn_KI270383v1,7040,4.02286
chrUn_KI270393v1,16625,12.7102
chrUn_KI270384v1,66889,40.3432
chrUn_KI270392v1,19616,20.2019
chrUn_KI270381v1,7140,3.69948
chrUn_KI270385v1,6095,6.15657
chrUn_KI270382v1,66384,15.7495
chrUn_KI270376v1,1192,1.0493
chrUn_KI270374v1,0,0
chrUn_KI270372v1,0,0
chrUn_KI270373v1,0,0
chrUn_KI270375v1,1203,0.505887
chrUn_KI270371v1,9681,3.45134
chrUn_KI270448v1,476046,59.5653
chrUn_KI270521v1,258401,33.8133
chrUn_GL000195v1,3720634,20.3429
chrUn_GL000219v1,2849831,15.9033
chrUn_GL000220v1,544064,3.36253
chrUn_GL000224v1,828313,4.6096
chrUn_KI270741v1,458168,2.94415
chrUn_GL000226v1,1518734,101.195
chrUn_GL000213v1,156418,0.95238
chrUn_KI270743v1,434902,2.06449
chrUn_KI270744v1,2918394,17.3227
chrUn_KI270745v1,894811,21.3605
chrUn_KI270746v1,844009,12.6945
chrUn_KI270747v1,982331,4.94292
chrUn_KI270748v1,912866,9.782
chrUn_KI270749v1,3977533,25.0539
chrUn_KI270750v1,934382,6.27734
chrUn_KI270751v1,53146,0.352563
chrUn_KI270752v1,96,0.00346008
chrUn_KI270753v1,28137,0.447016
chrUn_KI270754v1,1991536,49.5518
chrUn_KI270755v1,94350,2.56923
chrUn_KI270756v1,1022556,12.8585
chrUn_KI270757v1,655321,10.5952
chrUn_GL000214v1,293616,2.13201
chrUn_KI270742v1,71750,0.384226
chrUn_GL000216v2,1298019,7.35955
chrUn_GL000218v1,36209,0.224695
chr1_KI270762v1_alt,168875,0.5547
chr1_KI270766v1_alt,39478,0.154048
chr1_KI270760v1_alt,234609,2.142
chr1_KI270765v1_alt,624,0.00336778
chr1_GL383518v1_alt,11228,0.0615439
chr1_GL383519v1_alt,1200,0.0108826
chr1_GL383520v2_alt,240024,0.654766
chr1_KI270764v1_alt,82988,1.65124
chr1_KI270763v1_alt,165288,0.181305
chr1_KI270759v1_alt,81211,0.190815
chr1_KI270761v1_alt,74153,0.447152
chr2_KI270770v1_alt,115186,0.845464
chr2_KI270773v1_alt,18371,0.259159
chr2_KI270774v1_alt,18622,0.0832733
chr2_KI270769v1_alt,175,0.00145089
chr2_GL383521v1_alt,5922,0.0413
chr2_KI270772v1_alt,20979,0.157688
chr2_KI270775v1_alt,222614,1.61292
chr2_KI270771v1_alt,0,0
chr2_KI270768v1_alt,24167,0.219502
chr2_GL582966v2_alt,0,0
chr2_GL383522v1_alt,661246,5.34034
chr2_KI270776v1_alt,5086,0.029202
chr2_KI270767v1_alt,7261,0.0449381
chr3_JH636055v2_alt,453,0.00261621
chr3_KI270783v1_alt,94543,0.865881
chr3_KI270780v1_alt,11298,0.0504132
chr3_GL383526v1_alt,437834,2.42338
chr3_KI270777v1_alt,112340,0.646937
chr3_KI270778v1_alt,151,0.000608253
chr3_KI270781v1_alt,211459,1.87076
chr3_KI270779v1_alt,44753,0.217976
chr3_KI270782v1_alt,23895,0.14711
chr3_KI270784v1_alt,116,0.000629054
chr4_KI270790v1_alt,0,0
chr4_GL383528v1_alt,0,0
chr4_KI270787v1_alt,86851,0.77585
chr4_GL000257v2_alt,85,0.000144933
chr4_KI270788v1_alt,109423,0.688347
chr4_GL383527v1_alt,449902,2.73437
chr4_KI270785v1_alt,29,0.000241844
chr4_KI270789v1_alt,194866,0.946209
chr4_KI270786v1_alt,15996,0.0655316
chr5_KI270793v1_alt,5245,0.0415821
chr5_KI270792v1_alt,509,0.00284289
chr5_KI270791v1_alt,10212,0.0521792
chr5_GL383532v1_alt,325192,3.93086
chr5_GL949742v1_alt,324999,1.43265
chr5_KI270794v1_alt,74400,0.45212
chr5_GL339449v2_alt,303604,0.200673
chr5_GL383530v1_alt,599409,5.92062
chr5_KI270796v1_alt,725,0.00419784
chr5_GL383531v1_alt,143339,0.826357
chr5_KI270795v1_alt,147270,1.1166
chr6_GL000250v2_alt,27000,0.0113884
chr6_KI270800v1_alt,0,0
chr6_KI270799v1_alt,8693,0.0571352
chr6_GL383533v1_alt,1039503,8.33362
chr6_KI270801v1_alt,171624,0.19716
chr6_KI270802v1_alt,23644,0.315232
chr6_KB021644v2_alt,3377,0.0181732
chr6_KI270797v1_alt,23947,0.121229
chr6_KI270798v1_alt,64,0.000235483
chr7_KI270804v1_alt,13408,0.0848866
chr7_KI270809v1_alt,151,0.000720468
chr7_KI270806v1_alt,1113,0.00703691
chr7_GL383534v2_alt,0,0
chr7_KI270803v1_alt,1233658,1.10983
chr7_KI270808v1_alt,42737,0.157437
chr7_KI270807v1_alt,43253,0.342099
chr7_KI270805v1_alt,2884,0.0137341
chr8_KI270818v1_alt,6891,0.0473263
chr8_KI270812v1_alt,2657,0.00939746
chr8_KI270811v1_alt,9083,0.0310598
chr8_KI270821v1_alt,16175,0.0164129
chr8_KI270813v1_alt,381,0.00126903
chr8_KI270822v1_alt,0,0
chr8_KI270814v1_alt,302,0.00212958
chr8_KI270810v1_alt,145390,0.388312
chr8_KI270819v1_alt,293977,2.2015
chr8_KI270820v1_alt,121626,3.31949
chr8_KI270817v1_alt,99225,0.624123
chr8_KI270816v1_alt,25003,0.0817516
chr8_KI270815v1_alt,86522,0.65426
chr9_GL383539v1_alt,0,0
chr9_GL383540v1_alt,0,0
chr9_GL383541v1_alt,187,0.00109174
chr9_GL383542v1_alt,448468,7.47048
chr9_KI270823v1_alt,0,0
chr10_GL383545v1_alt,958678,5.34815
chr10_KI270824v1_alt,12021,0.0662329
chr10_GL383546v1_alt,9685,0.0312619
chr10_KI270825v1_alt,0,0
chr11_KI270832v1_alt,25555,0.121613
chr11_KI270830v1_alt,276227,1.55979
chr11_KI270831v1_alt,7511,0.0253011
chr11_KI270829v1_alt,0,0
chr11_GL383547v1_alt,184067,1.19209
chr11_JH159136v1_alt,236662,1.17743
chr11_JH159137v1_alt,392362,2.04986
chr11_KI270827v1_alt,161096,2.37931
chr11_KI270826v1_alt,0,0
chr12_GL877875v1_alt,524491,3.13479
chr12_GL877876v1_alt,7200,0.0176353
chr12_KI270837v1_alt,58,0.00144674
chr12_GL383549v1_alt,17987,0.148894
chr12_KI270835v1_alt,83530,0.350762
chr12_GL383550v2_alt,370141,2.18788
chr12_GL383552v1_alt,24,0.000173091
chr12_GL383553v2_alt,527,0.00344728
chr12_KI270834v1_alt,563,0.00471138
chr12_GL383551v1_alt,204,0.00110678
chr12_KI270833v1_alt,42893,0.563929
chr12_KI270836v1_alt,988,0.0176007
chr13_KI270840v1_alt,1562,0.00814883
chr13_KI270839v1_alt,153847,0.853255
chr13_KI270843v1_alt,88679,0.854062
chr13_KI270841v1_alt,127232,0.752256
chr13_KI270838v1_alt,4282,0.0139518
chr13_KI270842v1_alt,2477,0.0664307
chr14_KI270844v1_alt,75422,0.234109
chr14_KI270847v1_alt,0,0
chr14_KI270845v1_alt,0,0
chr14_KI270846v1_alt,62978,0.0466023
chr15_KI270852v1_alt,0,0
chr15_KI270851v1_alt,33110,0.125868
chr15_KI270848v1_alt,5769,0.0176216
chr15_GL383554v1_alt,0,0
chr15_KI270849v1_alt,1829,0.00746784
chr15_GL383555v2_alt,557796,1.43476
chr15_KI270850v1_alt,320917,0.744794
chr16_KI270854v1_alt,17331,0.12915
chr16_KI270856v1_alt,38810,0.606577
chr16_KI270855v1_alt,10937,0.0469687
chr16_KI270853v1_alt,3784099,1.42275
chr16_GL383556v1_alt,1892,0.00983051
chr16_GL383557v1_alt,218580,2.43755
chr17_GL383563v3_alt,134607,0.358292
chr17_KI270862v1_alt,12970,0.0331411
chr17_KI270861v1_alt,133,0.000676198
chr17_KI270857v1_alt,214366,0.0745083
chr17_JH159146v1_alt,2298,0.00826229
chr17_JH159147v1_alt,0,0
chr17_GL383564v2_alt,0,0
chr17_GL000258v2_alt,3728293,2.10401
chr17_GL383565v1_alt,5805,0.0259158
chr17_KI270858v1_alt,0,0
chr17_KI270859v1_alt,250646,2.30452
chr17_GL383566v1_alt,0,0
chr17_KI270860v1_alt,12986,0.0725795
chr18_KI270864v1_alt,88786,0.794598
chr18_GL383567v1_alt,798,0.00275333
chr18_GL383570v1_alt,42121,0.255606
chr18_GL383571v1_alt,707184,4.76931
chr18_GL383568v1_alt,311337,2.97782
chr18_GL383569v1_alt,1548,0.00921703
chr18_GL383572v1_alt,68659,0.430337
chr18_KI270863v1_alt,112517,0.669748
chr19_KI270868v1_alt,11948,0.19354
chr19_KI270865v1_alt,34939,0.659612
chr19_GL383573v1_alt,255214,0.661764
chr19_GL383575v2_alt,11404,0.0669949
chr19_GL383576v1_alt,137275,0.730093
chr19_GL383574v1_alt,311462,1.99829
chr19_KI270866v1_alt,93556,2.16786
chr19_KI270867v1_alt,38,0.000162558
chr19_GL949746v1_alt,2349,0.00266111
chr20_GL383577v2_alt,6109,0.0475831
chr20_KI270869v1_alt,4741,0.0399161
chr20_KI270871v1_alt,77353,1.31864
chr20_KI270870v1_alt,17257,0.0940779
chr21_GL383578v2_alt,494677,7.73937
chr21_KI270874v1_alt,112162,0.672664
chr21_KI270873v1_alt,151598,1.0535
chr21_GL383579v2_alt,3167,0.0157408
chr21_GL383580v2_alt,73632,0.986323
chr21_GL383581v2_alt,383684,3.28809
chr21_KI270872v1_alt,13300,0.160838
chr22_KI270875v1_alt,41,0.000157744
chr22_KI270878v1_alt,1108282,5.95012
chr22_KI270879v1_alt,1216335,3.99933
chr22_KI270876v1_alt,126306,0.479038
chr22_KI270877v1_alt,0,0
chr22_GL383583v2_alt,0,0
chr22_GL383582v2_alt,36,0.000221115
chrX_KI270880v1_alt,79294,0.278352
chrX_KI270881v1_alt,0,0
chr19_KI270882v1_alt,0,0
chr19_KI270883v1_alt,0,0
chr19_KI270884v1_alt,0,0
chr19_KI270885v1_alt,0,0
chr19_KI270886v1_alt,0,0
chr19_KI270887v1_alt,0,0
chr19_KI270888v1_alt,0,0
chr19_KI270889v1_alt,0,0
chr19_KI270890v1_alt,0,0
chr19_KI270891v1_alt,0,0
chr1_KI270892v1_alt,24867,0.153299
chr2_KI270894v1_alt,951922,4.44495
chr2_KI270893v1_alt,14114,0.0875461
chr3_KI270895v1_alt,134,0.000822611
chr4_KI270896v1_alt,15234,0.0402433
chr5_KI270897v1_alt,851,0.000777582
chr5_KI270898v1_alt,1327,0.0101331
chr6_GL000251v2_alt,29598,0.00617234
chr7_KI270899v1_alt,164865,0.86376
chr8_KI270901v1_alt,2047,0.0149461
chr8_KI270900v1_alt,3619,0.011356
chr11_KI270902v1_alt,260352,2.43979
chr11_KI270903v1_alt,7402,0.0344881
chr12_KI270904v1_alt,74706,0.130525
chr15_KI270906v1_alt,21449,0.10922
chr15_KI270905v1_alt,760716,0.159901
chr17_KI270907v1_alt,10482,0.0761104
chr17_KI270910v1_alt,453,0.00288353
chr17_KI270909v1_alt,0,0
chr17_JH159148v1_alt,0,0
chr17_KI270908v1_alt,2899,0.00203697
chr18_KI270912v1_alt,10069,0.0578475
chr18_KI270911v1_alt,36812,0.233416
chr19_GL949747v2_alt,2826,0.0042591
chr22_KB663609v1_alt,0,0
chrX_KI270913v1_alt,389,0.00141966
chr19_KI270914v1_alt,0,0
chr19_KI270915v1_alt,0,0
chr19_KI270916v1_alt,909,0.0049264
chr19_KI270917v1_alt,0,0
chr19_KI270918v1_alt,0,0
chr19_KI270919v1_alt,0,0
chr19_KI270920v1_alt,0,0
chr19_KI270921v1_alt,0,0
chr19_KI270922v1_alt,0,0
chr19_KI270923v1_alt,219,0.00115658
chr3_KI270924v1_alt,18806,0.112922
chr4_KI270925v1_alt,48067,0.0864827
chr6_GL000252v2_alt,133588,0.0318164
chr8_KI270926v1_alt,2061,0.00898893
chr11_KI270927v1_alt,55287,0.2529
chr19_GL949748v2_alt,167,0.000365184
chr22_KI270928v1_alt,0,0
chr19_KI270929v1_alt,0,0
chr19_KI270930v1_alt,0,0
chr19_KI270931v1_alt,0,0
chr19_KI270932v1_alt,0,0
chr19_KI270933v1_alt,0,0
chr19_GL000209v2_alt,0,0
chr3_KI270934v1_alt,0,0
chr6_GL000253v2_alt,13510,0.00329905
chr19_GL949749v2_alt,0,0
chr3_KI270935v1_alt,634,0.00321255
chr6_GL000254v2_alt,19701,0.00519908
chr19_GL949750v2_alt,0,0
chr3_KI270936v1_alt,0,0
chr6_GL000255v2_alt,198718,0.0463241
chr19_GL949751v2_alt,0,0
chr3_KI270937v1_alt,15666,0.0945975
chr6_GL000256v2_alt,952,0.000228065
chr19_GL949752v1_alt,11521,0.011731
chr6_KI270758v1_alt,0,0
chr19_GL949753v2_alt,755,0.00111607
chr19_KI270938v1_alt,22828,0.0213986
chrEBV,69,0.000401576
chrUn_KN707606v1_decoy,44191,20.0868
chrUn_KN707607v1_decoy,0,0
chrUn_KN707608v1_decoy,0,0
chrUn_KN707609v1_decoy,1339,0.815469
chrUn_KN707610v1_decoy,0,0
chrUn_KN707611v1_decoy,0,0
chrUn_KN707612v1_decoy,0,0
chrUn_KN707613v1_decoy,3297,2.03644
chrUn_KN707614v1_decoy,122182,39.1358
chrUn_KN707615v1_decoy,80781,41.7689
chrUn_KN707616v1_decoy,67529,21.7065
chrUn_KN707617v1_decoy,43460,17.0766
chrUn_KN707618v1_decoy,1313,0.572113
chrUn_KN707619v1_decoy,9443,6.08833
chrUn_KN707620v1_decoy,0,0
chrUn_KN707621v1_decoy,0,0
chrUn_KN707622v1_decoy,0,0
chrUn_KN707623v1_decoy,154471,40.8221
chrUn_KN707624v1_decoy,55,0.0413845
chrUn_KN707625v1_decoy,0,0
chrUn_KN707626v1_decoy,191366,34.0327
chrUn_KN707627v1_decoy,126800,21.7832
chrUn_KN707628v1_decoy,49582,16.7507
chrUn_KN707629v1_decoy,17250,9.33442
chrUn_KN707630v1_decoy,24237,10.4695
chrUn_KN707631v1_decoy,119117,61.2427
chrUn_KN707632v1_decoy,13788,9.68258
chrUn_KN707633v1_decoy,13868,10.8854
chrUn_KN707634v1_decoy,0,0
chrUn_KN707635v1_decoy,4341,3.07001
chrUn_KN707636v1_decoy,0,0
chrUn_KN707637v1_decoy,0,0
chrUn_KN707638v1_decoy,3622,1.65464
chrUn_KN707639v1_decoy,6219,4.80603
chrUn_KN707640v1_decoy,12282,6.70781
chrUn_KN707641v1_decoy,18167,11.0304
chrUn_KN707642v1_decoy,19887,6.75739
chrUn_KN707643v1_decoy,0,0
chrUn_KN707644v1_decoy,396,0.384466
chrUn_KN707645v1_decoy,0,0
chrUn_KN707646v1_decoy,302,0.174063
chrUn_KN707647v1_decoy,9979,5.03481
chrUn_KN707648v1_decoy,1443,0.922634
chrUn_KN707649v1_decoy,1907,1.07437
chrUn_KN707650v1_decoy,389,0.252597
chrUn_KN707651v1_decoy,0,0
chrUn_KN707652v1_decoy,0,0
chrUn_KN707653v1_decoy,0,0
chrUn_KN707654v1_decoy,36515,10.0206
chrUn_KN707655v1_decoy,93908,33.7192
chrUn_KN707656v1_decoy,17040,16.7552
chrUn_KN707657v1_decoy,24260,22.7154
chrUn_KN707658v1_decoy,41287,41
chrUn_KN707659v1_decoy,79383,30.4733
chrUn_KN707660v1_decoy,361744,43.0136
chrUn_KN707661v1_decoy,476873,86.1715
chrUn_KN707662v1_decoy,292,0.134376
chrUn_KN707663v1_decoy,11770,11.0516
chrUn_KN707664v1_decoy,302165,34.7996
chrUn_KN707665v1_decoy,79904,29.9266
chrUn_KN707666v1_decoy,85634,35.386
chrUn_KN707667v1_decoy,50242,22.952
chrUn_KN707668v1_decoy,55570,26.5504
chrUn_KN707669v1_decoy,20252,17.1047
chrUn_KN707670v1_decoy,72905,60.5021
chrUn_KN707671v1_decoy,101453,36.4153
chrUn_KN707672v1_decoy,126532,45.287
chrUn_KN707673v1_decoy,835752,42.7626
chrUn_KN707674v1_decoy,21154,7.42767
chrUn_KN707675v1_decoy,223047,21.1299
chrUn_KN707676v1_decoy,0,0
chrUn_KN707677v1_decoy,123359,16.9752
chrUn_KN707678v1_decoy,84052,34.1397
chrUn_KN707679v1_decoy,74532,42.0135
chrUn_KN707680v1_decoy,8173,6.30147
chrUn_KN707681v1_decoy,147284,33.6342
chrUn_KN707682v1_decoy,150596,35.788
chrUn_KN707683v1_decoy,0,0
chrUn_KN707684v1_decoy,0,0
chrUn_KN707685v1_decoy,154326,39.1889
chrUn_KN707686v1_decoy,93172,44.9672
chrUn_KN707687v1_decoy,38536,33.9225
chrUn_KN707688v1_decoy,159228,37.4831
chrUn_KN707689v1_decoy,88512,15.2004
chrUn_KN707690v1_decoy,148959,40.0966
chrUn_KN707691v1_decoy,194824,39.8821
chrUn_KN707692v1_decoy,85855,17.8381
chrUn_KN707693v1_decoy,110727,38.1949
chrUn_KN707694v1_decoy,4473,3.64251
chrUn_KN707695v1_decoy,137088,43.9525
chrUn_KN707696v1_decoy,165007,43.1053
chrUn_KN707697v1_decoy,27260,22.9848
chrUn_KN707698v1_decoy,0,0
chrUn_KN707699v1_decoy,55939,20.014
chrUn_KN707700v1_decoy,67495,18.2271
chrUn_KN707701v1_decoy,0,0
chrUn_KN707702v1_decoy,132546,20.4989
chrUn_KN707703v1_decoy,46045,20.6018
chrUn_KN707704v1_decoy,16682,5.81052
chrUn_KN707705v1_decoy,114261,24.6677
chrUn_KN707706v1_decoy,0,0
chrUn_KN707707v1_decoy,140953,32.4851
chrUn_KN707708v1_decoy,44861,19.4625
chrUn_KN707709v1_decoy,104202,31.8368
chrUn_KN707710v1_decoy,212970,37.3566
chrUn_KN707711v1_decoy,82626,19.8907
chrUn_KN707712v1_decoy,992,0.798069
chrUn_KN707713v1_decoy,45242,34.5887
chrUn_KN707714v1_decoy,97300,33.2991
chrUn_KN707715v1_decoy,123802,40.6708
chrUn_KN707716v1_decoy,111563,38.6298
chrUn_KN707717v1_decoy,71200,40.8726
chrUn_KN707718v1_decoy,0,0
chrUn_KN707719v1_decoy,100,0.030581
chrUn_KN707720v1_decoy,244870,40.6221
chrUn_KN707721v1_decoy,0,0
chrUn_KN707722v1_decoy,49755,17.2521
chrUn_KN707723v1_decoy,5003,4.45107
chrUn_KN707724v1_decoy,0,0
chrUn_KN707725v1_decoy,0,0
chrUn_KN707726v1_decoy,59,0.0274546
chrUn_KN707727v1_decoy,12881,4.89772
chrUn_KN707728v1_decoy,0,0
chrUn_KN707729v1_decoy,0,0
chrUn_KN707730v1_decoy,0,0
chrUn_KN707731v1_decoy,110393,22.9031
chrUn_KN707732v1_decoy,19619,15.9894
chrUn_KN707733v1_decoy,308729,41.1474
chrUn_KN707734v1_decoy,164869,17.0813
chrUn_KN707735v1_decoy,24020,22.0165
chrUn_KN707736v1_decoy,115610,46.8626
chrUn_KN707737v1_decoy,52652,41.4583
chrUn_KN707738v1_decoy,188951,43.2877
chrUn_KN707739v1_decoy,156660,36.5686
chrUn_KN707740v1_decoy,365885,35.585
chrUn_KN707741v1_decoy,211549,37.7699
chrUn_KN707742v1_decoy,196580,41.3157
chrUn_KN707743v1_decoy,62038,38.2007
chrUn_KN707744v1_decoy,74889,18.6106
chrUn_KN707745v1_decoy,14758,11.5658
chrUn_KN707746v1_decoy,91841,18.0683
chrUn_KN707747v1_decoy,37999,18.3128
chrUn_KN707748v1_decoy,0,0
chrUn_KN707749v1_decoy,246395,35.1491
chrUn_KN707750v1_decoy,189073,40.0748
chrUn_KN707751v1_decoy,28021,7.90214
chrUn_KN707752v1_decoy,91154,31.7278
chrUn_KN707753v1_decoy,106727,49.7794
chrUn_KN707754v1_decoy,86452,38.543
chrUn_KN707755v1_decoy,219725,41.1239
chrUn_KN707756v1_decoy,194466,39.8741
chrUn_KN707757v1_decoy,0,0
chrUn_KN707758v1_decoy,0,0
chrUn_KN707759v1_decoy,0,0
chrUn_KN707760v1_decoy,0,0
chrUn_KN707761v1_decoy,0,0
chrUn_KN707762v1_decoy,57941,16.7945
chrUn_KN707763v1_decoy,103907,38.8583
chrUn_KN707764v1_decoy,80326,20.5332
chrUn_KN707765v1_decoy,277164,46.0405
chrUn_KN707766v1_decoy,0,0
chrUn_KN707767v1_decoy,0,0
chrUn_KN707768v1_decoy,0,0
chrUn_KN707769v1_decoy,3166,1.98994
chrUn_KN707770v1_decoy,6053,5.00662
chrUn_KN707771v1_decoy,135869,42.7799
chrUn_KN707772v1_decoy,146,0.0163769
chrUn_KN707773v1_decoy,172959,35.2834
chrUn_KN707774v1_decoy,58144,17.4922
chrUn_KN707775v1_decoy,279058,46.5329
chrUn_KN707776v1_decoy,87,0.0332315
chrUn_KN707777v1_decoy,0,0
chrUn_KN707778v1_decoy,0,0
chrUn_KN707779v1_decoy,0,0
chrUn_KN707780v1_decoy,248009,43.5792
chrUn_KN707781v1_decoy,122836,45.2102
chrUn_KN707782v1_decoy,198763,37.6659
chrUn_KN707783v1_decoy,188038,42.9998
chrUn_KN707784v1_decoy,133601,41.4395
chrUn_KN707785v1_decoy,0,0
chrUn_KN707786v1_decoy,151,0.0280409
chrUn_KN707787v1_decoy,66213,18.0024
chrUn_KN707788v1_decoy,27238,19.2904
chrUn_KN707789v1_decoy,0,0
chrUn_KN707790v1_decoy,0,0
chrUn_KN707791v1_decoy,0,0
chrUn_KN707792v1_decoy,74635,38.9739
chrUn_KN707793v1_decoy,0,0
chrUn_KN707794v1_decoy,0,0
chrUn_KN707795v1_decoy,0,0
chrUn_KN707796v1_decoy,68093,19.6064
chrUn_KN707797v1_decoy,104020,24.5157
chrUn_KN707798v1_decoy,130362,7.40735
chrUn_KN707799v1_decoy,0,0
chrUn_KN707800v1_decoy,49159,21.9754
chrUn_KN707801v1_decoy,58420,20.1379
chrUn_KN707802v1_decoy,108169,40.5735
chrUn_KN707803v1_decoy,140297,26.2925
chrUn_KN707804v1_decoy,97559,22.2585
chrUn_KN707805v1_decoy,205420,37.7194
chrUn_KN707806v1_decoy,98,0.015675
chrUn_KN707807v1_decoy,232139,50.2901
chrUn_KN707808v1_decoy,123324,40.8222
chrUn_KN707809v1_decoy,107573,29.3354
chrUn_KN707810v1_decoy,0,0
chrUn_KN707811v1_decoy,38673,34.5295
chrUn_KN707812v1_decoy,70268,18.2752
chrUn_KN707813v1_decoy,40332,17.7518
chrUn_KN707814v1_decoy,96976,20.356
chrUn_KN707815v1_decoy,31282,5.78226
chrUn_KN707816v1_decoy,137319,19.2055
chrUn_KN707817v1_decoy,34311,19.4728
chrUn_KN707818v1_decoy,6965,5.77051
chrUn_KN707819v1_decoy,57476,43.1826
chrUn_KN707820v1_decoy,130215,15.6753
chrUn_KN707821v1_decoy,0,0
chrUn_KN707822v1_decoy,111784,43.4113
chrUn_KN707823v1_decoy,0,0
chrUn_KN707824v1_decoy,0,0
chrUn_KN707825v1_decoy,54830,18.0362
chrUn_KN707826v1_decoy,67396,32.5585
chrUn_KN707827v1_decoy,124237,42.6492
chrUn_KN707828v1_decoy,302,0.126413
chrUn_KN707829v1_decoy,46,0.0250681
chrUn_KN707830v1_decoy,0,0
chrUn_KN707831v1_decoy,43599,19.8087
chrUn_KN707832v1_decoy,23865,18.8656
chrUn_KN707833v1_decoy,0,0
chrUn_KN707834v1_decoy,45959,43.1945
chrUn_KN707835v1_decoy,78547,40.6558
chrUn_KN707836v1_decoy,60895,18.9527
chrUn_KN707837v1_decoy,0,0
chrUn_KN707838v1_decoy,0,0
chrUn_KN707839v1_decoy,0,0
chrUn_KN707840v1_decoy,146745,44.4951
chrUn_KN707841v1_decoy,0,0
chrUn_KN707842v1_decoy,276019,41.2092
chrUn_KN707843v1_decoy,0,0
chrUn_KN707844v1_decoy,42699,24.1784
chrUn_KN707845v1_decoy,161512,45.7282
chrUn_KN707846v1_decoy,34665,15.0914
chrUn_KN707847v1_decoy,18820,15.2512
chrUn_KN707848v1_decoy,53674,44.5427
chrUn_KN707849v1_decoy,64530,23.129
chrUn_KN707850v1_decoy,52529,26.1859
chrUn_KN707851v1_decoy,54,0.011757
chrUn_KN707852v1_decoy,19141,12.1222
chrUn_KN707853v1_decoy,422025,43.9747
chrUn_KN707854v1_decoy,171784,16.4371
chrUn_KN707855v1_decoy,63864,19.8397
chrUn_KN707856v1_decoy,84370,36.6826
chrUn_KN707857v1_decoy,257135,42.9632
chrUn_KN707858v1_decoy,0,0
chrUn_KN707859v1_decoy,25931,19.3515
chrUn_KN707860v1_decoy,582144,184.925
chrUn_KN707861v1_decoy,149965,66.8889
chrUn_KN707862v1_decoy,1111931,67.3367
chrUn_KN707863v1_decoy,429863,54.9627
chrUn_KN707864v1_decoy,666,0.308476
chrUn_KN707865v1_decoy,0,0
chrUn_KN707866v1_decoy,591,0.143831
chrUn_KN707867v1_decoy,1121,0.726036
chrUn_KN707868v1_decoy,9665,9.61692
chrUn_KN707869v1_decoy,0,0
chrUn_KN707870v1_decoy,2092,2.06719
chrUn_KN707871v1_decoy,281509,59.5408
chrUn_KN707872v1_decoy,144692,66.8323
chrUn_KN707873v1_decoy,245379,32.325
chrUn_KN707874v1_decoy,990,0.190311
chrUn_KN707875v1_decoy,373,0.087951
chrUn_KN707876v1_decoy,796,0.192689
chrUn_KN707877v1_decoy,0,0
chrUn_KN707878v1_decoy,27016,12.9573
chrUn_KN707879v1_decoy,9627,2.21514
chrUn_KN707880v1_decoy,3452,2.85762
chrUn_KN707881v1_decoy,0,0
chrUn_KN707882v1_decoy,416,0.150072
chrUn_KN707883v1_decoy,0,0
chrUn_KN707884v1_decoy,3790,0.829685
chrUn_KN707885v1_decoy,0,0
chrUn_KN707886v1_decoy,0,0
chrUn_KN707887v1_decoy,564,0.159593
chrUn_KN707888v1_decoy,5342,2.2038
chrUn_KN707889v1_decoy,0,0
chrUn_KN707890v1_decoy,263,0.241728
chrUn_KN707891v1_decoy,0,0
chrUn_KN707892v1_decoy,0,0
chrUn_KN707893v1_decoy,158183,19.6525
chrUn_KN707894v1_decoy,0,0
chrUn_KN707895v1_decoy,161358,37.6653
chrUn_KN707896v1_decoy,87653595,2646.15
chrUn_KN707897v1_decoy,95983,44.9148
chrUn_KN707898v1_decoy,53533,13.9409
chrUn_KN707899v1_decoy,46073,14.9248
chrUn_KN707900v1_decoy,24271,11.8917
chrUn_KN707901v1_decoy,56741,16.968
chrUn_KN707902v1_decoy,70645,24.1852
chrUn_KN707903v1_decoy,120956,18.3796
chrUn_KN707904v1_decoy,108208,27.2702
chrUn_KN707905v1_decoy,119623,51.1428
chrUn_KN707906v1_decoy,0,0
chrUn_KN707907v1_decoy,0,0
chrUn_KN707908v1_decoy,0,0
chrUn_KN707909v1_decoy,4942,2.84514
chrUn_KN707910v1_decoy,0,0
chrUn_KN707911v1_decoy,0,0
chrUn_KN707912v1_decoy,0,0
chrUn_KN707913v1_decoy,0,0
chrUn_KN707914v1_decoy,0,0
chrUn_KN707915v1_decoy,97956,38.7638
chrUn_KN707916v1_decoy,146123,44.6177
chrUn_KN707917v1_decoy,0,0
chrUn_KN707918v1_decoy,0,0
chrUn_KN707919v1_decoy,225306,46.4548
chrUn_KN707920v1_decoy,175317,48.9166
chrUn_KN707921v1_decoy,0,0
chrUn_KN707922v1_decoy,0,0
chrUn_KN707923v1_decoy,48625,34.5103
chrUn_KN707924v1_decoy,0,0
chrUn_KN707925v1_decoy,0,0
chrUn_KN707926v1_decoy,0,0
chrUn_KN707927v1_decoy,502,0.465246
chrUn_KN707928v1_decoy,0,0
chrUn_KN707929v1_decoy,0,0
chrUn_KN707930v1_decoy,0,0
chrUn_KN707931v1_decoy,0,0
chrUn_KN707932v1_decoy,19010,17.5369
chrUn_KN707933v1_decoy,71957,35.3077
chrUn_KN707934v1_decoy,36063,33.7037
chrUn_KN707935v1_decoy,23141,17.638
chrUn_KN707936v1_decoy,144283,35.7934
chrUn_KN707937v1_decoy,142925,19.1974
chrUn_KN707938v1_decoy,27820,15.7175
chrUn_KN707939v1_decoy,199708,35.6621
chrUn_KN707940v1_decoy,12987,6.90064
chrUn_KN707941v1_decoy,24863,21.2504
chrUn_KN707942v1_decoy,29054,22.3492
chrUn_KN707943v1_decoy,204145,38.3371
chrUn_KN707944v1_decoy,22851,11.185
chrUn_KN707945v1_decoy,2480,2.31343
chrUn_KN707946v1_decoy,23230,9.43159
chrUn_KN707947v1_decoy,10950,10.8416
chrUn_KN707948v1_decoy,33014,23.0545
chrUn_KN707949v1_decoy,934,0.803787
chrUn_KN707950v1_decoy,13562,12.3854
chrUn_KN707951v1_decoy,20424,18.2683
chrUn_KN707952v1_decoy,64986,46.9892
chrUn_KN707953v1_decoy,26399,11.533
chrUn_KN707954v1_decoy,52392,31.7913
chrUn_KN707955v1_decoy,94182,42.7517
chrUn_KN707956v1_decoy,441,0.134862
chrUn_KN707957v1_decoy,208721,18.1512
chrUn_KN707958v1_decoy,42595,17.2171
chrUn_KN707959v1_decoy,85720,37.367
chrUn_KN707960v1_decoy,42873,34.6309
chrUn_KN707961v1_decoy,139146,40.8053
chrUn_KN707962v1_decoy,53950,35.4235
chrUn_KN707963v1_decoy,3230094,51.308
chrUn_KN707964v1_decoy,234051,37.2574
chrUn_KN707965v1_decoy,123679,32.2417
chrUn_KN707966v1_decoy,367365,56.6397
chrUn_KN707967v1_decoy,721274,46.9335
chrUn_KN707968v1_decoy,467118,48.8005
chrUn_KN707969v1_decoy,325229,50.714
chrUn_KN707970v1_decoy,174076,42.4162
chrUn_KN707971v1_decoy,617159,47.6828
chrUn_KN707972v1_decoy,320510,68.9269
chrUn_KN707973v1_decoy,0,0
chrUn_KN707974v1_decoy,14315,4.56765
chrUn_KN707975v1_decoy,72564,11.6831
chrUn_KN707976v1_decoy,8075,7.1714
chrUn_KN707977v1_decoy,0,0
chrUn_KN707978v1_decoy,49133,44.6258
chrUn_KN707979v1_decoy,95835,36.1915
chrUn_KN707980v1_decoy,143813,48.373
chrUn_KN707981v1_decoy,17114,6.79127
chrUn_KN707982v1_decoy,97752,42.1708
chrUn_KN707983v1_decoy,53465,20.5161
chrUn_KN707984v1_decoy,47290,21.4467
chrUn_KN707985v1_decoy,102283,34.9208
chrUn_KN707986v1_decoy,118981,30.7524
chrUn_KN707987v1_decoy,35258,31.5649
chrUn_KN707988v1_decoy,119374,40.3291
chrUn_KN707989v1_decoy,34801,34.4906
chrUn_KN707990v1_decoy,153932,38.0267
chrUn_KN707991v1_decoy,75237,34.3078
chrUn_KN707992v1_decoy,58335,31.877
chrUn_JTFH01000001v1_decoy,1073975,42.7215
chrUn_JTFH01000002v1_decoy,745204,40.2117
chrUn_JTFH01000003v1_decoy,649109,42.5925
chrUn_JTFH01000004v1_decoy,607962,44.2508
chrUn_JTFH01000005v1_decoy,232673,20.596
chrUn_JTFH01000006v1_decoy,186060,18.4693
chrUn_JTFH01000007v1_decoy,17246,1.74361
chrUn_JTFH01000008v1_decoy,339494,34.7344
chrUn_JTFH01000009v1_decoy,13486,1.38645
chrUn_JTFH01000010v1_decoy,346009,36.9747
chrUn_JTFH01000011v1_decoy,0,0
chrUn_JTFH01000012v1_decoy,0,0
chrUn_JTFH01000013v1_decoy,193155,23.2381
chrUn_JTFH01000014v1_decoy,0,0
chrUn_JTFH01000015v1_decoy,0,0
chrUn_JTFH01000016v1_decoy,148666,18.4655
chrUn_JTFH01000017v1_decoy,324111,41.3829
chrUn_JTFH01000018v1_decoy,186421,24.1791
chrUn_JTFH01000019v1_decoy,0,0
chrUn_JTFH01000020v1_decoy,321609,43.0016
chrUn_JTFH01000021v1_decoy,0,0
chrUn_JTFH01000022v1_decoy,298573,41.6885
chrUn_JTFH01000023v1_decoy,323349,45.7677
chrUn_JTFH01000024v1_decoy,0,0
chrUn_JTFH01000025v1_decoy,51,0.00728884
chrUn_JTFH01000026v1_decoy,114896,16.4278
chrUn_JTFH01000027v1_decoy,0,0
chrUn_JTFH01000028v1_decoy,136,0.0200088
chrUn_JTFH01000029v1_decoy,59111,9.05916
chrUn_JTFH01000030v1_decoy,235469,37.6992
chrUn_JTFH01000031v1_decoy,233201,39.3522
chrUn_JTFH01000032v1_decoy,0,0
chrUn_JTFH01000033v1_decoy,202108,34.2672
chrUn_JTFH01000034v1_decoy,0,0
chrUn_JTFH01000035v1_decoy,0,0
chrUn_JTFH01000036v1_decoy,0,0
chrUn_JTFH01000037v1_decoy,0,0
chrUn_JTFH01000038v1_decoy,0,0
chrUn_JTFH01000039v1_decoy,0,0
chrUn_JTFH01000040v1_decoy,0,0
chrUn_JTFH01000041v1_decoy,47081,9.1991
chrUn_JTFH01000042v1_decoy,0,0
chrUn_JTFH01000043v1_decoy,0,0
chrUn_JTFH01000044v1_decoy,188026,38.7443
chrUn_JTFH01000045v1_decoy,192474,39.8662
chrUn_JTFH01000046v1_decoy,0,0
chrUn_JTFH01000047v1_decoy,0,0
chrUn_JTFH01000048v1_decoy,205816,43.6977
chrUn_JTFH01000049v1_decoy,0,0
chrUn_JTFH01000050v1_decoy,185,0.0398278
chrUn_JTFH01000051v1_decoy,0,0
chrUn_JTFH01000052v1_decoy,60007,13.5181
chrUn_JTFH01000053v1_decoy,0,0
chrUn_JTFH01000054v1_decoy,122740,27.8385
chrUn_JTFH01000055v1_decoy,0,0
chrUn_JTFH01000056v1_decoy,0,0
chrUn_JTFH01000057v1_decoy,0,0
chrUn_JTFH01000058v1_decoy,37712,8.79068
chrUn_JTFH01000059v1_decoy,160041,37.7277
chrUn_JTFH01000060v1_decoy,189399,44.7964
chrUn_JTFH01000061v1_decoy,165118,39.109
chrUn_JTFH01000062v1_decoy,0,0
chrUn_JTFH01000063v1_decoy,158836,37.7283
chrUn_JTFH01000064v1_decoy,99663,23.6954
chrUn_JTFH01000065v1_decoy,0,0
chrUn_JTFH01000066v1_decoy,173258,42.2477
chrUn_JTFH01000067v1_decoy,0,0
chrUn_JTFH01000068v1_decoy,39756,10.0217
chrUn_JTFH01000069v1_decoy,0,0
chrUn_JTFH01000070v1_decoy,0,0
chrUn_JTFH01000071v1_decoy,2723,0.692875
chrUn_JTFH01000072v1_decoy,6879,1.75083
chrUn_JTFH01000073v1_decoy,0,0
chrUn_JTFH01000074v1_decoy,196761,50.2069
chrUn_JTFH01000075v1_decoy,0,0
chrUn_JTFH01000076v1_decoy,72586,18.6501
chrUn_JTFH01000077v1_decoy,0,0
chrUn_JTFH01000078v1_decoy,61812,16.0176
chrUn_JTFH01000079v1_decoy,135055,35.1157
chrUn_JTFH01000080v1_decoy,0,0
chrUn_JTFH01000081v1_decoy,69191,18.0655
chrUn_JTFH01000082v1_decoy,0,0
chrUn_JTFH01000083v1_decoy,0,0
chrUn_JTFH01000084v1_decoy,0,0
chrUn_JTFH01000085v1_decoy,0,0
chrUn_JTFH01000086v1_decoy,0,0
chrUn_JTFH01000087v1_decoy,67454,17.7557
chrUn_JTFH01000088v1_decoy,0,0
chrUn_JTFH01000089v1_decoy,34324,9.27425
chrUn_JTFH01000090v1_decoy,125,0.0338021
chrUn_JTFH01000091v1_decoy,245,0.0663597
chrUn_JTFH01000092v1_decoy,276,0.0748779
chrUn_JTFH01000093v1_decoy,63841,17.3623
chrUn_JTFH01000094v1_decoy,78554,21.4394
chrUn_JTFH01000095v1_decoy,0,0
chrUn_JTFH01000096v1_decoy,10851,3.00498
chrUn_JTFH01000097v1_decoy,140434,38.9445
chrUn_JTFH01000098v1_decoy,0,0
chrUn_JTFH01000099v1_decoy,0,0
chrUn_JTFH01000100v1_decoy,0,0
chrUn_JTFH01000101v1_decoy,5396,1.52948
chrUn_JTFH01000102v1_decoy,11897,3.37312
chrUn_JTFH01000103v1_decoy,150926,43.1711
chrUn_JTFH01000104v1_decoy,0,0
chrUn_JTFH01000105v1_decoy,114957,32.9957
chrUn_JTFH01000106v1_decoy,65427,19.0472
chrUn_JTFH01000107v1_decoy,156076,46.0265
chrUn_JTFH01000108v1_decoy,0,0
chrUn_JTFH01000109v1_decoy,69095,20.4969
chrUn_JTFH01000110v1_decoy,54277,16.1491
chrUn_JTFH01000111v1_decoy,22546,6.72814
chrUn_JTFH01000112v1_decoy,0,0
chrUn_JTFH01000113v1_decoy,119058,35.8608
chrUn_JTFH01000114v1_decoy,121780,37.1054
chrUn_JTFH01000115v1_decoy,104153,31.7733
chrUn_JTFH01000116v1_decoy,1360,0.417178
chrUn_JTFH01000117v1_decoy,76375,23.4423
chrUn_JTFH01000118v1_decoy,20076,6.17153
chrUn_JTFH01000119v1_decoy,717,0.220819
chrUn_JTFH01000120v1_decoy,0,0
chrUn_JTFH01000121v1_decoy,0,0
chrUn_JTFH01000122v1_decoy,0,0
chrUn_JTFH01000123v1_decoy,15193,4.73007
chrUn_JTFH01000124v1_decoy,18337,5.74108
chrUn_JTFH01000125v1_decoy,137349,43.0696
chrUn_JTFH01000126v1_decoy,0,0
chrUn_JTFH01000127v1_decoy,0,0
chrUn_JTFH01000128v1_decoy,42,0.0132367
chrUn_JTFH01000129v1_decoy,10317,3.25457
chrUn_JTFH01000130v1_decoy,0,0
chrUn_JTFH01000131v1_decoy,0,0
chrUn_JTFH01000132v1_decoy,0,0
chrUn_JTFH01000133v1_decoy,0,0
chrUn_JTFH01000134v1_decoy,0,0
chrUn_JTFH01000135v1_decoy,12646,4.07147
chrUn_JTFH01000136v1_decoy,230,0.0743615
chrUn_JTFH01000137v1_decoy,9436,3.06463
chrUn_JTFH01000138v1_decoy,0,0
chrUn_JTFH01000139v1_decoy,0,0
chrUn_JTFH01000140v1_decoy,4989,1.65473
chrUn_JTFH01000141v1_decoy,0,0
chrUn_JTFH01000142v1_decoy,27563,9.16019
chrUn_JTFH01000143v1_decoy,0,0
chrUn_JTFH01000144v1_decoy,975,0.325325
chrUn_JTFH01000145v1_decoy,2713,0.909487
chrUn_JTFH01000146v1_decoy,93,0.0312185
chrUn_JTFH01000147v1_decoy,0,0
chrUn_JTFH01000148v1_decoy,0,0
chrUn_JTFH01000149v1_decoy,0,0
chrUn_JTFH01000150v1_decoy,107376,36.3494
chrUn_JTFH01000151v1_decoy,647,0.219173
chrUn_JTFH01000152v1_decoy,90648,30.8957
chrUn_JTFH01000153v1_decoy,64413,22.0744
chrUn_JTFH01000154v1_decoy,14725,5.08636
chrUn_JTFH01000155v1_decoy,163616,56.6734
chrUn_JTFH01000156v1_decoy,94257,32.7395
chrUn_JTFH01000157v1_decoy,116945,40.6341
chrUn_JTFH01000158v1_decoy,0,0
chrUn_JTFH01000159v1_decoy,61985,21.6126
chrUn_JTFH01000160v1_decoy,0,0
chrUn_JTFH01000161v1_decoy,104933,36.6258
chrUn_JTFH01000162v1_decoy,101108,35.3031
chrUn_JTFH01000163v1_decoy,132197,46.2389
chrUn_JTFH01000164v1_decoy,167835,58.8069
chrUn_JTFH01000165v1_decoy,108115,38.2032
chrUn_JTFH01000166v1_decoy,0,0
chrUn_JTFH01000167v1_decoy,98903,35.0223
chrUn_JTFH01000168v1_decoy,121262,43.016
chrUn_JTFH01000169v1_decoy,3417,1.21472
chrUn_JTFH01000170v1_decoy,0,0
chrUn_JTFH01000171v1_decoy,0,0
chrUn_JTFH01000172v1_decoy,0,0
chrUn_JTFH01000173v1_decoy,50,0.0179662
chrUn_JTFH01000174v1_decoy,15803,5.68862
chrUn_JTFH01000175v1_decoy,0,0
chrUn_JTFH01000176v1_decoy,0,0
chrUn_JTFH01000177v1_decoy,103,0.0371975
chrUn_JTFH01000178v1_decoy,137783,49.7951
chrUn_JTFH01000179v1_decoy,288,0.104235
chrUn_JTFH01000180v1_decoy,45864,16.7082
chrUn_JTFH01000181v1_decoy,0,0
chrUn_JTFH01000182v1_decoy,14145,5.16996
chrUn_JTFH01000183v1_decoy,30048,11.0106
chrUn_JTFH01000184v1_decoy,577,0.211665
chrUn_JTFH01000185v1_decoy,0,0
chrUn_JTFH01000186v1_decoy,0,0
chrUn_JTFH01000187v1_decoy,43328,16
chrUn_JTFH01000188v1_decoy,58464,21.6213
chrUn_JTFH01000189v1_decoy,0,0
chrUn_JTFH01000190v1_decoy,32525,12.0866
chrUn_JTFH01000191v1_decoy,0,0
chrUn_JTFH01000192v1_decoy,47792,17.7864
chrUn_JTFH01000193v1_decoy,0,0
chrUn_JTFH01000194v1_decoy,250,0.0937032
chrUn_JTFH01000195v1_decoy,97297,36.4681
chrUn_JTFH01000196v1_decoy,208480,78.2876
chrUn_JTFH01000197v1_decoy,0,0
chrUn_JTFH01000198v1_decoy,0,0
chrUn_JTFH01000199v1_decoy,55589,21.0405
chrUn_JTFH01000200v1_decoy,0,0
chrUn_JTFH01000201v1_decoy,0,0
chrUn_JTFH01000202v1_decoy,0,0
chrUn_JTFH01000203v1_decoy,43610,16.626
chrUn_JTFH01000204v1_decoy,0,0
chrUn_JTFH01000205v1_decoy,0,0
chrUn_JTFH01000206v1_decoy,0,0
chrUn_JTFH01000207v1_decoy,0,0
chrUn_JTFH01000208v1_decoy,114249,43.925
chrUn_JTFH01000209v1_decoy,0,0
chrUn_JTFH01000210v1_decoy,0,0
chrUn_JTFH01000211v1_decoy,0,0
chrUn_JTFH01000212v1_decoy,4815,1.85621
chrUn_JTFH01000213v1_decoy,0,0
chrUn_JTFH01000214v1_decoy,0,0
chrUn_JTFH01000215v1_decoy,112968,43.7352
chrUn_JTFH01000216v1_decoy,84349,32.7188
chrUn_JTFH01000217v1_decoy,0,0
chrUn_JTFH01000218v1_decoy,9160,3.56559
chrUn_JTFH01000219v1_decoy,0,0
chrUn_JTFH01000220v1_decoy,0,0
chrUn_JTFH01000221v1_decoy,0,0
chrUn_JTFH01000222v1_decoy,0,0
chrUn_JTFH01000223v1_decoy,0,0
chrUn_JTFH01000224v1_decoy,0,0
chrUn_JTFH01000225v1_decoy,63780,25.1796
chrUn_JTFH01000226v1_decoy,0,0
chrUn_JTFH01000227v1_decoy,447,0.17724
chrUn_JTFH01000228v1_decoy,83422,33.1698
chrUn_JTFH01000229v1_decoy,0,0
chrUn_JTFH01000230v1_decoy,205,0.081771
chrUn_JTFH01000231v1_decoy,242,0.0966454
chrUn_JTFH01000232v1_decoy,30,0.0120144
chrUn_JTFH01000233v1_decoy,0,0
chrUn_JTFH01000234v1_decoy,151810,61.5862
chrUn_JTFH01000235v1_decoy,0,0
chrUn_JTFH01000236v1_decoy,7605,3.09272
chrUn_JTFH01000237v1_decoy,0,0
chrUn_JTFH01000238v1_decoy,0,0
chrUn_JTFH01000239v1_decoy,0,0
chrUn_JTFH01000240v1_decoy,0,0
chrUn_JTFH01000241v1_decoy,6609,2.71752
chrUn_JTFH01000242v1_decoy,2570,1.05892
chrUn_JTFH01000243v1_decoy,74421,30.7398
chrUn_JTFH01000244v1_decoy,44411,18.3517
chrUn_JTFH01000245v1_decoy,99929,41.3956
chrUn_JTFH01000246v1_decoy,91041,37.8706
chrUn_JTFH01000247v1_decoy,127,0.0528506
chrUn_JTFH01000248v1_decoy,104588,43.542
chrUn_JTFH01000249v1_decoy,41029,17.1168
chrUn_JTFH01000250v1_decoy,0,0
chrUn_JTFH01000251v1_decoy,81,0.0338346
chrUn_JTFH01000252v1_decoy,0,0
chrUn_JTFH01000253v1_decoy,77257,32.4337
chrUn_JTFH01000254v1_decoy,24876,10.4477
chrUn_JTFH01000255v1_decoy,0,0
chrUn_JTFH01000256v1_decoy,43854,18.5194
chrUn_JTFH01000257v1_decoy,1439,0.608714
chrUn_JTFH01000258v1_decoy,3836,1.62336
chrUn_JTFH01000259v1_decoy,0,0
chrUn_JTFH01000260v1_decoy,102363,43.7636
chrUn_JTFH01000261v1_decoy,0,0
chrUn_JTFH01000262v1_decoy,0,0
chrUn_JTFH01000263v1_decoy,39402,16.9035
chrUn_JTFH01000264v1_decoy,1222,0.524464
chrUn_JTFH01000265v1_decoy,0,0
chrUn_JTFH01000266v1_decoy,0,0
chrUn_JTFH01000267v1_decoy,48057,20.7679
chrUn_JTFH01000268v1_decoy,0,0
chrUn_JTFH01000269v1_decoy,50198,21.7684
chrUn_JTFH01000270v1_decoy,0,0
chrUn_JTFH01000271v1_decoy,80817,35.3376
chrUn_JTFH01000272v1_decoy,25427,11.1571
chrUn_JTFH01000273v1_decoy,150868,66.2865
chrUn_JTFH01000274v1_decoy,37595,16.5398
chrUn_JTFH01000275v1_decoy,0,0
chrUn_JTFH01000276v1_decoy,171,0.0758651
chrUn_JTFH01000277v1_decoy,0,0
chrUn_JTFH01000278v1_decoy,0,0
chrUn_JTFH01000279v1_decoy,0,0
chrUn_JTFH01000280v1_decoy,42703,19.2096
chrUn_JTFH01000281v1_decoy,65170,29.3559
chrUn_JTFH01000282v1_decoy,0,0
chrUn_JTFH01000283v1_decoy,41860,18.8984
chrUn_JTFH01000284v1_decoy,0,0
chrUn_JTFH01000285v1_decoy,63394,28.7762
chrUn_JTFH01000286v1_decoy,0,0
chrUn_JTFH01000287v1_decoy,41,0.0186618
chrUn_JTFH01000288v1_decoy,117111,53.3778
chrUn_JTFH01000289v1_decoy,0,0
chrUn_JTFH01000290v1_decoy,84745,38.8917
chrUn_JTFH01000291v1_decoy,75254,34.5678
chrUn_JTFH01000292v1_decoy,73273,33.6578
chrUn_JTFH01000293v1_decoy,0,0
chrUn_JTFH01000294v1_decoy,0,0
chrUn_JTFH01000295v1_decoy,51,0.0236111
chrUn_JTFH01000296v1_decoy,0,0
chrUn_JTFH01000297v1_decoy,153886,71.7752
chrUn_JTFH01000298v1_decoy,85776,40.0261
chrUn_JTFH01000299v1_decoy,88139,41.2636
chrUn_JTFH01000300v1_decoy,29,0.0135895
chrUn_JTFH01000301v1_decoy,40527,19.0357
chrUn_JTFH01000302v1_decoy,33444,15.7162
chrUn_JTFH01000303v1_decoy,89728,42.2249
chrUn_JTFH01000304v1_decoy,2656,1.24988
chrUn_JTFH01000305v1_decoy,0,0
chrUn_JTFH01000306v1_decoy,91120,43.1644
chrUn_JTFH01000307v1_decoy,34198,16.2384
chrUn_JTFH01000308v1_decoy,70247,33.5468
chrUn_JTFH01000309v1_decoy,0,0
chrUn_JTFH01000310v1_decoy,0,0
chrUn_JTFH01000311v1_decoy,119,0.057047
chrUn_JTFH01000312v1_decoy,46111,22.105
chrUn_JTFH01000313v1_decoy,0,0
chrUn_JTFH01000314v1_decoy,0,0
chrUn_JTFH01000315v1_decoy,33933,16.3218
chrUn_JTFH01000316v1_decoy,77018,37.0992
chrUn_JTFH01000317v1_decoy,50621,24.4428
chrUn_JTFH01000318v1_decoy,76699,37.1244
chrUn_JTFH01000319v1_decoy,57319,27.8113
chrUn_JTFH01000320v1_decoy,0,0
chrUn_JTFH01000321v1_decoy,130,0.063322
chrUn_JTFH01000322v1_decoy,0,0
chrUn_JTFH01000323v1_decoy,75541,37.1027
chrUn_JTFH01000324v1_decoy,29664,14.5769
chrUn_JTFH01000325v1_decoy,66969,32.9248
chrUn_JTFH01000326v1_decoy,45380,22.3327
chrUn_JTFH01000327v1_decoy,0,0
chrUn_JTFH01000328v1_decoy,0,0
chrUn_JTFH01000329v1_decoy,11031,5.45819
chrUn_JTFH01000330v1_decoy,0,0
chrUn_JTFH01000331v1_decoy,45659,22.6596
chrUn_JTFH01000332v1_decoy,90400,44.9975
chrUn_JTFH01000333v1_decoy,707,0.352267
chrUn_JTFH01000334v1_decoy,57061,28.4594
chrUn_JTFH01000335v1_decoy,37898,18.9206
chrUn_JTFH01000336v1_decoy,42721,21.3498
chrUn_JTFH01000337v1_decoy,70494,35.2294
chrUn_JTFH01000338v1_decoy,0,0
chrUn_JTFH01000339v1_decoy,77171,38.6628
chrUn_JTFH01000340v1_decoy,0,0
chrUn_JTFH01000341v1_decoy,75360,37.9647
chrUn_JTFH01000342v1_decoy,35826,18.0848
chrUn_JTFH01000343v1_decoy,2718,1.37481
chrUn_JTFH01000344v1_decoy,99598,50.5317
chrUn_JTFH01000345v1_decoy,0,0
chrUn_JTFH01000346v1_decoy,40920,20.8563
chrUn_JTFH01000347v1_decoy,0,0
chrUn_JTFH01000348v1_decoy,48223,24.6036
chrUn_JTFH01000349v1_decoy,797,0.406633
chrUn_JTFH01000350v1_decoy,76937,39.3741
chrUn_JTFH01000351v1_decoy,36631,18.7659
chrUn_JTFH01000352v1_decoy,82136,42.1859
chrUn_JTFH01000353v1_decoy,38619,19.8657
chrUn_JTFH01000354v1_decoy,0,0
chrUn_JTFH01000355v1_decoy,0,0
chrUn_JTFH01000356v1_decoy,0,0
chrUn_JTFH01000357v1_decoy,93348,48.2668
chrUn_JTFH01000358v1_decoy,84495,43.8025
chrUn_JTFH01000359v1_decoy,0,0
chrUn_JTFH01000360v1_decoy,91298,47.4522
chrUn_JTFH01000361v1_decoy,300,0.156006
chrUn_JTFH01000362v1_decoy,0,0
chrUn_JTFH01000363v1_decoy,0,0
chrUn_JTFH01000364v1_decoy,0,0
chrUn_JTFH01000365v1_decoy,0,0
chrUn_JTFH01000366v1_decoy,34341,17.942
chrUn_JTFH01000367v1_decoy,0,0
chrUn_JTFH01000368v1_decoy,82487,43.1869
chrUn_JTFH01000369v1_decoy,40055,21.0042
chrUn_JTFH01000370v1_decoy,0,0
chrUn_JTFH01000371v1_decoy,39911,21.039
chrUn_JTFH01000372v1_decoy,39053,20.652
chrUn_JTFH01000373v1_decoy,0,0
chrUn_JTFH01000374v1_decoy,0,0
chrUn_JTFH01000375v1_decoy,0,0
chrUn_JTFH01000376v1_decoy,72693,38.5639
chrUn_JTFH01000377v1_decoy,18352,9.75651
chrUn_JTFH01000378v1_decoy,0,0
chrUn_JTFH01000379v1_decoy,78065,41.5903
chrUn_JTFH01000380v1_decoy,100797,53.7297
chrUn_JTFH01000381v1_decoy,76684,40.8763
chrUn_JTFH01000382v1_decoy,0,0
chrUn_JTFH01000383v1_decoy,0,0
chrUn_JTFH01000384v1_decoy,38381,20.5356
chrUn_JTFH01000385v1_decoy,0,0
chrUn_JTFH01000386v1_decoy,1052,0.564075
chrUn_JTFH01000387v1_decoy,0,0
chrUn_JTFH01000388v1_decoy,0,0
chrUn_JTFH01000389v1_decoy,0,0
chrUn_JTFH01000390v1_decoy,0,0
chrUn_JTFH01000391v1_decoy,0,0
chrUn_JTFH01000392v1_decoy,3161,1.70312
chrUn_JTFH01000393v1_decoy,4727,2.54688
chrUn_JTFH01000394v1_decoy,85681,46.2141
chrUn_JTFH01000395v1_decoy,21069,11.3886
chrUn_JTFH01000396v1_decoy,32591,17.6263
chrUn_JTFH01000397v1_decoy,0,0
chrUn_JTFH01000398v1_decoy,0,0
chrUn_JTFH01000399v1_decoy,69617,37.8559
chrUn_JTFH01000400v1_decoy,33121,18.0594
chrUn_JTFH01000401v1_decoy,11839,6.50137
chrUn_JTFH01000402v1_decoy,30675,16.9008
chrUn_JTFH01000403v1_decoy,37387,20.6444
chrUn_JTFH01000404v1_decoy,0,0
chrUn_JTFH01000405v1_decoy,32657,18.0625
chrUn_JTFH01000406v1_decoy,0,0
chrUn_JTFH01000407v1_decoy,0,0
chrUn_JTFH01000408v1_decoy,0,0
chrUn_JTFH01000409v1_decoy,35424,19.6691
chrUn_JTFH01000410v1_decoy,67539,37.5217
chrUn_JTFH01000411v1_decoy,189847,105.764
chrUn_JTFH01000412v1_decoy,97330,54.2531
chrUn_JTFH01000413v1_decoy,0,0
chrUn_JTFH01000414v1_decoy,138,0.0771812
chrUn_JTFH01000415v1_decoy,0,0
chrUn_JTFH01000416v1_decoy,0,0
chrUn_JTFH01000417v1_decoy,0,0
chrUn_JTFH01000418v1_decoy,32544,18.2729
chrUn_JTFH01000419v1_decoy,20706,11.6261
chrUn_JTFH01000420v1_decoy,31636,17.783
chrUn_JTFH01000421v1_decoy,0,0
chrUn_JTFH01000422v1_decoy,0,0
chrUn_JTFH01000423v1_decoy,604,0.342792
chrUn_JTFH01000424v1_decoy,73396,41.8211
chrUn_JTFH01000425v1_decoy,7118,4.06975
chrUn_JTFH01000426v1_decoy,88304,50.5461
chrUn_JTFH01000427v1_decoy,93739,53.6879
chrUn_JTFH01000428v1_decoy,0,0
chrUn_JTFH01000429v1_decoy,5664,3.24771
chrUn_JTFH01000430v1_decoy,1004,0.576349
chrUn_JTFH01000431v1_decoy,25,0.0143678
chrUn_JTFH01000432v1_decoy,34253,19.6856
chrUn_JTFH01000433v1_decoy,0,0
chrUn_JTFH01000434v1_decoy,85029,49.0081
chrUn_JTFH01000435v1_decoy,74545,43.0398
chrUn_JTFH01000436v1_decoy,0,0
chrUn_JTFH01000437v1_decoy,58016,33.5353
chrUn_JTFH01000438v1_decoy,26948,15.6039
chrUn_JTFH01000439v1_decoy,35093,20.3792
chrUn_JTFH01000440v1_decoy,0,0
chrUn_JTFH01000441v1_decoy,30411,17.722
chrUn_JTFH01000442v1_decoy,1243,0.726901
chrUn_JTFH01000443v1_decoy,0,0
chrUn_JTFH01000444v1_decoy,67471,39.5261
chrUn_JTFH01000445v1_decoy,36091,21.1553
chrUn_JTFH01000446v1_decoy,0,0
chrUn_JTFH01000447v1_decoy,23688,13.9014
chrUn_JTFH01000448v1_decoy,0,0
chrUn_JTFH01000449v1_decoy,70102,41.285
chrUn_JTFH01000450v1_decoy,0,0
chrUn_JTFH01000451v1_decoy,126126,74.3229
chrUn_JTFH01000452v1_decoy,27869,16.4419
chrUn_JTFH01000453v1_decoy,0,0
chrUn_JTFH01000454v1_decoy,33600,19.8464
chrUn_JTFH01000455v1_decoy,35377,20.9704
chrUn_JTFH01000456v1_decoy,43376,25.7272
chrUn_JTFH01000457v1_decoy,1154,0.686905
chrUn_JTFH01000458v1_decoy,101127,60.2305
chrUn_JTFH01000459v1_decoy,21481,12.7939
chrUn_JTFH01000460v1_decoy,56568,33.7116
chrUn_JTFH01000461v1_decoy,7400,4.42055
chrUn_JTFH01000462v1_decoy,0,0
chrUn_JTFH01000463v1_decoy,0,0
chrUn_JTFH01000464v1_decoy,17108,10.2504
chrUn_JTFH01000465v1_decoy,67521,40.5532
chrUn_JTFH01000466v1_decoy,113621,68.3229
chrUn_JTFH01000467v1_decoy,49669,29.9753
chrUn_JTFH01000468v1_decoy,0,0
chrUn_JTFH01000469v1_decoy,44,0.0266344
chrUn_JTFH01000470v1_decoy,0,0
chrUn_JTFH01000471v1_decoy,7292,4.42207
chrUn_JTFH01000472v1_decoy,0,0
chrUn_JTFH01000473v1_decoy,36018,21.9622
chrUn_JTFH01000474v1_decoy,0,0
chrUn_JTFH01000475v1_decoy,25887,15.8233
chrUn_JTFH01000476v1_decoy,28543,17.4896
chrUn_JTFH01000477v1_decoy,44992,27.5855
chrUn_JTFH01000478v1_decoy,0,0
chrUn_JTFH01000479v1_decoy,0,0
chrUn_JTFH01000480v1_decoy,20529,12.641
chrUn_JTFH01000481v1_decoy,21037,13.0099
chrUn_JTFH01000482v1_decoy,0,0
chrUn_JTFH01000483v1_decoy,0,0
chrUn_JTFH01000484v1_decoy,70649,43.8541
chrUn_JTFH01000485v1_decoy,27122,16.8355
chrUn_JTFH01000486v1_decoy,30312,18.8742
chrUn_JTFH01000487v1_decoy,28534,17.7782
chrUn_JTFH01000488v1_decoy,0,0
chrUn_JTFH01000489v1_decoy,58911,36.8194
chrUn_JTFH01000490v1_decoy,0,0
chrUn_JTFH01000491v1_decoy,66606,41.6809
chrUn_JTFH01000492v1_decoy,37255,23.3281
chrUn_JTFH01000493v1_decoy,97995,61.4004
chrUn_JTFH01000494v1_decoy,0,0
chrUn_JTFH01000495v1_decoy,36325,22.8172
chrUn_JTFH01000496v1_decoy,0,0
chrUn_JTFH01000497v1_decoy,91,0.0574133
chrUn_JTFH01000498v1_decoy,0,0
chrUn_JTFH01000499v1_decoy,8654,5.48416
chrUn_JTFH01000500v1_decoy,0,0
chrUn_JTFH01000501v1_decoy,0,0
chrUn_JTFH01000502v1_decoy,0,0
chrUn_JTFH01000503v1_decoy,63284,40.1548
chrUn_JTFH01000504v1_decoy,0,0
chrUn_JTFH01000505v1_decoy,0,0
chrUn_JTFH01000506v1_decoy,50461,32.0999
chrUn_JTFH01000507v1_decoy,0,0
chrUn_JTFH01000508v1_decoy,0,0
chrUn_JTFH01000509v1_decoy,0,0
chrUn_JTFH01000510v1_decoy,2437,1.56118
chrUn_JTFH01000511v1_decoy,9194,5.89359
chrUn_JTFH01000512v1_decoy,22765,14.5929
chrUn_JTFH01000513v1_decoy,32144,20.6847
chrUn_JTFH01000514v1_decoy,85,0.054768
chrUn_JTFH01000515v1_decoy,123193,79.582
chrUn_JTFH01000516v1_decoy,0,0
chrUn_JTFH01000517v1_decoy,11937,7.74627
chrUn_JTFH01000518v1_decoy,60147,39.1582
chrUn_JTFH01000519v1_decoy,54891,35.8063
chrUn_JTFH01000520v1_decoy,0,0
chrUn_JTFH01000521v1_decoy,32286,21.0744
chrUn_JTFH01000522v1_decoy,0,0
chrUn_JTFH01000523v1_decoy,36016,23.5861
chrUn_JTFH01000524v1_decoy,53506,35.0629
chrUn_JTFH01000525v1_decoy,0,0
chrUn_JTFH01000526v1_decoy,43779,28.7452
chrUn_JTFH01000527v1_decoy,0,0
chrUn_JTFH01000528v1_decoy,27114,17.8147
chrUn_JTFH01000529v1_decoy,0,0
chrUn_JTFH01000530v1_decoy,59505,39.1738
chrUn_JTFH01000531v1_decoy,0,0
chrUn_JTFH01000532v1_decoy,0,0
chrUn_JTFH01000533v1_decoy,1875,1.24337
chrUn_JTFH01000534v1_decoy,0,0
chrUn_JTFH01000535v1_decoy,0,0
chrUn_JTFH01000536v1_decoy,29981,20.0408
chrUn_JTFH01000537v1_decoy,1387,0.930248
chrUn_JTFH01000538v1_decoy,82132,55.1221
chrUn_JTFH01000539v1_decoy,0,0
chrUn_JTFH01000540v1_decoy,0,0
chrUn_JTFH01000541v1_decoy,49611,33.3856
chrUn_JTFH01000542v1_decoy,2494,1.67946
chrUn_JTFH01000543v1_decoy,0,0
chrUn_JTFH01000544v1_decoy,19280,13.0007
chrUn_JTFH01000545v1_decoy,0,0
chrUn_JTFH01000546v1_decoy,2881,1.94794
chrUn_JTFH01000547v1_decoy,0,0
chrUn_JTFH01000548v1_decoy,249,0.168814
chrUn_JTFH01000549v1_decoy,0,0
chrUn_JTFH01000550v1_decoy,0,0
chrUn_JTFH01000551v1_decoy,803,0.547003
chrUn_JTFH01000552v1_decoy,0,0
chrUn_JTFH01000553v1_decoy,105890,72.2799
chrUn_JTFH01000554v1_decoy,60517,41.3368
chrUn_JTFH01000555v1_decoy,0,0
chrUn_JTFH01000556v1_decoy,0,0
chrUn_JTFH01000557v1_decoy,92334,63.2858
chrUn_JTFH01000558v1_decoy,0,0
chrUn_JTFH01000559v1_decoy,108178,74.1962
chrUn_JTFH01000560v1_decoy,26806,18.3855
chrUn_JTFH01000561v1_decoy,0,0
chrUn_JTFH01000562v1_decoy,183,0.126294
chrUn_JTFH01000563v1_decoy,0,0
chrUn_JTFH01000564v1_decoy,23514,16.239
chrUn_JTFH01000565v1_decoy,5480,3.78976
chrUn_JTFH01000566v1_decoy,0,0
chrUn_JTFH01000567v1_decoy,49739,34.517
chrUn_JTFH01000568v1_decoy,31696,22.0111
chrUn_JTFH01000569v1_decoy,46230,32.1265
chrUn_JTFH01000570v1_decoy,0,0
chrUn_JTFH01000571v1_decoy,26775,18.6455
chrUn_JTFH01000572v1_decoy,18222,12.7516
chrUn_JTFH01000573v1_decoy,1377,0.963611
chrUn_JTFH01000574v1_decoy,960,0.67274
chrUn_JTFH01000575v1_decoy,0,0
chrUn_JTFH01000576v1_decoy,24663,17.3074
chrUn_JTFH01000577v1_decoy,20471,14.3757
chrUn_JTFH01000578v1_decoy,729,0.511938
chrUn_JTFH01000579v1_decoy,0,0
chrUn_JTFH01000580v1_decoy,0,0
chrUn_JTFH01000581v1_decoy,55781,39.1996
chrUn_JTFH01000582v1_decoy,0,0
chrUn_JTFH01000583v1_decoy,111,0.0785007
chrUn_JTFH01000584v1_decoy,95,0.0672328
chrUn_JTFH01000585v1_decoy,41800,29.5824
chrUn_JTFH01000586v1_decoy,0,0
chrUn_JTFH01000587v1_decoy,0,0
chrUn_JTFH01000588v1_decoy,0,0
chrUn_JTFH01000589v1_decoy,0,0
chrUn_JTFH01000590v1_decoy,59968,42.6819
chrUn_JTFH01000591v1_decoy,16922,12.0441
chrUn_JTFH01000592v1_decoy,0,0
chrUn_JTFH01000593v1_decoy,48832,34.7806
chrUn_JTFH01000594v1_decoy,63025,44.9536
chrUn_JTFH01000595v1_decoy,40818,29.1141
chrUn_JTFH01000596v1_decoy,54591,38.9379
chrUn_JTFH01000597v1_decoy,6419,4.57846
chrUn_JTFH01000598v1_decoy,74983,53.5593
chrUn_JTFH01000599v1_decoy,23163,16.5687
chrUn_JTFH01000600v1_decoy,31303,22.4234
chrUn_JTFH01000601v1_decoy,163,0.116846
chrUn_JTFH01000602v1_decoy,12022,8.6241
chrUn_JTFH01000603v1_decoy,0,0
chrUn_JTFH01000604v1_decoy,0,0
chrUn_JTFH01000605v1_decoy,50502,36.3585
chrUn_JTFH01000606v1_decoy,53476,38.4996
chrUn_JTFH01000607v1_decoy,57030,41.0879
chrUn_JTFH01000608v1_decoy,0,0
chrUn_JTFH01000609v1_decoy,54180,39.1474
chrUn_JTFH01000610v1_decoy,52937,38.3324
chrUn_JTFH01000611v1_decoy,18639,13.4967
chrUn_JTFH01000612v1_decoy,70233,50.9304
chrUn_JTFH01000613v1_decoy,8331,6.05011
chrUn_JTFH01000614v1_decoy,25131,18.2638
chrUn_JTFH01000615v1_decoy,0,0
chrUn_JTFH01000616v1_decoy,49446,35.9607
chrUn_JTFH01000617v1_decoy,66597,48.4694
chrUn_JTFH01000618v1_decoy,25952,18.9155
chrUn_JTFH01000619v1_decoy,0,0
chrUn_JTFH01000620v1_decoy,774,0.564964
chrUn_JTFH01000621v1_decoy,31518,23.0058
chrUn_JTFH01000622v1_decoy,0,0
chrUn_JTFH01000623v1_decoy,29187,21.4138
chrUn_JTFH01000624v1_decoy,42649,31.3596
chrUn_JTFH01000625v1_decoy,0,0
chrUn_JTFH01000626v1_decoy,78284,57.7742
chrUn_JTFH01000627v1_decoy,0,0
chrUn_JTFH01000628v1_decoy,15946,11.7944
chrUn_JTFH01000629v1_decoy,0,0
chrUn_JTFH01000630v1_decoy,0,0
chrUn_JTFH01000631v1_decoy,52689,39.2031
chrUn_JTFH01000632v1_decoy,10770,8.02534
chrUn_JTFH01000633v1_decoy,52546,39.155
chrUn_JTFH01000634v1_decoy,44433,33.2582
chrUn_JTFH01000635v1_decoy,0,0
chrUn_JTFH01000636v1_decoy,0,0
chrUn_JTFH01000637v1_decoy,67932,50.9617
chrUn_JTFH01000638v1_decoy,846,0.635135
chrUn_JTFH01000639v1_decoy,0,0
chrUn_JTFH01000640v1_decoy,27890,21.0015
chrUn_JTFH01000641v1_decoy,45413,34.1965
chrUn_JTFH01000642v1_decoy,59342,44.7189
chrUn_JTFH01000643v1_decoy,51799,39.0936
chrUn_JTFH01000644v1_decoy,26561,20.0915
chrUn_JTFH01000645v1_decoy,0,0
chrUn_JTFH01000646v1_decoy,0,0
chrUn_JTFH01000647v1_decoy,5912,4.48558
chrUn_JTFH01000648v1_decoy,41182,31.3171
chrUn_JTFH01000649v1_decoy,0,0
chrUn_JTFH01000650v1_decoy,78109,59.489
chrUn_JTFH01000651v1_decoy,18739,14.2719
chrUn_JTFH01000652v1_decoy,22123,16.862
chrUn_JTFH01000653v1_decoy,0,0
chrUn_JTFH01000654v1_decoy,22982,17.5569
chrUn_JTFH01000655v1_decoy,0,0
chrUn_JTFH01000656v1_decoy,0,0
chrUn_JTFH01000657v1_decoy,0,0
chrUn_JTFH01000658v1_decoy,39770,30.4751
chrUn_JTFH01000659v1_decoy,0,0
chrUn_JTFH01000660v1_decoy,20073,15.4052
chrUn_JTFH01000661v1_decoy,44691,34.3249
chrUn_JTFH01000662v1_decoy,0,0
chrUn_JTFH01000663v1_decoy,68488,52.6426
chrUn_JTFH01000664v1_decoy,0,0
chrUn_JTFH01000665v1_decoy,0,0
chrUn_JTFH01000666v1_decoy,29492,22.7036
chrUn_JTFH01000667v1_decoy,63,0.0485736
chrUn_JTFH01000668v1_decoy,28983,22.3807
chrUn_JTFH01000669v1_decoy,0,0
chrUn_JTFH01000670v1_decoy,41588,32.164
chrUn_JTFH01000671v1_decoy,0,0
chrUn_JTFH01000672v1_decoy,117924,91.3431
chrUn_JTFH01000673v1_decoy,26177,20.308
chrUn_JTFH01000674v1_decoy,64,0.0496894
chrUn_JTFH01000675v1_decoy,0,0
chrUn_JTFH01000676v1_decoy,0,0
chrUn_JTFH01000677v1_decoy,53404,41.4949
chrUn_JTFH01000678v1_decoy,0,0
chrUn_JTFH01000679v1_decoy,0,0
chrUn_JTFH01000680v1_decoy,0,0
chrUn_JTFH01000681v1_decoy,17935,14.0008
chrUn_JTFH01000682v1_decoy,27087,21.2114
chrUn_JTFH01000683v1_decoy,4198,3.29513
chrUn_JTFH01000684v1_decoy,0,0
chrUn_JTFH01000685v1_decoy,46565,36.7522
chrUn_JTFH01000686v1_decoy,43307,34.2077
chrUn_JTFH01000687v1_decoy,23056,18.2984
chrUn_JTFH01000688v1_decoy,9048,7.18666
chrUn_JTFH01000689v1_decoy,0,0
chrUn_JTFH01000690v1_decoy,0,0
chrUn_JTFH01000691v1_decoy,27259,21.6685
chrUn_JTFH01000692v1_decoy,0,0
chrUn_JTFH01000693v1_decoy,17126,13.6462
chrUn_JTFH01000694v1_decoy,54023,43.0805
chrUn_JTFH01000695v1_decoy,0,0
chrUn_JTFH01000696v1_decoy,0,0
chrUn_JTFH01000697v1_decoy,0,0
chrUn_JTFH01000698v1_decoy,0,0
chrUn_JTFH01000699v1_decoy,0,0
chrUn_JTFH01000700v1_decoy,0,0
chrUn_JTFH01000701v1_decoy,0,0
chrUn_JTFH01000702v1_decoy,0,0
chrUn_JTFH01000703v1_decoy,53115,42.7657
chrUn_JTFH01000704v1_decoy,0,0
chrUn_JTFH01000705v1_decoy,0,0
chrUn_JTFH01000706v1_decoy,19874,16.0145
chrUn_JTFH01000707v1_decoy,0,0
chrUn_JTFH01000708v1_decoy,0,0
chrUn_JTFH01000709v1_decoy,685,0.553759
chrUn_JTFH01000710v1_decoy,0,0
chrUn_JTFH01000711v1_decoy,0,0
chrUn_JTFH01000712v1_decoy,0,0
chrUn_JTFH01000713v1_decoy,0,0
chrUn_JTFH01000714v1_decoy,38544,31.235
chrUn_JTFH01000715v1_decoy,30383,24.6415
chrUn_JTFH01000716v1_decoy,5355,4.34659
chrUn_JTFH01000717v1_decoy,0,0
chrUn_JTFH01000718v1_decoy,0,0
chrUn_JTFH01000719v1_decoy,43751,35.5699
chrUn_JTFH01000720v1_decoy,4021,3.27443
chrUn_JTFH01000721v1_decoy,42068,34.2852
chrUn_JTFH01000722v1_decoy,28827,23.4939
chrUn_JTFH01000723v1_decoy,8858,7.22512
chrUn_JTFH01000724v1_decoy,0,0
chrUn_JTFH01000725v1_decoy,17584,14.366
chrUn_JTFH01000726v1_decoy,0,0
chrUn_JTFH01000727v1_decoy,0,0
chrUn_JTFH01000728v1_decoy,0,0
chrUn_JTFH01000729v1_decoy,46124,37.8998
chrUn_JTFH01000730v1_decoy,14376,11.8224
chrUn_JTFH01000731v1_decoy,0,0
chrUn_JTFH01000732v1_decoy,0,0
chrUn_JTFH01000733v1_decoy,74488,61.3575
chrUn_JTFH01000734v1_decoy,59557,49.0585
chrUn_JTFH01000735v1_decoy,26191,21.5919
chrUn_JTFH01000736v1_decoy,40647,33.5371
chrUn_JTFH01000737v1_decoy,48227,39.89
chrUn_JTFH01000738v1_decoy,48856,40.4437
chrUn_JTFH01000739v1_decoy,27804,23.0356
chrUn_JTFH01000740v1_decoy,45565,37.7506
chrUn_JTFH01000741v1_decoy,0,0
chrUn_JTFH01000742v1_decoy,37354,30.9735
chrUn_JTFH01000743v1_decoy,22739,18.8549
chrUn_JTFH01000744v1_decoy,0,0
chrUn_JTFH01000745v1_decoy,21250,17.6349
chrUn_JTFH01000746v1_decoy,8463,7.02907
chrUn_JTFH01000747v1_decoy,0,0
chrUn_JTFH01000748v1_decoy,21120,17.5415
chrUn_JTFH01000749v1_decoy,43985,36.5628
chrUn_JTFH01000750v1_decoy,56864,47.3472
chrUn_JTFH01000751v1_decoy,50018,41.647
chrUn_JTFH01000752v1_decoy,0,0
chrUn_JTFH01000753v1_decoy,0,0
chrUn_JTFH01000754v1_decoy,0,0
chrUn_JTFH01000755v1_decoy,0,0
chrUn_JTFH01000756v1_decoy,27726,23.1629
chrUn_JTFH01000757v1_decoy,25432,21.2642
chrUn_JTFH01000758v1_decoy,0,0
chrUn_JTFH01000759v1_decoy,49195,41.2018
chrUn_JTFH01000760v1_decoy,0,0
chrUn_JTFH01000761v1_decoy,0,0
chrUn_JTFH01000762v1_decoy,23489,19.7553
chrUn_JTFH01000763v1_decoy,0,0
chrUn_JTFH01000764v1_decoy,40171,33.871
chrUn_JTFH01000765v1_decoy,243,0.205236
chrUn_JTFH01000766v1_decoy,37253,31.4903
chrUn_JTFH01000767v1_decoy,0,0
chrUn_JTFH01000768v1_decoy,0,0
chrUn_JTFH01000769v1_decoy,0,0
chrUn_JTFH01000770v1_decoy,4673,3.95682
chrUn_JTFH01000771v1_decoy,40084,33.9407
chrUn_JTFH01000772v1_decoy,21046,17.8205
chrUn_JTFH01000773v1_decoy,0,0
chrUn_JTFH01000774v1_decoy,32642,27.7097
chrUn_JTFH01000775v1_decoy,0,0
chrUn_JTFH01000776v1_decoy,85,0.0722175
chrUn_JTFH01000777v1_decoy,0,0
chrUn_JTFH01000778v1_decoy,0,0
chrUn_JTFH01000779v1_decoy,0,0
chrUn_JTFH01000780v1_decoy,56377,48.1443
chrUn_JTFH01000781v1_decoy,0,0
chrUn_JTFH01000782v1_decoy,16868,14.4171
chrUn_JTFH01000783v1_decoy,1100,0.942588
chrUn_JTFH01000784v1_decoy,63010,53.9931
chrUn_JTFH01000785v1_decoy,32138,27.539
chrUn_JTFH01000786v1_decoy,0,0
chrUn_JTFH01000787v1_decoy,0,0
chrUn_JTFH01000788v1_decoy,48929,42.1076
chrUn_JTFH01000789v1_decoy,46003,39.7606
chrUn_JTFH01000790v1_decoy,0,0
chrUn_JTFH01000791v1_decoy,22017,19.0458
chrUn_JTFH01000792v1_decoy,35209,30.5104
chrUn_JTFH01000793v1_decoy,4913,4.25737
chrUn_JTFH01000794v1_decoy,0,0
chrUn_JTFH01000795v1_decoy,0,0
chrUn_JTFH01000796v1_decoy,0,0
chrUn_JTFH01000797v1_decoy,39812,34.6191
chrUn_JTFH01000798v1_decoy,25732,22.4342
chrUn_JTFH01000799v1_decoy,40738,35.517
chrUn_JTFH01000800v1_decoy,0,0
chrUn_JTFH01000801v1_decoy,19903,17.3977
chrUn_JTFH01000802v1_decoy,49254,43.0542
chrUn_JTFH01000803v1_decoy,16958,14.8364
chrUn_JTFH01000804v1_decoy,0,0
chrUn_JTFH01000805v1_decoy,0,0
chrUn_JTFH01000806v1_decoy,0,0
chrUn_JTFH01000807v1_decoy,0,0
chrUn_JTFH01000808v1_decoy,0,0
chrUn_JTFH01000809v1_decoy,19830,17.4868
chrUn_JTFH01000810v1_decoy,47207,41.6287
chrUn_JTFH01000811v1_decoy,44471,39.2853
chrUn_JTFH01000812v1_decoy,0,0
chrUn_JTFH01000813v1_decoy,12551,11.0973
chrUn_JTFH01000814v1_decoy,0,0
chrUn_JTFH01000815v1_decoy,0,0
chrUn_JTFH01000816v1_decoy,45501,40.4094
chrUn_JTFH01000817v1_decoy,0,0
chrUn_JTFH01000818v1_decoy,0,0
chrUn_JTFH01000819v1_decoy,0,0
chrUn_JTFH01000820v1_decoy,0,0
chrUn_JTFH01000821v1_decoy,22643,20.235
chrUn_JTFH01000822v1_decoy,0,0
chrUn_JTFH01000823v1_decoy,0,0
chrUn_JTFH01000824v1_decoy,182,0.162645
chrUn_JTFH01000825v1_decoy,16384,14.6547
chrUn_JTFH01000826v1_decoy,0,0
chrUn_JTFH01000827v1_decoy,6413,5.74642
chrUn_JTFH01000828v1_decoy,0,0
chrUn_JTFH01000829v1_decoy,0,0
chrUn_JTFH01000830v1_decoy,22980,20.6099
chrUn_JTFH01000831v1_decoy,0,0
chrUn_JTFH01000832v1_decoy,22635,20.3369
chrUn_JTFH01000833v1_decoy,23088,20.7439
chrUn_JTFH01000834v1_decoy,32569,29.3414
chrUn_JTFH01000835v1_decoy,36439,32.8279
chrUn_JTFH01000836v1_decoy,47267,42.6213
chrUn_JTFH01000837v1_decoy,28913,26.0948
chrUn_JTFH01000838v1_decoy,41448,37.4417
chrUn_JTFH01000839v1_decoy,385,0.347787
chrUn_JTFH01000840v1_decoy,32410,29.2773
chrUn_JTFH01000841v1_decoy,18306,16.5366
chrUn_JTFH01000842v1_decoy,0,0
chrUn_JTFH01000843v1_decoy,10524,9.54125
chrUn_JTFH01000844v1_decoy,0,0
chrUn_JTFH01000845v1_decoy,0,0
chrUn_JTFH01000846v1_decoy,0,0
chrUn_JTFH01000847v1_decoy,177,0.161056
chrUn_JTFH01000848v1_decoy,0,0
chrUn_JTFH01000849v1_decoy,25106,22.8861
chrUn_JTFH01000850v1_decoy,4561,4.1615
chrUn_JTFH01000851v1_decoy,0,0
chrUn_JTFH01000852v1_decoy,22407,20.4817
chrUn_JTFH01000853v1_decoy,0,0
chrUn_JTFH01000854v1_decoy,15597,14.3092
chrUn_JTFH01000855v1_decoy,44536,40.9338
chrUn_JTFH01000856v1_decoy,0,0
chrUn_JTFH01000857v1_decoy,30208,27.8158
chrUn_JTFH01000858v1_decoy,0,0
chrUn_JTFH01000859v1_decoy,0,0
chrUn_JTFH01000860v1_decoy,37989,35.0452
chrUn_JTFH01000861v1_decoy,0,0
chrUn_JTFH01000862v1_decoy,16207,14.9511
chrUn_JTFH01000863v1_decoy,0,0
chrUn_JTFH01000864v1_decoy,37335,34.4737
chrUn_JTFH01000865v1_decoy,35382,32.7006
chrUn_JTFH01000866v1_decoy,47529,43.927
chrUn_JTFH01000867v1_decoy,1390,1.28585
chrUn_JTFH01000868v1_decoy,39675,36.7021
chrUn_JTFH01000869v1_decoy,32012,29.6682
chrUn_JTFH01000870v1_decoy,24264,22.5502
chrUn_JTFH01000871v1_decoy,56976,53.0503
chrUn_JTFH01000872v1_decoy,112564,104.906
chrUn_JTFH01000873v1_decoy,0,0
chrUn_JTFH01000874v1_decoy,0,0
chrUn_JTFH01000875v1_decoy,15212,14.2301
chrUn_JTFH01000876v1_decoy,5444568,5102.69
chrUn_JTFH01000877v1_decoy,0,0
chrUn_JTFH01000878v1_decoy,24841,23.2812
chrUn_JTFH01000879v1_decoy,65274,61.2326
chrUn_JTFH01000880v1_decoy,42293,39.7117
chrUn_JTFH01000881v1_decoy,0,0
chrUn_JTFH01000882v1_decoy,0,0
chrUn_JTFH01000883v1_decoy,0,0
chrUn_JTFH01000884v1_decoy,10022,9.41033
chrUn_JTFH01000885v1_decoy,0,0
chrUn_JTFH01000886v1_decoy,16761,15.7528
chrUn_JTFH01000887v1_decoy,66,0.0620301
chrUn_JTFH01000888v1_decoy,0,0
chrUn_JTFH01000889v1_decoy,0,0
chrUn_JTFH01000890v1_decoy,52659,49.5847
chrUn_JTFH01000891v1_decoy,0,0
chrUn_JTFH01000892v1_decoy,14227,13.409
chrUn_JTFH01000893v1_decoy,40987,38.667
chrUn_JTFH01000894v1_decoy,34605,32.7389
chrUn_JTFH01000895v1_decoy,0,0
chrUn_JTFH01000896v1_decoy,0,0
chrUn_JTFH01000897v1_decoy,17422,16.5137
chrUn_JTFH01000898v1_decoy,38398,36.3962
chrUn_JTFH01000899v1_decoy,42645,40.4218
chrUn_JTFH01000900v1_decoy,40287,38.1867
chrUn_JTFH01000901v1_decoy,42104,39.9469
chrUn_JTFH01000902v1_decoy,889,0.845861
chrUn_JTFH01000903v1_decoy,1190,1.13333
chrUn_JTFH01000904v1_decoy,0,0
chrUn_JTFH01000905v1_decoy,46494,44.3222
chrUn_JTFH01000906v1_decoy,7581,7.23378
chrUn_JTFH01000907v1_decoy,0,0
chrUn_JTFH01000908v1_decoy,179,0.171128
chrUn_JTFH01000909v1_decoy,47930,45.8222
chrUn_JTFH01000910v1_decoy,45429,43.4312
chrUn_JTFH01000911v1_decoy,22967,21.978
chrUn_JTFH01000912v1_decoy,0,0
chrUn_JTFH01000913v1_decoy,33664,32.2144
chrUn_JTFH01000914v1_decoy,39236,37.5824
chrUn_JTFH01000915v1_decoy,0,0
chrUn_JTFH01000916v1_decoy,0,0
chrUn_JTFH01000917v1_decoy,14741,14.1877
chrUn_JTFH01000918v1_decoy,39651,38.1627
chrUn_JTFH01000919v1_decoy,0,0
chrUn_JTFH01000920v1_decoy,0,0
chrUn_JTFH01000921v1_decoy,0,0
chrUn_JTFH01000922v1_decoy,74175,71.6667
chrUn_JTFH01000923v1_decoy,804,0.776812
chrUn_JTFH01000924v1_decoy,0,0
chrUn_JTFH01000925v1_decoy,0,0
chrUn_JTFH01000926v1_decoy,0,0
chrUn_JTFH01000927v1_decoy,4582,4.44423
chrUn_JTFH01000928v1_decoy,65782,63.8041
chrUn_JTFH01000929v1_decoy,98186,95.6047
chrUn_JTFH01000930v1_decoy,0,0
chrUn_JTFH01000931v1_decoy,32795,31.9639
chrUn_JTFH01000932v1_decoy,0,0
chrUn_JTFH01000933v1_decoy,149,0.145508
chrUn_JTFH01000934v1_decoy,0,0
chrUn_JTFH01000935v1_decoy,663,0.648728
chrUn_JTFH01000936v1_decoy,39294,38.4481
chrUn_JTFH01000937v1_decoy,13033,12.7649
chrUn_JTFH01000938v1_decoy,0,0
chrUn_JTFH01000939v1_decoy,0,0
chrUn_JTFH01000940v1_decoy,20387,20.0265
chrUn_JTFH01000941v1_decoy,5330,5.23576
chrUn_JTFH01000942v1_decoy,42942,42.1827
chrUn_JTFH01000943v1_decoy,644,0.633858
chrUn_JTFH01000944v1_decoy,19759,19.5634
chrUn_JTFH01000945v1_decoy,38192,37.8139
chrUn_JTFH01000946v1_decoy,6081,6.02676
chrUn_JTFH01000947v1_decoy,0,0
chrUn_JTFH01000948v1_decoy,508,0.504469
chrUn_JTFH01000949v1_decoy,0,0
chrUn_JTFH01000950v1_decoy,0,0
chrUn_JTFH01000951v1_decoy,0,0
chrUn_JTFH01000952v1_decoy,37760,37.6096
chrUn_JTFH01000953v1_decoy,0,0
chrUn_JTFH01000954v1_decoy,0,0
chrUn_JTFH01000955v1_decoy,31695,31.6002
chrUn_JTFH01000956v1_decoy,18829,18.7727
chrUn_JTFH01000957v1_decoy,35272,35.1665
chrUn_JTFH01000958v1_decoy,33182,33.1158
chrUn_JTFH01000959v1_decoy,0,0
chrUn_JTFH01000960v1_decoy,37144,37.144
chrUn_JTFH01000961v1_decoy,839,0.839
chrUn_JTFH01000962v1_decoy,85573,10.2385
chrUn_JTFH01000963v1_decoy,107021,13.4923
chrUn_JTFH01000964v1_decoy,35862,5.23839
chrUn_JTFH01000965v1_decoy,68590,14.9401
chrUn_JTFH01000966v1_decoy,32768,8.10888
chrUn_JTFH01000967v1_decoy,58761,15.2984
chrUn_JTFH01000968v1_decoy,0,0
chrUn_JTFH01000969v1_decoy,0,0
chrUn_JTFH01000970v1_decoy,10082,2.72339
chrUn_JTFH01000971v1_decoy,17134,4.72662
chrUn_JTFH01000972v1_decoy,117967,33.4279
chrUn_JTFH01000973v1_decoy,668,0.190422
chrUn_JTFH01000974v1_decoy,0,0
chrUn_JTFH01000975v1_decoy,69,0.0207831
chrUn_JTFH01000976v1_decoy,0,0
chrUn_JTFH01000977v1_decoy,0,0
chrUn_JTFH01000978v1_decoy,3794,1.1812
chrUn_JTFH01000979v1_decoy,14635,4.5849
chrUn_JTFH01000980v1_decoy,0,0
chrUn_JTFH01000981v1_decoy,33179,10.748
chrUn_JTFH01000982v1_decoy,15805,5.18537
chrUn_JTFH01000983v1_decoy,0,0
chrUn_JTFH01000984v1_decoy,0,0
chrUn_JTFH01000985v1_decoy,70,0.0236566
chrUn_JTFH01000986v1_decoy,0,0
chrUn_JTFH01000987v1_decoy,29042,9.90181
chrUn_JTFH01000988v1_decoy,12603,4.45808
chrUn_JTFH01000989v1_decoy,0,0
chrUn_JTFH01000990v1_decoy,44165,16.0658
chrUn_JTFH01000991v1_decoy,33738,12.2907
chrUn_JTFH01000992v1_decoy,142,0.0519576
chrUn_JTFH01000993v1_decoy,89051,33.0063
chrUn_JTFH01000994v1_decoy,1419,0.532458
chrUn_JTFH01000995v1_decoy,53268,20.2232
chrUn_JTFH01000996v1_decoy,45898,18.4181
chrUn_JTFH01000997v1_decoy,17995,7.22981
chrUn_JTFH01000998v1_decoy,0,0
chrUn_JTFH01000999v1_decoy,66586,27.5833
chrUn_JTFH01001000v1_decoy,64217,26.8129
chrUn_JTFH01001001v1_decoy,1917,0.813667
chrUn_JTFH01001002v1_decoy,42795,18.2963
chrUn_JTFH01001003v1_decoy,53082,22.9792
chrUn_JTFH01001004v1_decoy,5411,2.36495
chrUn_JTFH01001005v1_decoy,579,0.253392
chrUn_JTFH01001006v1_decoy,0,0
chrUn_JTFH01001007v1_decoy,179,0.0794496
chrUn_JTFH01001008v1_decoy,265,0.120291
chrUn_JTFH01001009v1_decoy,37574,17.2675
chrUn_JTFH01001010v1_decoy,45912,21.2654
chrUn_JTFH01001011v1_decoy,18453,8.56288
chrUn_JTFH01001012v1_decoy,72986,33.9628
chrUn_JTFH01001013v1_decoy,1208,0.567403
chrUn_JTFH01001014v1_decoy,0,0
chrUn_JTFH01001015v1_decoy,55465,26.2494
chrUn_JTFH01001016v1_decoy,48602,23.1659
chrUn_JTFH01001017v1_decoy,0,0
chrUn_JTFH01001018v1_decoy,0,0
chrUn_JTFH01001019v1_decoy,0,0
chrUn_JTFH01001020v1_decoy,0,0
chrUn_JTFH01001021v1_decoy,0,0
chrUn_JTFH01001022v1_decoy,0,0
chrUn_JTFH01001023v1_decoy,68953,34.0677
chrUn_JTFH01001024v1_decoy,0,0
chrUn_JTFH01001025v1_decoy,0,0
chrUn_JTFH01001026v1_decoy,0,0
chrUn_JTFH01001027v1_decoy,0,0
chrUn_JTFH01001028v1_decoy,0,0
chrUn_JTFH01001029v1_decoy,0,0
chrUn_JTFH01001030v1_decoy,4617,2.375
chrUn_JTFH01001031v1_decoy,8577,4.43027
chrUn_JTFH01001032v1_decoy,0,0
chrUn_JTFH01001033v1_decoy,155,0.0823592
chrUn_JTFH01001034v1_decoy,0,0
chrUn_JTFH01001035v1_decoy,51026,27.2866
chrUn_JTFH01001036v1_decoy,221,0.121362
chrUn_JTFH01001037v1_decoy,0,0
chrUn_JTFH01001038v1_decoy,0,0
chrUn_JTFH01001039v1_decoy,0,0
chrUn_JTFH01001040v1_decoy,0,0
chrUn_JTFH01001041v1_decoy,27012,15.0821
chrUn_JTFH01001042v1_decoy,54872,30.8097
chrUn_JTFH01001043v1_decoy,0,0
chrUn_JTFH01001044v1_decoy,0,0
chrUn_JTFH01001045v1_decoy,0,0
chrUn_JTFH01001046v1_decoy,0,0
chrUn_JTFH01001047v1_decoy,26330,15.4067
chrUn_JTFH01001048v1_decoy,0,0
chrUn_JTFH01001049v1_decoy,63984,37.6155
chrUn_JTFH01001050v1_decoy,12888,7.63055
chrUn_JTFH01001051v1_decoy,233,0.141555
chrUn_JTFH01001052v1_decoy,55954,34.0975
chrUn_JTFH01001053v1_decoy,0,0
chrUn_JTFH01001054v1_decoy,0,0
chrUn_JTFH01001055v1_decoy,16671,10.2151
chrUn_JTFH01001056v1_decoy,0,0
chrUn_JTFH01001057v1_decoy,20971,12.9211
chrUn_JTFH01001058v1_decoy,0,0
chrUn_JTFH01001059v1_decoy,6094,3.75709
chrUn_JTFH01001060v1_decoy,17652,10.903
chrUn_JTFH01001061v1_decoy,84,0.0523039
chrUn_JTFH01001062v1_decoy,0,0
chrUn_JTFH01001063v1_decoy,0,0
chrUn_JTFH01001064v1_decoy,0,0
chrUn_JTFH01001065v1_decoy,28728,18.5942
chrUn_JTFH01001066v1_decoy,11470,7.43839
chrUn_JTFH01001067v1_decoy,0,0
chrUn_JTFH01001068v1_decoy,5679,3.71419
chrUn_JTFH01001069v1_decoy,5504,3.62582
chrUn_JTFH01001070v1_decoy,2693,1.77756
chrUn_JTFH01001071v1_decoy,603,0.398546
chrUn_JTFH01001072v1_decoy,0,0
chrUn_JTFH01001073v1_decoy,0,0
chrUn_JTFH01001074v1_decoy,30932,20.6351
chrUn_JTFH01001075v1_decoy,0,0
chrUn_JTFH01001076v1_decoy,21256,14.2181
chrUn_JTFH01001077v1_decoy,0,0
chrUn_JTFH01001078v1_decoy,164686,110.379
chrUn_JTFH01001079v1_decoy,0,0
chrUn_JTFH01001080v1_decoy,0,0
chrUn_JTFH01001081v1_decoy,2791,1.882
chrUn_JTFH01001082v1_decoy,0,0
chrUn_JTFH01001083v1_decoy,79,0.0537415
chrUn_JTFH01001084v1_decoy,80937,55.3226
chrUn_JTFH01001085v1_decoy,622,0.426027
chrUn_JTFH01001086v1_decoy,0,0
chrUn_JTFH01001087v1_decoy,0,0
chrUn_JTFH01001088v1_decoy,26503,18.2402
chrUn_JTFH01001089v1_decoy,4950,3.43035
chrUn_JTFH01001090v1_decoy,0,0
chrUn_JTFH01001091v1_decoy,0,0
chrUn_JTFH01001092v1_decoy,0,0
chrUn_JTFH01001093v1_decoy,27470,19.3724
chrUn_JTFH01001094v1_decoy,0,0
chrUn_JTFH01001095v1_decoy,0,0
chrUn_JTFH01001096v1_decoy,90,0.0637394
chrUn_JTFH01001097v1_decoy,0,0
chrUn_JTFH01001098v1_decoy,0,0
chrUn_JTFH01001099v1_decoy,21288,15.2493
chrUn_JTFH01001100v1_decoy,99841,71.8281
chrUn_JTFH01001101v1_decoy,0,0
chrUn_JTFH01001102v1_decoy,0,0
chrUn_JTFH01001103v1_decoy,0,0
chrUn_JTFH01001104v1_decoy,14956,10.9088
chrUn_JTFH01001105v1_decoy,0,0
chrUn_JTFH01001106v1_decoy,762,0.558651
chrUn_JTFH01001107v1_decoy,0,0
chrUn_JTFH01001108v1_decoy,0,0
chrUn_JTFH01001109v1_decoy,223,0.164941
chrUn_JTFH01001110v1_decoy,0,0
chrUn_JTFH01001111v1_decoy,82217,61.0825
chrUn_JTFH01001112v1_decoy,10263,7.63048
chrUn_JTFH01001113v1_decoy,9907,7.39328
chrUn_JTFH01001114v1_decoy,59,0.0443609
chrUn_JTFH01001115v1_decoy,2907,2.18736
chrUn_JTFH01001116v1_decoy,736,0.555891
chrUn_JTFH01001117v1_decoy,0,0
chrUn_JTFH01001118v1_decoy,10089,7.7192
chrUn_JTFH01001119v1_decoy,2223,1.70475
chrUn_JTFH01001120v1_decoy,1722,1.32055
chrUn_JTFH01001121v1_decoy,0,0
chrUn_JTFH01001122v1_decoy,295,0.226749
chrUn_JTFH01001123v1_decoy,36189,27.8377
chrUn_JTFH01001124v1_decoy,0,0
chrUn_JTFH01001125v1_decoy,33,0.025463
chrUn_JTFH01001126v1_decoy,62228,48.2388
chrUn_JTFH01001127v1_decoy,17875,13.9213
chrUn_JTFH01001128v1_decoy,129,0.100624
chrUn_JTFH01001129v1_decoy,49385,38.5519
chrUn_JTFH01001130v1_decoy,0,0
chrUn_JTFH01001131v1_decoy,0,0
chrUn_JTFH01001132v1_decoy,10516,8.2673
chrUn_JTFH01001133v1_decoy,0,0
chrUn_JTFH01001134v1_decoy,0,0
chrUn_JTFH01001135v1_decoy,0,0
chrUn_JTFH01001136v1_decoy,32155,25.4391
chrUn_JTFH01001137v1_decoy,31150,24.644
chrUn_JTFH01001138v1_decoy,666,0.526899
chrUn_JTFH01001139v1_decoy,14473,11.4592
chrUn_JTFH01001140v1_decoy,55327,44.297
chrUn_JTFH01001141v1_decoy,0,0
chrUn_JTFH01001142v1_decoy,258,0.208232
chrUn_JTFH01001143v1_decoy,41481,33.5879
chrUn_JTFH01001144v1_decoy,83707,67.7789
chrUn_JTFH01001145v1_decoy,0,0
chrUn_JTFH01001146v1_decoy,13039,10.5836
chrUn_JTFH01001147v1_decoy,16213,13.1813
chrUn_JTFH01001148v1_decoy,8681,7.08075
chrUn_JTFH01001149v1_decoy,0,0
chrUn_JTFH01001150v1_decoy,10510,8.65733
chrUn_JTFH01001151v1_decoy,0,0
chrUn_JTFH01001152v1_decoy,1662,1.37242
chrUn_JTFH01001153v1_decoy,20833,17.2316
chrUn_JTFH01001154v1_decoy,0,0
chrUn_JTFH01001155v1_decoy,18133,15.1234
chrUn_JTFH01001156v1_decoy,0,0
chrUn_JTFH01001157v1_decoy,23807,19.9556
chrUn_JTFH01001158v1_decoy,0,0
chrUn_JTFH01001159v1_decoy,21486,18.1011
chrUn_JTFH01001160v1_decoy,1892,1.59528
chrUn_JTFH01001161v1_decoy,302,0.255068
chrUn_JTFH01001162v1_decoy,15841,13.3792
chrUn_JTFH01001163v1_decoy,0,0
chrUn_JTFH01001164v1_decoy,4589,3.89228
chrUn_JTFH01001165v1_decoy,0,0
chrUn_JTFH01001166v1_decoy,1048,0.896493
chrUn_JTFH01001167v1_decoy,0,0
chrUn_JTFH01001168v1_decoy,0,0
chrUn_JTFH01001169v1_decoy,0,0
chrUn_JTFH01001170v1_decoy,0,0
chrUn_JTFH01001171v1_decoy,0,0
chrUn_JTFH01001172v1_decoy,57071,49.2841
chrUn_JTFH01001173v1_decoy,0,0
chrUn_JTFH01001174v1_decoy,0,0
chrUn_JTFH01001175v1_decoy,5039,4.35523
chrUn_JTFH01001176v1_decoy,0,0
chrUn_JTFH01001177v1_decoy,0,0
chrUn_JTFH01001178v1_decoy,578,0.500867
chrUn_JTFH01001179v1_decoy,0,0
chrUn_JTFH01001180v1_decoy,0,0
chrUn_JTFH01001181v1_decoy,13158,11.4617
chrUn_JTFH01001182v1_decoy,0,0
chrUn_JTFH01001183v1_decoy,1568,1.37063
chrUn_JTFH01001184v1_decoy,5813,5.09912
chrUn_JTFH01001185v1_decoy,13126,11.5546
chrUn_JTFH01001186v1_decoy,0,0
chrUn_JTFH01001187v1_decoy,0,0
chrUn_JTFH01001188v1_decoy,4035,3.57396
chrUn_JTFH01001189v1_decoy,20495,18.1854
chrUn_JTFH01001190v1_decoy,0,0
chrUn_JTFH01001191v1_decoy,59058,52.8247
chrUn_JTFH01001192v1_decoy,0,0
chrUn_JTFH01001193v1_decoy,146,0.132246
chrUn_JTFH01001194v1_decoy,0,0
chrUn_JTFH01001195v1_decoy,57640,52.3524
chrUn_JTFH01001196v1_decoy,0,0
chrUn_JTFH01001197v1_decoy,14418,13.1551
chrUn_JTFH01001198v1_decoy,0,0
chrUn_JTFH01001199v1_decoy,1304,1.19523
chrUn_JTFH01001200v1_decoy,0,0
chrUn_JTFH01001201v1_decoy,0,0
chrUn_JTFH01001202v1_decoy,7030,6.47926
chrUn_JTFH01001203v1_decoy,11029,10.1744
chrUn_JTFH01001204v1_decoy,0,0
chrUn_JTFH01001205v1_decoy,0,0
chrUn_JTFH01001206v1_decoy,3710,3.43837
chrUn_JTFH01001207v1_decoy,0,0
chrUn_JTFH01001208v1_decoy,1347,1.26006
chrUn_JTFH01001209v1_decoy,0,0
chrUn_JTFH01001210v1_decoy,24619,23.0731
chrUn_JTFH01001211v1_decoy,5927,5.55483
chrUn_JTFH01001212v1_decoy,0,0
chrUn_JTFH01001213v1_decoy,7876,7.40922
chrUn_JTFH01001214v1_decoy,37611,35.4153
chrUn_JTFH01001215v1_decoy,1808,1.70727
chrUn_JTFH01001216v1_decoy,215,0.203214
chrUn_JTFH01001217v1_decoy,0,0
chrUn_JTFH01001218v1_decoy,0,0
chrUn_JTFH01001219v1_decoy,0,0
chrUn_JTFH01001220v1_decoy,0,0
chrUn_JTFH01001221v1_decoy,1375,1.30579
chrUn_JTFH01001222v1_decoy,610,0.579297
chrUn_JTFH01001223v1_decoy,25852,24.5741
chrUn_JTFH01001224v1_decoy,17413,16.568
chrUn_JTFH01001225v1_decoy,10134,9.66063
chrUn_JTFH01001226v1_decoy,19306,18.4394
chrUn_JTFH01001227v1_decoy,0,0
chrUn_JTFH01001228v1_decoy,299,0.286673
chrUn_JTFH01001229v1_decoy,33461,32.0815
chrUn_JTFH01001230v1_decoy,13859,13.3004
chrUn_JTFH01001231v1_decoy,7992,7.66987
chrUn_JTFH01001232v1_decoy,165,0.158501
chrUn_JTFH01001233v1_decoy,7158,6.88269
chrUn_JTFH01001234v1_decoy,0,0
chrUn_JTFH01001235v1_decoy,0,0
chrUn_JTFH01001236v1_decoy,0,0
chrUn_JTFH01001237v1_decoy,0,0
chrUn_JTFH01001238v1_decoy,0,0
chrUn_JTFH01001239v1_decoy,19694,19.1762
chrUn_JTFH01001240v1_decoy,469,0.459354
chrUn_JTFH01001241v1_decoy,41752,40.8932
chrUn_JTFH01001242v1_decoy,16274,15.9706
chrUn_JTFH01001243v1_decoy,4040,3.96467
chrUn_JTFH01001244v1_decoy,117,0.115157
chrUn_JTFH01001245v1_decoy,0,0
chrUn_JTFH01001246v1_decoy,0,0
chrUn_JTFH01001247v1_decoy,0,0
chrUn_JTFH01001248v1_decoy,303,0.300595
chrUn_JTFH01001249v1_decoy,0,0
chrUn_JTFH01001250v1_decoy,0,0
chrUn_JTFH01001251v1_decoy,0,0
chrUn_JTFH01001252v1_decoy,41955,41.8295
chrUn_JTFH01001253v1_decoy,1628,1.62637
chrUn_JTFH01001254v1_decoy,0,0
chrUn_JTFH01001255v1_decoy,5700,5.7
chrUn_JTFH01001256v1_decoy,528,0.528
chrUn_JTFH01001257v1_decoy,4788,0.267053
chrUn_JTFH01001258v1_decoy,0,0
chrUn_JTFH01001259v1_decoy,82441,10.2373
chrUn_JTFH01001260v1_decoy,0,0
chrUn_JTFH01001261v1_decoy,148799,19.1554
chrUn_JTFH01001262v1_decoy,117771,20.6943
chrUn_JTFH01001263v1_decoy,4496,0.825863
chrUn_JTFH01001264v1_decoy,0,0
chrUn_JTFH01001265v1_decoy,0,0
chrUn_JTFH01001266v1_decoy,152651,33.5866
chrUn_JTFH01001267v1_decoy,0,0
chrUn_JTFH01001268v1_decoy,0,0
chrUn_JTFH01001269v1_decoy,73859,17.6064
chrUn_JTFH01001270v1_decoy,80738,21.2078
chrUn_JTFH01001271v1_decoy,38567,10.3093
chrUn_JTFH01001272v1_decoy,0,0
chrUn_JTFH01001273v1_decoy,74843,20.5613
chrUn_JTFH01001274v1_decoy,0,0
chrUn_JTFH01001275v1_decoy,0,0
chrUn_JTFH01001276v1_decoy,0,0
chrUn_JTFH01001277v1_decoy,0,0
chrUn_JTFH01001278v1_decoy,0,0
chrUn_JTFH01001279v1_decoy,67107,20.4283
chrUn_JTFH01001280v1_decoy,0,0
chrUn_JTFH01001281v1_decoy,588,0.180258
chrUn_JTFH01001282v1_decoy,75719,23.2338
chrUn_JTFH01001283v1_decoy,0,0
chrUn_JTFH01001284v1_decoy,133798,42.788
chrUn_JTFH01001285v1_decoy,0,0
chrUn_JTFH01001286v1_decoy,0,0
chrUn_JTFH01001287v1_decoy,0,0
chrUn_JTFH01001288v1_decoy,0,0
chrUn_JTFH01001289v1_decoy,1850,0.604773
chrUn_JTFH01001290v1_decoy,56679,18.9562
chrUn_JTFH01001291v1_decoy,223252,74.7662
chrUn_JTFH01001292v1_decoy,0,0
chrUn_JTFH01001293v1_decoy,0,0
chrUn_JTFH01001294v1_decoy,109128,37.9576
chrUn_JTFH01001295v1_decoy,0,0
chrUn_JTFH01001296v1_decoy,0,0
chrUn_JTFH01001297v1_decoy,191,0.067899
chrUn_JTFH01001298v1_decoy,124277,44.6237
chrUn_JTFH01001299v1_decoy,0,0
chrUn_JTFH01001300v1_decoy,0,0
chrUn_JTFH01001301v1_decoy,199238,74.9579
chrUn_JTFH01001302v1_decoy,0,0
chrUn_JTFH01001303v1_decoy,0,0
chrUn_JTFH01001304v1_decoy,85855,32.9578
chrUn_JTFH01001305v1_decoy,0,0
chrUn_JTFH01001306v1_decoy,62616,24.7103
chrUn_JTFH01001307v1_decoy,0,0
chrUn_JTFH01001308v1_decoy,0,0
chrUn_JTFH01001309v1_decoy,0,0
chrUn_JTFH01001310v1_decoy,64419,25.9964
chrUn_JTFH01001311v1_decoy,55,0.0222402
chrUn_JTFH01001312v1_decoy,76147,30.8662
chrUn_JTFH01001313v1_decoy,21603,8.84644
chrUn_JTFH01001314v1_decoy,55052,22.6551
chrUn_JTFH01001315v1_decoy,26782,11.0807
chrUn_JTFH01001316v1_decoy,543,0.225498
chrUn_JTFH01001317v1_decoy,285958,119.398
chrUn_JTFH01001318v1_decoy,15746,6.69473
chrUn_JTFH01001319v1_decoy,141390,60.5006
chrUn_JTFH01001320v1_decoy,200100,86.1757
chrUn_JTFH01001321v1_decoy,0,0
chrUn_JTFH01001322v1_decoy,12731,5.52082
chrUn_JTFH01001323v1_decoy,94098,41.055
chrUn_JTFH01001324v1_decoy,0,0
chrUn_JTFH01001325v1_decoy,26068,11.5091
chrUn_JTFH01001326v1_decoy,48240,21.3451
chrUn_JTFH01001327v1_decoy,0,0
chrUn_JTFH01001328v1_decoy,102993,46.0201
chrUn_JTFH01001329v1_decoy,66268,29.7433
chrUn_JTFH01001330v1_decoy,0,0
chrUn_JTFH01001331v1_decoy,0,0
chrUn_JTFH01001332v1_decoy,508392,232.037
chrUn_JTFH01001333v1_decoy,93240,42.5559
chrUn_JTFH01001334v1_decoy,0,0
chrUn_JTFH01001335v1_decoy,79946,36.6053
chrUn_JTFH01001336v1_decoy,150402,69.4377
chrUn_JTFH01001337v1_decoy,3333,1.53949
chrUn_JTFH01001338v1_decoy,0,0
chrUn_JTFH01001339v1_decoy,0,0
chrUn_JTFH01001340v1_decoy,35557,16.8039
chrUn_JTFH01001341v1_decoy,0,0
chrUn_JTFH01001342v1_decoy,0,0
chrUn_JTFH01001343v1_decoy,302,0.1434
chrUn_JTFH01001344v1_decoy,37731,17.916
chrUn_JTFH01001345v1_decoy,4942,2.34663
chrUn_JTFH01001346v1_decoy,41992,20.0248
chrUn_JTFH01001347v1_decoy,44081,21.1826
chrUn_JTFH01001348v1_decoy,104637,50.844
chrUn_JTFH01001349v1_decoy,86174,41.9338
chrUn_JTFH01001350v1_decoy,0,0
chrUn_JTFH01001351v1_decoy,81655,40.0859
chrUn_JTFH01001352v1_decoy,0,0
chrUn_JTFH01001353v1_decoy,0,0
chrUn_JTFH01001354v1_decoy,35040,17.3465
chrUn_JTFH01001355v1_decoy,683,0.338454
chrUn_JTFH01001356v1_decoy,37,0.0183714
chrUn_JTFH01001357v1_decoy,0,0
chrUn_JTFH01001358v1_decoy,15699,7.84558
chrUn_JTFH01001359v1_decoy,0,0
chrUn_JTFH01001360v1_decoy,20311,10.2065
chrUn_JTFH01001361v1_decoy,10440,5.26475
chrUn_JTFH01001362v1_decoy,88067,44.4558
chrUn_JTFH01001363v1_decoy,83915,42.3599
chrUn_JTFH01001364v1_decoy,600,0.303183
chrUn_JTFH01001365v1_decoy,43203,22.0087
chrUn_JTFH01001366v1_decoy,0,0
chrUn_JTFH01001367v1_decoy,79962,41.4526
chrUn_JTFH01001368v1_decoy,39415,20.9543
chrUn_JTFH01001369v1_decoy,67198,35.8581
chrUn_JTFH01001370v1_decoy,0,0
chrUn_JTFH01001371v1_decoy,10477,5.66631
chrUn_JTFH01001372v1_decoy,0,0
chrUn_JTFH01001373v1_decoy,60189,32.8543
chrUn_JTFH01001374v1_decoy,63927,35.0093
chrUn_JTFH01001375v1_decoy,747146,411.878
chrUn_JTFH01001376v1_decoy,80106,44.1599
chrUn_JTFH01001377v1_decoy,0,0
chrUn_JTFH01001378v1_decoy,27051,15.1207
chrUn_JTFH01001379v1_decoy,0,0
chrUn_JTFH01001380v1_decoy,0,0
chrUn_JTFH01001381v1_decoy,11834,6.66329
chrUn_JTFH01001382v1_decoy,3066,1.74007
chrUn_JTFH01001383v1_decoy,0,0
chrUn_JTFH01001384v1_decoy,0,0
chrUn_JTFH01001385v1_decoy,521,0.297035
chrUn_JTFH01001386v1_decoy,123408,70.4384
chrUn_JTFH01001387v1_decoy,34,0.0194175
chrUn_JTFH01001388v1_decoy,19668,11.2453
chrUn_JTFH01001389v1_decoy,0,0
chrUn_JTFH01001390v1_decoy,214223,123.9
chrUn_JTFH01001391v1_decoy,100863,58.4374
chrUn_JTFH01001392v1_decoy,31394,18.2949
chrUn_JTFH01001393v1_decoy,30188,17.6332
chrUn_JTFH01001394v1_decoy,19247,11.249
chrUn_JTFH01001395v1_decoy,0,0
chrUn_JTFH01001396v1_decoy,0,0
chrUn_JTFH01001397v1_decoy,100,0.0588582
chrUn_JTFH01001398v1_decoy,8703,5.16192
chrUn_JTFH01001399v1_decoy,32548,19.3278
chrUn_JTFH01001400v1_decoy,56633,33.7101
chrUn_JTFH01001401v1_decoy,0,0
chrUn_JTFH01001402v1_decoy,32847,19.5751
chrUn_JTFH01001403v1_decoy,63685,37.9756
chrUn_JTFH01001404v1_decoy,73722,43.9869
chrUn_JTFH01001405v1_decoy,353261,211.281
chrUn_JTFH01001406v1_decoy,30214,18.1031
chrUn_JTFH01001407v1_decoy,124,0.0743405
chrUn_JTFH01001408v1_decoy,421,0.253157
chrUn_JTFH01001409v1_decoy,0,0
chrUn_JTFH01001410v1_decoy,54597,32.8898
chrUn_JTFH01001411v1_decoy,50670,30.5609
chrUn_JTFH01001412v1_decoy,6756,4.07971
chrUn_JTFH01001413v1_decoy,7258,4.38285
chrUn_JTFH01001414v1_decoy,0,0
chrUn_JTFH01001415v1_decoy,0,0
chrUn_JTFH01001416v1_decoy,0,0
chrUn_JTFH01001417v1_decoy,1508,0.918952
chrUn_JTFH01001418v1_decoy,0,0
chrUn_JTFH01001419v1_decoy,35710,21.8677
chrUn_JTFH01001420v1_decoy,0,0
chrUn_JTFH01001421v1_decoy,57196,35.4374
chrUn_JTFH01001422v1_decoy,0,0
chrUn_JTFH01001423v1_decoy,0,0
chrUn_JTFH01001424v1_decoy,0,0
chrUn_JTFH01001425v1_decoy,35906,22.4553
chrUn_JTFH01001426v1_decoy,0,0
chrUn_JTFH01001427v1_decoy,32157,20.25
chrUn_JTFH01001428v1_decoy,0,0
chrUn_JTFH01001429v1_decoy,62724,39.5985
chrUn_JTFH01001430v1_decoy,306644,193.588
chrUn_JTFH01001431v1_decoy,0,0
chrUn_JTFH01001432v1_decoy,48943,31.1342
chrUn_JTFH01001433v1_decoy,282148,179.712
chrUn_JTFH01001434v1_decoy,31611,20.1472
chrUn_JTFH01001435v1_decoy,997,0.635842
chrUn_JTFH01001436v1_decoy,4094,2.61264
chrUn_JTFH01001437v1_decoy,34117,21.8
chrUn_JTFH01001438v1_decoy,415,0.266196
chrUn_JTFH01001439v1_decoy,10121,6.49198
chrUn_JTFH01001440v1_decoy,0,0
chrUn_JTFH01001441v1_decoy,58212,37.4595
chrUn_JTFH01001442v1_decoy,0,0
chrUn_JTFH01001443v1_decoy,0,0
chrUn_JTFH01001444v1_decoy,17410,11.2979
chrUn_JTFH01001445v1_decoy,17487,11.37
chrUn_JTFH01001446v1_decoy,171195,111.383
chrUn_JTFH01001447v1_decoy,0,0
chrUn_JTFH01001448v1_decoy,70753,46.2438
chrUn_JTFH01001449v1_decoy,0,0
chrUn_JTFH01001450v1_decoy,27050,17.7727
chrUn_JTFH01001451v1_decoy,589,0.389036
chrUn_JTFH01001452v1_decoy,23667,15.6839
chrUn_JTFH01001453v1_decoy,30783,20.4267
chrUn_JTFH01001454v1_decoy,14365,9.57667
chrUn_JTFH01001455v1_decoy,0,0
chrUn_JTFH01001456v1_decoy,30624,20.4296
chrUn_JTFH01001457v1_decoy,39056,26.0895
chrUn_JTFH01001458v1_decoy,0,0
chrUn_JTFH01001459v1_decoy,45266,30.4207
chrUn_JTFH01001460v1_decoy,44016,29.6205
chrUn_JTFH01001461v1_decoy,26482,17.833
chrUn_JTFH01001462v1_decoy,0,0
chrUn_JTFH01001463v1_decoy,0,0
chrUn_JTFH01001464v1_decoy,49133,33.3784
chrUn_JTFH01001465v1_decoy,321550,218.444
chrUn_JTFH01001466v1_decoy,47348,32.2095
chrUn_JTFH01001467v1_decoy,29122,19.8649
chrUn_JTFH01001468v1_decoy,0,0
chrUn_JTFH01001469v1_decoy,27798,19.0267
chrUn_JTFH01001470v1_decoy,56453,38.7195
chrUn_JTFH01001471v1_decoy,984,0.67536
chrUn_JTFH01001472v1_decoy,33540,23.163
chrUn_JTFH01001473v1_decoy,0,0
chrUn_JTFH01001474v1_decoy,36659,25.3871
chrUn_JTFH01001475v1_decoy,12895,8.93624
chrUn_JTFH01001476v1_decoy,0,0
chrUn_JTFH01001477v1_decoy,5023,3.49305
chrUn_JTFH01001478v1_decoy,237736,166.017
chrUn_JTFH01001479v1_decoy,17894,12.5133
chrUn_JTFH01001480v1_decoy,40212,28.1203
chrUn_JTFH01001481v1_decoy,0,0
chrUn_JTFH01001482v1_decoy,0,0
chrUn_JTFH01001483v1_decoy,0,0
chrUn_JTFH01001484v1_decoy,22905,16.0624
chrUn_JTFH01001485v1_decoy,0,0
chrUn_JTFH01001486v1_decoy,34563,24.3401
chrUn_JTFH01001487v1_decoy,53086,37.4901
chrUn_JTFH01001488v1_decoy,20435,14.4315
chrUn_JTFH01001489v1_decoy,0,0
chrUn_JTFH01001490v1_decoy,5096,3.60141
chrUn_JTFH01001491v1_decoy,0,0
chrUn_JTFH01001492v1_decoy,139,0.0983723
chrUn_JTFH01001493v1_decoy,0,0
chrUn_JTFH01001494v1_decoy,25717,18.3039
chrUn_JTFH01001495v1_decoy,49590,35.3709
chrUn_JTFH01001496v1_decoy,0,0
chrUn_JTFH01001497v1_decoy,308,0.220472
chrUn_JTFH01001498v1_decoy,62209,44.5943
chrUn_JTFH01001499v1_decoy,0,0
chrUn_JTFH01001500v1_decoy,4856,3.49856
chrUn_JTFH01001501v1_decoy,0,0
chrUn_JTFH01001502v1_decoy,220,0.15919
chrUn_JTFH01001503v1_decoy,47222,34.1941
chrUn_JTFH01001504v1_decoy,259,0.187817
chrUn_JTFH01001505v1_decoy,517,0.375727
chrUn_JTFH01001506v1_decoy,16653,12.1201
chrUn_JTFH01001507v1_decoy,51033,37.1419
chrUn_JTFH01001508v1_decoy,617,0.449381
chrUn_JTFH01001509v1_decoy,0,0
chrUn_JTFH01001510v1_decoy,47845,34.8724
chrUn_JTFH01001511v1_decoy,22923,16.7321
chrUn_JTFH01001512v1_decoy,3863864,2826.53
chrUn_JTFH01001513v1_decoy,33770,24.7399
chrUn_JTFH01001514v1_decoy,37371,27.3981
chrUn_JTFH01001515v1_decoy,0,0
chrUn_JTFH01001516v1_decoy,0,0
chrUn_JTFH01001517v1_decoy,26787,19.769
chrUn_JTFH01001518v1_decoy,10894,8.03985
chrUn_JTFH01001519v1_decoy,19802,14.6248
chrUn_JTFH01001520v1_decoy,2405,1.77753
chrUn_JTFH01001521v1_decoy,1585,1.17494
chrUn_JTFH01001522v1_decoy,49890,37.0929
chrUn_JTFH01001523v1_decoy,51755,38.5082
chrUn_JTFH01001524v1_decoy,0,0
chrUn_JTFH01001525v1_decoy,0,0
chrUn_JTFH01001526v1_decoy,52125,38.9574
chrUn_JTFH01001527v1_decoy,1096,0.819133
chrUn_JTFH01001528v1_decoy,0,0
chrUn_JTFH01001529v1_decoy,7041,5.28207
chrUn_JTFH01001530v1_decoy,0,0
chrUn_JTFH01001531v1_decoy,0,0
chrUn_JTFH01001532v1_decoy,86310,65.1888
chrUn_JTFH01001533v1_decoy,24795,18.7415
chrUn_JTFH01001534v1_decoy,5783,4.37113
chrUn_JTFH01001535v1_decoy,0,0
chrUn_JTFH01001536v1_decoy,0,0
chrUn_JTFH01001537v1_decoy,59,0.0447988
chrUn_JTFH01001538v1_decoy,0,0
chrUn_JTFH01001539v1_decoy,33444,25.6472
chrUn_JTFH01001540v1_decoy,0,0
chrUn_JTFH01001541v1_decoy,48390,37.1374
chrUn_JTFH01001542v1_decoy,23382,17.9585
chrUn_JTFH01001543v1_decoy,300,0.230592
chrUn_JTFH01001544v1_decoy,64389,49.53
chrUn_JTFH01001545v1_decoy,129486,99.7581
chrUn_JTFH01001546v1_decoy,2194,1.6916
chrUn_JTFH01001547v1_decoy,37,0.0285714
chrUn_JTFH01001548v1_decoy,146,0.113707
chrUn_JTFH01001549v1_decoy,271153,211.343
chrUn_JTFH01001550v1_decoy,5075,3.95557
chrUn_JTFH01001551v1_decoy,24387,19.0672
chrUn_JTFH01001552v1_decoy,0,0
chrUn_JTFH01001553v1_decoy,9148,7.19748
chrUn_JTFH01001554v1_decoy,0,0
chrUn_JTFH01001555v1_decoy,849,0.669558
chrUn_JTFH01001556v1_decoy,865,0.684335
chrUn_JTFH01001557v1_decoy,48229,38.1861
chrUn_JTFH01001558v1_decoy,57108,45.252
chrUn_JTFH01001559v1_decoy,10058,7.97621
chrUn_JTFH01001560v1_decoy,42933,34.0738
chrUn_JTFH01001561v1_decoy,112,0.0889595
chrUn_JTFH01001562v1_decoy,0,0
chrUn_JTFH01001563v1_decoy,53303,42.3712
chrUn_JTFH01001564v1_decoy,32671,26.0119
chrUn_JTFH01001565v1_decoy,0,0
chrUn_JTFH01001566v1_decoy,0,0
chrUn_JTFH01001567v1_decoy,0,0
chrUn_JTFH01001568v1_decoy,0,0
chrUn_JTFH01001569v1_decoy,0,0
chrUn_JTFH01001570v1_decoy,0,0
chrUn_JTFH01001571v1_decoy,54719,44.1995
chrUn_JTFH01001572v1_decoy,0,0
chrUn_JTFH01001573v1_decoy,24313,19.6707
chrUn_JTFH01001574v1_decoy,906,0.734198
chrUn_JTFH01001575v1_decoy,13912,11.2739
chrUn_JTFH01001576v1_decoy,443,0.35987
chrUn_JTFH01001577v1_decoy,0,0
chrUn_JTFH01001578v1_decoy,36283,29.4984
chrUn_JTFH01001579v1_decoy,3079,2.50325
chrUn_JTFH01001580v1_decoy,7224,5.88274
chrUn_JTFH01001581v1_decoy,0,0
chrUn_JTFH01001582v1_decoy,0,0
chrUn_JTFH01001583v1_decoy,188,0.153846
chrUn_JTFH01001584v1_decoy,7898,6.46847
chrUn_JTFH01001585v1_decoy,19614,16.0639
chrUn_JTFH01001586v1_decoy,56,0.0459016
chrUn_JTFH01001587v1_decoy,8168,6.70608
chrUn_JTFH01001588v1_decoy,116,0.0952381
chrUn_JTFH01001589v1_decoy,19178,15.7714
chrUn_JTFH01001590v1_decoy,0,0
chrUn_JTFH01001591v1_decoy,52536,43.3465
chrUn_JTFH01001592v1_decoy,465,0.384298
chrUn_JTFH01001593v1_decoy,0,0
chrUn_JTFH01001594v1_decoy,23005,19.0439
chrUn_JTFH01001595v1_decoy,0,0
chrUn_JTFH01001596v1_decoy,44689,37.0556
chrUn_JTFH01001597v1_decoy,0,0
chrUn_JTFH01001598v1_decoy,0,0
chrUn_JTFH01001599v1_decoy,0,0
chrUn_JTFH01001600v1_decoy,0,0
chrUn_JTFH01001601v1_decoy,0,0
chrUn_JTFH01001602v1_decoy,45083,37.6319
chrUn_JTFH01001603v1_decoy,17749,14.8155
chrUn_JTFH01001604v1_decoy,982,0.8197
chrUn_JTFH01001605v1_decoy,20645,17.2761
chrUn_JTFH01001606v1_decoy,0,0
chrUn_JTFH01001607v1_decoy,0,0
chrUn_JTFH01001608v1_decoy,53788,45.238
chrUn_JTFH01001609v1_decoy,45940,38.67
chrUn_JTFH01001610v1_decoy,0,0
chrUn_JTFH01001611v1_decoy,39611,33.5686
chrUn_JTFH01001612v1_decoy,0,0
chrUn_JTFH01001613v1_decoy,0,0
chrUn_JTFH01001614v1_decoy,24252,20.7637
chrUn_JTFH01001615v1_decoy,12898,11.0617
chrUn_JTFH01001616v1_decoy,0,0
chrUn_JTFH01001617v1_decoy,0,0
chrUn_JTFH01001618v1_decoy,48137,41.641
chrUn_JTFH01001619v1_decoy,47205,40.8701
chrUn_JTFH01001620v1_decoy,0,0
chrUn_JTFH01001621v1_decoy,42593,36.909
chrUn_JTFH01001622v1_decoy,41341,35.98
chrUn_JTFH01001623v1_decoy,0,0
chrUn_JTFH01001624v1_decoy,0,0
chrUn_JTFH01001625v1_decoy,0,0
chrUn_JTFH01001626v1_decoy,18538,16.3043
chrUn_JTFH01001627v1_decoy,7681,6.7674
chrUn_JTFH01001628v1_decoy,12124,10.6819
chrUn_JTFH01001629v1_decoy,1351,1.19031
chrUn_JTFH01001630v1_decoy,219,0.194321
chrUn_JTFH01001631v1_decoy,13870,12.307
chrUn_JTFH01001632v1_decoy,51425,45.6705
chrUn_JTFH01001633v1_decoy,1500,1.33571
chrUn_JTFH01001634v1_decoy,34922,31.0971
chrUn_JTFH01001635v1_decoy,11734,10.4488
chrUn_JTFH01001636v1_decoy,9049,8.06506
chrUn_JTFH01001637v1_decoy,0,0
chrUn_JTFH01001638v1_decoy,13031,11.6244
chrUn_JTFH01001639v1_decoy,10394,9.27208
chrUn_JTFH01001640v1_decoy,3474,3.10456
chrUn_JTFH01001641v1_decoy,14268,12.7507
chrUn_JTFH01001642v1_decoy,0,0
chrUn_JTFH01001643v1_decoy,11444,10.2361
chrUn_JTFH01001644v1_decoy,0,0
chrUn_JTFH01001645v1_decoy,18123,16.3861
chrUn_JTFH01001646v1_decoy,0,0
chrUn_JTFH01001647v1_decoy,0,0
chrUn_JTFH01001648v1_decoy,0,0
chrUn_JTFH01001649v1_decoy,39128,35.5386
chrUn_JTFH01001650v1_decoy,584,0.531876
chrUn_JTFH01001651v1_decoy,0,0
chrUn_JTFH01001652v1_decoy,0,0
chrUn_JTFH01001653v1_decoy,0,0
chrUn_JTFH01001654v1_decoy,27719,25.3142
chrUn_JTFH01001655v1_decoy,38659,35.3696
chrUn_JTFH01001656v1_decoy,0,0
chrUn_JTFH01001657v1_decoy,0,0
chrUn_JTFH01001658v1_decoy,790,0.726771
chrUn_JTFH01001659v1_decoy,14388,13.2364
chrUn_JTFH01001660v1_decoy,50896,46.9088
chrUn_JTFH01001661v1_decoy,37973,34.9982
chrUn_JTFH01001662v1_decoy,184,0.169585
chrUn_JTFH01001663v1_decoy,0,0
chrUn_JTFH01001664v1_decoy,42517,39.3676
chrUn_JTFH01001665v1_decoy,0,0
chrUn_JTFH01001666v1_decoy,710,0.658017
chrUn_JTFH01001667v1_decoy,0,0
chrUn_JTFH01001668v1_decoy,13260,12.2892
chrUn_JTFH01001669v1_decoy,1213759,1129.08
chrUn_JTFH01001670v1_decoy,16087,14.9786
chrUn_JTFH01001671v1_decoy,3751,3.49581
chrUn_JTFH01001672v1_decoy,740,0.691589
chrUn_JTFH01001673v1_decoy,2463,2.30618
chrUn_JTFH01001674v1_decoy,1980,1.85567
chrUn_JTFH01001675v1_decoy,217,0.203565
chrUn_JTFH01001676v1_decoy,15098,14.1632
chrUn_JTFH01001677v1_decoy,50821,47.6745
chrUn_JTFH01001678v1_decoy,15054,14.1618
chrUn_JTFH01001679v1_decoy,0,0
chrUn_JTFH01001680v1_decoy,175309,164.919
chrUn_JTFH01001681v1_decoy,1135,1.06874
chrUn_JTFH01001682v1_decoy,0,0
chrUn_JTFH01001683v1_decoy,38837,36.7775
chrUn_JTFH01001684v1_decoy,45510,43.2605
chrUn_JTFH01001685v1_decoy,0,0
chrUn_JTFH01001686v1_decoy,280,0.266413
chrUn_JTFH01001687v1_decoy,50,0.047619
chrUn_JTFH01001688v1_decoy,30081,28.7032
chrUn_JTFH01001689v1_decoy,7181,6.8652
chrUn_JTFH01001690v1_decoy,10916,10.4359
chrUn_JTFH01001691v1_decoy,0,0
chrUn_JTFH01001692v1_decoy,1467,1.40652
chrUn_JTFH01001693v1_decoy,1097,1.05684
chrUn_JTFH01001694v1_decoy,39089,37.7307
chrUn_JTFH01001695v1_decoy,2005,1.9372
chrUn_JTFH01001696v1_decoy,39214,37.8879
chrUn_JTFH01001697v1_decoy,34470,33.3043
chrUn_JTFH01001698v1_decoy,16922,16.3814
chrUn_JTFH01001699v1_decoy,2959,2.86725
chrUn_JTFH01001700v1_decoy,1919,1.8613
chrUn_JTFH01001701v1_decoy,48874,47.6355
chrUn_JTFH01001702v1_decoy,42245,41.1745
chrUn_JTFH01001703v1_decoy,109,0.106238
chrUn_JTFH01001704v1_decoy,9762,9.54252
chrUn_JTFH01001705v1_decoy,9132,8.93542
chrUn_JTFH01001706v1_decoy,752,0.737255
chrUn_JTFH01001707v1_decoy,270,0.264706
chrUn_JTFH01001708v1_decoy,28795,28.2304
chrUn_JTFH01001709v1_decoy,16856,16.5417
chrUn_JTFH01001710v1_decoy,46248,45.4303
chrUn_JTFH01001711v1_decoy,0,0
chrUn_JTFH01001712v1_decoy,128,0.12586
chrUn_JTFH01001713v1_decoy,15649,15.4177
chrUn_JTFH01001714v1_decoy,0,0
chrUn_JTFH01001715v1_decoy,8739,8.60985
chrUn_JTFH01001716v1_decoy,29231,28.8274
chrUn_JTFH01001717v1_decoy,121,0.119329
chrUn_JTFH01001718v1_decoy,27122,26.7739
chrUn_JTFH01001719v1_decoy,3657,3.61007
chrUn_JTFH01001720v1_decoy,0,0
chrUn_JTFH01001721v1_decoy,0,0
chrUn_JTFH01001722v1_decoy,203,0.200791
chrUn_JTFH01001723v1_decoy,0,0
chrUn_JTFH01001724v1_decoy,5158,5.11199
chrUn_JTFH01001725v1_decoy,22424,22.246
chrUn_JTFH01001726v1_decoy,959,0.951389
chrUn_JTFH01001727v1_decoy,0,0
chrUn_JTFH01001728v1_decoy,7291,7.24032
chrUn_JTFH01001729v1_decoy,14769,14.6663
chrUn_JTFH01001730v1_decoy,76,0.0755467
chrUn_JTFH01001731v1_decoy,20317,20.2159
chrUn_JTFH01001732v1_decoy,109,0.108674
chrUn_JTFH01001733v1_decoy,35428,35.3926
chrUn_JTFH01001734v1_decoy,6339,6.339
chrUn_JTFH01001735v1_decoy,0,0
chrUn_JTFH01001736v1_decoy,263166,22.4679
chrUn_JTFH01001737v1_decoy,348125,30.9087
chrUn_JTFH01001738v1_decoy,0,0
chrUn_JTFH01001739v1_decoy,377970,39.5036
chrUn_JTFH01001740v1_decoy,350509,37.5117
chrUn_JTFH01001741v1_decoy,0,0
chrUn_JTFH01001742v1_decoy,220053,24.1816
chrUn_JTFH01001743v1_decoy,41238,4.70163
chrUn_JTFH01001744v1_decoy,94148,10.8341
chrUn_JTFH01001745v1_decoy,0,0
chrUn_JTFH01001746v1_decoy,267484,33.1948
chrUn_JTFH01001747v1_decoy,251801,32.4528
chrUn_JTFH01001748v1_decoy,156803,20.6728
chrUn_JTFH01001749v1_decoy,0,0
chrUn_JTFH01001750v1_decoy,286514,38.4016
chrUn_JTFH01001751v1_decoy,235069,32.017
chrUn_JTFH01001752v1_decoy,277673,38.4429
chrUn_JTFH01001753v1_decoy,173095,24.5038
chrUn_JTFH01001754v1_decoy,206980,29.9277
chrUn_JTFH01001755v1_decoy,10128,1.46846
chrUn_JTFH01001756v1_decoy,180737,26.2699
chrUn_JTFH01001757v1_decoy,217804,31.7637
chrUn_JTFH01001758v1_decoy,161999,23.6841
chrUn_JTFH01001759v1_decoy,372,0.0552913
chrUn_JTFH01001760v1_decoy,122287,18.2845
chrUn_JTFH01001761v1_decoy,229781,35.065
chrUn_JTFH01001762v1_decoy,24672,3.85741
chrUn_JTFH01001763v1_decoy,29586,4.66288
chrUn_JTFH01001764v1_decoy,99560,15.8157
chrUn_JTFH01001765v1_decoy,14252,2.2745
chrUn_JTFH01001766v1_decoy,56157,9.0972
chrUn_JTFH01001767v1_decoy,1134,0.183763
chrUn_JTFH01001768v1_decoy,124570,20.3546
chrUn_JTFH01001769v1_decoy,198958,32.5894
chrUn_JTFH01001770v1_decoy,0,0
chrUn_JTFH01001771v1_decoy,199870,33.9165
chrUn_JTFH01001772v1_decoy,78030,13.3865
chrUn_JTFH01001773v1_decoy,116084,20.0387
chrUn_JTFH01001774v1_decoy,651,0.112708
chrUn_JTFH01001775v1_decoy,86844,15.0797
chrUn_JTFH01001776v1_decoy,180940,31.655
chrUn_JTFH01001777v1_decoy,176295,30.8856
chrUn_JTFH01001778v1_decoy,90466,16.1835
chrUn_JTFH01001779v1_decoy,105067,18.8766
chrUn_JTFH01001780v1_decoy,211347,38.0257
chrUn_JTFH01001781v1_decoy,133611,24.6606
chrUn_JTFH01001782v1_decoy,206548,38.4275
chrUn_JTFH01001783v1_decoy,203,0.0383019
chrUn_JTFH01001784v1_decoy,143059,27.2234
chrUn_JTFH01001785v1_decoy,0,0
chrUn_JTFH01001786v1_decoy,59988,11.6936
chrUn_JTFH01001787v1_decoy,159447,32.0303
chrUn_JTFH01001788v1_decoy,70941,14.3113
chrUn_JTFH01001789v1_decoy,211498,42.7528
chrUn_JTFH01001790v1_decoy,29031,5.92832
chrUn_JTFH01001791v1_decoy,0,0
chrUn_JTFH01001792v1_decoy,135147,27.8941
chrUn_JTFH01001793v1_decoy,73467,15.7048
chrUn_JTFH01001794v1_decoy,145924,31.4424
chrUn_JTFH01001795v1_decoy,66737,14.5333
chrUn_JTFH01001796v1_decoy,1054,0.232005
chrUn_JTFH01001797v1_decoy,220909,48.7443
chrUn_JTFH01001798v1_decoy,119934,26.6342
chrUn_JTFH01001799v1_decoy,149636,33.2894
chrUn_JTFH01001800v1_decoy,904,0.20342
chrUn_JTFH01001801v1_decoy,63138,14.304
chrUn_JTFH01001802v1_decoy,24353,5.52347
chrUn_JTFH01001803v1_decoy,5093,1.18387
chrUn_JTFH01001804v1_decoy,133617,31.0737
chrUn_JTFH01001805v1_decoy,128895,30.1368
chrUn_JTFH01001806v1_decoy,61918,14.8378
chrUn_JTFH01001807v1_decoy,355268,85.2166
chrUn_JTFH01001808v1_decoy,2435,0.588733
chrUn_JTFH01001809v1_decoy,40783,9.94465
chrUn_JTFH01001810v1_decoy,75632,18.4965
chrUn_JTFH01001811v1_decoy,136917,34.1014
chrUn_JTFH01001812v1_decoy,1080,0.27
chrUn_JTFH01001813v1_decoy,290797,73.1933
chrUn_JTFH01001814v1_decoy,129178,34.6136
chrUn_JTFH01001815v1_decoy,61476,16.5748
chrUn_JTFH01001816v1_decoy,127999,34.7257
chrUn_JTFH01001817v1_decoy,43847,11.9279
chrUn_JTFH01001818v1_decoy,35039,9.53961
chrUn_JTFH01001819v1_decoy,50956,13.8769
chrUn_JTFH01001820v1_decoy,154236,42.4542
chrUn_JTFH01001821v1_decoy,108530,29.8734
chrUn_JTFH01001822v1_decoy,1103,0.305286
chrUn_JTFH01001823v1_decoy,73513,20.392
chrUn_JTFH01001824v1_decoy,154372,42.9766
chrUn_JTFH01001825v1_decoy,985,0.274679
chrUn_JTFH01001826v1_decoy,2431,0.678292
chrUn_JTFH01001827v1_decoy,99541,27.8281
chrUn_JTFH01001828v1_decoy,54605,15.4382
chrUn_JTFH01001829v1_decoy,80,0.022792
chrUn_JTFH01001830v1_decoy,89306,25.4506
chrUn_JTFH01001831v1_decoy,131257,37.631
chrUn_JTFH01001832v1_decoy,2729,0.785776
chrUn_JTFH01001833v1_decoy,56522,16.407
chrUn_JTFH01001834v1_decoy,90134,26.3011
chrUn_JTFH01001835v1_decoy,153,0.0450663
chrUn_JTFH01001836v1_decoy,111495,33.114
chrUn_JTFH01001837v1_decoy,62863,18.8382
chrUn_JTFH01001838v1_decoy,24196,7.27918
chrUn_JTFH01001839v1_decoy,96891,29.2281
chrUn_JTFH01001840v1_decoy,31515,9.51253
chrUn_JTFH01001841v1_decoy,0,0
chrUn_JTFH01001842v1_decoy,355,0.109231
chrUn_JTFH01001843v1_decoy,103,0.0317216
chrUn_JTFH01001844v1_decoy,101835,31.4597
chrUn_JTFH01001845v1_decoy,306,0.0945904
chrUn_JTFH01001846v1_decoy,129,0.0403125
chrUn_JTFH01001847v1_decoy,123,0.0384977
chrUn_JTFH01001848v1_decoy,93948,29.5899
chrUn_JTFH01001849v1_decoy,60756,19.2388
chrUn_JTFH01001850v1_decoy,0,0
chrUn_JTFH01001851v1_decoy,103183,32.8713
chrUn_JTFH01001852v1_decoy,100446,32.0096
chrUn_JTFH01001853v1_decoy,65,0.020727
chrUn_JTFH01001854v1_decoy,0,0
chrUn_JTFH01001855v1_decoy,32217,10.2864
chrUn_JTFH01001856v1_decoy,81077,26.1961
chrUn_JTFH01001857v1_decoy,88792,28.6981
chrUn_JTFH01001858v1_decoy,111293,35.9822
chrUn_JTFH01001859v1_decoy,0,0
chrUn_JTFH01001860v1_decoy,0,0
chrUn_JTFH01001861v1_decoy,148,0.0497479
chrUn_JTFH01001862v1_decoy,150784,50.8204
chrUn_JTFH01001863v1_decoy,1287,0.43465
chrUn_JTFH01001864v1_decoy,48717,16.4863
chrUn_JTFH01001865v1_decoy,419,0.14276
chrUn_JTFH01001866v1_decoy,168416,57.4211
chrUn_JTFH01001867v1_decoy,525,0.180474
chrUn_JTFH01001868v1_decoy,131844,45.4008
chrUn_JTFH01001869v1_decoy,0,0
chrUn_JTFH01001870v1_decoy,53651,18.5901
chrUn_JTFH01001871v1_decoy,0,0
chrUn_JTFH01001872v1_decoy,2458,0.854065
chrUn_JTFH01001873v1_decoy,1759,0.611826
chrUn_JTFH01001874v1_decoy,76341,26.6833
chrUn_JTFH01001875v1_decoy,555,0.194328
chrUn_JTFH01001876v1_decoy,101233,35.6705
chrUn_JTFH01001877v1_decoy,210058,74.9939
chrUn_JTFH01001878v1_decoy,30,0.0107258
chrUn_JTFH01001879v1_decoy,29940,10.7389
chrUn_JTFH01001880v1_decoy,143190,51.6372
chrUn_JTFH01001881v1_decoy,88877,32.2603
chrUn_JTFH01001882v1_decoy,2016,0.732026
chrUn_JTFH01001883v1_decoy,44538,16.237
chrUn_JTFH01001884v1_decoy,0,0
chrUn_JTFH01001885v1_decoy,95847,35.212
chrUn_JTFH01001886v1_decoy,0,0
chrUn_JTFH01001887v1_decoy,13042,4.88647
chrUn_JTFH01001888v1_decoy,58748,22.0608
chrUn_JTFH01001889v1_decoy,2348,0.88537
chrUn_JTFH01001890v1_decoy,57268,21.6351
chrUn_JTFH01001891v1_decoy,83117,31.5435
chrUn_JTFH01001892v1_decoy,0,0
chrUn_JTFH01001893v1_decoy,225977,85.9555
chrUn_JTFH01001894v1_decoy,10010,3.83231
chrUn_JTFH01001895v1_decoy,25222,9.7045
chrUn_JTFH01001896v1_decoy,50493,19.6777
chrUn_JTFH01001897v1_decoy,39828,15.5822
chrUn_JTFH01001898v1_decoy,126421,49.5574
chrUn_JTFH01001899v1_decoy,1752,0.68679
chrUn_JTFH01001900v1_decoy,6367,2.50867
chrUn_JTFH01001901v1_decoy,1380,0.543735
chrUn_JTFH01001902v1_decoy,192,0.0760396
chrUn_JTFH01001903v1_decoy,14693,5.88191
chrUn_JTFH01001904v1_decoy,21403,8.57492
chrUn_JTFH01001905v1_decoy,42881,17.2698
chrUn_JTFH01001906v1_decoy,46760,18.8929
chrUn_JTFH01001907v1_decoy,83827,33.9518
chrUn_JTFH01001908v1_decoy,30558,12.4473
chrUn_JTFH01001909v1_decoy,0,0
chrUn_JTFH01001910v1_decoy,17752,7.28437
chrUn_JTFH01001911v1_decoy,0,0
chrUn_JTFH01001912v1_decoy,33501,13.8035
chrUn_JTFH01001913v1_decoy,371,0.153369
chrUn_JTFH01001914v1_decoy,181216,75.0999
chrUn_JTFH01001915v1_decoy,349,0.144693
chrUn_JTFH01001916v1_decoy,0,0
chrUn_JTFH01001917v1_decoy,39919,16.6399
chrUn_JTFH01001918v1_decoy,54222,22.6302
chrUn_JTFH01001919v1_decoy,0,0
chrUn_JTFH01001920v1_decoy,75755,31.7498
chrUn_JTFH01001921v1_decoy,38072,15.9698
chrUn_JTFH01001922v1_decoy,9613,4.03568
chrUn_JTFH01001923v1_decoy,113138,47.4971
chrUn_JTFH01001924v1_decoy,29598,12.5044
chrUn_JTFH01001925v1_decoy,50143,21.1932
chrUn_JTFH01001926v1_decoy,44079,18.6617
chrUn_JTFH01001927v1_decoy,490,0.207539
chrUn_JTFH01001928v1_decoy,163,0.0692733
chrUn_JTFH01001929v1_decoy,8856,3.77011
chrUn_JTFH01001930v1_decoy,24160,10.2896
chrUn_JTFH01001931v1_decoy,32102,13.7188
chrUn_JTFH01001932v1_decoy,37604,16.077
chrUn_JTFH01001933v1_decoy,71133,30.4508
chrUn_JTFH01001934v1_decoy,856,0.36691
chrUn_JTFH01001935v1_decoy,0,0
chrUn_JTFH01001936v1_decoy,48201,20.7138
chrUn_JTFH01001937v1_decoy,60226,25.9819
chrUn_JTFH01001938v1_decoy,80285,35.0131
chrUn_JTFH01001939v1_decoy,117163,51.1182
chrUn_JTFH01001940v1_decoy,200542,87.6878
chrUn_JTFH01001941v1_decoy,0,0
chrUn_JTFH01001942v1_decoy,21227,9.33465
chrUn_JTFH01001943v1_decoy,77640,34.2479
chrUn_JTFH01001944v1_decoy,37830,16.7389
chrUn_JTFH01001945v1_decoy,42794,18.9606
chrUn_JTFH01001946v1_decoy,248,0.110714
chrUn_JTFH01001947v1_decoy,0,0
chrUn_JTFH01001948v1_decoy,0,0
chrUn_JTFH01001949v1_decoy,77,0.0345291
chrUn_JTFH01001950v1_decoy,65,0.029148
chrUn_JTFH01001951v1_decoy,0,0
chrUn_JTFH01001952v1_decoy,0,0
chrUn_JTFH01001953v1_decoy,70,0.031617
chrUn_JTFH01001954v1_decoy,27883,12.6167
chrUn_JTFH01001955v1_decoy,32433,14.7222
chrUn_JTFH01001956v1_decoy,46360,21.1015
chrUn_JTFH01001957v1_decoy,44400,20.2186
chrUn_JTFH01001958v1_decoy,67521,30.7473
chrUn_JTFH01001959v1_decoy,44661,20.4961
chrUn_JTFH01001960v1_decoy,41911,19.2429
chrUn_JTFH01001961v1_decoy,529006,242.886
chrUn_JTFH01001962v1_decoy,146,0.0672192
chrUn_JTFH01001963v1_decoy,346,0.159447
chrUn_JTFH01001964v1_decoy,22537,10.4001
chrUn_JTFH01001965v1_decoy,31260,14.4255
chrUn_JTFH01001966v1_decoy,2667,1.23644
chrUn_JTFH01001967v1_decoy,15716,7.29958
chrUn_JTFH01001968v1_decoy,15631,7.26685
chrUn_JTFH01001969v1_decoy,4286,1.99627
chrUn_JTFH01001970v1_decoy,3911,1.82331
chrUn_JTFH01001971v1_decoy,0,0
chrUn_JTFH01001972v1_decoy,86444,40.3567
chrUn_JTFH01001973v1_decoy,7743,3.625
chrUn_JTFH01001974v1_decoy,17678,8.29953
chrUn_JTFH01001975v1_decoy,83495,39.2364
chrUn_JTFH01001976v1_decoy,119255,56.0936
chrUn_JTFH01001977v1_decoy,0,0
chrUn_JTFH01001978v1_decoy,44807,21.1454
chrUn_JTFH01001979v1_decoy,151,0.0716659
chrUn_JTFH01001980v1_decoy,0,0
chrUn_JTFH01001981v1_decoy,53138,25.4614
chrUn_JTFH01001982v1_decoy,141595,67.8787
chrUn_JTFH01001983v1_decoy,70093,33.65
chrUn_JTFH01001984v1_decoy,420,0.20241
chrUn_JTFH01001985v1_decoy,535,0.257831
chrUn_JTFH01001986v1_decoy,4576,2.20849
chrUn_JTFH01001987v1_decoy,21422,10.3588
chrUn_JTFH01001988v1_decoy,1420,0.686986
chrUn_JTFH01001989v1_decoy,0,0
chrUn_JTFH01001990v1_decoy,0,0
chrUn_JTFH01001991v1_decoy,0,0
chrUn_JTFH01001992v1_decoy,0,0
chrUn_JTFH01001993v1_decoy,63698,31.4713
chrUn_JTFH01001994v1_decoy,28716,14.244
chrUn_JTFH01001995v1_decoy,14515,7.2178
chrUn_JTFH01001996v1_decoy,0,0
chrUn_JTFH01001997v1_decoy,38639,19.2906
chrUn_JTFH01001998v1_decoy,374383,187.098
HLA-A*01:01:01:01,0,0
HLA-A*01:01:01:02N,0,0
HLA-A*01:01:38L,0,0
HLA-A*01:02,0,0
HLA-A*01:03,0,0
HLA-A*01:04N,0,0
HLA-A*01:09,0,0
HLA-A*01:11N,0,0
HLA-A*01:14,0,0
HLA-A*01:16N,0,0
HLA-A*01:20,0,0
HLA-A*02:01:01:01,0,0
HLA-A*02:01:01:02L,0,0
HLA-A*02:01:01:03,0,0
HLA-A*02:01:01:04,0,0
HLA-A*02:02:01,0,0
HLA-A*02:03:01,0,0
HLA-A*02:03:03,0,0
HLA-A*02:05:01,0,0
HLA-A*02:06:01,0,0
HLA-A*02:07:01,0,0
HLA-A*02:10,0,0
HLA-A*02:251,0,0
HLA-A*02:259,0,0
HLA-A*02:264,0,0
HLA-A*02:265,0,0
HLA-A*02:266,0,0
HLA-A*02:269,0,0
HLA-A*02:279,0,0
HLA-A*02:32N,0,0
HLA-A*02:376,0,0
HLA-A*02:43N,0,0
HLA-A*02:455,0,0
HLA-A*02:48,0,0
HLA-A*02:51,0,0
HLA-A*02:533,0,0
HLA-A*02:53N,0,0
HLA-A*02:57,0,0
HLA-A*02:60:01,0,0
HLA-A*02:65,0,0
HLA-A*02:68,0,0
HLA-A*02:77,0,0
HLA-A*02:81,0,0
HLA-A*02:89,0,0
HLA-A*02:95,0,0
HLA-A*03:01:01:01,0,0
HLA-A*03:01:01:02N,0,0
HLA-A*03:01:01:03,0,0
HLA-A*03:02:01,0,0
HLA-A*03:11N,0,0
HLA-A*03:21N,0,0
HLA-A*03:36N,0,0
HLA-A*11:01:01,0,0
HLA-A*11:01:18,0,0
HLA-A*11:02:01,0,0
HLA-A*11:05,0,0
HLA-A*11:110,0,0
HLA-A*11:25,0,0
HLA-A*11:50Q,0,0
HLA-A*11:60,0,0
HLA-A*11:69N,0,0
HLA-A*11:74,0,0
HLA-A*11:75,0,0
HLA-A*11:77,0,0
HLA-A*23:01:01,0,0
HLA-A*23:09,0,0
HLA-A*23:38N,0,0
HLA-A*24:02:01:01,0,0
HLA-A*24:02:01:02L,0,0
HLA-A*24:02:01:03,0,0
HLA-A*24:02:03Q,0,0
HLA-A*24:02:10,0,0
HLA-A*24:03:01,0,0
HLA-A*24:07:01,0,0
HLA-A*24:08,0,0
HLA-A*24:09N,0,0
HLA-A*24:10:01,0,0
HLA-A*24:11N,0,0
HLA-A*24:152,0,0
HLA-A*24:20,0,0
HLA-A*24:215,0,0
HLA-A*24:61,0,0
HLA-A*24:86N,0,0
HLA-A*25:01:01,0,0
HLA-A*26:01:01,0,0
HLA-A*26:11N,0,0
HLA-A*26:15,0,0
HLA-A*26:50,0,0
HLA-A*29:01:01:01,0,0
HLA-A*29:01:01:02N,0,0
HLA-A*29:02:01:01,0,0
HLA-A*29:02:01:02,0,0
HLA-A*29:46,0,0
HLA-A*30:01:01,0,0
HLA-A*30:02:01:01,0,0
HLA-A*30:02:01:02,0,0
HLA-A*30:04:01,0,0
HLA-A*30:89,0,0
HLA-A*31:01:02,0,0
HLA-A*31:01:23,0,0
HLA-A*31:04,0,0
HLA-A*31:14N,0,0
HLA-A*31:46,0,0
HLA-A*32:01:01,0,0
HLA-A*32:06,0,0
HLA-A*33:01:01,0,0
HLA-A*33:03:01,0,0
HLA-A*33:07,0,0
HLA-A*34:01:01,0,0
HLA-A*34:02:01,0,0
HLA-A*36:01,0,0
HLA-A*43:01,0,0
HLA-A*66:01:01,0,0
HLA-A*66:17,0,0
HLA-A*68:01:01:01,0,0
HLA-A*68:01:01:02,0,0
HLA-A*68:01:02:01,0,0
HLA-A*68:01:02:02,0,0
HLA-A*68:02:01:01,0,0
HLA-A*68:02:01:02,0,0
HLA-A*68:02:01:03,0,0
HLA-A*68:02:02,0,0
HLA-A*68:03:01,0,0
HLA-A*68:08:01,0,0
HLA-A*68:113,0,0
HLA-A*68:17,0,0
HLA-A*68:18N,0,0
HLA-A*68:22,0,0
HLA-A*68:71,0,0
HLA-A*69:01,0,0
HLA-A*74:01,0,0
HLA-A*74:02:01:01,0,0
HLA-A*74:02:01:02,0,0
HLA-A*80:01:01:01,0,0
HLA-A*80:01:01:02,0,0
HLA-B*07:02:01,0,0
HLA-B*07:05:01,0,0
HLA-B*07:06,0,0
HLA-B*07:156,0,0
HLA-B*07:33:01,0,0
HLA-B*07:41,0,0
HLA-B*07:44,0,0
HLA-B*07:50,0,0
HLA-B*08:01:01,0,0
HLA-B*08:08N,0,0
HLA-B*08:132,0,0
HLA-B*08:134,0,0
HLA-B*08:19N,0,0
HLA-B*08:20,0,0
HLA-B*08:33,0,0
HLA-B*08:79,0,0
HLA-B*13:01:01,0,0
HLA-B*13:02:01,0,0
HLA-B*13:02:03,0,0
HLA-B*13:02:09,0,0
HLA-B*13:08,0,0
HLA-B*13:15,0,0
HLA-B*13:25,0,0
HLA-B*14:01:01,0,0
HLA-B*14:02:01,0,0
HLA-B*14:07N,0,0
HLA-B*15:01:01:01,0,0
HLA-B*15:01:01:02N,0,0
HLA-B*15:01:01:03,0,0
HLA-B*15:02:01,0,0
HLA-B*15:03:01,0,0
HLA-B*15:04:01,0,0
HLA-B*15:07:01,0,0
HLA-B*15:108,0,0
HLA-B*15:10:01,0,0
HLA-B*15:11:01,0,0
HLA-B*15:13:01,0,0
HLA-B*15:16:01,0,0
HLA-B*15:17:01:01,0,0
HLA-B*15:17:01:02,0,0
HLA-B*15:18:01,0,0
HLA-B*15:220,0,0
HLA-B*15:25:01,0,0
HLA-B*15:27:01,0,0
HLA-B*15:32:01,0,0
HLA-B*15:42,0,0
HLA-B*15:58,0,0
HLA-B*15:66,0,0
HLA-B*15:77,0,0
HLA-B*15:83,0,0
HLA-B*18:01:01:01,0,0
HLA-B*18:01:01:02,0,0
HLA-B*18:02,0,0
HLA-B*18:03,0,0
HLA-B*18:17N,0,0
HLA-B*18:26,0,0
HLA-B*18:94N,0,0
HLA-B*27:04:01,0,0
HLA-B*27:05:02,0,0
HLA-B*27:05:18,0,0
HLA-B*27:06,0,0
HLA-B*27:07:01,0,0
HLA-B*27:131,0,0
HLA-B*27:24,0,0
HLA-B*27:25,0,0
HLA-B*27:32,0,0
HLA-B*35:01:01:01,0,0
HLA-B*35:01:01:02,0,0
HLA-B*35:01:22,0,0
HLA-B*35:02:01,0,0
HLA-B*35:03:01,0,0
HLA-B*35:05:01,0,0
HLA-B*35:08:01,0,0
HLA-B*35:14:02,0,0
HLA-B*35:241,0,0
HLA-B*35:41,0,0
HLA-B*37:01:01,0,0
HLA-B*37:01:05,0,0
HLA-B*38:01:01,0,0
HLA-B*38:02:01,0,0
HLA-B*38:14,0,0
HLA-B*39:01:01:01,0,0
HLA-B*39:01:01:02L,0,0
HLA-B*39:01:01:03,0,0
HLA-B*39:01:03,0,0
HLA-B*39:01:16,0,0
HLA-B*39:01:21,0,0
HLA-B*39:05:01,0,0
HLA-B*39:06:02,0,0
HLA-B*39:10:01,0,0
HLA-B*39:13:02,0,0
HLA-B*39:14,0,0
HLA-B*39:34,0,0
HLA-B*39:38Q,0,0
HLA-B*40:01:01,0,0
HLA-B*40:01:02,0,0
HLA-B*40:02:01,0,0
HLA-B*40:03,0,0
HLA-B*40:06:01:01,0,0
HLA-B*40:06:01:02,0,0
HLA-B*40:10:01,0,0
HLA-B*40:150,0,0
HLA-B*40:40,0,0
HLA-B*40:72:01,0,0
HLA-B*40:79,0,0
HLA-B*41:01:01,0,0
HLA-B*41:02:01,0,0
HLA-B*42:01:01,0,0
HLA-B*42:02,0,0
HLA-B*42:08,0,0
HLA-B*44:02:01:01,0,0
HLA-B*44:02:01:02S,0,0
HLA-B*44:02:01:03,0,0
HLA-B*44:02:17,0,0
HLA-B*44:02:27,0,0
HLA-B*44:03:01,0,0
HLA-B*44:03:02,0,0
HLA-B*44:04,0,0
HLA-B*44:09,0,0
HLA-B*44:138Q,0,0
HLA-B*44:150,0,0
HLA-B*44:23N,0,0
HLA-B*44:26,0,0
HLA-B*44:46,0,0
HLA-B*44:49,0,0
HLA-B*44:56N,0,0
HLA-B*45:01:01,0,0
HLA-B*45:04,0,0
HLA-B*46:01:01,0,0
HLA-B*46:01:05,0,0
HLA-B*47:01:01:01,0,0
HLA-B*47:01:01:02,0,0
HLA-B*48:01:01,0,0
HLA-B*48:03:01,0,0
HLA-B*48:04,0,0
HLA-B*48:08,0,0
HLA-B*49:01:01,0,0
HLA-B*49:32,0,0
HLA-B*50:01:01,0,0
HLA-B*51:01:01,0,0
HLA-B*51:01:02,0,0
HLA-B*51:02:01,0,0
HLA-B*51:07:01,0,0
HLA-B*51:42,0,0
HLA-B*52:01:01:01,0,0
HLA-B*52:01:01:02,0,0
HLA-B*52:01:01:03,0,0
HLA-B*52:01:02,0,0
HLA-B*53:01:01,0,0
HLA-B*53:11,0,0
HLA-B*54:01:01,0,0
HLA-B*54:18,0,0
HLA-B*55:01:01,0,0
HLA-B*55:01:03,0,0
HLA-B*55:02:01,0,0
HLA-B*55:12,0,0
HLA-B*55:24,0,0
HLA-B*55:48,0,0
HLA-B*56:01:01,0,0
HLA-B*56:03,0,0
HLA-B*56:04,0,0
HLA-B*57:01:01,0,0
HLA-B*57:03:01,0,0
HLA-B*57:06,0,0
HLA-B*57:11,0,0
HLA-B*57:29,0,0
HLA-B*58:01:01,0,0
HLA-B*58:31N,0,0
HLA-B*59:01:01:01,0,0
HLA-B*59:01:01:02,0,0
HLA-B*67:01:01,0,0
HLA-B*67:01:02,0,0
HLA-B*67:02,0,0
HLA-B*73:01,0,0
HLA-B*78:01:01,0,0
HLA-B*81:01,0,0
HLA-B*82:02:01,0,0
HLA-C*01:02:01,0,0
HLA-C*01:02:11,0,0
HLA-C*01:02:29,0,0
HLA-C*01:02:30,0,0
HLA-C*01:03,0,0
HLA-C*01:06,0,0
HLA-C*01:08,0,0
HLA-C*01:14,0,0
HLA-C*01:21,0,0
HLA-C*01:30,0,0
HLA-C*01:40,0,0
HLA-C*02:02:02:01,0,0
HLA-C*02:02:02:02,0,0
HLA-C*02:10,0,0
HLA-C*02:11,0,0
HLA-C*02:16:02,0,0
HLA-C*02:69,0,0
HLA-C*02:85,0,0
HLA-C*02:86,0,0
HLA-C*02:87,0,0
HLA-C*03:02:01,0,0
HLA-C*03:02:02:01,0,0
HLA-C*03:02:02:02,0,0
HLA-C*03:02:02:03,0,0
HLA-C*03:03:01,0,0
HLA-C*03:04:01:01,0,0
HLA-C*03:04:01:02,0,0
HLA-C*03:04:02,0,0
HLA-C*03:04:04,0,0
HLA-C*03:05,0,0
HLA-C*03:06,0,0
HLA-C*03:100,0,0
HLA-C*03:13:01,0,0
HLA-C*03:20N,0,0
HLA-C*03:219,0,0
HLA-C*03:261,0,0
HLA-C*03:40:01,0,0
HLA-C*03:41:02,0,0
HLA-C*03:46,0,0
HLA-C*03:61,0,0
HLA-C*04:01:01:01,0,0
HLA-C*04:01:01:02,0,0
HLA-C*04:01:01:03,0,0
HLA-C*04:01:01:04,0,0
HLA-C*04:01:01:05,0,0
HLA-C*04:01:62,0,0
HLA-C*04:03:01,0,0
HLA-C*04:06,0,0
HLA-C*04:09N,0,0
HLA-C*04:128,0,0
HLA-C*04:161,0,0
HLA-C*04:177,0,0
HLA-C*04:70,0,0
HLA-C*04:71,0,0
HLA-C*05:01:01:01,0,0
HLA-C*05:01:01:02,0,0
HLA-C*05:08,0,0
HLA-C*05:09:01,0,0
HLA-C*05:93,0,0
HLA-C*06:02:01:01,0,0
HLA-C*06:02:01:02,0,0
HLA-C*06:02:01:03,0,0
HLA-C*06:23,0,0
HLA-C*06:24,0,0
HLA-C*06:46N,0,0
HLA-C*07:01:01:01,0,0
HLA-C*07:01:01:02,0,0
HLA-C*07:01:02,0,0
HLA-C*07:01:19,0,0
HLA-C*07:01:27,0,0
HLA-C*07:01:45,0,0
HLA-C*07:02:01:01,0,0
HLA-C*07:02:01:02,0,0
HLA-C*07:02:01:03,0,0
HLA-C*07:02:01:04,0,0
HLA-C*07:02:01:05,0,0
HLA-C*07:02:05,0,0
HLA-C*07:02:06,0,0
HLA-C*07:02:64,0,0
HLA-C*07:04:01,0,0
HLA-C*07:04:02,0,0
HLA-C*07:06,0,0
HLA-C*07:149,0,0
HLA-C*07:18,0,0
HLA-C*07:19,0,0
HLA-C*07:26,0,0
HLA-C*07:30,0,0
HLA-C*07:32N,0,0
HLA-C*07:384,0,0
HLA-C*07:385,0,0
HLA-C*07:386,0,0
HLA-C*07:391,0,0
HLA-C*07:392,0,0
HLA-C*07:49,0,0
HLA-C*07:56:02,0,0
HLA-C*07:66,0,0
HLA-C*07:67,0,0
HLA-C*08:01:01,0,0
HLA-C*08:01:03,0,0
HLA-C*08:02:01:01,0,0
HLA-C*08:02:01:02,0,0
HLA-C*08:03:01,0,0
HLA-C*08:04:01,0,0
HLA-C*08:112,0,0
HLA-C*08:20,0,0
HLA-C*08:21,0,0
HLA-C*08:22,0,0
HLA-C*08:24,0,0
HLA-C*08:27,0,0
HLA-C*08:36N,0,0
HLA-C*08:40,0,0
HLA-C*08:41,0,0
HLA-C*08:62,0,0
HLA-C*12:02:02,0,0
HLA-C*12:03:01:01,0,0
HLA-C*12:03:01:02,0,0
HLA-C*12:08,0,0
HLA-C*12:13,0,0
HLA-C*12:19,0,0
HLA-C*12:22,0,0
HLA-C*12:99,0,0
HLA-C*14:02:01,0,0
HLA-C*14:03,0,0
HLA-C*14:21N,0,0
HLA-C*14:23,0,0
HLA-C*15:02:01,0,0
HLA-C*15:05:01,0,0
HLA-C*15:05:02,0,0
HLA-C*15:13,0,0
HLA-C*15:16,0,0
HLA-C*15:17,0,0
HLA-C*15:96Q,0,0
HLA-C*16:01:01,0,0
HLA-C*16:02:01,0,0
HLA-C*16:04:01,0,0
HLA-C*17:01:01:01,0,0
HLA-C*17:01:01:02,0,0
HLA-C*17:01:01:03,0,0
HLA-C*17:03,0,0
HLA-C*18:01,0,0
HLA-DQA1*01:01:02,0,0
HLA-DQA1*01:02:01:01,0,0
HLA-DQA1*01:02:01:02,0,0
HLA-DQA1*01:02:01:03,0,0
HLA-DQA1*01:02:01:04,0,0
HLA-DQA1*01:03:01:01,0,0
HLA-DQA1*01:03:01:02,0,0
HLA-DQA1*01:04:01:01,0,0
HLA-DQA1*01:04:01:02,0,0
HLA-DQA1*01:05:01,0,0
HLA-DQA1*01:07,0,0
HLA-DQA1*01:10,0,0
HLA-DQA1*01:11,0,0
HLA-DQA1*02:01,0,0
HLA-DQA1*03:01:01,0,0
HLA-DQA1*03:02,0,0
HLA-DQA1*03:03:01,0,0
HLA-DQA1*04:01:02:01,0,0
HLA-DQA1*04:01:02:02,0,0
HLA-DQA1*04:02,0,0
HLA-DQA1*05:01:01:01,0,0
HLA-DQA1*05:01:01:02,0,0
HLA-DQA1*05:03,0,0
HLA-DQA1*05:05:01:01,0,0
HLA-DQA1*05:05:01:02,0,0
HLA-DQA1*05:05:01:03,151,0.0236196
HLA-DQA1*05:11,0,0
HLA-DQA1*06:01:01,0,0
HLA-DQB1*02:01:01,0,0
HLA-DQB1*02:02:01,0,0
HLA-DQB1*03:01:01:01,0,0
HLA-DQB1*03:01:01:02,0,0
HLA-DQB1*03:01:01:03,0,0
HLA-DQB1*03:02:01,0,0
HLA-DQB1*03:03:02:01,0,0
HLA-DQB1*03:03:02:02,0,0
HLA-DQB1*03:03:02:03,0,0
HLA-DQB1*03:05:01,0,0
HLA-DQB1*05:01:01:01,0,0
HLA-DQB1*05:01:01:02,0,0
HLA-DQB1*05:03:01:01,0,0
HLA-DQB1*05:03:01:02,0,0
HLA-DQB1*06:01:01,0,0
HLA-DQB1*06:02:01,0,0
HLA-DQB1*06:03:01,0,0
HLA-DQB1*06:09:01,0,0
HLA-DRB1*01:01:01,0,0
HLA-DRB1*01:02:01,0,0
HLA-DRB1*03:01:01:01,0,0
HLA-DRB1*03:01:01:02,0,0
HLA-DRB1*04:03:01,0,0
HLA-DRB1*07:01:01:01,0,0
HLA-DRB1*07:01:01:02,0,0
HLA-DRB1*08:03:02,0,0
HLA-DRB1*09:21,0,0
HLA-DRB1*10:01:01,0,0
HLA-DRB1*11:01:01,0,0
HLA-DRB1*11:01:02,0,0
HLA-DRB1*11:04:01,0,0
HLA-DRB1*12:01:01,0,0
HLA-DRB1*12:17,0,0
HLA-DRB1*13:01:01,0,0
HLA-DRB1*13:02:01,0,0
HLA-DRB1*14:05:01,0,0
HLA-DRB1*14:54:01,0,0
HLA-DRB1*15:01:01:01,0,0
HLA-DRB1*15:01:01:02,0,0
HLA-DRB1*15:01:01:03,0,0
HLA-DRB1*15:01:01:04,0,0
HLA-DRB1*15:02:01,0,0
HLA-DRB1*15:03:01:01,0,0
HLA-DRB1*15:03:01:02,0,0
HLA-DRB1*16:02:01,0,0
PLVM_CD19_CARv4_cd34,364158,36.5841
Autosomal regions ,107403967029,39.1266
