chr1,8706420650,37.775
chr2,8868141783,36.8664
chr3,7248629406,36.5907
chr4,6678882074,35.1978
chr5,6495475459,36.291
chr6,6232330341,36.6438
chr7,5706348471,35.8957
chr8,5222793363,36.077
chr9,4329121540,35.5456
chr10,4962176883,37.236
chr11,4981001153,37.0242
chr12,4960544731,37.2587
chr13,3476592864,35.4815
chr14,3327639351,37.5928
chr15,3088102699,36.4846
chr16,3108969054,38.0042
chr17,3138142588,37.8453
chr18,2752802880,34.3715
chr19,2263098308,40.5818
chr20,2430806375,38.0145
chr21,1275340834,33.6629
chr22,1453006266,39.1942
chrX,2777355261,17.9308
chrY,328256770,13.8878
chrM,70949479,4282.32
chr1_KI270706v1_random,3783015,21.6104
chr1_KI270707v1_random,639664,19.9695
chr1_KI270708v1_random,47021,0.368266
chr1_KI270709v1_random,6990551,104.555
chr1_KI270710v1_random,102378,2.54824
chr1_KI270711v1_random,2107449,49.9277
chr1_KI270712v1_random,2367543,13.4487
chr1_KI270713v1_random,2152490,52.8283
chr1_KI270714v1_random,1186791,28.4486
chr2_KI270715v1_random,721096,4.46579
chr2_KI270716v1_random,1012447,6.58292
chr3_GL000221v1_random,1620878,10.4306
chr4_GL000008v2_random,6812571,32.4858
chr5_GL000208v1_random,3760477,40.5709
chr9_KI270717v1_random,564870,14.0999
chr9_KI270718v1_random,616292,16.1952
chr9_KI270719v1_random,396280,2.24083
chr9_KI270720v1_random,203770,5.21818
chr11_KI270721v1_random,625779,6.23808
chr14_GL000009v2_random,151897,0.75305
chr14_GL000225v1_random,5320443,25.1947
chr14_KI270722v1_random,58071,0.299258
chr14_GL000194v1_random,186898,0.976127
chr14_KI270723v1_random,44149,1.15831
chr14_KI270724v1_random,3817,0.0964985
chr14_KI270725v1_random,176182,1.01951
chr14_KI270726v1_random,55836,1.27657
chr15_KI270727v1_random,17822,0.0397592
chr16_KI270728v1_random,19272679,12.2541
chr17_GL000205v2_random,3654042,19.6887
chr17_KI270729v1_random,14497789,53.7987
chr17_KI270730v1_random,1870121,17.5463
chr22_KI270731v1_random,971828,6.44645
chr22_KI270732v1_random,1431001,34.4463
chr22_KI270733v1_random,8406389,46.7614
chr22_KI270734v1_random,1971276,11.9435
chr22_KI270735v1_random,1015605,23.723
chr22_KI270736v1_random,634353,3.73947
chr22_KI270737v1_random,1236793,11.9581
chr22_KI270738v1_random,3000779,31.3168
chr22_KI270739v1_random,463268,6.3967
chrY_KI270740v1_random,367771,9.8757
chrUn_KI270302v1,31406,13.8109
chrUn_KI270304v1,17975,8.30254
chrUn_KI270303v1,49580,25.5304
chrUn_KI270305v1,34261,23.2751
chrUn_KI270322v1,211832,34.1224
chrUn_KI270320v1,374336,84.7681
chrUn_KI270310v1,52032,43.3239
chrUn_KI270316v1,10200,7.06371
chrUn_KI270315v1,45057,19.7966
chrUn_KI270312v1,16444,16.477
chrUn_KI270311v1,23480,7.91639
chrUn_KI270317v1,17729,4.89211
chrUn_KI270412v1,25005,21.2087
chrUn_KI270411v1,64590,24.4104
chrUn_KI270414v1,48904,19.6481
chrUn_KI270419v1,41022,39.8659
chrUn_KI270418v1,113920,53.1096
chrUn_KI270420v1,102207,44.0358
chrUn_KI270424v1,76037,35.5313
chrUn_KI270417v1,34380,16.8282
chrUn_KI270422v1,36178,25.0367
chrUn_KI270423v1,22392,22.8257
chrUn_KI270425v1,21750,11.5446
chrUn_KI270429v1,76587,56.2726
chrUn_KI270442v1,1685794,4.54356
chrUn_KI270466v1,243688,197.638
chrUn_KI270465v1,222114,125.205
chrUn_KI270467v1,503995,128.57
chrUn_KI270435v1,1085925,11.6889
chrUn_KI270438v1,1261073,15.0108
chrUn_KI270468v1,217995,53.7596
chrUn_KI270510v1,121927,50.4874
chrUn_KI270509v1,26660,11.5013
chrUn_KI270518v1,10641,4.86779
chrUn_KI270508v1,55016,28.1989
chrUn_KI270516v1,57132,43.9477
chrUn_KI270512v1,110487,4.86963
chrUn_KI270519v1,5418761,39.3611
chrUn_KI270522v1,145824,25.7004
chrUn_KI270511v1,364853,44.8939
chrUn_KI270515v1,349254,54.9055
chrUn_KI270507v1,324396,60.6008
chrUn_KI270517v1,491,0.150938
chrUn_KI270529v1,57596,30.3296
chrUn_KI270528v1,18733,6.27992
chrUn_KI270530v1,18112,8.35424
chrUn_KI270539v1,11347,11.427
chrUn_KI270538v1,6122249,96.2209
chrUn_KI270544v1,96327,80.1389
chrUn_KI270548v1,0,0
chrUn_KI270583v1,6002,4.28714
chrUn_KI270587v1,371659,125.18
chrUn_KI270580v1,0,0
chrUn_KI270581v1,16000,2.27079
chrUn_KI270579v1,17232,0.55528
chrUn_KI270589v1,259388,7.32817
chrUn_KI270590v1,222289,47.447
chrUn_KI270584v1,21167,4.69023
chrUn_KI270582v1,34196,5.25769
chrUn_KI270588v1,9959,1.61725
chrUn_KI270593v1,50393,16.5712
chrUn_KI270591v1,21011,3.62509
chrUn_KI270330v1,31571,19.1108
chrUn_KI270329v1,15450,14.8558
chrUn_KI270334v1,97,0.0709064
chrUn_KI270333v1,833848,308.947
chrUn_KI270335v1,0,0
chrUn_KI270338v1,0,0
chrUn_KI270340v1,1385,0.969888
chrUn_KI270336v1,226699,220.954
chrUn_KI270337v1,1088296,970.826
chrUn_KI270363v1,51047,28.3123
chrUn_KI270364v1,16400,5.74431
chrUn_KI270362v1,88520,25.0765
chrUn_KI270366v1,108842,13.082
chrUn_KI270378v1,981,0.936069
chrUn_KI270379v1,0,0
chrUn_KI270389v1,10573,8.14561
chrUn_KI270390v1,15045,6.30289
chrUn_KI270387v1,2223,1.44632
chrUn_KI270395v1,18152,15.881
chrUn_KI270396v1,71033,37.7835
chrUn_KI270388v1,756,0.621711
chrUn_KI270394v1,6838,7.04948
chrUn_KI270386v1,7427,4.1538
chrUn_KI270391v1,9416,6.34501
chrUn_KI270383v1,6731,3.84629
chrUn_KI270393v1,12851,9.82492
chrUn_KI270384v1,61009,36.7967
chrUn_KI270392v1,15938,16.414
chrUn_KI270381v1,5271,2.73109
chrUn_KI270385v1,4689,4.73636
chrUn_KI270382v1,66218,15.7101
chrUn_KI270376v1,1812,1.59507
chrUn_KI270374v1,230,0.0865964
chrUn_KI270372v1,0,0
chrUn_KI270373v1,0,0
chrUn_KI270375v1,2714,1.1413
chrUn_KI270371v1,3662,1.30553
chrUn_KI270448v1,467072,58.4424
chrUn_KI270521v1,230763,30.1967
chrUn_GL000195v1,3619166,19.7881
chrUn_GL000219v1,2728108,15.224
chrUn_GL000220v1,504626,3.11879
chrUn_GL000224v1,747592,4.16038
chrUn_KI270741v1,440731,2.8321
chrUn_GL000226v1,1404744,93.5997
chrUn_GL000213v1,132916,0.809284
chrUn_KI270743v1,393135,1.86622
chrUn_KI270744v1,2701771,16.0369
chrUn_KI270745v1,867423,20.7067
chrUn_KI270746v1,771304,11.601
chrUn_KI270747v1,872255,4.38904
chrUn_KI270748v1,861681,9.23352
chrUn_KI270749v1,3713447,23.3905
chrUn_KI270750v1,901901,6.05913
chrUn_KI270751v1,42942,0.284871
chrUn_KI270752v1,187,0.00673995
chrUn_KI270753v1,20393,0.323986
chrUn_KI270754v1,1838792,45.7513
chrUn_KI270755v1,93990,2.55943
chrUn_KI270756v1,939518,11.8143
chrUn_KI270757v1,594926,9.6187
chrUn_GL000214v1,272918,1.98172
chrUn_KI270742v1,63164,0.338248
chrUn_GL000216v2,1151410,6.5283
chrUn_GL000218v1,33563,0.208276
chr1_KI270762v1_alt,168307,0.552834
chr1_KI270766v1_alt,35710,0.139345
chr1_KI270760v1_alt,218151,1.99174
chr1_KI270765v1_alt,1424,0.00768546
chr1_GL383518v1_alt,9915,0.0543469
chr1_GL383519v1_alt,590,0.0053506
chr1_GL383520v2_alt,213588,0.58265
chr1_KI270764v1_alt,80349,1.59873
chr1_KI270763v1_alt,154547,0.169523
chr1_KI270759v1_alt,71962,0.169083
chr1_KI270761v1_alt,70445,0.424792
chr2_KI270770v1_alt,113508,0.833147
chr2_KI270773v1_alt,17229,0.243049
chr2_KI270774v1_alt,17278,0.0772633
chr2_KI270769v1_alt,103,0.00085395
chr2_GL383521v1_alt,3918,0.0273241
chr2_KI270772v1_alt,21186,0.159244
chr2_KI270775v1_alt,198702,1.43967
chr2_KI270771v1_alt,0,0
chr2_KI270768v1_alt,24380,0.221437
chr2_GL582966v2_alt,0,0
chr2_GL383522v1_alt,645085,5.20982
chr2_KI270776v1_alt,4691,0.0269341
chr2_KI270767v1_alt,5586,0.0345715
chr3_JH636055v2_alt,145,0.000837419
chr3_KI270783v1_alt,89703,0.821554
chr3_KI270780v1_alt,13022,0.0581059
chr3_GL383526v1_alt,409499,2.26655
chr3_KI270777v1_alt,105719,0.608809
chr3_KI270778v1_alt,0,0
chr3_KI270781v1_alt,198118,1.75273
chr3_KI270779v1_alt,34467,0.167876
chr3_KI270782v1_alt,19544,0.120323
chr3_KI270784v1_alt,44,0.000238607
chr4_KI270790v1_alt,210,0.000953479
chr4_GL383528v1_alt,0,0
chr4_KI270787v1_alt,81129,0.724735
chr4_GL000257v2_alt,164,0.000279636
chr4_KI270788v1_alt,94092,0.591904
chr4_GL383527v1_alt,436991,2.6559
chr4_KI270785v1_alt,212,0.00176796
chr4_KI270789v1_alt,192244,0.933477
chr4_KI270786v1_alt,14199,0.0581697
chr5_KI270793v1_alt,3124,0.0247669
chr5_KI270792v1_alt,302,0.00168675
chr5_KI270791v1_alt,6825,0.034873
chr5_GL383532v1_alt,304283,3.67811
chr5_GL949742v1_alt,291853,1.28653
chr5_KI270794v1_alt,75279,0.457462
chr5_GL339449v2_alt,283374,0.187302
chr5_GL383530v1_alt,597977,5.90647
chr5_KI270796v1_alt,651,0.00376937
chr5_GL383531v1_alt,136645,0.787765
chr5_KI270795v1_alt,138682,1.05148
chr6_GL000250v2_alt,24918,0.0105102
chr6_KI270800v1_alt,132,0.000750819
chr6_KI270799v1_alt,5195,0.0341444
chr6_GL383533v1_alt,982553,7.87706
chr6_KI270801v1_alt,151697,0.174268
chr6_KI270802v1_alt,19504,0.260036
chr6_KB021644v2_alt,4409,0.0237269
chr6_KI270797v1_alt,27453,0.138977
chr6_KI270798v1_alt,138,0.00050776
chr7_KI270804v1_alt,9794,0.0620062
chr7_KI270809v1_alt,0,0
chr7_KI270806v1_alt,542,0.00342678
chr7_GL383534v2_alt,0,0
chr7_KI270803v1_alt,1187996,1.06876
chr7_KI270808v1_alt,43109,0.158807
chr7_KI270807v1_alt,41600,0.329025
chr7_KI270805v1_alt,3028,0.0144199
chr8_KI270818v1_alt,6961,0.0478071
chr8_KI270812v1_alt,1875,0.00663163
chr8_KI270811v1_alt,9558,0.0326841
chr8_KI270821v1_alt,14259,0.0144687
chr8_KI270813v1_alt,386,0.00128568
chr8_KI270822v1_alt,274,0.000438757
chr8_KI270814v1_alt,604,0.00425916
chr8_KI270810v1_alt,126283,0.337281
chr8_KI270819v1_alt,270470,2.02546
chr8_KI270820v1_alt,127254,3.47309
chr8_KI270817v1_alt,88109,0.554204
chr8_KI270816v1_alt,30242,0.0988814
chr8_KI270815v1_alt,82601,0.624611
chr9_GL383539v1_alt,0,0
chr9_GL383540v1_alt,0,0
chr9_GL383541v1_alt,0,0
chr9_GL383542v1_alt,416599,6.93962
chr9_KI270823v1_alt,34,7.74343e-05
chr10_GL383545v1_alt,910761,5.08084
chr10_KI270824v1_alt,12115,0.0667508
chr10_GL383546v1_alt,13661,0.0440959
chr10_KI270825v1_alt,0,0
chr11_KI270832v1_alt,28998,0.137998
chr11_KI270830v1_alt,234276,1.32291
chr11_KI270831v1_alt,6430,0.0216598
chr11_KI270829v1_alt,0,0
chr11_GL383547v1_alt,179440,1.16212
chr11_JH159136v1_alt,242895,1.20844
chr11_JH159137v1_alt,385733,2.01523
chr11_KI270827v1_alt,150513,2.22301
chr11_KI270826v1_alt,0,0
chr12_GL877875v1_alt,484572,2.8962
chr12_GL877876v1_alt,9407,0.0230411
chr12_KI270837v1_alt,111,0.00276877
chr12_GL383549v1_alt,19973,0.165334
chr12_KI270835v1_alt,80132,0.336493
chr12_GL383550v2_alt,370167,2.18803
chr12_GL383552v1_alt,0,0
chr12_GL383553v2_alt,340,0.00222405
chr12_KI270834v1_alt,491,0.00410886
chr12_GL383551v1_alt,260,0.0014106
chr12_KI270833v1_alt,36012,0.473462
chr12_KI270836v1_alt,700,0.0124702
chr13_KI270840v1_alt,2035,0.0106164
chr13_KI270839v1_alt,148748,0.824975
chr13_KI270843v1_alt,90039,0.86716
chr13_KI270841v1_alt,128588,0.760273
chr13_KI270838v1_alt,4895,0.0159491
chr13_KI270842v1_alt,2567,0.0688444
chr14_KI270844v1_alt,66193,0.205462
chr14_KI270847v1_alt,0,0
chr14_KI270845v1_alt,56,0.000309901
chr14_KI270846v1_alt,59303,0.0438829
chr15_KI270852v1_alt,0,0
chr15_KI270851v1_alt,34085,0.129574
chr15_KI270848v1_alt,4251,0.0129848
chr15_GL383554v1_alt,200,0.000674475
chr15_KI270849v1_alt,664,0.00271112
chr15_GL383555v2_alt,526333,1.35383
chr15_KI270850v1_alt,311829,0.723703
chr16_KI270854v1_alt,14979,0.111623
chr16_KI270856v1_alt,38954,0.608827
chr16_KI270855v1_alt,11946,0.0513019
chr16_KI270853v1_alt,3608474,1.35672
chr16_GL383556v1_alt,2408,0.0125116
chr16_GL383557v1_alt,219261,2.44514
chr17_GL383563v3_alt,133180,0.354493
chr17_KI270862v1_alt,14000,0.035773
chr17_KI270861v1_alt,0,0
chr17_KI270857v1_alt,200180,0.0695776
chr17_JH159146v1_alt,2521,0.00906407
chr17_JH159147v1_alt,100,0.00142157
chr17_GL383564v2_alt,0,0
chr17_GL000258v2_alt,3545782,2.00101
chr17_GL383565v1_alt,3640,0.0162504
chr17_KI270858v1_alt,30,0.000127212
chr17_KI270859v1_alt,236037,2.1702
chr17_GL383566v1_alt,0,0
chr17_KI270860v1_alt,10417,0.0582212
chr18_KI270864v1_alt,76969,0.688841
chr18_GL383567v1_alt,1598,0.00551356
chr18_GL383570v1_alt,38149,0.231502
chr18_GL383571v1_alt,671868,4.53114
chr18_GL383568v1_alt,292204,2.79482
chr18_GL383569v1_alt,1253,0.00746055
chr18_GL383572v1_alt,61177,0.383442
chr18_KI270863v1_alt,91927,0.547188
chr19_KI270868v1_alt,14335,0.232206
chr19_KI270865v1_alt,30041,0.567143
chr19_GL383573v1_alt,215419,0.558577
chr19_GL383575v2_alt,9682,0.0568787
chr19_GL383576v1_alt,122724,0.652704
chr19_GL383574v1_alt,277719,1.7818
chr19_KI270866v1_alt,85335,1.97736
chr19_KI270867v1_alt,66,0.000282338
chr19_GL949746v1_alt,1548,0.00175368
chr20_GL383577v2_alt,2028,0.0157961
chr20_KI270869v1_alt,2886,0.0242982
chr20_KI270871v1_alt,78420,1.33683
chr20_KI270870v1_alt,18578,0.101279
chr21_GL383578v2_alt,452389,7.07776
chr21_KI270874v1_alt,111484,0.668598
chr21_KI270873v1_alt,144607,1.00491
chr21_GL383579v2_alt,2959,0.014707
chr21_GL383580v2_alt,65994,0.88401
chr21_GL383581v2_alt,382589,3.27871
chr21_KI270872v1_alt,15283,0.184818
chr22_KI270875v1_alt,33,0.000126965
chr22_KI270878v1_alt,1047785,5.62533
chr22_KI270879v1_alt,1160863,3.81693
chr22_KI270876v1_alt,116732,0.442727
chr22_KI270877v1_alt,0,0
chr22_GL383583v2_alt,0,0
chr22_GL383582v2_alt,0,0
chrX_KI270880v1_alt,75704,0.26575
chrX_KI270881v1_alt,194,0.0013453
chr19_KI270882v1_alt,0,0
chr19_KI270883v1_alt,0,0
chr19_KI270884v1_alt,0,0
chr19_KI270885v1_alt,0,0
chr19_KI270886v1_alt,0,0
chr19_KI270887v1_alt,0,0
chr19_KI270888v1_alt,0,0
chr19_KI270889v1_alt,0,0
chr19_KI270890v1_alt,0,0
chr19_KI270891v1_alt,0,0
chr1_KI270892v1_alt,22897,0.141155
chr2_KI270894v1_alt,869102,4.05823
chr2_KI270893v1_alt,14338,0.0889355
chr3_KI270895v1_alt,205,0.00125847
chr4_KI270896v1_alt,12338,0.032593
chr5_KI270897v1_alt,1134,0.00103617
chr5_KI270898v1_alt,1268,0.00968257
chr6_GL000251v2_alt,22937,0.00478326
chr7_KI270899v1_alt,144375,0.756409
chr8_KI270901v1_alt,2127,0.0155302
chr8_KI270900v1_alt,2695,0.00845657
chr11_KI270902v1_alt,227936,2.13601
chr11_KI270903v1_alt,6691,0.0311753
chr12_KI270904v1_alt,66912,0.116908
chr15_KI270906v1_alt,21245,0.108181
chr15_KI270905v1_alt,721856,0.151733
chr17_KI270907v1_alt,11841,0.0859782
chr17_KI270910v1_alt,282,0.00179505
chr17_KI270909v1_alt,0,0
chr17_JH159148v1_alt,0,0
chr17_KI270908v1_alt,3232,0.00227095
chr18_KI270912v1_alt,8409,0.0483106
chr18_KI270911v1_alt,37271,0.236326
chr19_GL949747v2_alt,3344,0.00503979
chr22_KB663609v1_alt,0,0
chrX_KI270913v1_alt,368,0.00134302
chr19_KI270914v1_alt,0,0
chr19_KI270915v1_alt,0,0
chr19_KI270916v1_alt,1154,0.0062542
chr19_KI270917v1_alt,0,0
chr19_KI270918v1_alt,0,0
chr19_KI270919v1_alt,0,0
chr19_KI270920v1_alt,0,0
chr19_KI270921v1_alt,0,0
chr19_KI270922v1_alt,0,0
chr19_KI270923v1_alt,194,0.00102455
chr3_KI270924v1_alt,17401,0.104485
chr4_KI270925v1_alt,39068,0.0702916
chr6_GL000252v2_alt,113188,0.0269578
chr8_KI270926v1_alt,1058,0.0046144
chr11_KI270927v1_alt,46859,0.214348
chr19_GL949748v2_alt,302,0.000660392
chr22_KI270928v1_alt,0,0
chr19_KI270929v1_alt,0,0
chr19_KI270930v1_alt,66,0.000328729
chr19_KI270931v1_alt,0,0
chr19_KI270932v1_alt,0,0
chr19_KI270933v1_alt,0,0
chr19_GL000209v2_alt,0,0
chr3_KI270934v1_alt,101,0.000617896
chr6_GL000253v2_alt,14148,0.00345484
chr19_GL949749v2_alt,0,0
chr3_KI270935v1_alt,1168,0.00591839
chr6_GL000254v2_alt,18490,0.0048795
chr19_GL949750v2_alt,0,0
chr3_KI270936v1_alt,151,0.000919778
chr6_GL000255v2_alt,182982,0.0426558
chr19_GL949751v2_alt,0,0
chr3_KI270937v1_alt,12425,0.075027
chr6_GL000256v2_alt,1971,0.00047218
chr19_GL949752v1_alt,9989,0.0101711
chr6_KI270758v1_alt,0,0
chr19_GL949753v2_alt,1534,0.00226762
chr19_KI270938v1_alt,25076,0.0235058
chrEBV,83,0.000483055
chrUn_KN707606v1_decoy,44389,20.1768
chrUn_KN707607v1_decoy,0,0
chrUn_KN707608v1_decoy,0,0
chrUn_KN707609v1_decoy,880,0.535932
chrUn_KN707610v1_decoy,0,0
chrUn_KN707611v1_decoy,0,0
chrUn_KN707612v1_decoy,0,0
chrUn_KN707613v1_decoy,4283,2.64546
chrUn_KN707614v1_decoy,118294,37.8905
chrUn_KN707615v1_decoy,73555,38.0326
chrUn_KN707616v1_decoy,63175,20.307
chrUn_KN707617v1_decoy,39724,15.6086
chrUn_KN707618v1_decoy,595,0.259259
chrUn_KN707619v1_decoy,7973,5.14055
chrUn_KN707620v1_decoy,69,0.0337243
chrUn_KN707621v1_decoy,0,0
chrUn_KN707622v1_decoy,0,0
chrUn_KN707623v1_decoy,137237,36.2677
chrUn_KN707624v1_decoy,0,0
chrUn_KN707625v1_decoy,0,0
chrUn_KN707626v1_decoy,170443,30.3118
chrUn_KN707627v1_decoy,122833,21.1017
chrUn_KN707628v1_decoy,44757,15.1206
chrUn_KN707629v1_decoy,15737,8.51569
chrUn_KN707630v1_decoy,21993,9.50022
chrUn_KN707631v1_decoy,110600,56.8638
chrUn_KN707632v1_decoy,13767,9.66784
chrUn_KN707633v1_decoy,10216,8.01884
chrUn_KN707634v1_decoy,0,0
chrUn_KN707635v1_decoy,5890,4.16549
chrUn_KN707636v1_decoy,0,0
chrUn_KN707637v1_decoy,0,0
chrUn_KN707638v1_decoy,3407,1.55642
chrUn_KN707639v1_decoy,8208,6.34312
chrUn_KN707640v1_decoy,13109,7.15948
chrUn_KN707641v1_decoy,17225,10.4584
chrUn_KN707642v1_decoy,18898,6.42134
chrUn_KN707643v1_decoy,356,0.124606
chrUn_KN707644v1_decoy,333,0.323301
chrUn_KN707645v1_decoy,0,0
chrUn_KN707646v1_decoy,0,0
chrUn_KN707647v1_decoy,7250,3.65792
chrUn_KN707648v1_decoy,586,0.37468
chrUn_KN707649v1_decoy,1054,0.593803
chrUn_KN707650v1_decoy,0,0
chrUn_KN707651v1_decoy,0,0
chrUn_KN707652v1_decoy,0,0
chrUn_KN707653v1_decoy,0,0
chrUn_KN707654v1_decoy,47426,13.0148
chrUn_KN707655v1_decoy,84256,30.2535
chrUn_KN707656v1_decoy,18533,18.2232
chrUn_KN707657v1_decoy,23858,22.339
chrUn_KN707658v1_decoy,40334,40.0536
chrUn_KN707659v1_decoy,78964,30.3125
chrUn_KN707660v1_decoy,325802,38.7398
chrUn_KN707661v1_decoy,464386,83.9151
chrUn_KN707662v1_decoy,0,0
chrUn_KN707663v1_decoy,10049,9.43568
chrUn_KN707664v1_decoy,280096,32.258
chrUn_KN707665v1_decoy,71863,26.915
chrUn_KN707666v1_decoy,76720,31.7025
chrUn_KN707667v1_decoy,41195,18.8191
chrUn_KN707668v1_decoy,43792,20.9231
chrUn_KN707669v1_decoy,19953,16.8522
chrUn_KN707670v1_decoy,72600,60.249
chrUn_KN707671v1_decoy,93314,33.4939
chrUn_KN707672v1_decoy,127723,45.7133
chrUn_KN707673v1_decoy,750863,38.4191
chrUn_KN707674v1_decoy,25733,9.03546
chrUn_KN707675v1_decoy,202972,19.2281
chrUn_KN707676v1_decoy,151,0.0166556
chrUn_KN707677v1_decoy,124666,17.1551
chrUn_KN707678v1_decoy,74744,30.3591
chrUn_KN707679v1_decoy,66891,37.7063
chrUn_KN707680v1_decoy,9876,7.61449
chrUn_KN707681v1_decoy,130679,29.8422
chrUn_KN707682v1_decoy,139180,33.0751
chrUn_KN707683v1_decoy,0,0
chrUn_KN707684v1_decoy,0,0
chrUn_KN707685v1_decoy,165828,42.1097
chrUn_KN707686v1_decoy,92417,44.6028
chrUn_KN707687v1_decoy,32608,28.7042
chrUn_KN707688v1_decoy,146688,34.5311
chrUn_KN707689v1_decoy,93231,16.0108
chrUn_KN707690v1_decoy,129519,34.8638
chrUn_KN707691v1_decoy,191374,39.1758
chrUn_KN707692v1_decoy,82642,17.1706
chrUn_KN707693v1_decoy,101688,35.0769
chrUn_KN707694v1_decoy,2484,2.0228
chrUn_KN707695v1_decoy,108229,34.6999
chrUn_KN707696v1_decoy,147190,38.4509
chrUn_KN707697v1_decoy,27287,23.0076
chrUn_KN707698v1_decoy,0,0
chrUn_KN707699v1_decoy,46525,16.6458
chrUn_KN707700v1_decoy,63456,17.1364
chrUn_KN707701v1_decoy,0,0
chrUn_KN707702v1_decoy,126974,19.6372
chrUn_KN707703v1_decoy,42977,19.2291
chrUn_KN707704v1_decoy,16256,5.66214
chrUn_KN707705v1_decoy,100769,21.755
chrUn_KN707706v1_decoy,0,0
chrUn_KN707707v1_decoy,146252,33.7064
chrUn_KN707708v1_decoy,48154,20.8911
chrUn_KN707709v1_decoy,95611,29.212
chrUn_KN707710v1_decoy,208774,36.6206
chrUn_KN707711v1_decoy,77277,18.603
chrUn_KN707712v1_decoy,0,0
chrUn_KN707713v1_decoy,45529,34.8081
chrUn_KN707714v1_decoy,100340,34.3395
chrUn_KN707715v1_decoy,114575,37.6396
chrUn_KN707716v1_decoy,110991,38.4318
chrUn_KN707717v1_decoy,60038,34.465
chrUn_KN707718v1_decoy,0,0
chrUn_KN707719v1_decoy,262,0.0801223
chrUn_KN707720v1_decoy,219165,36.3578
chrUn_KN707721v1_decoy,0,0
chrUn_KN707722v1_decoy,53789,18.6508
chrUn_KN707723v1_decoy,3035,2.70018
chrUn_KN707724v1_decoy,0,0
chrUn_KN707725v1_decoy,0,0
chrUn_KN707726v1_decoy,0,0
chrUn_KN707727v1_decoy,10730,4.07985
chrUn_KN707728v1_decoy,0,0
chrUn_KN707729v1_decoy,0,0
chrUn_KN707730v1_decoy,0,0
chrUn_KN707731v1_decoy,85319,17.701
chrUn_KN707732v1_decoy,15816,12.89
chrUn_KN707733v1_decoy,276102,36.7989
chrUn_KN707734v1_decoy,160665,16.6458
chrUn_KN707735v1_decoy,24978,22.8946
chrUn_KN707736v1_decoy,116136,47.0758
chrUn_KN707737v1_decoy,52107,41.0291
chrUn_KN707738v1_decoy,168794,38.6699
chrUn_KN707739v1_decoy,152631,35.6282
chrUn_KN707740v1_decoy,329468,32.0432
chrUn_KN707741v1_decoy,190402,33.9943
chrUn_KN707742v1_decoy,171227,35.9872
chrUn_KN707743v1_decoy,69265,42.6509
chrUn_KN707744v1_decoy,79926,19.8623
chrUn_KN707745v1_decoy,13081,10.2516
chrUn_KN707746v1_decoy,96175,18.9209
chrUn_KN707747v1_decoy,41666,20.08
chrUn_KN707748v1_decoy,0,0
chrUn_KN707749v1_decoy,226170,32.2639
chrUn_KN707750v1_decoy,173468,36.7673
chrUn_KN707751v1_decoy,26568,7.49239
chrUn_KN707752v1_decoy,83772,29.1584
chrUn_KN707753v1_decoy,99908,46.5989
chrUn_KN707754v1_decoy,83550,37.2492
chrUn_KN707755v1_decoy,199049,37.2542
chrUn_KN707756v1_decoy,178362,36.5721
chrUn_KN707757v1_decoy,0,0
chrUn_KN707758v1_decoy,0,0
chrUn_KN707759v1_decoy,0,0
chrUn_KN707760v1_decoy,0,0
chrUn_KN707761v1_decoy,58,0.0250108
chrUn_KN707762v1_decoy,52604,15.2475
chrUn_KN707763v1_decoy,105611,39.4955
chrUn_KN707764v1_decoy,78849,20.1557
chrUn_KN707765v1_decoy,231037,38.3782
chrUn_KN707766v1_decoy,0,0
chrUn_KN707767v1_decoy,0,0
chrUn_KN707768v1_decoy,0,0
chrUn_KN707769v1_decoy,2555,1.60591
chrUn_KN707770v1_decoy,7169,5.92969
chrUn_KN707771v1_decoy,122191,38.4732
chrUn_KN707772v1_decoy,0,0
chrUn_KN707773v1_decoy,173229,35.3384
chrUn_KN707774v1_decoy,53519,16.1008
chrUn_KN707775v1_decoy,267414,44.5913
chrUn_KN707776v1_decoy,0,0
chrUn_KN707777v1_decoy,0,0
chrUn_KN707778v1_decoy,0,0
chrUn_KN707779v1_decoy,0,0
chrUn_KN707780v1_decoy,208031,36.5544
chrUn_KN707781v1_decoy,111902,41.1859
chrUn_KN707782v1_decoy,186021,35.2513
chrUn_KN707783v1_decoy,180074,41.1786
chrUn_KN707784v1_decoy,136184,42.2407
chrUn_KN707785v1_decoy,0,0
chrUn_KN707786v1_decoy,96,0.0178273
chrUn_KN707787v1_decoy,62008,16.8592
chrUn_KN707788v1_decoy,23050,16.3244
chrUn_KN707789v1_decoy,0,0
chrUn_KN707790v1_decoy,0,0
chrUn_KN707791v1_decoy,0,0
chrUn_KN707792v1_decoy,74913,39.1191
chrUn_KN707793v1_decoy,0,0
chrUn_KN707794v1_decoy,0,0
chrUn_KN707795v1_decoy,0,0
chrUn_KN707796v1_decoy,68588,19.7489
chrUn_KN707797v1_decoy,96131,22.6564
chrUn_KN707798v1_decoy,117803,6.69373
chrUn_KN707799v1_decoy,0,0
chrUn_KN707800v1_decoy,45282,20.2423
chrUn_KN707801v1_decoy,64958,22.3916
chrUn_KN707802v1_decoy,88746,33.2881
chrUn_KN707803v1_decoy,138468,25.9498
chrUn_KN707804v1_decoy,94916,21.6555
chrUn_KN707805v1_decoy,198848,36.5127
chrUn_KN707806v1_decoy,0,0
chrUn_KN707807v1_decoy,225253,48.7983
chrUn_KN707808v1_decoy,111112,36.7799
chrUn_KN707809v1_decoy,94191,25.6861
chrUn_KN707810v1_decoy,0,0
chrUn_KN707811v1_decoy,35970,32.1161
chrUn_KN707812v1_decoy,67548,17.5678
chrUn_KN707813v1_decoy,42868,18.868
chrUn_KN707814v1_decoy,78096,16.3929
chrUn_KN707815v1_decoy,32491,6.00573
chrUn_KN707816v1_decoy,128884,18.0257
chrUn_KN707817v1_decoy,31001,17.5942
chrUn_KN707818v1_decoy,5818,4.82022
chrUn_KN707819v1_decoy,61551,46.2442
chrUn_KN707820v1_decoy,140914,16.9633
chrUn_KN707821v1_decoy,91,0.0399824
chrUn_KN707822v1_decoy,112081,43.5266
chrUn_KN707823v1_decoy,0,0
chrUn_KN707824v1_decoy,0,0
chrUn_KN707825v1_decoy,55504,18.2579
chrUn_KN707826v1_decoy,73171,35.3483
chrUn_KN707827v1_decoy,108157,37.1291
chrUn_KN707828v1_decoy,1283,0.537045
chrUn_KN707829v1_decoy,0,0
chrUn_KN707830v1_decoy,0,0
chrUn_KN707831v1_decoy,39140,17.7828
chrUn_KN707832v1_decoy,20865,16.4941
chrUn_KN707833v1_decoy,0,0
chrUn_KN707834v1_decoy,40316,37.891
chrUn_KN707835v1_decoy,82476,42.6894
chrUn_KN707836v1_decoy,54317,16.9054
chrUn_KN707837v1_decoy,0,0
chrUn_KN707838v1_decoy,0,0
chrUn_KN707839v1_decoy,0,0
chrUn_KN707840v1_decoy,128917,39.0894
chrUn_KN707841v1_decoy,0,0
chrUn_KN707842v1_decoy,251259,37.5125
chrUn_KN707843v1_decoy,0,0
chrUn_KN707844v1_decoy,34610,19.598
chrUn_KN707845v1_decoy,149161,42.2313
chrUn_KN707846v1_decoy,40068,17.4436
chrUn_KN707847v1_decoy,14545,11.7869
chrUn_KN707848v1_decoy,43333,35.961
chrUn_KN707849v1_decoy,50570,18.1254
chrUn_KN707850v1_decoy,45349,22.6067
chrUn_KN707851v1_decoy,0,0
chrUn_KN707852v1_decoy,16090,10.19
chrUn_KN707853v1_decoy,395034,41.1622
chrUn_KN707854v1_decoy,152426,14.5848
chrUn_KN707855v1_decoy,53828,16.722
chrUn_KN707856v1_decoy,88359,38.417
chrUn_KN707857v1_decoy,245982,41.0998
chrUn_KN707858v1_decoy,0,0
chrUn_KN707859v1_decoy,21599,16.1187
chrUn_KN707860v1_decoy,544849,173.078
chrUn_KN707861v1_decoy,134152,59.8359
chrUn_KN707862v1_decoy,1017201,61.6
chrUn_KN707863v1_decoy,434232,55.5213
chrUn_KN707864v1_decoy,151,0.0699398
chrUn_KN707865v1_decoy,0,0
chrUn_KN707866v1_decoy,35,0.00851789
chrUn_KN707867v1_decoy,1208,0.782383
chrUn_KN707868v1_decoy,10780,10.7264
chrUn_KN707869v1_decoy,0,0
chrUn_KN707870v1_decoy,3213,3.1749
chrUn_KN707871v1_decoy,266691,56.4067
chrUn_KN707872v1_decoy,130259,60.1658
chrUn_KN707873v1_decoy,224561,29.5825
chrUn_KN707874v1_decoy,405,0.0778547
chrUn_KN707875v1_decoy,0,0
chrUn_KN707876v1_decoy,854,0.20673
chrUn_KN707877v1_decoy,0,0
chrUn_KN707878v1_decoy,24431,11.7175
chrUn_KN707879v1_decoy,7731,1.77888
chrUn_KN707880v1_decoy,3977,3.29222
chrUn_KN707881v1_decoy,111,0.0244332
chrUn_KN707882v1_decoy,126,0.0454545
chrUn_KN707883v1_decoy,340,0.136546
chrUn_KN707884v1_decoy,5038,1.10289
chrUn_KN707885v1_decoy,0,0
chrUn_KN707886v1_decoy,54,0.0200074
chrUn_KN707887v1_decoy,0,0
chrUn_KN707888v1_decoy,6946,2.86551
chrUn_KN707889v1_decoy,0,0
chrUn_KN707890v1_decoy,0,0
chrUn_KN707891v1_decoy,0,0
chrUn_KN707892v1_decoy,0,0
chrUn_KN707893v1_decoy,151346,18.8031
chrUn_KN707894v1_decoy,0,0
chrUn_KN707895v1_decoy,153625,35.8602
chrUn_KN707896v1_decoy,81619826,2463.99
chrUn_KN707897v1_decoy,86901,40.665
chrUn_KN707898v1_decoy,61265,15.9544
chrUn_KN707899v1_decoy,43590,14.1205
chrUn_KN707900v1_decoy,20772,10.1774
chrUn_KN707901v1_decoy,47885,14.3197
chrUn_KN707902v1_decoy,65233,22.3324
chrUn_KN707903v1_decoy,113578,17.2585
chrUn_KN707904v1_decoy,97567,24.5885
chrUn_KN707905v1_decoy,112906,48.2711
chrUn_KN707906v1_decoy,0,0
chrUn_KN707907v1_decoy,34,0.00437243
chrUn_KN707908v1_decoy,0,0
chrUn_KN707909v1_decoy,4897,2.81923
chrUn_KN707910v1_decoy,0,0
chrUn_KN707911v1_decoy,0,0
chrUn_KN707912v1_decoy,0,0
chrUn_KN707913v1_decoy,0,0
chrUn_KN707914v1_decoy,0,0
chrUn_KN707915v1_decoy,92478,36.596
chrUn_KN707916v1_decoy,112775,34.4351
chrUn_KN707917v1_decoy,110,0.0869565
chrUn_KN707918v1_decoy,78,0.0297369
chrUn_KN707919v1_decoy,235218,48.4986
chrUn_KN707920v1_decoy,161013,44.9255
chrUn_KN707921v1_decoy,47,0.0183522
chrUn_KN707922v1_decoy,0,0
chrUn_KN707923v1_decoy,39229,27.8417
chrUn_KN707924v1_decoy,0,0
chrUn_KN707925v1_decoy,0,0
chrUn_KN707926v1_decoy,0,0
chrUn_KN707927v1_decoy,224,0.2076
chrUn_KN707928v1_decoy,0,0
chrUn_KN707929v1_decoy,0,0
chrUn_KN707930v1_decoy,0,0
chrUn_KN707931v1_decoy,0,0
chrUn_KN707932v1_decoy,18279,16.8625
chrUn_KN707933v1_decoy,68874,33.7949
chrUn_KN707934v1_decoy,30593,28.5916
chrUn_KN707935v1_decoy,21200,16.1585
chrUn_KN707936v1_decoy,127055,31.5195
chrUn_KN707937v1_decoy,133512,17.9331
chrUn_KN707938v1_decoy,24710,13.9605
chrUn_KN707939v1_decoy,193457,34.5459
chrUn_KN707940v1_decoy,11869,6.30659
chrUn_KN707941v1_decoy,19273,16.4726
chrUn_KN707942v1_decoy,25614,19.7031
chrUn_KN707943v1_decoy,181133,34.0156
chrUn_KN707944v1_decoy,18552,9.08076
chrUn_KN707945v1_decoy,1821,1.69869
chrUn_KN707946v1_decoy,19572,7.94641
chrUn_KN707947v1_decoy,11237,11.1257
chrUn_KN707948v1_decoy,24926,17.4064
chrUn_KN707949v1_decoy,593,0.510327
chrUn_KN707950v1_decoy,11113,10.1489
chrUn_KN707951v1_decoy,22234,19.8873
chrUn_KN707952v1_decoy,60079,43.4411
chrUn_KN707953v1_decoy,25466,11.1254
chrUn_KN707954v1_decoy,49090,29.7876
chrUn_KN707955v1_decoy,93421,42.4063
chrUn_KN707956v1_decoy,181,0.0553517
chrUn_KN707957v1_decoy,205971,17.9121
chrUn_KN707958v1_decoy,41797,16.8945
chrUn_KN707959v1_decoy,80474,35.0802
chrUn_KN707960v1_decoy,38931,31.4467
chrUn_KN707961v1_decoy,124830,36.607
chrUn_KN707962v1_decoy,54479,35.7708
chrUn_KN707963v1_decoy,2974564,47.2491
chrUn_KN707964v1_decoy,215077,34.237
chrUn_KN707965v1_decoy,105494,27.501
chrUn_KN707966v1_decoy,320308,49.3845
chrUn_KN707967v1_decoy,667746,43.4504
chrUn_KN707968v1_decoy,429617,44.8827
chrUn_KN707969v1_decoy,310213,48.3725
chrUn_KN707970v1_decoy,154509,37.6484
chrUn_KN707971v1_decoy,545180,42.1216
chrUn_KN707972v1_decoy,315532,67.8563
chrUn_KN707973v1_decoy,0,0
chrUn_KN707974v1_decoy,14041,4.48022
chrUn_KN707975v1_decoy,78023,12.5621
chrUn_KN707976v1_decoy,9680,8.5968
chrUn_KN707977v1_decoy,0,0
chrUn_KN707978v1_decoy,42508,38.6085
chrUn_KN707979v1_decoy,83910,31.6881
chrUn_KN707980v1_decoy,143730,48.3451
chrUn_KN707981v1_decoy,15862,6.29444
chrUn_KN707982v1_decoy,94375,40.714
chrUn_KN707983v1_decoy,48439,18.5875
chrUn_KN707984v1_decoy,50669,22.9791
chrUn_KN707985v1_decoy,92667,31.6378
chrUn_KN707986v1_decoy,118561,30.6438
chrUn_KN707987v1_decoy,36378,32.5676
chrUn_KN707988v1_decoy,107688,36.3811
chrUn_KN707989v1_decoy,38056,37.7166
chrUn_KN707990v1_decoy,139394,34.4353
chrUn_KN707991v1_decoy,73003,33.2891
chrUn_KN707992v1_decoy,58515,31.9754
chrUn_JTFH01000001v1_decoy,1029196,40.9402
chrUn_JTFH01000002v1_decoy,676842,36.5229
chrUn_JTFH01000003v1_decoy,612480,40.189
chrUn_JTFH01000004v1_decoy,589623,42.916
chrUn_JTFH01000005v1_decoy,222636,19.7075
chrUn_JTFH01000006v1_decoy,169826,16.8579
chrUn_JTFH01000007v1_decoy,13123,1.32676
chrUn_JTFH01000008v1_decoy,320735,32.8151
chrUn_JTFH01000009v1_decoy,15458,1.58918
chrUn_JTFH01000010v1_decoy,328465,35.0999
chrUn_JTFH01000011v1_decoy,0,0
chrUn_JTFH01000012v1_decoy,0,0
chrUn_JTFH01000013v1_decoy,178115,21.4287
chrUn_JTFH01000014v1_decoy,77,0.00932091
chrUn_JTFH01000015v1_decoy,0,0
chrUn_JTFH01000016v1_decoy,135373,16.8144
chrUn_JTFH01000017v1_decoy,316924,40.4653
chrUn_JTFH01000018v1_decoy,179386,23.2667
chrUn_JTFH01000019v1_decoy,0,0
chrUn_JTFH01000020v1_decoy,316348,42.2982
chrUn_JTFH01000021v1_decoy,0,0
chrUn_JTFH01000022v1_decoy,290362,40.542
chrUn_JTFH01000023v1_decoy,301628,42.6933
chrUn_JTFH01000024v1_decoy,0,0
chrUn_JTFH01000025v1_decoy,251,0.0358725
chrUn_JTFH01000026v1_decoy,108911,15.5721
chrUn_JTFH01000027v1_decoy,0,0
chrUn_JTFH01000028v1_decoy,0,0
chrUn_JTFH01000029v1_decoy,51885,7.95172
chrUn_JTFH01000030v1_decoy,230846,36.959
chrUn_JTFH01000031v1_decoy,224057,37.8091
chrUn_JTFH01000032v1_decoy,0,0
chrUn_JTFH01000033v1_decoy,201854,34.2241
chrUn_JTFH01000034v1_decoy,64,0.0108862
chrUn_JTFH01000035v1_decoy,0,0
chrUn_JTFH01000036v1_decoy,0,0
chrUn_JTFH01000037v1_decoy,0,0
chrUn_JTFH01000038v1_decoy,0,0
chrUn_JTFH01000039v1_decoy,0,0
chrUn_JTFH01000040v1_decoy,0,0
chrUn_JTFH01000041v1_decoy,54287,10.6071
chrUn_JTFH01000042v1_decoy,0,0
chrUn_JTFH01000043v1_decoy,0,0
chrUn_JTFH01000044v1_decoy,174807,36.0204
chrUn_JTFH01000045v1_decoy,179238,37.1247
chrUn_JTFH01000046v1_decoy,0,0
chrUn_JTFH01000047v1_decoy,0,0
chrUn_JTFH01000048v1_decoy,182104,38.6633
chrUn_JTFH01000049v1_decoy,0,0
chrUn_JTFH01000050v1_decoy,288,0.0620022
chrUn_JTFH01000051v1_decoy,0,0
chrUn_JTFH01000052v1_decoy,52615,11.8529
chrUn_JTFH01000053v1_decoy,0,0
chrUn_JTFH01000054v1_decoy,98764,22.4005
chrUn_JTFH01000055v1_decoy,0,0
chrUn_JTFH01000056v1_decoy,0,0
chrUn_JTFH01000057v1_decoy,0,0
chrUn_JTFH01000058v1_decoy,39447,9.1951
chrUn_JTFH01000059v1_decoy,157169,37.0507
chrUn_JTFH01000060v1_decoy,181065,42.8252
chrUn_JTFH01000061v1_decoy,150488,35.6438
chrUn_JTFH01000062v1_decoy,0,0
chrUn_JTFH01000063v1_decoy,142780,33.9145
chrUn_JTFH01000064v1_decoy,101020,24.0181
chrUn_JTFH01000065v1_decoy,0,0
chrUn_JTFH01000066v1_decoy,164463,40.1031
chrUn_JTFH01000067v1_decoy,0,0
chrUn_JTFH01000068v1_decoy,36773,9.26972
chrUn_JTFH01000069v1_decoy,0,0
chrUn_JTFH01000070v1_decoy,0,0
chrUn_JTFH01000071v1_decoy,6425,1.63486
chrUn_JTFH01000072v1_decoy,8152,2.07483
chrUn_JTFH01000073v1_decoy,0,0
chrUn_JTFH01000074v1_decoy,178421,45.5272
chrUn_JTFH01000075v1_decoy,0,0
chrUn_JTFH01000076v1_decoy,58573,15.0496
chrUn_JTFH01000077v1_decoy,0,0
chrUn_JTFH01000078v1_decoy,64687,16.7626
chrUn_JTFH01000079v1_decoy,120268,31.2709
chrUn_JTFH01000080v1_decoy,0,0
chrUn_JTFH01000081v1_decoy,63417,16.558
chrUn_JTFH01000082v1_decoy,0,0
chrUn_JTFH01000083v1_decoy,0,0
chrUn_JTFH01000084v1_decoy,0,0
chrUn_JTFH01000085v1_decoy,0,0
chrUn_JTFH01000086v1_decoy,0,0
chrUn_JTFH01000087v1_decoy,59703,15.7155
chrUn_JTFH01000088v1_decoy,0,0
chrUn_JTFH01000089v1_decoy,33658,9.0943
chrUn_JTFH01000090v1_decoy,121,0.0327204
chrUn_JTFH01000091v1_decoy,237,0.0641928
chrUn_JTFH01000092v1_decoy,0,0
chrUn_JTFH01000093v1_decoy,59537,16.1917
chrUn_JTFH01000094v1_decoy,69495,18.967
chrUn_JTFH01000095v1_decoy,0,0
chrUn_JTFH01000096v1_decoy,9386,2.59928
chrUn_JTFH01000097v1_decoy,133163,36.9282
chrUn_JTFH01000098v1_decoy,0,0
chrUn_JTFH01000099v1_decoy,0,0
chrUn_JTFH01000100v1_decoy,0,0
chrUn_JTFH01000101v1_decoy,4590,1.30102
chrUn_JTFH01000102v1_decoy,11729,3.32549
chrUn_JTFH01000103v1_decoy,132342,37.8553
chrUn_JTFH01000104v1_decoy,0,0
chrUn_JTFH01000105v1_decoy,111291,31.9435
chrUn_JTFH01000106v1_decoy,60941,17.7412
chrUn_JTFH01000107v1_decoy,152865,45.0796
chrUn_JTFH01000108v1_decoy,64,0.0189686
chrUn_JTFH01000109v1_decoy,75587,22.4227
chrUn_JTFH01000110v1_decoy,60668,18.0506
chrUn_JTFH01000111v1_decoy,23616,7.04745
chrUn_JTFH01000112v1_decoy,0,0
chrUn_JTFH01000113v1_decoy,114580,34.512
chrUn_JTFH01000114v1_decoy,108177,32.9607
chrUn_JTFH01000115v1_decoy,101784,31.0506
chrUn_JTFH01000116v1_decoy,1928,0.591411
chrUn_JTFH01000117v1_decoy,69009,21.1814
chrUn_JTFH01000118v1_decoy,17528,5.38826
chrUn_JTFH01000119v1_decoy,386,0.118879
chrUn_JTFH01000120v1_decoy,0,0
chrUn_JTFH01000121v1_decoy,0,0
chrUn_JTFH01000122v1_decoy,0,0
chrUn_JTFH01000123v1_decoy,13217,4.11488
chrUn_JTFH01000124v1_decoy,18689,5.85128
chrUn_JTFH01000125v1_decoy,132317,41.4917
chrUn_JTFH01000126v1_decoy,0,0
chrUn_JTFH01000127v1_decoy,62,0.0195214
chrUn_JTFH01000128v1_decoy,0,0
chrUn_JTFH01000129v1_decoy,8972,2.83028
chrUn_JTFH01000130v1_decoy,0,0
chrUn_JTFH01000131v1_decoy,0,0
chrUn_JTFH01000132v1_decoy,0,0
chrUn_JTFH01000133v1_decoy,0,0
chrUn_JTFH01000134v1_decoy,0,0
chrUn_JTFH01000135v1_decoy,13574,4.37025
chrUn_JTFH01000136v1_decoy,65,0.0210152
chrUn_JTFH01000137v1_decoy,8324,2.70348
chrUn_JTFH01000138v1_decoy,0,0
chrUn_JTFH01000139v1_decoy,0,0
chrUn_JTFH01000140v1_decoy,5097,1.69055
chrUn_JTFH01000141v1_decoy,0,0
chrUn_JTFH01000142v1_decoy,21248,7.06148
chrUn_JTFH01000143v1_decoy,0,0
chrUn_JTFH01000144v1_decoy,927,0.309309
chrUn_JTFH01000145v1_decoy,1782,0.597385
chrUn_JTFH01000146v1_decoy,95,0.0318899
chrUn_JTFH01000147v1_decoy,0,0
chrUn_JTFH01000148v1_decoy,0,0
chrUn_JTFH01000149v1_decoy,0,0
chrUn_JTFH01000150v1_decoy,99812,33.7888
chrUn_JTFH01000151v1_decoy,0,0
chrUn_JTFH01000152v1_decoy,85973,29.3023
chrUn_JTFH01000153v1_decoy,52558,18.0117
chrUn_JTFH01000154v1_decoy,15496,5.35268
chrUn_JTFH01000155v1_decoy,127040,44.0042
chrUn_JTFH01000156v1_decoy,98580,34.2411
chrUn_JTFH01000157v1_decoy,100369,34.8746
chrUn_JTFH01000158v1_decoy,28,0.0097493
chrUn_JTFH01000159v1_decoy,52863,18.432
chrUn_JTFH01000160v1_decoy,0,0
chrUn_JTFH01000161v1_decoy,101449,35.4098
chrUn_JTFH01000162v1_decoy,104891,36.624
chrUn_JTFH01000163v1_decoy,122082,42.7009
chrUn_JTFH01000164v1_decoy,155058,54.3301
chrUn_JTFH01000165v1_decoy,98306,34.7371
chrUn_JTFH01000166v1_decoy,0,0
chrUn_JTFH01000167v1_decoy,110343,39.0733
chrUn_JTFH01000168v1_decoy,110739,39.2831
chrUn_JTFH01000169v1_decoy,6350,2.25738
chrUn_JTFH01000170v1_decoy,0,0
chrUn_JTFH01000171v1_decoy,0,0
chrUn_JTFH01000172v1_decoy,0,0
chrUn_JTFH01000173v1_decoy,0,0
chrUn_JTFH01000174v1_decoy,19914,7.16847
chrUn_JTFH01000175v1_decoy,0,0
chrUn_JTFH01000176v1_decoy,0,0
chrUn_JTFH01000177v1_decoy,0,0
chrUn_JTFH01000178v1_decoy,131250,47.434
chrUn_JTFH01000179v1_decoy,0,0
chrUn_JTFH01000180v1_decoy,45101,16.4302
chrUn_JTFH01000181v1_decoy,0,0
chrUn_JTFH01000182v1_decoy,12002,4.3867
chrUn_JTFH01000183v1_decoy,24690,9.04727
chrUn_JTFH01000184v1_decoy,289,0.106016
chrUn_JTFH01000185v1_decoy,0,0
chrUn_JTFH01000186v1_decoy,23,0.00847145
chrUn_JTFH01000187v1_decoy,45899,16.9494
chrUn_JTFH01000188v1_decoy,51536,19.0592
chrUn_JTFH01000189v1_decoy,81,0.0300892
chrUn_JTFH01000190v1_decoy,24554,9.12449
chrUn_JTFH01000191v1_decoy,302,0.112268
chrUn_JTFH01000192v1_decoy,37181,13.8374
chrUn_JTFH01000193v1_decoy,0,0
chrUn_JTFH01000194v1_decoy,0,0
chrUn_JTFH01000195v1_decoy,81840,30.6747
chrUn_JTFH01000196v1_decoy,184405,69.2471
chrUn_JTFH01000197v1_decoy,0,0
chrUn_JTFH01000198v1_decoy,0,0
chrUn_JTFH01000199v1_decoy,49851,18.8687
chrUn_JTFH01000200v1_decoy,0,0
chrUn_JTFH01000201v1_decoy,0,0
chrUn_JTFH01000202v1_decoy,0,0
chrUn_JTFH01000203v1_decoy,44062,16.7983
chrUn_JTFH01000204v1_decoy,0,0
chrUn_JTFH01000205v1_decoy,0,0
chrUn_JTFH01000206v1_decoy,0,0
chrUn_JTFH01000207v1_decoy,0,0
chrUn_JTFH01000208v1_decoy,110084,42.3237
chrUn_JTFH01000209v1_decoy,0,0
chrUn_JTFH01000210v1_decoy,0,0
chrUn_JTFH01000211v1_decoy,0,0
chrUn_JTFH01000212v1_decoy,3874,1.49345
chrUn_JTFH01000213v1_decoy,0,0
chrUn_JTFH01000214v1_decoy,53,0.0205029
chrUn_JTFH01000215v1_decoy,104401,40.4185
chrUn_JTFH01000216v1_decoy,78915,30.6109
chrUn_JTFH01000217v1_decoy,0,0
chrUn_JTFH01000218v1_decoy,10260,3.99377
chrUn_JTFH01000219v1_decoy,0,0
chrUn_JTFH01000220v1_decoy,0,0
chrUn_JTFH01000221v1_decoy,0,0
chrUn_JTFH01000222v1_decoy,0,0
chrUn_JTFH01000223v1_decoy,0,0
chrUn_JTFH01000224v1_decoy,0,0
chrUn_JTFH01000225v1_decoy,70087,27.6696
chrUn_JTFH01000226v1_decoy,0,0
chrUn_JTFH01000227v1_decoy,179,0.0709754
chrUn_JTFH01000228v1_decoy,75711,30.1038
chrUn_JTFH01000229v1_decoy,0,0
chrUn_JTFH01000230v1_decoy,0,0
chrUn_JTFH01000231v1_decoy,0,0
chrUn_JTFH01000232v1_decoy,0,0
chrUn_JTFH01000233v1_decoy,0,0
chrUn_JTFH01000234v1_decoy,149906,60.8138
chrUn_JTFH01000235v1_decoy,0,0
chrUn_JTFH01000236v1_decoy,6803,2.76657
chrUn_JTFH01000237v1_decoy,0,0
chrUn_JTFH01000238v1_decoy,44,0.0179592
chrUn_JTFH01000239v1_decoy,0,0
chrUn_JTFH01000240v1_decoy,0,0
chrUn_JTFH01000241v1_decoy,3927,1.61472
chrUn_JTFH01000242v1_decoy,2439,1.00494
chrUn_JTFH01000243v1_decoy,62009,25.613
chrUn_JTFH01000244v1_decoy,51047,21.0938
chrUn_JTFH01000245v1_decoy,83015,34.389
chrUn_JTFH01000246v1_decoy,100956,41.995
chrUn_JTFH01000247v1_decoy,0,0
chrUn_JTFH01000248v1_decoy,101923,42.4326
chrUn_JTFH01000249v1_decoy,42881,17.8894
chrUn_JTFH01000250v1_decoy,0,0
chrUn_JTFH01000251v1_decoy,0,0
chrUn_JTFH01000252v1_decoy,0,0
chrUn_JTFH01000253v1_decoy,79483,33.3682
chrUn_JTFH01000254v1_decoy,20330,8.53843
chrUn_JTFH01000255v1_decoy,0,0
chrUn_JTFH01000256v1_decoy,34492,14.5659
chrUn_JTFH01000257v1_decoy,1992,0.84264
chrUn_JTFH01000258v1_decoy,3538,1.49725
chrUn_JTFH01000259v1_decoy,143,0.0609029
chrUn_JTFH01000260v1_decoy,90360,38.6319
chrUn_JTFH01000261v1_decoy,0,0
chrUn_JTFH01000262v1_decoy,0,0
chrUn_JTFH01000263v1_decoy,31933,13.6993
chrUn_JTFH01000264v1_decoy,1667,0.715451
chrUn_JTFH01000265v1_decoy,0,0
chrUn_JTFH01000266v1_decoy,0,0
chrUn_JTFH01000267v1_decoy,38924,16.8211
chrUn_JTFH01000268v1_decoy,0,0
chrUn_JTFH01000269v1_decoy,36141,15.6726
chrUn_JTFH01000270v1_decoy,0,0
chrUn_JTFH01000271v1_decoy,79928,34.9488
chrUn_JTFH01000272v1_decoy,24900,10.9258
chrUn_JTFH01000273v1_decoy,134393,59.0479
chrUn_JTFH01000274v1_decoy,35089,15.4373
chrUn_JTFH01000275v1_decoy,0,0
chrUn_JTFH01000276v1_decoy,112,0.0496894
chrUn_JTFH01000277v1_decoy,0,0
chrUn_JTFH01000278v1_decoy,0,0
chrUn_JTFH01000279v1_decoy,0,0
chrUn_JTFH01000280v1_decoy,40077,18.0283
chrUn_JTFH01000281v1_decoy,57975,26.1149
chrUn_JTFH01000282v1_decoy,0,0
chrUn_JTFH01000283v1_decoy,32785,14.8014
chrUn_JTFH01000284v1_decoy,0,0
chrUn_JTFH01000285v1_decoy,52211,23.7
chrUn_JTFH01000286v1_decoy,0,0
chrUn_JTFH01000287v1_decoy,0,0
chrUn_JTFH01000288v1_decoy,103439,47.1463
chrUn_JTFH01000289v1_decoy,0,0
chrUn_JTFH01000290v1_decoy,77503,35.5681
chrUn_JTFH01000291v1_decoy,67189,30.8631
chrUn_JTFH01000292v1_decoy,76539,35.158
chrUn_JTFH01000293v1_decoy,0,0
chrUn_JTFH01000294v1_decoy,0,0
chrUn_JTFH01000295v1_decoy,0,0
chrUn_JTFH01000296v1_decoy,0,0
chrUn_JTFH01000297v1_decoy,140567,65.563
chrUn_JTFH01000298v1_decoy,84927,39.63
chrUn_JTFH01000299v1_decoy,88910,41.6245
chrUn_JTFH01000300v1_decoy,0,0
chrUn_JTFH01000301v1_decoy,33224,15.6054
chrUn_JTFH01000302v1_decoy,31829,14.9572
chrUn_JTFH01000303v1_decoy,89396,42.0687
chrUn_JTFH01000304v1_decoy,4149,1.95247
chrUn_JTFH01000305v1_decoy,0,0
chrUn_JTFH01000306v1_decoy,73641,34.8844
chrUn_JTFH01000307v1_decoy,44446,21.1045
chrUn_JTFH01000308v1_decoy,69129,33.0129
chrUn_JTFH01000309v1_decoy,0,0
chrUn_JTFH01000310v1_decoy,0,0
chrUn_JTFH01000311v1_decoy,0,0
chrUn_JTFH01000312v1_decoy,35982,17.2493
chrUn_JTFH01000313v1_decoy,0,0
chrUn_JTFH01000314v1_decoy,0,0
chrUn_JTFH01000315v1_decoy,31456,15.1304
chrUn_JTFH01000316v1_decoy,61954,29.843
chrUn_JTFH01000317v1_decoy,32848,15.8609
chrUn_JTFH01000318v1_decoy,70253,34.0044
chrUn_JTFH01000319v1_decoy,56429,27.3794
chrUn_JTFH01000320v1_decoy,0,0
chrUn_JTFH01000321v1_decoy,0,0
chrUn_JTFH01000322v1_decoy,0,0
chrUn_JTFH01000323v1_decoy,70199,34.4789
chrUn_JTFH01000324v1_decoy,27102,13.3179
chrUn_JTFH01000325v1_decoy,71474,35.1396
chrUn_JTFH01000326v1_decoy,43246,21.2825
chrUn_JTFH01000327v1_decoy,0,0
chrUn_JTFH01000328v1_decoy,0,0
chrUn_JTFH01000329v1_decoy,8587,4.24889
chrUn_JTFH01000330v1_decoy,0,0
chrUn_JTFH01000331v1_decoy,39265,19.4864
chrUn_JTFH01000332v1_decoy,84828,42.224
chrUn_JTFH01000333v1_decoy,110,0.0548082
chrUn_JTFH01000334v1_decoy,56964,28.411
chrUn_JTFH01000335v1_decoy,28415,14.1862
chrUn_JTFH01000336v1_decoy,33585,16.7841
chrUn_JTFH01000337v1_decoy,66454,33.2104
chrUn_JTFH01000338v1_decoy,0,0
chrUn_JTFH01000339v1_decoy,71647,35.8953
chrUn_JTFH01000340v1_decoy,0,0
chrUn_JTFH01000341v1_decoy,67752,34.132
chrUn_JTFH01000342v1_decoy,31784,16.0444
chrUn_JTFH01000343v1_decoy,1510,0.763784
chrUn_JTFH01000344v1_decoy,94181,47.7834
chrUn_JTFH01000345v1_decoy,0,0
chrUn_JTFH01000346v1_decoy,29945,15.2625
chrUn_JTFH01000347v1_decoy,0,0
chrUn_JTFH01000348v1_decoy,48894,24.9459
chrUn_JTFH01000349v1_decoy,457,0.233163
chrUn_JTFH01000350v1_decoy,70159,35.9053
chrUn_JTFH01000351v1_decoy,27571,14.1245
chrUn_JTFH01000352v1_decoy,70113,36.0108
chrUn_JTFH01000353v1_decoy,35272,18.144
chrUn_JTFH01000354v1_decoy,0,0
chrUn_JTFH01000355v1_decoy,0,0
chrUn_JTFH01000356v1_decoy,0,0
chrUn_JTFH01000357v1_decoy,77647,40.1484
chrUn_JTFH01000358v1_decoy,67178,34.8253
chrUn_JTFH01000359v1_decoy,0,0
chrUn_JTFH01000360v1_decoy,87409,45.4309
chrUn_JTFH01000361v1_decoy,797,0.414457
chrUn_JTFH01000362v1_decoy,0,0
chrUn_JTFH01000363v1_decoy,0,0
chrUn_JTFH01000364v1_decoy,0,0
chrUn_JTFH01000365v1_decoy,0,0
chrUn_JTFH01000366v1_decoy,33026,17.255
chrUn_JTFH01000367v1_decoy,0,0
chrUn_JTFH01000368v1_decoy,78509,41.1042
chrUn_JTFH01000369v1_decoy,32809,17.2045
chrUn_JTFH01000370v1_decoy,34,0.0178571
chrUn_JTFH01000371v1_decoy,37809,19.9309
chrUn_JTFH01000372v1_decoy,36340,19.2173
chrUn_JTFH01000373v1_decoy,0,0
chrUn_JTFH01000374v1_decoy,0,0
chrUn_JTFH01000375v1_decoy,0,0
chrUn_JTFH01000376v1_decoy,73897,39.2027
chrUn_JTFH01000377v1_decoy,20374,10.8315
chrUn_JTFH01000378v1_decoy,0,0
chrUn_JTFH01000379v1_decoy,66475,35.4156
chrUn_JTFH01000380v1_decoy,79161,42.1967
chrUn_JTFH01000381v1_decoy,75719,40.3619
chrUn_JTFH01000382v1_decoy,0,0
chrUn_JTFH01000383v1_decoy,0,0
chrUn_JTFH01000384v1_decoy,38323,20.5045
chrUn_JTFH01000385v1_decoy,0,0
chrUn_JTFH01000386v1_decoy,289,0.15496
chrUn_JTFH01000387v1_decoy,0,0
chrUn_JTFH01000388v1_decoy,0,0
chrUn_JTFH01000389v1_decoy,0,0
chrUn_JTFH01000390v1_decoy,0,0
chrUn_JTFH01000391v1_decoy,0,0
chrUn_JTFH01000392v1_decoy,5694,3.06789
chrUn_JTFH01000393v1_decoy,2891,1.55765
chrUn_JTFH01000394v1_decoy,76258,41.1316
chrUn_JTFH01000395v1_decoy,19134,10.3427
chrUn_JTFH01000396v1_decoy,29414,15.9081
chrUn_JTFH01000397v1_decoy,0,0
chrUn_JTFH01000398v1_decoy,0,0
chrUn_JTFH01000399v1_decoy,70783,38.4899
chrUn_JTFH01000400v1_decoy,28750,15.6761
chrUn_JTFH01000401v1_decoy,8697,4.77595
chrUn_JTFH01000402v1_decoy,32644,17.9857
chrUn_JTFH01000403v1_decoy,37433,20.6698
chrUn_JTFH01000404v1_decoy,0,0
chrUn_JTFH01000405v1_decoy,34926,19.3175
chrUn_JTFH01000406v1_decoy,0,0
chrUn_JTFH01000407v1_decoy,0,0
chrUn_JTFH01000408v1_decoy,0,0
chrUn_JTFH01000409v1_decoy,38901,21.5997
chrUn_JTFH01000410v1_decoy,68929,38.2939
chrUn_JTFH01000411v1_decoy,174913,97.4446
chrUn_JTFH01000412v1_decoy,84928,47.34
chrUn_JTFH01000413v1_decoy,0,0
chrUn_JTFH01000414v1_decoy,0,0
chrUn_JTFH01000415v1_decoy,0,0
chrUn_JTFH01000416v1_decoy,0,0
chrUn_JTFH01000417v1_decoy,0,0
chrUn_JTFH01000418v1_decoy,30287,17.0056
chrUn_JTFH01000419v1_decoy,19279,10.8248
chrUn_JTFH01000420v1_decoy,29694,16.6914
chrUn_JTFH01000421v1_decoy,0,0
chrUn_JTFH01000422v1_decoy,36,0.0204082
chrUn_JTFH01000423v1_decoy,604,0.342792
chrUn_JTFH01000424v1_decoy,63306,36.0718
chrUn_JTFH01000425v1_decoy,8111,4.63751
chrUn_JTFH01000426v1_decoy,82858,47.4287
chrUn_JTFH01000427v1_decoy,81643,46.76
chrUn_JTFH01000428v1_decoy,0,0
chrUn_JTFH01000429v1_decoy,3799,2.17833
chrUn_JTFH01000430v1_decoy,178,0.102181
chrUn_JTFH01000431v1_decoy,0,0
chrUn_JTFH01000432v1_decoy,33463,19.2316
chrUn_JTFH01000433v1_decoy,0,0
chrUn_JTFH01000434v1_decoy,82589,47.6017
chrUn_JTFH01000435v1_decoy,66448,38.3649
chrUn_JTFH01000436v1_decoy,0,0
chrUn_JTFH01000437v1_decoy,59622,34.4636
chrUn_JTFH01000438v1_decoy,22495,13.0255
chrUn_JTFH01000439v1_decoy,36027,20.9216
chrUn_JTFH01000440v1_decoy,0,0
chrUn_JTFH01000441v1_decoy,25211,14.6917
chrUn_JTFH01000442v1_decoy,485,0.283626
chrUn_JTFH01000443v1_decoy,0,0
chrUn_JTFH01000444v1_decoy,72822,42.6608
chrUn_JTFH01000445v1_decoy,34237,20.0686
chrUn_JTFH01000446v1_decoy,0,0
chrUn_JTFH01000447v1_decoy,21502,12.6185
chrUn_JTFH01000448v1_decoy,0,0
chrUn_JTFH01000449v1_decoy,63589,37.4494
chrUn_JTFH01000450v1_decoy,0,0
chrUn_JTFH01000451v1_decoy,120655,71.099
chrUn_JTFH01000452v1_decoy,33203,19.5888
chrUn_JTFH01000453v1_decoy,0,0
chrUn_JTFH01000454v1_decoy,29666,17.5227
chrUn_JTFH01000455v1_decoy,31730,18.8085
chrUn_JTFH01000456v1_decoy,38790,23.0071
chrUn_JTFH01000457v1_decoy,151,0.089881
chrUn_JTFH01000458v1_decoy,80317,47.8362
chrUn_JTFH01000459v1_decoy,19438,11.5771
chrUn_JTFH01000460v1_decoy,57261,34.1246
chrUn_JTFH01000461v1_decoy,7083,4.23118
chrUn_JTFH01000462v1_decoy,0,0
chrUn_JTFH01000463v1_decoy,0,0
chrUn_JTFH01000464v1_decoy,21283,12.7519
chrUn_JTFH01000465v1_decoy,72035,43.2643
chrUn_JTFH01000466v1_decoy,103688,62.35
chrUn_JTFH01000467v1_decoy,48357,29.1835
chrUn_JTFH01000468v1_decoy,0,0
chrUn_JTFH01000469v1_decoy,0,0
chrUn_JTFH01000470v1_decoy,0,0
chrUn_JTFH01000471v1_decoy,9466,5.74045
chrUn_JTFH01000472v1_decoy,0,0
chrUn_JTFH01000473v1_decoy,27854,16.9841
chrUn_JTFH01000474v1_decoy,0,0
chrUn_JTFH01000475v1_decoy,24938,15.2433
chrUn_JTFH01000476v1_decoy,29040,17.7941
chrUn_JTFH01000477v1_decoy,47216,28.9491
chrUn_JTFH01000478v1_decoy,0,0
chrUn_JTFH01000479v1_decoy,0,0
chrUn_JTFH01000480v1_decoy,20127,12.3935
chrUn_JTFH01000481v1_decoy,16616,10.2758
chrUn_JTFH01000482v1_decoy,0,0
chrUn_JTFH01000483v1_decoy,0,0
chrUn_JTFH01000484v1_decoy,63199,39.2297
chrUn_JTFH01000485v1_decoy,33371,20.7145
chrUn_JTFH01000486v1_decoy,36441,22.6905
chrUn_JTFH01000487v1_decoy,25090,15.6324
chrUn_JTFH01000488v1_decoy,0,0
chrUn_JTFH01000489v1_decoy,61287,38.3044
chrUn_JTFH01000490v1_decoy,0,0
chrUn_JTFH01000491v1_decoy,67011,41.9343
chrUn_JTFH01000492v1_decoy,35570,22.273
chrUn_JTFH01000493v1_decoy,75494,47.302
chrUn_JTFH01000494v1_decoy,0,0
chrUn_JTFH01000495v1_decoy,34820,21.8719
chrUn_JTFH01000496v1_decoy,0,0
chrUn_JTFH01000497v1_decoy,0,0
chrUn_JTFH01000498v1_decoy,0,0
chrUn_JTFH01000499v1_decoy,10416,6.60076
chrUn_JTFH01000500v1_decoy,0,0
chrUn_JTFH01000501v1_decoy,0,0
chrUn_JTFH01000502v1_decoy,0,0
chrUn_JTFH01000503v1_decoy,53551,33.9791
chrUn_JTFH01000504v1_decoy,54,0.0342857
chrUn_JTFH01000505v1_decoy,0,0
chrUn_JTFH01000506v1_decoy,51292,32.6285
chrUn_JTFH01000507v1_decoy,0,0
chrUn_JTFH01000508v1_decoy,0,0
chrUn_JTFH01000509v1_decoy,0,0
chrUn_JTFH01000510v1_decoy,3524,2.25753
chrUn_JTFH01000511v1_decoy,8858,5.67821
chrUn_JTFH01000512v1_decoy,26687,17.1071
chrUn_JTFH01000513v1_decoy,35760,23.0116
chrUn_JTFH01000514v1_decoy,0,0
chrUn_JTFH01000515v1_decoy,119498,77.1951
chrUn_JTFH01000516v1_decoy,0,0
chrUn_JTFH01000517v1_decoy,10958,7.11097
chrUn_JTFH01000518v1_decoy,61100,39.7786
chrUn_JTFH01000519v1_decoy,55129,35.9615
chrUn_JTFH01000520v1_decoy,0,0
chrUn_JTFH01000521v1_decoy,32335,21.1064
chrUn_JTFH01000522v1_decoy,0,0
chrUn_JTFH01000523v1_decoy,25792,16.8906
chrUn_JTFH01000524v1_decoy,55595,36.4318
chrUn_JTFH01000525v1_decoy,0,0
chrUn_JTFH01000526v1_decoy,35500,23.3093
chrUn_JTFH01000527v1_decoy,0,0
chrUn_JTFH01000528v1_decoy,28002,18.3982
chrUn_JTFH01000529v1_decoy,0,0
chrUn_JTFH01000530v1_decoy,53580,35.2732
chrUn_JTFH01000531v1_decoy,0,0
chrUn_JTFH01000532v1_decoy,296,0.196286
chrUn_JTFH01000533v1_decoy,2668,1.76923
chrUn_JTFH01000534v1_decoy,0,0
chrUn_JTFH01000535v1_decoy,0,0
chrUn_JTFH01000536v1_decoy,26867,17.9592
chrUn_JTFH01000537v1_decoy,3956,2.65325
chrUn_JTFH01000538v1_decoy,73221,49.1416
chrUn_JTFH01000539v1_decoy,0,0
chrUn_JTFH01000540v1_decoy,0,0
chrUn_JTFH01000541v1_decoy,41239,27.7517
chrUn_JTFH01000542v1_decoy,1457,0.981145
chrUn_JTFH01000543v1_decoy,51,0.0343666
chrUn_JTFH01000544v1_decoy,18777,12.6615
chrUn_JTFH01000545v1_decoy,0,0
chrUn_JTFH01000546v1_decoy,2115,1.43002
chrUn_JTFH01000547v1_decoy,85,0.0575881
chrUn_JTFH01000548v1_decoy,195,0.132203
chrUn_JTFH01000549v1_decoy,0,0
chrUn_JTFH01000550v1_decoy,0,0
chrUn_JTFH01000551v1_decoy,906,0.617166
chrUn_JTFH01000552v1_decoy,0,0
chrUn_JTFH01000553v1_decoy,97526,66.5706
chrUn_JTFH01000554v1_decoy,54044,36.9153
chrUn_JTFH01000555v1_decoy,0,0
chrUn_JTFH01000556v1_decoy,0,0
chrUn_JTFH01000557v1_decoy,82646,56.6456
chrUn_JTFH01000558v1_decoy,0,0
chrUn_JTFH01000559v1_decoy,92697,63.5782
chrUn_JTFH01000560v1_decoy,26636,18.2689
chrUn_JTFH01000561v1_decoy,0,0
chrUn_JTFH01000562v1_decoy,0,0
chrUn_JTFH01000563v1_decoy,0,0
chrUn_JTFH01000564v1_decoy,23825,16.4537
chrUn_JTFH01000565v1_decoy,2191,1.51521
chrUn_JTFH01000566v1_decoy,0,0
chrUn_JTFH01000567v1_decoy,56689,39.34
chrUn_JTFH01000568v1_decoy,28784,19.9889
chrUn_JTFH01000569v1_decoy,40673,28.2648
chrUn_JTFH01000570v1_decoy,0,0
chrUn_JTFH01000571v1_decoy,29225,20.3517
chrUn_JTFH01000572v1_decoy,17624,12.3331
chrUn_JTFH01000573v1_decoy,3033,2.12246
chrUn_JTFH01000574v1_decoy,495,0.346882
chrUn_JTFH01000575v1_decoy,0,0
chrUn_JTFH01000576v1_decoy,24302,17.054
chrUn_JTFH01000577v1_decoy,20637,14.4923
chrUn_JTFH01000578v1_decoy,0,0
chrUn_JTFH01000579v1_decoy,0,0
chrUn_JTFH01000580v1_decoy,0,0
chrUn_JTFH01000581v1_decoy,53655,37.7056
chrUn_JTFH01000582v1_decoy,0,0
chrUn_JTFH01000583v1_decoy,0,0
chrUn_JTFH01000584v1_decoy,0,0
chrUn_JTFH01000585v1_decoy,42076,29.7778
chrUn_JTFH01000586v1_decoy,0,0
chrUn_JTFH01000587v1_decoy,0,0
chrUn_JTFH01000588v1_decoy,0,0
chrUn_JTFH01000589v1_decoy,0,0
chrUn_JTFH01000590v1_decoy,51753,36.8349
chrUn_JTFH01000591v1_decoy,14379,10.2342
chrUn_JTFH01000592v1_decoy,0,0
chrUn_JTFH01000593v1_decoy,49524,35.2735
chrUn_JTFH01000594v1_decoy,53233,37.9693
chrUn_JTFH01000595v1_decoy,34325,24.4829
chrUn_JTFH01000596v1_decoy,59201,42.2261
chrUn_JTFH01000597v1_decoy,6631,4.72967
chrUn_JTFH01000598v1_decoy,67694,48.3529
chrUn_JTFH01000599v1_decoy,27157,19.4256
chrUn_JTFH01000600v1_decoy,29462,21.1046
chrUn_JTFH01000601v1_decoy,0,0
chrUn_JTFH01000602v1_decoy,8767,6.2891
chrUn_JTFH01000603v1_decoy,0,0
chrUn_JTFH01000604v1_decoy,0,0
chrUn_JTFH01000605v1_decoy,42064,30.2837
chrUn_JTFH01000606v1_decoy,60039,43.2246
chrUn_JTFH01000607v1_decoy,49433,35.6146
chrUn_JTFH01000608v1_decoy,0,0
chrUn_JTFH01000609v1_decoy,59285,42.836
chrUn_JTFH01000610v1_decoy,44208,32.0116
chrUn_JTFH01000611v1_decoy,14249,10.3179
chrUn_JTFH01000612v1_decoy,68641,49.7759
chrUn_JTFH01000613v1_decoy,9532,6.92229
chrUn_JTFH01000614v1_decoy,20419,14.8394
chrUn_JTFH01000615v1_decoy,0,0
chrUn_JTFH01000616v1_decoy,41816,30.4116
chrUn_JTFH01000617v1_decoy,63561,46.2598
chrUn_JTFH01000618v1_decoy,25596,18.656
chrUn_JTFH01000619v1_decoy,0,0
chrUn_JTFH01000620v1_decoy,241,0.175912
chrUn_JTFH01000621v1_decoy,33160,24.2044
chrUn_JTFH01000622v1_decoy,0,0
chrUn_JTFH01000623v1_decoy,28245,20.7227
chrUn_JTFH01000624v1_decoy,47537,34.9537
chrUn_JTFH01000625v1_decoy,0,0
chrUn_JTFH01000626v1_decoy,75620,55.8081
chrUn_JTFH01000627v1_decoy,0,0
chrUn_JTFH01000628v1_decoy,14951,11.0584
chrUn_JTFH01000629v1_decoy,0,0
chrUn_JTFH01000630v1_decoy,0,0
chrUn_JTFH01000631v1_decoy,49701,36.9799
chrUn_JTFH01000632v1_decoy,11045,8.23025
chrUn_JTFH01000633v1_decoy,47015,35.0335
chrUn_JTFH01000634v1_decoy,41517,31.0756
chrUn_JTFH01000635v1_decoy,0,0
chrUn_JTFH01000636v1_decoy,0,0
chrUn_JTFH01000637v1_decoy,64453,48.3518
chrUn_JTFH01000638v1_decoy,0,0
chrUn_JTFH01000639v1_decoy,0,0
chrUn_JTFH01000640v1_decoy,22451,16.9059
chrUn_JTFH01000641v1_decoy,44255,33.3245
chrUn_JTFH01000642v1_decoy,52732,39.7378
chrUn_JTFH01000643v1_decoy,46980,35.4566
chrUn_JTFH01000644v1_decoy,20924,15.8275
chrUn_JTFH01000645v1_decoy,0,0
chrUn_JTFH01000646v1_decoy,0,0
chrUn_JTFH01000647v1_decoy,4537,3.44234
chrUn_JTFH01000648v1_decoy,43470,33.057
chrUn_JTFH01000649v1_decoy,0,0
chrUn_JTFH01000650v1_decoy,73274,55.8065
chrUn_JTFH01000651v1_decoy,19746,15.0388
chrUn_JTFH01000652v1_decoy,22860,17.4238
chrUn_JTFH01000653v1_decoy,0,0
chrUn_JTFH01000654v1_decoy,23624,18.0474
chrUn_JTFH01000655v1_decoy,0,0
chrUn_JTFH01000656v1_decoy,0,0
chrUn_JTFH01000657v1_decoy,0,0
chrUn_JTFH01000658v1_decoy,40470,31.0115
chrUn_JTFH01000659v1_decoy,0,0
chrUn_JTFH01000660v1_decoy,18140,13.9217
chrUn_JTFH01000661v1_decoy,48461,37.2204
chrUn_JTFH01000662v1_decoy,0,0
chrUn_JTFH01000663v1_decoy,60984,46.8747
chrUn_JTFH01000664v1_decoy,0,0
chrUn_JTFH01000665v1_decoy,0,0
chrUn_JTFH01000666v1_decoy,30380,23.3872
chrUn_JTFH01000667v1_decoy,0,0
chrUn_JTFH01000668v1_decoy,29274,22.6054
chrUn_JTFH01000669v1_decoy,0,0
chrUn_JTFH01000670v1_decoy,47889,37.0371
chrUn_JTFH01000671v1_decoy,0,0
chrUn_JTFH01000672v1_decoy,114541,88.7227
chrUn_JTFH01000673v1_decoy,24808,19.2459
chrUn_JTFH01000674v1_decoy,0,0
chrUn_JTFH01000675v1_decoy,0,0
chrUn_JTFH01000676v1_decoy,148,0.114996
chrUn_JTFH01000677v1_decoy,48321,37.5455
chrUn_JTFH01000678v1_decoy,0,0
chrUn_JTFH01000679v1_decoy,0,0
chrUn_JTFH01000680v1_decoy,0,0
chrUn_JTFH01000681v1_decoy,19652,15.3411
chrUn_JTFH01000682v1_decoy,27340,21.4096
chrUn_JTFH01000683v1_decoy,5982,4.69545
chrUn_JTFH01000684v1_decoy,0,0
chrUn_JTFH01000685v1_decoy,52078,41.1034
chrUn_JTFH01000686v1_decoy,45387,35.8507
chrUn_JTFH01000687v1_decoy,23438,18.6016
chrUn_JTFH01000688v1_decoy,9254,7.35028
chrUn_JTFH01000689v1_decoy,0,0
chrUn_JTFH01000690v1_decoy,0,0
chrUn_JTFH01000691v1_decoy,27070,21.5183
chrUn_JTFH01000692v1_decoy,0,0
chrUn_JTFH01000693v1_decoy,18301,14.5825
chrUn_JTFH01000694v1_decoy,44984,35.8724
chrUn_JTFH01000695v1_decoy,0,0
chrUn_JTFH01000696v1_decoy,0,0
chrUn_JTFH01000697v1_decoy,0,0
chrUn_JTFH01000698v1_decoy,71,0.0568455
chrUn_JTFH01000699v1_decoy,0,0
chrUn_JTFH01000700v1_decoy,0,0
chrUn_JTFH01000701v1_decoy,0,0
chrUn_JTFH01000702v1_decoy,0,0
chrUn_JTFH01000703v1_decoy,46324,37.2979
chrUn_JTFH01000704v1_decoy,0,0
chrUn_JTFH01000705v1_decoy,0,0
chrUn_JTFH01000706v1_decoy,16124,12.9927
chrUn_JTFH01000707v1_decoy,0,0
chrUn_JTFH01000708v1_decoy,0,0
chrUn_JTFH01000709v1_decoy,408,0.32983
chrUn_JTFH01000710v1_decoy,0,0
chrUn_JTFH01000711v1_decoy,0,0
chrUn_JTFH01000712v1_decoy,0,0
chrUn_JTFH01000713v1_decoy,0,0
chrUn_JTFH01000714v1_decoy,44711,36.2326
chrUn_JTFH01000715v1_decoy,21894,17.7567
chrUn_JTFH01000716v1_decoy,3640,2.95455
chrUn_JTFH01000717v1_decoy,0,0
chrUn_JTFH01000718v1_decoy,0,0
chrUn_JTFH01000719v1_decoy,39186,31.8585
chrUn_JTFH01000720v1_decoy,8070,6.57166
chrUn_JTFH01000721v1_decoy,38904,31.7066
chrUn_JTFH01000722v1_decoy,25537,20.8126
chrUn_JTFH01000723v1_decoy,10143,8.27325
chrUn_JTFH01000724v1_decoy,0,0
chrUn_JTFH01000725v1_decoy,20648,16.8693
chrUn_JTFH01000726v1_decoy,0,0
chrUn_JTFH01000727v1_decoy,0,0
chrUn_JTFH01000728v1_decoy,0,0
chrUn_JTFH01000729v1_decoy,45956,37.7617
chrUn_JTFH01000730v1_decoy,13321,10.9548
chrUn_JTFH01000731v1_decoy,0,0
chrUn_JTFH01000732v1_decoy,0,0
chrUn_JTFH01000733v1_decoy,69028,56.86
chrUn_JTFH01000734v1_decoy,50511,41.6071
chrUn_JTFH01000735v1_decoy,18121,14.939
chrUn_JTFH01000736v1_decoy,36984,30.5149
chrUn_JTFH01000737v1_decoy,47462,39.2572
chrUn_JTFH01000738v1_decoy,44160,36.5563
chrUn_JTFH01000739v1_decoy,29982,24.8401
chrUn_JTFH01000740v1_decoy,42211,34.9718
chrUn_JTFH01000741v1_decoy,119,0.0985916
chrUn_JTFH01000742v1_decoy,31254,25.9154
chrUn_JTFH01000743v1_decoy,21277,17.6426
chrUn_JTFH01000744v1_decoy,0,0
chrUn_JTFH01000745v1_decoy,15366,12.7519
chrUn_JTFH01000746v1_decoy,7044,5.8505
chrUn_JTFH01000747v1_decoy,0,0
chrUn_JTFH01000748v1_decoy,21251,17.6503
chrUn_JTFH01000749v1_decoy,39350,32.7099
chrUn_JTFH01000750v1_decoy,54778,45.6103
chrUn_JTFH01000751v1_decoy,49364,41.1024
chrUn_JTFH01000752v1_decoy,0,0
chrUn_JTFH01000753v1_decoy,0,0
chrUn_JTFH01000754v1_decoy,0,0
chrUn_JTFH01000755v1_decoy,0,0
chrUn_JTFH01000756v1_decoy,27270,22.782
chrUn_JTFH01000757v1_decoy,24686,20.6405
chrUn_JTFH01000758v1_decoy,0,0
chrUn_JTFH01000759v1_decoy,42287,35.4162
chrUn_JTFH01000760v1_decoy,0,0
chrUn_JTFH01000761v1_decoy,0,0
chrUn_JTFH01000762v1_decoy,24902,20.9436
chrUn_JTFH01000763v1_decoy,0,0
chrUn_JTFH01000764v1_decoy,41742,35.1956
chrUn_JTFH01000765v1_decoy,0,0
chrUn_JTFH01000766v1_decoy,34223,28.929
chrUn_JTFH01000767v1_decoy,0,0
chrUn_JTFH01000768v1_decoy,0,0
chrUn_JTFH01000769v1_decoy,0,0
chrUn_JTFH01000770v1_decoy,5149,4.35986
chrUn_JTFH01000771v1_decoy,32615,27.6164
chrUn_JTFH01000772v1_decoy,23065,19.5301
chrUn_JTFH01000773v1_decoy,0,0
chrUn_JTFH01000774v1_decoy,33287,28.2572
chrUn_JTFH01000775v1_decoy,0,0
chrUn_JTFH01000776v1_decoy,0,0
chrUn_JTFH01000777v1_decoy,0,0
chrUn_JTFH01000778v1_decoy,0,0
chrUn_JTFH01000779v1_decoy,0,0
chrUn_JTFH01000780v1_decoy,50000,42.6985
chrUn_JTFH01000781v1_decoy,0,0
chrUn_JTFH01000782v1_decoy,16638,14.2205
chrUn_JTFH01000783v1_decoy,1539,1.31877
chrUn_JTFH01000784v1_decoy,61562,52.7524
chrUn_JTFH01000785v1_decoy,26923,23.0703
chrUn_JTFH01000786v1_decoy,0,0
chrUn_JTFH01000787v1_decoy,0,0
chrUn_JTFH01000788v1_decoy,56002,48.1945
chrUn_JTFH01000789v1_decoy,43461,37.5635
chrUn_JTFH01000790v1_decoy,0,0
chrUn_JTFH01000791v1_decoy,15666,13.5519
chrUn_JTFH01000792v1_decoy,35276,30.5685
chrUn_JTFH01000793v1_decoy,6574,5.69671
chrUn_JTFH01000794v1_decoy,0,0
chrUn_JTFH01000795v1_decoy,0,0
chrUn_JTFH01000796v1_decoy,0,0
chrUn_JTFH01000797v1_decoy,40951,35.6096
chrUn_JTFH01000798v1_decoy,19015,16.578
chrUn_JTFH01000799v1_decoy,40398,35.2206
chrUn_JTFH01000800v1_decoy,0,0
chrUn_JTFH01000801v1_decoy,16761,14.6512
chrUn_JTFH01000802v1_decoy,48954,42.792
chrUn_JTFH01000803v1_decoy,16485,14.4226
chrUn_JTFH01000804v1_decoy,0,0
chrUn_JTFH01000805v1_decoy,0,0
chrUn_JTFH01000806v1_decoy,0,0
chrUn_JTFH01000807v1_decoy,0,0
chrUn_JTFH01000808v1_decoy,0,0
chrUn_JTFH01000809v1_decoy,20324,17.9224
chrUn_JTFH01000810v1_decoy,35638,31.4268
chrUn_JTFH01000811v1_decoy,44474,39.288
chrUn_JTFH01000812v1_decoy,0,0
chrUn_JTFH01000813v1_decoy,12802,11.3192
chrUn_JTFH01000814v1_decoy,0,0
chrUn_JTFH01000815v1_decoy,0,0
chrUn_JTFH01000816v1_decoy,38119,33.8535
chrUn_JTFH01000817v1_decoy,0,0
chrUn_JTFH01000818v1_decoy,0,0
chrUn_JTFH01000819v1_decoy,0,0
chrUn_JTFH01000820v1_decoy,0,0
chrUn_JTFH01000821v1_decoy,20449,18.2744
chrUn_JTFH01000822v1_decoy,23,0.0205541
chrUn_JTFH01000823v1_decoy,0,0
chrUn_JTFH01000824v1_decoy,274,0.244861
chrUn_JTFH01000825v1_decoy,14071,12.5859
chrUn_JTFH01000826v1_decoy,0,0
chrUn_JTFH01000827v1_decoy,5864,5.25448
chrUn_JTFH01000828v1_decoy,0,0
chrUn_JTFH01000829v1_decoy,0,0
chrUn_JTFH01000830v1_decoy,18850,16.9058
chrUn_JTFH01000831v1_decoy,0,0
chrUn_JTFH01000832v1_decoy,19791,17.7817
chrUn_JTFH01000833v1_decoy,25448,22.8643
chrUn_JTFH01000834v1_decoy,34233,30.8405
chrUn_JTFH01000835v1_decoy,34168,30.782
chrUn_JTFH01000836v1_decoy,47609,42.9297
chrUn_JTFH01000837v1_decoy,26908,24.2852
chrUn_JTFH01000838v1_decoy,36980,33.4056
chrUn_JTFH01000839v1_decoy,0,0
chrUn_JTFH01000840v1_decoy,44605,40.2936
chrUn_JTFH01000841v1_decoy,12646,11.4237
chrUn_JTFH01000842v1_decoy,0,0
chrUn_JTFH01000843v1_decoy,9692,8.78694
chrUn_JTFH01000844v1_decoy,0,0
chrUn_JTFH01000845v1_decoy,0,0
chrUn_JTFH01000846v1_decoy,0,0
chrUn_JTFH01000847v1_decoy,103,0.0937216
chrUn_JTFH01000848v1_decoy,0,0
chrUn_JTFH01000849v1_decoy,19650,17.9125
chrUn_JTFH01000850v1_decoy,4251,3.87865
chrUn_JTFH01000851v1_decoy,0,0
chrUn_JTFH01000852v1_decoy,17926,16.3857
chrUn_JTFH01000853v1_decoy,0,0
chrUn_JTFH01000854v1_decoy,15450,14.1743
chrUn_JTFH01000855v1_decoy,44831,41.205
chrUn_JTFH01000856v1_decoy,0,0
chrUn_JTFH01000857v1_decoy,32138,29.593
chrUn_JTFH01000858v1_decoy,0,0
chrUn_JTFH01000859v1_decoy,0,0
chrUn_JTFH01000860v1_decoy,45838,42.286
chrUn_JTFH01000861v1_decoy,0,0
chrUn_JTFH01000862v1_decoy,17659,16.2906
chrUn_JTFH01000863v1_decoy,0,0
chrUn_JTFH01000864v1_decoy,36761,33.9437
chrUn_JTFH01000865v1_decoy,32605,30.134
chrUn_JTFH01000866v1_decoy,55885,51.6497
chrUn_JTFH01000867v1_decoy,2739,2.53377
chrUn_JTFH01000868v1_decoy,34970,32.3497
chrUn_JTFH01000869v1_decoy,37753,34.9889
chrUn_JTFH01000870v1_decoy,21560,20.0372
chrUn_JTFH01000871v1_decoy,46073,42.8985
chrUn_JTFH01000872v1_decoy,99584,92.8089
chrUn_JTFH01000873v1_decoy,0,0
chrUn_JTFH01000874v1_decoy,378,0.352941
chrUn_JTFH01000875v1_decoy,13131,12.2834
chrUn_JTFH01000876v1_decoy,5264854,4934.26
chrUn_JTFH01000877v1_decoy,0,0
chrUn_JTFH01000878v1_decoy,24846,23.2858
chrUn_JTFH01000879v1_decoy,62801,58.9128
chrUn_JTFH01000880v1_decoy,33125,31.1033
chrUn_JTFH01000881v1_decoy,0,0
chrUn_JTFH01000882v1_decoy,30,0.028169
chrUn_JTFH01000883v1_decoy,0,0
chrUn_JTFH01000884v1_decoy,10939,10.2714
chrUn_JTFH01000885v1_decoy,0,0
chrUn_JTFH01000886v1_decoy,17386,16.3402
chrUn_JTFH01000887v1_decoy,0,0
chrUn_JTFH01000888v1_decoy,0,0
chrUn_JTFH01000889v1_decoy,0,0
chrUn_JTFH01000890v1_decoy,49924,47.0094
chrUn_JTFH01000891v1_decoy,0,0
chrUn_JTFH01000892v1_decoy,14921,14.0631
chrUn_JTFH01000893v1_decoy,36684,34.6075
chrUn_JTFH01000894v1_decoy,35717,33.7909
chrUn_JTFH01000895v1_decoy,0,0
chrUn_JTFH01000896v1_decoy,0,0
chrUn_JTFH01000897v1_decoy,19200,18.1991
chrUn_JTFH01000898v1_decoy,32638,30.9365
chrUn_JTFH01000899v1_decoy,40423,38.3156
chrUn_JTFH01000900v1_decoy,35321,33.4796
chrUn_JTFH01000901v1_decoy,36553,34.6803
chrUn_JTFH01000902v1_decoy,1333,1.26832
chrUn_JTFH01000903v1_decoy,2180,2.07619
chrUn_JTFH01000904v1_decoy,0,0
chrUn_JTFH01000905v1_decoy,42911,40.9066
chrUn_JTFH01000906v1_decoy,9409,8.97805
chrUn_JTFH01000907v1_decoy,0,0
chrUn_JTFH01000908v1_decoy,485,0.463671
chrUn_JTFH01000909v1_decoy,49568,47.3881
chrUn_JTFH01000910v1_decoy,46718,44.6635
chrUn_JTFH01000911v1_decoy,16764,16.0421
chrUn_JTFH01000912v1_decoy,0,0
chrUn_JTFH01000913v1_decoy,36069,34.5158
chrUn_JTFH01000914v1_decoy,32135,30.7807
chrUn_JTFH01000915v1_decoy,0,0
chrUn_JTFH01000916v1_decoy,0,0
chrUn_JTFH01000917v1_decoy,14367,13.8277
chrUn_JTFH01000918v1_decoy,32301,31.0885
chrUn_JTFH01000919v1_decoy,0,0
chrUn_JTFH01000920v1_decoy,0,0
chrUn_JTFH01000921v1_decoy,0,0
chrUn_JTFH01000922v1_decoy,57733,55.7807
chrUn_JTFH01000923v1_decoy,776,0.749758
chrUn_JTFH01000924v1_decoy,0,0
chrUn_JTFH01000925v1_decoy,0,0
chrUn_JTFH01000926v1_decoy,262,0.254122
chrUn_JTFH01000927v1_decoy,2684,2.6033
chrUn_JTFH01000928v1_decoy,73444,71.2357
chrUn_JTFH01000929v1_decoy,92546,90.113
chrUn_JTFH01000930v1_decoy,0,0
chrUn_JTFH01000931v1_decoy,33447,32.5994
chrUn_JTFH01000932v1_decoy,88,0.08577
chrUn_JTFH01000933v1_decoy,853,0.833008
chrUn_JTFH01000934v1_decoy,0,0
chrUn_JTFH01000935v1_decoy,151,0.14775
chrUn_JTFH01000936v1_decoy,39398,38.5499
chrUn_JTFH01000937v1_decoy,15390,15.0735
chrUn_JTFH01000938v1_decoy,136,0.133333
chrUn_JTFH01000939v1_decoy,0,0
chrUn_JTFH01000940v1_decoy,17794,17.4794
chrUn_JTFH01000941v1_decoy,4875,4.7888
chrUn_JTFH01000942v1_decoy,32714,32.1356
chrUn_JTFH01000943v1_decoy,877,0.863189
chrUn_JTFH01000944v1_decoy,17034,16.8653
chrUn_JTFH01000945v1_decoy,34958,34.6119
chrUn_JTFH01000946v1_decoy,5048,5.00297
chrUn_JTFH01000947v1_decoy,0,0
chrUn_JTFH01000948v1_decoy,558,0.554121
chrUn_JTFH01000949v1_decoy,0,0
chrUn_JTFH01000950v1_decoy,0,0
chrUn_JTFH01000951v1_decoy,0,0
chrUn_JTFH01000952v1_decoy,40978,40.8147
chrUn_JTFH01000953v1_decoy,0,0
chrUn_JTFH01000954v1_decoy,0,0
chrUn_JTFH01000955v1_decoy,30249,30.1585
chrUn_JTFH01000956v1_decoy,15460,15.4138
chrUn_JTFH01000957v1_decoy,31504,31.4098
chrUn_JTFH01000958v1_decoy,30553,30.492
chrUn_JTFH01000959v1_decoy,0,0
chrUn_JTFH01000960v1_decoy,37006,37.006
chrUn_JTFH01000961v1_decoy,529,0.529
chrUn_JTFH01000962v1_decoy,79834,9.55181
chrUn_JTFH01000963v1_decoy,92136,11.6157
chrUn_JTFH01000964v1_decoy,28314,4.13585
chrUn_JTFH01000965v1_decoy,55344,12.0549
chrUn_JTFH01000966v1_decoy,29953,7.41227
chrUn_JTFH01000967v1_decoy,51659,13.4494
chrUn_JTFH01000968v1_decoy,0,0
chrUn_JTFH01000969v1_decoy,0,0
chrUn_JTFH01000970v1_decoy,4589,1.2396
chrUn_JTFH01000971v1_decoy,15278,4.21462
chrUn_JTFH01000972v1_decoy,109470,31.0201
chrUn_JTFH01000973v1_decoy,682,0.194413
chrUn_JTFH01000974v1_decoy,0,0
chrUn_JTFH01000975v1_decoy,0,0
chrUn_JTFH01000976v1_decoy,0,0
chrUn_JTFH01000977v1_decoy,0,0
chrUn_JTFH01000978v1_decoy,6016,1.87298
chrUn_JTFH01000979v1_decoy,16801,5.26347
chrUn_JTFH01000980v1_decoy,263,0.0850582
chrUn_JTFH01000981v1_decoy,29599,9.58827
chrUn_JTFH01000982v1_decoy,18163,5.95899
chrUn_JTFH01000983v1_decoy,0,0
chrUn_JTFH01000984v1_decoy,302,0.100533
chrUn_JTFH01000985v1_decoy,64,0.0216289
chrUn_JTFH01000986v1_decoy,149,0.0507839
chrUn_JTFH01000987v1_decoy,23406,7.98023
chrUn_JTFH01000988v1_decoy,12680,4.48532
chrUn_JTFH01000989v1_decoy,0,0
chrUn_JTFH01000990v1_decoy,40177,14.6151
chrUn_JTFH01000991v1_decoy,45662,16.6346
chrUn_JTFH01000992v1_decoy,404,0.147823
chrUn_JTFH01000993v1_decoy,72449,26.8529
chrUn_JTFH01000994v1_decoy,1441,0.540713
chrUn_JTFH01000995v1_decoy,50817,19.2927
chrUn_JTFH01000996v1_decoy,37946,15.2271
chrUn_JTFH01000997v1_decoy,17898,7.19084
chrUn_JTFH01000998v1_decoy,0,0
chrUn_JTFH01000999v1_decoy,67321,27.8877
chrUn_JTFH01001000v1_decoy,64497,26.9299
chrUn_JTFH01001001v1_decoy,3545,1.50467
chrUn_JTFH01001002v1_decoy,40948,17.5066
chrUn_JTFH01001003v1_decoy,52087,22.5485
chrUn_JTFH01001004v1_decoy,5320,2.32517
chrUn_JTFH01001005v1_decoy,551,0.241138
chrUn_JTFH01001006v1_decoy,0,0
chrUn_JTFH01001007v1_decoy,0,0
chrUn_JTFH01001008v1_decoy,0,0
chrUn_JTFH01001009v1_decoy,43204,19.8548
chrUn_JTFH01001010v1_decoy,35304,16.352
chrUn_JTFH01001011v1_decoy,18981,8.80789
chrUn_JTFH01001012v1_decoy,66376,30.8869
chrUn_JTFH01001013v1_decoy,604,0.283701
chrUn_JTFH01001014v1_decoy,0,0
chrUn_JTFH01001015v1_decoy,48665,23.0312
chrUn_JTFH01001016v1_decoy,41999,20.0186
chrUn_JTFH01001017v1_decoy,0,0
chrUn_JTFH01001018v1_decoy,0,0
chrUn_JTFH01001019v1_decoy,302,0.146673
chrUn_JTFH01001020v1_decoy,0,0
chrUn_JTFH01001021v1_decoy,0,0
chrUn_JTFH01001022v1_decoy,0,0
chrUn_JTFH01001023v1_decoy,72162,35.6532
chrUn_JTFH01001024v1_decoy,0,0
chrUn_JTFH01001025v1_decoy,0,0
chrUn_JTFH01001026v1_decoy,262,0.132256
chrUn_JTFH01001027v1_decoy,0,0
chrUn_JTFH01001028v1_decoy,0,0
chrUn_JTFH01001029v1_decoy,0,0
chrUn_JTFH01001030v1_decoy,4498,2.31379
chrUn_JTFH01001031v1_decoy,5304,2.73967
chrUn_JTFH01001032v1_decoy,155,0.0802277
chrUn_JTFH01001033v1_decoy,0,0
chrUn_JTFH01001034v1_decoy,0,0
chrUn_JTFH01001035v1_decoy,46630,24.9358
chrUn_JTFH01001036v1_decoy,0,0
chrUn_JTFH01001037v1_decoy,274,0.151131
chrUn_JTFH01001038v1_decoy,0,0
chrUn_JTFH01001039v1_decoy,0,0
chrUn_JTFH01001040v1_decoy,0,0
chrUn_JTFH01001041v1_decoy,29000,16.1921
chrUn_JTFH01001042v1_decoy,48942,27.4801
chrUn_JTFH01001043v1_decoy,0,0
chrUn_JTFH01001044v1_decoy,0,0
chrUn_JTFH01001045v1_decoy,0,0
chrUn_JTFH01001046v1_decoy,0,0
chrUn_JTFH01001047v1_decoy,31679,18.5366
chrUn_JTFH01001048v1_decoy,0,0
chrUn_JTFH01001049v1_decoy,63536,37.3521
chrUn_JTFH01001050v1_decoy,11563,6.84606
chrUn_JTFH01001051v1_decoy,449,0.272783
chrUn_JTFH01001052v1_decoy,44442,27.0823
chrUn_JTFH01001053v1_decoy,44,0.0268456
chrUn_JTFH01001054v1_decoy,51,0.0311736
chrUn_JTFH01001055v1_decoy,16088,9.85784
chrUn_JTFH01001056v1_decoy,0,0
chrUn_JTFH01001057v1_decoy,17000,10.4744
chrUn_JTFH01001058v1_decoy,0,0
chrUn_JTFH01001059v1_decoy,6688,4.1233
chrUn_JTFH01001060v1_decoy,21775,13.4497
chrUn_JTFH01001061v1_decoy,36,0.0224159
chrUn_JTFH01001062v1_decoy,0,0
chrUn_JTFH01001063v1_decoy,119,0.0747487
chrUn_JTFH01001064v1_decoy,1285,0.824775
chrUn_JTFH01001065v1_decoy,25205,16.3139
chrUn_JTFH01001066v1_decoy,13643,8.8476
chrUn_JTFH01001067v1_decoy,0,0
chrUn_JTFH01001068v1_decoy,3435,2.24657
chrUn_JTFH01001069v1_decoy,7645,5.03623
chrUn_JTFH01001070v1_decoy,3128,2.06469
chrUn_JTFH01001071v1_decoy,401,0.265036
chrUn_JTFH01001072v1_decoy,0,0
chrUn_JTFH01001073v1_decoy,0,0
chrUn_JTFH01001074v1_decoy,26836,17.9026
chrUn_JTFH01001075v1_decoy,0,0
chrUn_JTFH01001076v1_decoy,20738,13.8716
chrUn_JTFH01001077v1_decoy,0,0
chrUn_JTFH01001078v1_decoy,128578,86.1783
chrUn_JTFH01001079v1_decoy,0,0
chrUn_JTFH01001080v1_decoy,0,0
chrUn_JTFH01001081v1_decoy,3273,2.20701
chrUn_JTFH01001082v1_decoy,0,0
chrUn_JTFH01001083v1_decoy,0,0
chrUn_JTFH01001084v1_decoy,75505,51.6097
chrUn_JTFH01001085v1_decoy,507,0.34726
chrUn_JTFH01001086v1_decoy,0,0
chrUn_JTFH01001087v1_decoy,0,0
chrUn_JTFH01001088v1_decoy,25480,17.5361
chrUn_JTFH01001089v1_decoy,4284,2.96881
chrUn_JTFH01001090v1_decoy,0,0
chrUn_JTFH01001091v1_decoy,0,0
chrUn_JTFH01001092v1_decoy,0,0
chrUn_JTFH01001093v1_decoy,27069,19.0896
chrUn_JTFH01001094v1_decoy,0,0
chrUn_JTFH01001095v1_decoy,0,0
chrUn_JTFH01001096v1_decoy,0,0
chrUn_JTFH01001097v1_decoy,0,0
chrUn_JTFH01001098v1_decoy,0,0
chrUn_JTFH01001099v1_decoy,19845,14.2156
chrUn_JTFH01001100v1_decoy,86137,61.9691
chrUn_JTFH01001101v1_decoy,0,0
chrUn_JTFH01001102v1_decoy,150,0.109012
chrUn_JTFH01001103v1_decoy,0,0
chrUn_JTFH01001104v1_decoy,14130,10.3063
chrUn_JTFH01001105v1_decoy,0,0
chrUn_JTFH01001106v1_decoy,1441,1.05645
chrUn_JTFH01001107v1_decoy,0,0
chrUn_JTFH01001108v1_decoy,0,0
chrUn_JTFH01001109v1_decoy,0,0
chrUn_JTFH01001110v1_decoy,0,0
chrUn_JTFH01001111v1_decoy,79296,58.9123
chrUn_JTFH01001112v1_decoy,14237,10.5851
chrUn_JTFH01001113v1_decoy,12108,9.03582
chrUn_JTFH01001114v1_decoy,0,0
chrUn_JTFH01001115v1_decoy,3679,2.76825
chrUn_JTFH01001116v1_decoy,251,0.189577
chrUn_JTFH01001117v1_decoy,0,0
chrUn_JTFH01001118v1_decoy,10968,8.39174
chrUn_JTFH01001119v1_decoy,3051,2.33972
chrUn_JTFH01001120v1_decoy,1133,0.868865
chrUn_JTFH01001121v1_decoy,0,0
chrUn_JTFH01001122v1_decoy,0,0
chrUn_JTFH01001123v1_decoy,35964,27.6646
chrUn_JTFH01001124v1_decoy,0,0
chrUn_JTFH01001125v1_decoy,0,0
chrUn_JTFH01001126v1_decoy,61621,47.7682
chrUn_JTFH01001127v1_decoy,18650,14.5249
chrUn_JTFH01001128v1_decoy,0,0
chrUn_JTFH01001129v1_decoy,42314,33.032
chrUn_JTFH01001130v1_decoy,0,0
chrUn_JTFH01001131v1_decoy,0,0
chrUn_JTFH01001132v1_decoy,7641,6.00708
chrUn_JTFH01001133v1_decoy,0,0
chrUn_JTFH01001134v1_decoy,0,0
chrUn_JTFH01001135v1_decoy,0,0
chrUn_JTFH01001136v1_decoy,20589,16.2888
chrUn_JTFH01001137v1_decoy,35042,27.7231
chrUn_JTFH01001138v1_decoy,1349,1.06725
chrUn_JTFH01001139v1_decoy,17721,14.0309
chrUn_JTFH01001140v1_decoy,41985,33.6149
chrUn_JTFH01001141v1_decoy,0,0
chrUn_JTFH01001142v1_decoy,126,0.101695
chrUn_JTFH01001143v1_decoy,36909,29.8858
chrUn_JTFH01001144v1_decoy,86253,69.8405
chrUn_JTFH01001145v1_decoy,0,0
chrUn_JTFH01001146v1_decoy,15721,12.7606
chrUn_JTFH01001147v1_decoy,16616,13.5089
chrUn_JTFH01001148v1_decoy,10460,8.53181
chrUn_JTFH01001149v1_decoy,0,0
chrUn_JTFH01001150v1_decoy,8783,7.23476
chrUn_JTFH01001151v1_decoy,0,0
chrUn_JTFH01001152v1_decoy,1940,1.60198
chrUn_JTFH01001153v1_decoy,19459,16.0951
chrUn_JTFH01001154v1_decoy,0,0
chrUn_JTFH01001155v1_decoy,20602,17.1827
chrUn_JTFH01001156v1_decoy,0,0
chrUn_JTFH01001157v1_decoy,21735,18.2188
chrUn_JTFH01001158v1_decoy,0,0
chrUn_JTFH01001159v1_decoy,17159,14.4558
chrUn_JTFH01001160v1_decoy,3550,2.99325
chrUn_JTFH01001161v1_decoy,579,0.48902
chrUn_JTFH01001162v1_decoy,12819,10.8269
chrUn_JTFH01001163v1_decoy,0,0
chrUn_JTFH01001164v1_decoy,5448,4.62087
chrUn_JTFH01001165v1_decoy,0,0
chrUn_JTFH01001166v1_decoy,1983,1.69632
chrUn_JTFH01001167v1_decoy,0,0
chrUn_JTFH01001168v1_decoy,0,0
chrUn_JTFH01001169v1_decoy,0,0
chrUn_JTFH01001170v1_decoy,0,0
chrUn_JTFH01001171v1_decoy,268,0.230439
chrUn_JTFH01001172v1_decoy,47030,40.6131
chrUn_JTFH01001173v1_decoy,0,0
chrUn_JTFH01001174v1_decoy,0,0
chrUn_JTFH01001175v1_decoy,7042,6.08643
chrUn_JTFH01001176v1_decoy,453,0.39153
chrUn_JTFH01001177v1_decoy,0,0
chrUn_JTFH01001178v1_decoy,250,0.216638
chrUn_JTFH01001179v1_decoy,0,0
chrUn_JTFH01001180v1_decoy,0,0
chrUn_JTFH01001181v1_decoy,13856,12.0697
chrUn_JTFH01001182v1_decoy,0,0
chrUn_JTFH01001183v1_decoy,2016,1.76224
chrUn_JTFH01001184v1_decoy,6168,5.41053
chrUn_JTFH01001185v1_decoy,12522,11.0229
chrUn_JTFH01001186v1_decoy,0,0
chrUn_JTFH01001187v1_decoy,0,0
chrUn_JTFH01001188v1_decoy,3775,3.34367
chrUn_JTFH01001189v1_decoy,24446,21.6912
chrUn_JTFH01001190v1_decoy,0,0
chrUn_JTFH01001191v1_decoy,64204,57.4275
chrUn_JTFH01001192v1_decoy,289,0.26036
chrUn_JTFH01001193v1_decoy,0,0
chrUn_JTFH01001194v1_decoy,0,0
chrUn_JTFH01001195v1_decoy,57071,51.8356
chrUn_JTFH01001196v1_decoy,0,0
chrUn_JTFH01001197v1_decoy,15068,13.7482
chrUn_JTFH01001198v1_decoy,0,0
chrUn_JTFH01001199v1_decoy,1803,1.65261
chrUn_JTFH01001200v1_decoy,0,0
chrUn_JTFH01001201v1_decoy,0,0
chrUn_JTFH01001202v1_decoy,9120,8.40553
chrUn_JTFH01001203v1_decoy,15479,14.2795
chrUn_JTFH01001204v1_decoy,0,0
chrUn_JTFH01001205v1_decoy,0,0
chrUn_JTFH01001206v1_decoy,1848,1.7127
chrUn_JTFH01001207v1_decoy,0,0
chrUn_JTFH01001208v1_decoy,2618,2.44902
chrUn_JTFH01001209v1_decoy,131,0.122659
chrUn_JTFH01001210v1_decoy,20265,18.9925
chrUn_JTFH01001211v1_decoy,4600,4.31115
chrUn_JTFH01001212v1_decoy,0,0
chrUn_JTFH01001213v1_decoy,7787,7.32549
chrUn_JTFH01001214v1_decoy,32268,30.3842
chrUn_JTFH01001215v1_decoy,594,0.560907
chrUn_JTFH01001216v1_decoy,0,0
chrUn_JTFH01001217v1_decoy,0,0
chrUn_JTFH01001218v1_decoy,0,0
chrUn_JTFH01001219v1_decoy,0,0
chrUn_JTFH01001220v1_decoy,0,0
chrUn_JTFH01001221v1_decoy,1907,1.81102
chrUn_JTFH01001222v1_decoy,419,0.397911
chrUn_JTFH01001223v1_decoy,26015,24.7291
chrUn_JTFH01001224v1_decoy,16563,15.7593
chrUn_JTFH01001225v1_decoy,12251,11.6787
chrUn_JTFH01001226v1_decoy,15348,14.659
chrUn_JTFH01001227v1_decoy,0,0
chrUn_JTFH01001228v1_decoy,0,0
chrUn_JTFH01001229v1_decoy,28328,27.1601
chrUn_JTFH01001230v1_decoy,15065,14.4578
chrUn_JTFH01001231v1_decoy,6558,6.29367
chrUn_JTFH01001232v1_decoy,0,0
chrUn_JTFH01001233v1_decoy,7995,7.6875
chrUn_JTFH01001234v1_decoy,0,0
chrUn_JTFH01001235v1_decoy,0,0
chrUn_JTFH01001236v1_decoy,110,0.106075
chrUn_JTFH01001237v1_decoy,0,0
chrUn_JTFH01001238v1_decoy,0,0
chrUn_JTFH01001239v1_decoy,19714,19.1957
chrUn_JTFH01001240v1_decoy,220,0.215475
chrUn_JTFH01001241v1_decoy,32099,31.4388
chrUn_JTFH01001242v1_decoy,13518,13.2659
chrUn_JTFH01001243v1_decoy,6884,6.75564
chrUn_JTFH01001244v1_decoy,0,0
chrUn_JTFH01001245v1_decoy,0,0
chrUn_JTFH01001246v1_decoy,0,0
chrUn_JTFH01001247v1_decoy,0,0
chrUn_JTFH01001248v1_decoy,130,0.128968
chrUn_JTFH01001249v1_decoy,0,0
chrUn_JTFH01001250v1_decoy,0,0
chrUn_JTFH01001251v1_decoy,0,0
chrUn_JTFH01001252v1_decoy,46968,46.8275
chrUn_JTFH01001253v1_decoy,1727,1.72527
chrUn_JTFH01001254v1_decoy,0,0
chrUn_JTFH01001255v1_decoy,7675,7.675
chrUn_JTFH01001256v1_decoy,202,0.202
chrUn_JTFH01001257v1_decoy,6529,0.364159
chrUn_JTFH01001258v1_decoy,0,0
chrUn_JTFH01001259v1_decoy,71236,8.8459
chrUn_JTFH01001260v1_decoy,0,0
chrUn_JTFH01001261v1_decoy,160871,20.7094
chrUn_JTFH01001262v1_decoy,109180,19.1847
chrUn_JTFH01001263v1_decoy,3888,0.714181
chrUn_JTFH01001264v1_decoy,0,0
chrUn_JTFH01001265v1_decoy,0,0
chrUn_JTFH01001266v1_decoy,143216,31.5107
chrUn_JTFH01001267v1_decoy,0,0
chrUn_JTFH01001268v1_decoy,0,0
chrUn_JTFH01001269v1_decoy,59516,14.1874
chrUn_JTFH01001270v1_decoy,85579,22.4794
chrUn_JTFH01001271v1_decoy,34040,9.09917
chrUn_JTFH01001272v1_decoy,0,0
chrUn_JTFH01001273v1_decoy,60649,16.6618
chrUn_JTFH01001274v1_decoy,0,0
chrUn_JTFH01001275v1_decoy,0,0
chrUn_JTFH01001276v1_decoy,0,0
chrUn_JTFH01001277v1_decoy,0,0
chrUn_JTFH01001278v1_decoy,0,0
chrUn_JTFH01001279v1_decoy,61665,18.7717
chrUn_JTFH01001280v1_decoy,179,0.0546899
chrUn_JTFH01001281v1_decoy,1163,0.35653
chrUn_JTFH01001282v1_decoy,74686,22.9168
chrUn_JTFH01001283v1_decoy,0,0
chrUn_JTFH01001284v1_decoy,122931,39.3128
chrUn_JTFH01001285v1_decoy,42,0.0135048
chrUn_JTFH01001286v1_decoy,0,0
chrUn_JTFH01001287v1_decoy,0,0
chrUn_JTFH01001288v1_decoy,0,0
chrUn_JTFH01001289v1_decoy,1101,0.359922
chrUn_JTFH01001290v1_decoy,54200,18.1271
chrUn_JTFH01001291v1_decoy,196300,65.7401
chrUn_JTFH01001292v1_decoy,0,0
chrUn_JTFH01001293v1_decoy,165,0.0564682
chrUn_JTFH01001294v1_decoy,99540,34.6226
chrUn_JTFH01001295v1_decoy,0,0
chrUn_JTFH01001296v1_decoy,0,0
chrUn_JTFH01001297v1_decoy,0,0
chrUn_JTFH01001298v1_decoy,107627,38.6452
chrUn_JTFH01001299v1_decoy,0,0
chrUn_JTFH01001300v1_decoy,0,0
chrUn_JTFH01001301v1_decoy,188453,70.9003
chrUn_JTFH01001302v1_decoy,0,0
chrUn_JTFH01001303v1_decoy,0,0
chrUn_JTFH01001304v1_decoy,80109,30.752
chrUn_JTFH01001305v1_decoy,114,0.0441347
chrUn_JTFH01001306v1_decoy,51729,20.414
chrUn_JTFH01001307v1_decoy,0,0
chrUn_JTFH01001308v1_decoy,0,0
chrUn_JTFH01001309v1_decoy,0,0
chrUn_JTFH01001310v1_decoy,55161,22.2603
chrUn_JTFH01001311v1_decoy,0,0
chrUn_JTFH01001312v1_decoy,73046,29.6092
chrUn_JTFH01001313v1_decoy,19397,7.94308
chrUn_JTFH01001314v1_decoy,53066,21.8379
chrUn_JTFH01001315v1_decoy,26755,11.0695
chrUn_JTFH01001316v1_decoy,963,0.399917
chrUn_JTFH01001317v1_decoy,285371,119.153
chrUn_JTFH01001318v1_decoy,18956,8.05952
chrUn_JTFH01001319v1_decoy,148001,63.3295
chrUn_JTFH01001320v1_decoy,180046,77.5392
chrUn_JTFH01001321v1_decoy,0,0
chrUn_JTFH01001322v1_decoy,13720,5.9497
chrUn_JTFH01001323v1_decoy,91041,39.7212
chrUn_JTFH01001324v1_decoy,0,0
chrUn_JTFH01001325v1_decoy,15028,6.63488
chrUn_JTFH01001326v1_decoy,44910,19.8717
chrUn_JTFH01001327v1_decoy,0,0
chrUn_JTFH01001328v1_decoy,101132,45.1886
chrUn_JTFH01001329v1_decoy,61883,27.7751
chrUn_JTFH01001330v1_decoy,0,0
chrUn_JTFH01001331v1_decoy,0,0
chrUn_JTFH01001332v1_decoy,478625,218.45
chrUn_JTFH01001333v1_decoy,84576,38.6016
chrUn_JTFH01001334v1_decoy,0,0
chrUn_JTFH01001335v1_decoy,63848,29.2344
chrUn_JTFH01001336v1_decoy,136127,62.8472
chrUn_JTFH01001337v1_decoy,4233,1.9552
chrUn_JTFH01001338v1_decoy,0,0
chrUn_JTFH01001339v1_decoy,0,0
chrUn_JTFH01001340v1_decoy,35057,16.5676
chrUn_JTFH01001341v1_decoy,0,0
chrUn_JTFH01001342v1_decoy,0,0
chrUn_JTFH01001343v1_decoy,0,0
chrUn_JTFH01001344v1_decoy,32970,15.6553
chrUn_JTFH01001345v1_decoy,6424,3.05033
chrUn_JTFH01001346v1_decoy,32323,15.4139
chrUn_JTFH01001347v1_decoy,36883,17.7237
chrUn_JTFH01001348v1_decoy,96342,46.8134
chrUn_JTFH01001349v1_decoy,81298,39.5611
chrUn_JTFH01001350v1_decoy,0,0
chrUn_JTFH01001351v1_decoy,69632,34.1836
chrUn_JTFH01001352v1_decoy,0,0
chrUn_JTFH01001353v1_decoy,0,0
chrUn_JTFH01001354v1_decoy,39579,19.5936
chrUn_JTFH01001355v1_decoy,1761,0.872646
chrUn_JTFH01001356v1_decoy,0,0
chrUn_JTFH01001357v1_decoy,0,0
chrUn_JTFH01001358v1_decoy,18062,9.02649
chrUn_JTFH01001359v1_decoy,0,0
chrUn_JTFH01001360v1_decoy,22616,11.3648
chrUn_JTFH01001361v1_decoy,11333,5.71508
chrUn_JTFH01001362v1_decoy,78325,39.5381
chrUn_JTFH01001363v1_decoy,67468,34.0575
chrUn_JTFH01001364v1_decoy,1820,0.919656
chrUn_JTFH01001365v1_decoy,38584,19.6556
chrUn_JTFH01001366v1_decoy,0,0
chrUn_JTFH01001367v1_decoy,64299,33.3328
chrUn_JTFH01001368v1_decoy,39858,21.1898
chrUn_JTFH01001369v1_decoy,60703,32.3922
chrUn_JTFH01001370v1_decoy,0,0
chrUn_JTFH01001371v1_decoy,10236,5.53597
chrUn_JTFH01001372v1_decoy,42,0.0229133
chrUn_JTFH01001373v1_decoy,57050,31.1408
chrUn_JTFH01001374v1_decoy,64626,35.3921
chrUn_JTFH01001375v1_decoy,714902,394.103
chrUn_JTFH01001376v1_decoy,65188,35.9361
chrUn_JTFH01001377v1_decoy,0,0
chrUn_JTFH01001378v1_decoy,24366,13.6199
chrUn_JTFH01001379v1_decoy,0,0
chrUn_JTFH01001380v1_decoy,0,0
chrUn_JTFH01001381v1_decoy,9493,5.34516
chrUn_JTFH01001382v1_decoy,4483,2.54427
chrUn_JTFH01001383v1_decoy,0,0
chrUn_JTFH01001384v1_decoy,0,0
chrUn_JTFH01001385v1_decoy,1459,0.831813
chrUn_JTFH01001386v1_decoy,123562,70.5263
chrUn_JTFH01001387v1_decoy,0,0
chrUn_JTFH01001388v1_decoy,22086,12.6278
chrUn_JTFH01001389v1_decoy,0,0
chrUn_JTFH01001390v1_decoy,200331,115.865
chrUn_JTFH01001391v1_decoy,101792,58.9757
chrUn_JTFH01001392v1_decoy,29658,17.2832
chrUn_JTFH01001393v1_decoy,25301,14.7786
chrUn_JTFH01001394v1_decoy,19360,11.315
chrUn_JTFH01001395v1_decoy,0,0
chrUn_JTFH01001396v1_decoy,0,0
chrUn_JTFH01001397v1_decoy,100,0.0588582
chrUn_JTFH01001398v1_decoy,7183,4.26038
chrUn_JTFH01001399v1_decoy,32956,19.5701
chrUn_JTFH01001400v1_decoy,52993,31.5435
chrUn_JTFH01001401v1_decoy,0,0
chrUn_JTFH01001402v1_decoy,30747,18.3236
chrUn_JTFH01001403v1_decoy,53872,32.124
chrUn_JTFH01001404v1_decoy,67539,40.2977
chrUn_JTFH01001405v1_decoy,321003,191.987
chrUn_JTFH01001406v1_decoy,28987,17.3679
chrUn_JTFH01001407v1_decoy,0,0
chrUn_JTFH01001408v1_decoy,724,0.435358
chrUn_JTFH01001409v1_decoy,0,0
chrUn_JTFH01001410v1_decoy,61825,37.244
chrUn_JTFH01001411v1_decoy,51236,30.9023
chrUn_JTFH01001412v1_decoy,6199,3.74336
chrUn_JTFH01001413v1_decoy,8052,4.86232
chrUn_JTFH01001414v1_decoy,0,0
chrUn_JTFH01001415v1_decoy,0,0
chrUn_JTFH01001416v1_decoy,0,0
chrUn_JTFH01001417v1_decoy,1777,1.08288
chrUn_JTFH01001418v1_decoy,0,0
chrUn_JTFH01001419v1_decoy,25433,15.5744
chrUn_JTFH01001420v1_decoy,0,0
chrUn_JTFH01001421v1_decoy,50680,31.4002
chrUn_JTFH01001422v1_decoy,0,0
chrUn_JTFH01001423v1_decoy,0,0
chrUn_JTFH01001424v1_decoy,0,0
chrUn_JTFH01001425v1_decoy,31894,19.9462
chrUn_JTFH01001426v1_decoy,0,0
chrUn_JTFH01001427v1_decoy,23043,14.5107
chrUn_JTFH01001428v1_decoy,0,0
chrUn_JTFH01001429v1_decoy,55297,34.9097
chrUn_JTFH01001430v1_decoy,293307,185.169
chrUn_JTFH01001431v1_decoy,136,0.0860759
chrUn_JTFH01001432v1_decoy,47438,30.1768
chrUn_JTFH01001433v1_decoy,275838,175.693
chrUn_JTFH01001434v1_decoy,23494,14.9739
chrUn_JTFH01001435v1_decoy,0,0
chrUn_JTFH01001436v1_decoy,3651,2.32993
chrUn_JTFH01001437v1_decoy,36685,23.4409
chrUn_JTFH01001438v1_decoy,1169,0.74984
chrUn_JTFH01001439v1_decoy,10595,6.79602
chrUn_JTFH01001440v1_decoy,34,0.0218509
chrUn_JTFH01001441v1_decoy,52205,33.594
chrUn_JTFH01001442v1_decoy,0,0
chrUn_JTFH01001443v1_decoy,0,0
chrUn_JTFH01001444v1_decoy,14767,9.58274
chrUn_JTFH01001445v1_decoy,15595,10.1398
chrUn_JTFH01001446v1_decoy,155861,101.406
chrUn_JTFH01001447v1_decoy,0,0
chrUn_JTFH01001448v1_decoy,65307,42.6843
chrUn_JTFH01001449v1_decoy,0,0
chrUn_JTFH01001450v1_decoy,28854,18.958
chrUn_JTFH01001451v1_decoy,266,0.175694
chrUn_JTFH01001452v1_decoy,24558,16.2744
chrUn_JTFH01001453v1_decoy,28169,18.6921
chrUn_JTFH01001454v1_decoy,14598,9.732
chrUn_JTFH01001455v1_decoy,77,0.0513676
chrUn_JTFH01001456v1_decoy,28750,19.1795
chrUn_JTFH01001457v1_decoy,29679,19.8257
chrUn_JTFH01001458v1_decoy,0,0
chrUn_JTFH01001459v1_decoy,45660,30.6855
chrUn_JTFH01001460v1_decoy,45444,30.5814
chrUn_JTFH01001461v1_decoy,22779,15.3394
chrUn_JTFH01001462v1_decoy,0,0
chrUn_JTFH01001463v1_decoy,0,0
chrUn_JTFH01001464v1_decoy,48699,33.0836
chrUn_JTFH01001465v1_decoy,305609,207.615
chrUn_JTFH01001466v1_decoy,42484,28.9007
chrUn_JTFH01001467v1_decoy,30983,21.1344
chrUn_JTFH01001468v1_decoy,0,0
chrUn_JTFH01001469v1_decoy,22201,15.1958
chrUn_JTFH01001470v1_decoy,51987,35.6564
chrUn_JTFH01001471v1_decoy,704,0.483185
chrUn_JTFH01001472v1_decoy,27422,18.9378
chrUn_JTFH01001473v1_decoy,55,0.0380097
chrUn_JTFH01001474v1_decoy,33199,22.991
chrUn_JTFH01001475v1_decoy,13922,9.64796
chrUn_JTFH01001476v1_decoy,0,0
chrUn_JTFH01001477v1_decoy,4058,2.82197
chrUn_JTFH01001478v1_decoy,225999,157.821
chrUn_JTFH01001479v1_decoy,14340,10.028
chrUn_JTFH01001480v1_decoy,38932,27.2252
chrUn_JTFH01001481v1_decoy,0,0
chrUn_JTFH01001482v1_decoy,0,0
chrUn_JTFH01001483v1_decoy,85,0.0594822
chrUn_JTFH01001484v1_decoy,16732,11.7335
chrUn_JTFH01001485v1_decoy,0,0
chrUn_JTFH01001486v1_decoy,31568,22.231
chrUn_JTFH01001487v1_decoy,50677,35.7888
chrUn_JTFH01001488v1_decoy,18639,13.1631
chrUn_JTFH01001489v1_decoy,0,0
chrUn_JTFH01001490v1_decoy,5705,4.0318
chrUn_JTFH01001491v1_decoy,0,0
chrUn_JTFH01001492v1_decoy,0,0
chrUn_JTFH01001493v1_decoy,0,0
chrUn_JTFH01001494v1_decoy,23037,16.3964
chrUn_JTFH01001495v1_decoy,54539,38.9009
chrUn_JTFH01001496v1_decoy,302,0.216023
chrUn_JTFH01001497v1_decoy,334,0.239084
chrUn_JTFH01001498v1_decoy,51268,36.7513
chrUn_JTFH01001499v1_decoy,0,0
chrUn_JTFH01001500v1_decoy,4163,2.99928
chrUn_JTFH01001501v1_decoy,0,0
chrUn_JTFH01001502v1_decoy,302,0.218524
chrUn_JTFH01001503v1_decoy,47432,34.3461
chrUn_JTFH01001504v1_decoy,569,0.412618
chrUn_JTFH01001505v1_decoy,333,0.242006
chrUn_JTFH01001506v1_decoy,12860,9.35953
chrUn_JTFH01001507v1_decoy,50003,36.3923
chrUn_JTFH01001508v1_decoy,362,0.263656
chrUn_JTFH01001509v1_decoy,0,0
chrUn_JTFH01001510v1_decoy,41464,30.2216
chrUn_JTFH01001511v1_decoy,22637,16.5234
chrUn_JTFH01001512v1_decoy,3704054,2709.62
chrUn_JTFH01001513v1_decoy,26804,19.6366
chrUn_JTFH01001514v1_decoy,32890,24.1129
chrUn_JTFH01001515v1_decoy,0,0
chrUn_JTFH01001516v1_decoy,0,0
chrUn_JTFH01001517v1_decoy,19495,14.3875
chrUn_JTFH01001518v1_decoy,9937,7.33358
chrUn_JTFH01001519v1_decoy,19305,14.2578
chrUn_JTFH01001520v1_decoy,1952,1.44272
chrUn_JTFH01001521v1_decoy,302,0.22387
chrUn_JTFH01001522v1_decoy,45009,33.4639
chrUn_JTFH01001523v1_decoy,44480,33.0952
chrUn_JTFH01001524v1_decoy,0,0
chrUn_JTFH01001525v1_decoy,777,0.580718
chrUn_JTFH01001526v1_decoy,55100,41.1809
chrUn_JTFH01001527v1_decoy,1640,1.22571
chrUn_JTFH01001528v1_decoy,0,0
chrUn_JTFH01001529v1_decoy,11823,8.86947
chrUn_JTFH01001530v1_decoy,0,0
chrUn_JTFH01001531v1_decoy,0,0
chrUn_JTFH01001532v1_decoy,87532,66.1118
chrUn_JTFH01001533v1_decoy,26530,20.0529
chrUn_JTFH01001534v1_decoy,4113,3.10884
chrUn_JTFH01001535v1_decoy,0,0
chrUn_JTFH01001536v1_decoy,0,0
chrUn_JTFH01001537v1_decoy,0,0
chrUn_JTFH01001538v1_decoy,0,0
chrUn_JTFH01001539v1_decoy,35900,27.5307
chrUn_JTFH01001540v1_decoy,50,0.0383436
chrUn_JTFH01001541v1_decoy,45795,35.1458
chrUn_JTFH01001542v1_decoy,20891,16.0453
chrUn_JTFH01001543v1_decoy,538,0.413528
chrUn_JTFH01001544v1_decoy,62727,48.2515
chrUn_JTFH01001545v1_decoy,126827,97.7096
chrUn_JTFH01001546v1_decoy,2223,1.71396
chrUn_JTFH01001547v1_decoy,82,0.0633205
chrUn_JTFH01001548v1_decoy,228,0.17757
chrUn_JTFH01001549v1_decoy,257577,200.761
chrUn_JTFH01001550v1_decoy,5866,4.5721
chrUn_JTFH01001551v1_decoy,22718,17.7623
chrUn_JTFH01001552v1_decoy,0,0
chrUn_JTFH01001553v1_decoy,9630,7.57671
chrUn_JTFH01001554v1_decoy,0,0
chrUn_JTFH01001555v1_decoy,782,0.616719
chrUn_JTFH01001556v1_decoy,322,0.254747
chrUn_JTFH01001557v1_decoy,41904,33.1781
chrUn_JTFH01001558v1_decoy,47105,37.3257
chrUn_JTFH01001559v1_decoy,7773,6.16416
chrUn_JTFH01001560v1_decoy,38803,30.796
chrUn_JTFH01001561v1_decoy,345,0.274027
chrUn_JTFH01001562v1_decoy,0,0
chrUn_JTFH01001563v1_decoy,49591,39.4205
chrUn_JTFH01001564v1_decoy,21995,17.5119
chrUn_JTFH01001565v1_decoy,0,0
chrUn_JTFH01001566v1_decoy,0,0
chrUn_JTFH01001567v1_decoy,0,0
chrUn_JTFH01001568v1_decoy,0,0
chrUn_JTFH01001569v1_decoy,0,0
chrUn_JTFH01001570v1_decoy,0,0
chrUn_JTFH01001571v1_decoy,46646,37.6785
chrUn_JTFH01001572v1_decoy,0,0
chrUn_JTFH01001573v1_decoy,22699,18.3649
chrUn_JTFH01001574v1_decoy,906,0.734198
chrUn_JTFH01001575v1_decoy,12090,9.79741
chrUn_JTFH01001576v1_decoy,351,0.285134
chrUn_JTFH01001577v1_decoy,157,0.127539
chrUn_JTFH01001578v1_decoy,36279,29.4951
chrUn_JTFH01001579v1_decoy,3428,2.78699
chrUn_JTFH01001580v1_decoy,8288,6.74919
chrUn_JTFH01001581v1_decoy,0,0
chrUn_JTFH01001582v1_decoy,51,0.0417349
chrUn_JTFH01001583v1_decoy,324,0.265139
chrUn_JTFH01001584v1_decoy,7186,5.88534
chrUn_JTFH01001585v1_decoy,21064,17.2514
chrUn_JTFH01001586v1_decoy,752,0.616393
chrUn_JTFH01001587v1_decoy,7804,6.40723
chrUn_JTFH01001588v1_decoy,0,0
chrUn_JTFH01001589v1_decoy,18678,15.3602
chrUn_JTFH01001590v1_decoy,0,0
chrUn_JTFH01001591v1_decoy,48183,39.755
chrUn_JTFH01001592v1_decoy,0,0
chrUn_JTFH01001593v1_decoy,0,0
chrUn_JTFH01001594v1_decoy,28028,23.202
chrUn_JTFH01001595v1_decoy,0,0
chrUn_JTFH01001596v1_decoy,49697,41.2081
chrUn_JTFH01001597v1_decoy,0,0
chrUn_JTFH01001598v1_decoy,79,0.0655602
chrUn_JTFH01001599v1_decoy,0,0
chrUn_JTFH01001600v1_decoy,0,0
chrUn_JTFH01001601v1_decoy,0,0
chrUn_JTFH01001602v1_decoy,44647,37.2679
chrUn_JTFH01001603v1_decoy,17013,14.2012
chrUn_JTFH01001604v1_decoy,1567,1.30801
chrUn_JTFH01001605v1_decoy,23983,20.0695
chrUn_JTFH01001606v1_decoy,52,0.0435511
chrUn_JTFH01001607v1_decoy,0,0
chrUn_JTFH01001608v1_decoy,47419,39.8814
chrUn_JTFH01001609v1_decoy,43235,36.3931
chrUn_JTFH01001610v1_decoy,0,0
chrUn_JTFH01001611v1_decoy,39930,33.839
chrUn_JTFH01001612v1_decoy,0,0
chrUn_JTFH01001613v1_decoy,0,0
chrUn_JTFH01001614v1_decoy,19660,16.8322
chrUn_JTFH01001615v1_decoy,13498,11.5763
chrUn_JTFH01001616v1_decoy,0,0
chrUn_JTFH01001617v1_decoy,0,0
chrUn_JTFH01001618v1_decoy,41624,36.0069
chrUn_JTFH01001619v1_decoy,37267,32.2658
chrUn_JTFH01001620v1_decoy,0,0
chrUn_JTFH01001621v1_decoy,39812,34.4991
chrUn_JTFH01001622v1_decoy,37313,32.4743
chrUn_JTFH01001623v1_decoy,0,0
chrUn_JTFH01001624v1_decoy,75,0.0656168
chrUn_JTFH01001625v1_decoy,0,0
chrUn_JTFH01001626v1_decoy,24439,21.4943
chrUn_JTFH01001627v1_decoy,7824,6.89339
chrUn_JTFH01001628v1_decoy,14386,12.6749
chrUn_JTFH01001629v1_decoy,1235,1.08811
chrUn_JTFH01001630v1_decoy,0,0
chrUn_JTFH01001631v1_decoy,14418,12.7933
chrUn_JTFH01001632v1_decoy,44498,39.5187
chrUn_JTFH01001633v1_decoy,4624,4.11754
chrUn_JTFH01001634v1_decoy,26435,23.5396
chrUn_JTFH01001635v1_decoy,12371,11.016
chrUn_JTFH01001636v1_decoy,9876,8.80214
chrUn_JTFH01001637v1_decoy,63,0.0561497
chrUn_JTFH01001638v1_decoy,9772,8.71722
chrUn_JTFH01001639v1_decoy,8443,7.53167
chrUn_JTFH01001640v1_decoy,3074,2.7471
chrUn_JTFH01001641v1_decoy,12656,11.3101
chrUn_JTFH01001642v1_decoy,0,0
chrUn_JTFH01001643v1_decoy,12004,10.737
chrUn_JTFH01001644v1_decoy,0,0
chrUn_JTFH01001645v1_decoy,12913,11.6754
chrUn_JTFH01001646v1_decoy,0,0
chrUn_JTFH01001647v1_decoy,0,0
chrUn_JTFH01001648v1_decoy,59,0.053539
chrUn_JTFH01001649v1_decoy,37313,33.8901
chrUn_JTFH01001650v1_decoy,1558,1.41894
chrUn_JTFH01001651v1_decoy,0,0
chrUn_JTFH01001652v1_decoy,0,0
chrUn_JTFH01001653v1_decoy,0,0
chrUn_JTFH01001654v1_decoy,30905,28.2237
chrUn_JTFH01001655v1_decoy,38563,35.2818
chrUn_JTFH01001656v1_decoy,550,0.504587
chrUn_JTFH01001657v1_decoy,0,0
chrUn_JTFH01001658v1_decoy,487,0.448022
chrUn_JTFH01001659v1_decoy,13693,12.5971
chrUn_JTFH01001660v1_decoy,41911,38.6277
chrUn_JTFH01001661v1_decoy,43947,40.5041
chrUn_JTFH01001662v1_decoy,2033,1.87373
chrUn_JTFH01001663v1_decoy,101,0.0932595
chrUn_JTFH01001664v1_decoy,42921,39.7417
chrUn_JTFH01001665v1_decoy,0,0
chrUn_JTFH01001666v1_decoy,1119,1.03707
chrUn_JTFH01001667v1_decoy,0,0
chrUn_JTFH01001668v1_decoy,11478,10.6376
chrUn_JTFH01001669v1_decoy,1204954,1120.89
chrUn_JTFH01001670v1_decoy,20455,19.0456
chrUn_JTFH01001671v1_decoy,3955,3.68593
chrUn_JTFH01001672v1_decoy,569,0.531776
chrUn_JTFH01001673v1_decoy,2306,2.15918
chrUn_JTFH01001674v1_decoy,1992,1.86692
chrUn_JTFH01001675v1_decoy,406,0.380863
chrUn_JTFH01001676v1_decoy,15109,14.1735
chrUn_JTFH01001677v1_decoy,55274,51.8518
chrUn_JTFH01001678v1_decoy,14085,13.2502
chrUn_JTFH01001679v1_decoy,0,0
chrUn_JTFH01001680v1_decoy,157173,147.858
chrUn_JTFH01001681v1_decoy,1009,0.950094
chrUn_JTFH01001682v1_decoy,0,0
chrUn_JTFH01001683v1_decoy,37252,35.2765
chrUn_JTFH01001684v1_decoy,37980,36.1027
chrUn_JTFH01001685v1_decoy,0,0
chrUn_JTFH01001686v1_decoy,139,0.132255
chrUn_JTFH01001687v1_decoy,129,0.122857
chrUn_JTFH01001688v1_decoy,29341,27.9971
chrUn_JTFH01001689v1_decoy,6220,5.94646
chrUn_JTFH01001690v1_decoy,7096,6.78394
chrUn_JTFH01001691v1_decoy,0,0
chrUn_JTFH01001692v1_decoy,2078,1.99233
chrUn_JTFH01001693v1_decoy,1549,1.49229
chrUn_JTFH01001694v1_decoy,37069,35.7809
chrUn_JTFH01001695v1_decoy,2528,2.44251
chrUn_JTFH01001696v1_decoy,38809,37.4966
chrUn_JTFH01001697v1_decoy,35751,34.542
chrUn_JTFH01001698v1_decoy,10182,9.85673
chrUn_JTFH01001699v1_decoy,1809,1.75291
chrUn_JTFH01001700v1_decoy,1979,1.9195
chrUn_JTFH01001701v1_decoy,50745,49.4591
chrUn_JTFH01001702v1_decoy,42620,41.54
chrUn_JTFH01001703v1_decoy,0,0
chrUn_JTFH01001704v1_decoy,7589,7.41838
chrUn_JTFH01001705v1_decoy,10121,9.90313
chrUn_JTFH01001706v1_decoy,978,0.958824
chrUn_JTFH01001707v1_decoy,394,0.386275
chrUn_JTFH01001708v1_decoy,34393,33.7186
chrUn_JTFH01001709v1_decoy,17474,17.1482
chrUn_JTFH01001710v1_decoy,51427,50.5177
chrUn_JTFH01001711v1_decoy,0,0
chrUn_JTFH01001712v1_decoy,117,0.115044
chrUn_JTFH01001713v1_decoy,16036,15.799
chrUn_JTFH01001714v1_decoy,0,0
chrUn_JTFH01001715v1_decoy,8257,8.13498
chrUn_JTFH01001716v1_decoy,28031,27.644
chrUn_JTFH01001717v1_decoy,138,0.136095
chrUn_JTFH01001718v1_decoy,24983,24.6624
chrUn_JTFH01001719v1_decoy,5429,5.35933
chrUn_JTFH01001720v1_decoy,0,0
chrUn_JTFH01001721v1_decoy,0,0
chrUn_JTFH01001722v1_decoy,399,0.394659
chrUn_JTFH01001723v1_decoy,0,0
chrUn_JTFH01001724v1_decoy,4270,4.23191
chrUn_JTFH01001725v1_decoy,21224,21.0556
chrUn_JTFH01001726v1_decoy,744,0.738095
chrUn_JTFH01001727v1_decoy,0,0
chrUn_JTFH01001728v1_decoy,6933,6.88481
chrUn_JTFH01001729v1_decoy,13975,13.8779
chrUn_JTFH01001730v1_decoy,0,0
chrUn_JTFH01001731v1_decoy,15113,15.0378
chrUn_JTFH01001732v1_decoy,199,0.198405
chrUn_JTFH01001733v1_decoy,32110,32.0779
chrUn_JTFH01001734v1_decoy,9485,9.485
chrUn_JTFH01001735v1_decoy,0,0
chrUn_JTFH01001736v1_decoy,243311,20.7727
chrUn_JTFH01001737v1_decoy,316533,28.1038
chrUn_JTFH01001738v1_decoy,0,0
chrUn_JTFH01001739v1_decoy,348914,36.4668
chrUn_JTFH01001740v1_decoy,300860,32.1982
chrUn_JTFH01001741v1_decoy,0,0
chrUn_JTFH01001742v1_decoy,200535,22.0368
chrUn_JTFH01001743v1_decoy,48331,5.51032
chrUn_JTFH01001744v1_decoy,87023,10.0142
chrUn_JTFH01001745v1_decoy,40,0.00466962
chrUn_JTFH01001746v1_decoy,253134,31.414
chrUn_JTFH01001747v1_decoy,235737,30.3824
chrUn_JTFH01001748v1_decoy,152541,20.1109
chrUn_JTFH01001749v1_decoy,0,0
chrUn_JTFH01001750v1_decoy,261326,35.0256
chrUn_JTFH01001751v1_decoy,232128,31.6165
chrUn_JTFH01001752v1_decoy,261153,36.1558
chrUn_JTFH01001753v1_decoy,169867,24.0469
chrUn_JTFH01001754v1_decoy,178195,25.7656
chrUn_JTFH01001755v1_decoy,8650,1.25417
chrUn_JTFH01001756v1_decoy,169171,24.5888
chrUn_JTFH01001757v1_decoy,193052,28.154
chrUn_JTFH01001758v1_decoy,175776,25.6982
chrUn_JTFH01001759v1_decoy,1087,0.161564
chrUn_JTFH01001760v1_decoy,119481,17.865
chrUn_JTFH01001761v1_decoy,199251,30.4061
chrUn_JTFH01001762v1_decoy,25437,3.97702
chrUn_JTFH01001763v1_decoy,34838,5.49062
chrUn_JTFH01001764v1_decoy,90938,14.4461
chrUn_JTFH01001765v1_decoy,14123,2.25391
chrUn_JTFH01001766v1_decoy,55524,8.99465
chrUn_JTFH01001767v1_decoy,822,0.133204
chrUn_JTFH01001768v1_decoy,123064,20.1085
chrUn_JTFH01001769v1_decoy,185438,30.3748
chrUn_JTFH01001770v1_decoy,293,0.0480407
chrUn_JTFH01001771v1_decoy,179612,30.4789
chrUn_JTFH01001772v1_decoy,82056,14.0772
chrUn_JTFH01001773v1_decoy,118988,20.54
chrUn_JTFH01001774v1_decoy,385,0.0666551
chrUn_JTFH01001775v1_decoy,80962,14.0583
chrUn_JTFH01001776v1_decoy,161167,28.1958
chrUn_JTFH01001777v1_decoy,173992,30.4821
chrUn_JTFH01001778v1_decoy,85428,15.2823
chrUn_JTFH01001779v1_decoy,97412,17.5013
chrUn_JTFH01001780v1_decoy,193842,34.8762
chrUn_JTFH01001781v1_decoy,131119,24.2006
chrUn_JTFH01001782v1_decoy,190639,35.4677
chrUn_JTFH01001783v1_decoy,0,0
chrUn_JTFH01001784v1_decoy,131386,25.0021
chrUn_JTFH01001785v1_decoy,0,0
chrUn_JTFH01001786v1_decoy,57954,11.2971
chrUn_JTFH01001787v1_decoy,146761,29.4819
chrUn_JTFH01001788v1_decoy,68302,13.7789
chrUn_JTFH01001789v1_decoy,193053,39.0243
chrUn_JTFH01001790v1_decoy,33546,6.85032
chrUn_JTFH01001791v1_decoy,0,0
chrUn_JTFH01001792v1_decoy,134609,27.7831
chrUn_JTFH01001793v1_decoy,76654,16.3861
chrUn_JTFH01001794v1_decoy,140520,30.278
chrUn_JTFH01001795v1_decoy,63816,13.8972
chrUn_JTFH01001796v1_decoy,553,0.121726
chrUn_JTFH01001797v1_decoy,220362,48.6236
chrUn_JTFH01001798v1_decoy,113807,25.2736
chrUn_JTFH01001799v1_decoy,134690,29.9644
chrUn_JTFH01001800v1_decoy,1209,0.272052
chrUn_JTFH01001801v1_decoy,62247,14.1022
chrUn_JTFH01001802v1_decoy,25617,5.81016
chrUn_JTFH01001803v1_decoy,3670,0.853092
chrUn_JTFH01001804v1_decoy,134114,31.1893
chrUn_JTFH01001805v1_decoy,119180,27.8653
chrUn_JTFH01001806v1_decoy,64936,15.561
chrUn_JTFH01001807v1_decoy,337269,80.8993
chrUn_JTFH01001808v1_decoy,2086,0.504352
chrUn_JTFH01001809v1_decoy,41388,10.0922
chrUn_JTFH01001810v1_decoy,61947,15.1497
chrUn_JTFH01001811v1_decoy,128890,32.1021
chrUn_JTFH01001812v1_decoy,471,0.11775
chrUn_JTFH01001813v1_decoy,275177,69.2618
chrUn_JTFH01001814v1_decoy,123059,32.974
chrUn_JTFH01001815v1_decoy,60792,16.3904
chrUn_JTFH01001816v1_decoy,121090,32.8513
chrUn_JTFH01001817v1_decoy,33550,9.12677
chrUn_JTFH01001818v1_decoy,32235,8.77621
chrUn_JTFH01001819v1_decoy,43524,11.8529
chrUn_JTFH01001820v1_decoy,152377,41.9425
chrUn_JTFH01001821v1_decoy,98894,27.221
chrUn_JTFH01001822v1_decoy,520,0.143925
chrUn_JTFH01001823v1_decoy,63999,17.7528
chrUn_JTFH01001824v1_decoy,123813,34.4691
chrUn_JTFH01001825v1_decoy,453,0.126325
chrUn_JTFH01001826v1_decoy,1668,0.465402
chrUn_JTFH01001827v1_decoy,98006,27.3989
chrUn_JTFH01001828v1_decoy,53619,15.1595
chrUn_JTFH01001829v1_decoy,0,0
chrUn_JTFH01001830v1_decoy,78828,22.4645
chrUn_JTFH01001831v1_decoy,130285,37.3524
chrUn_JTFH01001832v1_decoy,2927,0.842787
chrUn_JTFH01001833v1_decoy,57793,16.7759
chrUn_JTFH01001834v1_decoy,77683,22.6679
chrUn_JTFH01001835v1_decoy,49,0.014433
chrUn_JTFH01001836v1_decoy,95045,28.2284
chrUn_JTFH01001837v1_decoy,65120,19.5145
chrUn_JTFH01001838v1_decoy,20605,6.19886
chrUn_JTFH01001839v1_decoy,103667,31.2721
chrUn_JTFH01001840v1_decoy,28716,8.66767
chrUn_JTFH01001841v1_decoy,0,0
chrUn_JTFH01001842v1_decoy,368,0.113231
chrUn_JTFH01001843v1_decoy,0,0
chrUn_JTFH01001844v1_decoy,98257,30.3543
chrUn_JTFH01001845v1_decoy,759,0.234621
chrUn_JTFH01001846v1_decoy,0,0
chrUn_JTFH01001847v1_decoy,301,0.0942097
chrUn_JTFH01001848v1_decoy,88877,27.9928
chrUn_JTFH01001849v1_decoy,57872,18.3255
chrUn_JTFH01001850v1_decoy,0,0
chrUn_JTFH01001851v1_decoy,91856,29.2628
chrUn_JTFH01001852v1_decoy,101570,32.3677
chrUn_JTFH01001853v1_decoy,0,0
chrUn_JTFH01001854v1_decoy,0,0
chrUn_JTFH01001855v1_decoy,30165,9.63123
chrUn_JTFH01001856v1_decoy,84522,27.3092
chrUn_JTFH01001857v1_decoy,77671,25.1037
chrUn_JTFH01001858v1_decoy,92144,29.7911
chrUn_JTFH01001859v1_decoy,0,0
chrUn_JTFH01001860v1_decoy,98,0.0328308
chrUn_JTFH01001861v1_decoy,486,0.163361
chrUn_JTFH01001862v1_decoy,143459,48.3515
chrUn_JTFH01001863v1_decoy,1687,0.56974
chrUn_JTFH01001864v1_decoy,41910,14.1827
chrUn_JTFH01001865v1_decoy,111,0.0378194
chrUn_JTFH01001866v1_decoy,169578,57.8173
chrUn_JTFH01001867v1_decoy,166,0.0570643
chrUn_JTFH01001868v1_decoy,122238,42.093
chrUn_JTFH01001869v1_decoy,0,0
chrUn_JTFH01001870v1_decoy,54611,18.9227
chrUn_JTFH01001871v1_decoy,0,0
chrUn_JTFH01001872v1_decoy,2721,0.945448
chrUn_JTFH01001873v1_decoy,1618,0.562783
chrUn_JTFH01001874v1_decoy,85207,29.7822
chrUn_JTFH01001875v1_decoy,367,0.128501
chrUn_JTFH01001876v1_decoy,100927,35.5627
chrUn_JTFH01001877v1_decoy,177414,63.3395
chrUn_JTFH01001878v1_decoy,0,0
chrUn_JTFH01001879v1_decoy,26414,9.47418
chrUn_JTFH01001880v1_decoy,142655,51.4443
chrUn_JTFH01001881v1_decoy,86662,31.4563
chrUn_JTFH01001882v1_decoy,1747,0.63435
chrUn_JTFH01001883v1_decoy,43523,15.8669
chrUn_JTFH01001884v1_decoy,0,0
chrUn_JTFH01001885v1_decoy,87252,32.0544
chrUn_JTFH01001886v1_decoy,0,0
chrUn_JTFH01001887v1_decoy,14617,5.47658
chrUn_JTFH01001888v1_decoy,48240,18.1149
chrUn_JTFH01001889v1_decoy,2303,0.868401
chrUn_JTFH01001890v1_decoy,57921,21.8818
chrUn_JTFH01001891v1_decoy,70529,26.7662
chrUn_JTFH01001892v1_decoy,0,0
chrUn_JTFH01001893v1_decoy,217290,82.6512
chrUn_JTFH01001894v1_decoy,11422,4.37289
chrUn_JTFH01001895v1_decoy,24960,9.60369
chrUn_JTFH01001896v1_decoy,46072,17.9548
chrUn_JTFH01001897v1_decoy,39552,15.4742
chrUn_JTFH01001898v1_decoy,110358,43.2607
chrUn_JTFH01001899v1_decoy,1342,0.526068
chrUn_JTFH01001900v1_decoy,4037,1.59062
chrUn_JTFH01001901v1_decoy,995,0.392041
chrUn_JTFH01001902v1_decoy,0,0
chrUn_JTFH01001903v1_decoy,18331,7.33827
chrUn_JTFH01001904v1_decoy,21561,8.63822
chrUn_JTFH01001905v1_decoy,42376,17.0665
chrUn_JTFH01001906v1_decoy,47775,19.303
chrUn_JTFH01001907v1_decoy,68300,27.663
chrUn_JTFH01001908v1_decoy,28640,11.666
chrUn_JTFH01001909v1_decoy,0,0
chrUn_JTFH01001910v1_decoy,14062,5.77021
chrUn_JTFH01001911v1_decoy,0,0
chrUn_JTFH01001912v1_decoy,24392,10.0503
chrUn_JTFH01001913v1_decoy,319,0.131873
chrUn_JTFH01001914v1_decoy,168638,69.8873
chrUn_JTFH01001915v1_decoy,405,0.16791
chrUn_JTFH01001916v1_decoy,0,0
chrUn_JTFH01001917v1_decoy,32194,13.4198
chrUn_JTFH01001918v1_decoy,53011,22.1248
chrUn_JTFH01001919v1_decoy,0,0
chrUn_JTFH01001920v1_decoy,65971,27.6492
chrUn_JTFH01001921v1_decoy,28961,12.1481
chrUn_JTFH01001922v1_decoy,7917,3.32368
chrUn_JTFH01001923v1_decoy,105869,44.4454
chrUn_JTFH01001924v1_decoy,31753,13.4149
chrUn_JTFH01001925v1_decoy,48391,20.4527
chrUn_JTFH01001926v1_decoy,43010,18.2091
chrUn_JTFH01001927v1_decoy,733,0.310462
chrUn_JTFH01001928v1_decoy,0,0
chrUn_JTFH01001929v1_decoy,10196,4.34057
chrUn_JTFH01001930v1_decoy,25236,10.7479
chrUn_JTFH01001931v1_decoy,26044,11.1299
chrUn_JTFH01001932v1_decoy,33238,14.2103
chrUn_JTFH01001933v1_decoy,67369,28.8395
chrUn_JTFH01001934v1_decoy,1637,0.701672
chrUn_JTFH01001935v1_decoy,0,0
chrUn_JTFH01001936v1_decoy,44277,19.0275
chrUn_JTFH01001937v1_decoy,47622,20.5444
chrUn_JTFH01001938v1_decoy,70692,30.8295
chrUn_JTFH01001939v1_decoy,110632,48.2688
chrUn_JTFH01001940v1_decoy,183076,80.0507
chrUn_JTFH01001941v1_decoy,0,0
chrUn_JTFH01001942v1_decoy,16428,7.22427
chrUn_JTFH01001943v1_decoy,71105,31.3652
chrUn_JTFH01001944v1_decoy,47213,20.8907
chrUn_JTFH01001945v1_decoy,35180,15.5871
chrUn_JTFH01001946v1_decoy,157,0.0700893
chrUn_JTFH01001947v1_decoy,0,0
chrUn_JTFH01001948v1_decoy,0,0
chrUn_JTFH01001949v1_decoy,0,0
chrUn_JTFH01001950v1_decoy,68,0.0304933
chrUn_JTFH01001951v1_decoy,78,0.0351035
chrUn_JTFH01001952v1_decoy,0,0
chrUn_JTFH01001953v1_decoy,0,0
chrUn_JTFH01001954v1_decoy,22720,10.2805
chrUn_JTFH01001955v1_decoy,31050,14.0944
chrUn_JTFH01001956v1_decoy,46209,21.0328
chrUn_JTFH01001957v1_decoy,39195,17.8484
chrUn_JTFH01001958v1_decoy,59351,27.0269
chrUn_JTFH01001959v1_decoy,43727,20.0675
chrUn_JTFH01001960v1_decoy,40533,18.6102
chrUn_JTFH01001961v1_decoy,508444,233.445
chrUn_JTFH01001962v1_decoy,375,0.172652
chrUn_JTFH01001963v1_decoy,0,0
chrUn_JTFH01001964v1_decoy,19559,9.02584
chrUn_JTFH01001965v1_decoy,24494,11.3032
chrUn_JTFH01001966v1_decoy,3794,1.75892
chrUn_JTFH01001967v1_decoy,13555,6.29587
chrUn_JTFH01001968v1_decoy,14821,6.89028
chrUn_JTFH01001969v1_decoy,2730,1.27154
chrUn_JTFH01001970v1_decoy,4735,2.20746
chrUn_JTFH01001971v1_decoy,0,0
chrUn_JTFH01001972v1_decoy,68378,31.9225
chrUn_JTFH01001973v1_decoy,7411,3.46957
chrUn_JTFH01001974v1_decoy,13292,6.24038
chrUn_JTFH01001975v1_decoy,74930,35.2115
chrUn_JTFH01001976v1_decoy,112376,52.8579
chrUn_JTFH01001977v1_decoy,0,0
chrUn_JTFH01001978v1_decoy,42072,19.8546
chrUn_JTFH01001979v1_decoy,0,0
chrUn_JTFH01001980v1_decoy,229,0.109517
chrUn_JTFH01001981v1_decoy,41035,19.6622
chrUn_JTFH01001982v1_decoy,130292,62.4602
chrUn_JTFH01001983v1_decoy,69277,33.2583
chrUn_JTFH01001984v1_decoy,815,0.392771
chrUn_JTFH01001985v1_decoy,108,0.0520482
chrUn_JTFH01001986v1_decoy,5611,2.70801
chrUn_JTFH01001987v1_decoy,21803,10.543
chrUn_JTFH01001988v1_decoy,2201,1.06483
chrUn_JTFH01001989v1_decoy,0,0
chrUn_JTFH01001990v1_decoy,0,0
chrUn_JTFH01001991v1_decoy,0,0
chrUn_JTFH01001992v1_decoy,0,0
chrUn_JTFH01001993v1_decoy,61596,30.4328
chrUn_JTFH01001994v1_decoy,30005,14.8834
chrUn_JTFH01001995v1_decoy,15655,7.78468
chrUn_JTFH01001996v1_decoy,0,0
chrUn_JTFH01001997v1_decoy,37739,18.8412
chrUn_JTFH01001998v1_decoy,342295,171.062
HLA-A*01:01:01:01,0,0
HLA-A*01:01:01:02N,0,0
HLA-A*01:01:38L,0,0
HLA-A*01:02,0,0
HLA-A*01:03,0,0
HLA-A*01:04N,0,0
HLA-A*01:09,0,0
HLA-A*01:11N,0,0
HLA-A*01:14,0,0
HLA-A*01:16N,0,0
HLA-A*01:20,0,0
HLA-A*02:01:01:01,0,0
HLA-A*02:01:01:02L,0,0
HLA-A*02:01:01:03,0,0
HLA-A*02:01:01:04,0,0
HLA-A*02:02:01,0,0
HLA-A*02:03:01,0,0
HLA-A*02:03:03,0,0
HLA-A*02:05:01,0,0
HLA-A*02:06:01,0,0
HLA-A*02:07:01,0,0
HLA-A*02:10,0,0
HLA-A*02:251,0,0
HLA-A*02:259,0,0
HLA-A*02:264,0,0
HLA-A*02:265,0,0
HLA-A*02:266,0,0
HLA-A*02:269,0,0
HLA-A*02:279,0,0
HLA-A*02:32N,0,0
HLA-A*02:376,0,0
HLA-A*02:43N,0,0
HLA-A*02:455,0,0
HLA-A*02:48,0,0
HLA-A*02:51,0,0
HLA-A*02:533,0,0
HLA-A*02:53N,0,0
HLA-A*02:57,0,0
HLA-A*02:60:01,0,0
HLA-A*02:65,0,0
HLA-A*02:68,0,0
HLA-A*02:77,0,0
HLA-A*02:81,0,0
HLA-A*02:89,0,0
HLA-A*02:95,0,0
HLA-A*03:01:01:01,0,0
HLA-A*03:01:01:02N,0,0
HLA-A*03:01:01:03,0,0
HLA-A*03:02:01,0,0
HLA-A*03:11N,0,0
HLA-A*03:21N,0,0
HLA-A*03:36N,0,0
HLA-A*11:01:01,0,0
HLA-A*11:01:18,0,0
HLA-A*11:02:01,0,0
HLA-A*11:05,0,0
HLA-A*11:110,0,0
HLA-A*11:25,0,0
HLA-A*11:50Q,0,0
HLA-A*11:60,0,0
HLA-A*11:69N,0,0
HLA-A*11:74,0,0
HLA-A*11:75,0,0
HLA-A*11:77,0,0
HLA-A*23:01:01,0,0
HLA-A*23:09,0,0
HLA-A*23:38N,0,0
HLA-A*24:02:01:01,0,0
HLA-A*24:02:01:02L,0,0
HLA-A*24:02:01:03,0,0
HLA-A*24:02:03Q,0,0
HLA-A*24:02:10,0,0
HLA-A*24:03:01,0,0
HLA-A*24:07:01,0,0
HLA-A*24:08,0,0
HLA-A*24:09N,0,0
HLA-A*24:10:01,0,0
HLA-A*24:11N,0,0
HLA-A*24:152,0,0
HLA-A*24:20,0,0
HLA-A*24:215,0,0
HLA-A*24:61,0,0
HLA-A*24:86N,0,0
HLA-A*25:01:01,0,0
HLA-A*26:01:01,0,0
HLA-A*26:11N,0,0
HLA-A*26:15,0,0
HLA-A*26:50,0,0
HLA-A*29:01:01:01,0,0
HLA-A*29:01:01:02N,0,0
HLA-A*29:02:01:01,0,0
HLA-A*29:02:01:02,0,0
HLA-A*29:46,0,0
HLA-A*30:01:01,0,0
HLA-A*30:02:01:01,0,0
HLA-A*30:02:01:02,0,0
HLA-A*30:04:01,0,0
HLA-A*30:89,0,0
HLA-A*31:01:02,0,0
HLA-A*31:01:23,0,0
HLA-A*31:04,0,0
HLA-A*31:14N,0,0
HLA-A*31:46,0,0
HLA-A*32:01:01,0,0
HLA-A*32:06,0,0
HLA-A*33:01:01,0,0
HLA-A*33:03:01,0,0
HLA-A*33:07,0,0
HLA-A*34:01:01,0,0
HLA-A*34:02:01,0,0
HLA-A*36:01,0,0
HLA-A*43:01,0,0
HLA-A*66:01:01,0,0
HLA-A*66:17,0,0
HLA-A*68:01:01:01,0,0
HLA-A*68:01:01:02,0,0
HLA-A*68:01:02:01,0,0
HLA-A*68:01:02:02,0,0
HLA-A*68:02:01:01,0,0
HLA-A*68:02:01:02,0,0
HLA-A*68:02:01:03,0,0
HLA-A*68:02:02,0,0
HLA-A*68:03:01,0,0
HLA-A*68:08:01,0,0
HLA-A*68:113,0,0
HLA-A*68:17,0,0
HLA-A*68:18N,0,0
HLA-A*68:22,0,0
HLA-A*68:71,0,0
HLA-A*69:01,0,0
HLA-A*74:01,0,0
HLA-A*74:02:01:01,0,0
HLA-A*74:02:01:02,0,0
HLA-A*80:01:01:01,0,0
HLA-A*80:01:01:02,0,0
HLA-B*07:02:01,0,0
HLA-B*07:05:01,0,0
HLA-B*07:06,0,0
HLA-B*07:156,0,0
HLA-B*07:33:01,0,0
HLA-B*07:41,0,0
HLA-B*07:44,0,0
HLA-B*07:50,0,0
HLA-B*08:01:01,0,0
HLA-B*08:08N,0,0
HLA-B*08:132,0,0
HLA-B*08:134,0,0
HLA-B*08:19N,0,0
HLA-B*08:20,0,0
HLA-B*08:33,0,0
HLA-B*08:79,0,0
HLA-B*13:01:01,0,0
HLA-B*13:02:01,0,0
HLA-B*13:02:03,0,0
HLA-B*13:02:09,0,0
HLA-B*13:08,0,0
HLA-B*13:15,0,0
HLA-B*13:25,0,0
HLA-B*14:01:01,0,0
HLA-B*14:02:01,0,0
HLA-B*14:07N,0,0
HLA-B*15:01:01:01,0,0
HLA-B*15:01:01:02N,0,0
HLA-B*15:01:01:03,0,0
HLA-B*15:02:01,0,0
HLA-B*15:03:01,0,0
HLA-B*15:04:01,0,0
HLA-B*15:07:01,0,0
HLA-B*15:108,0,0
HLA-B*15:10:01,0,0
HLA-B*15:11:01,0,0
HLA-B*15:13:01,0,0
HLA-B*15:16:01,0,0
HLA-B*15:17:01:01,0,0
HLA-B*15:17:01:02,0,0
HLA-B*15:18:01,0,0
HLA-B*15:220,0,0
HLA-B*15:25:01,0,0
HLA-B*15:27:01,0,0
HLA-B*15:32:01,0,0
HLA-B*15:42,0,0
HLA-B*15:58,0,0
HLA-B*15:66,0,0
HLA-B*15:77,0,0
HLA-B*15:83,0,0
HLA-B*18:01:01:01,0,0
HLA-B*18:01:01:02,0,0
HLA-B*18:02,0,0
HLA-B*18:03,0,0
HLA-B*18:17N,0,0
HLA-B*18:26,0,0
HLA-B*18:94N,0,0
HLA-B*27:04:01,0,0
HLA-B*27:05:02,0,0
HLA-B*27:05:18,0,0
HLA-B*27:06,0,0
HLA-B*27:07:01,0,0
HLA-B*27:131,0,0
HLA-B*27:24,0,0
HLA-B*27:25,0,0
HLA-B*27:32,0,0
HLA-B*35:01:01:01,0,0
HLA-B*35:01:01:02,0,0
HLA-B*35:01:22,0,0
HLA-B*35:02:01,0,0
HLA-B*35:03:01,0,0
HLA-B*35:05:01,0,0
HLA-B*35:08:01,0,0
HLA-B*35:14:02,0,0
HLA-B*35:241,0,0
HLA-B*35:41,0,0
HLA-B*37:01:01,0,0
HLA-B*37:01:05,0,0
HLA-B*38:01:01,0,0
HLA-B*38:02:01,0,0
HLA-B*38:14,0,0
HLA-B*39:01:01:01,0,0
HLA-B*39:01:01:02L,0,0
HLA-B*39:01:01:03,0,0
HLA-B*39:01:03,0,0
HLA-B*39:01:16,0,0
HLA-B*39:01:21,0,0
HLA-B*39:05:01,0,0
HLA-B*39:06:02,0,0
HLA-B*39:10:01,0,0
HLA-B*39:13:02,0,0
HLA-B*39:14,0,0
HLA-B*39:34,0,0
HLA-B*39:38Q,0,0
HLA-B*40:01:01,0,0
HLA-B*40:01:02,0,0
HLA-B*40:02:01,0,0
HLA-B*40:03,0,0
HLA-B*40:06:01:01,0,0
HLA-B*40:06:01:02,0,0
HLA-B*40:10:01,0,0
HLA-B*40:150,0,0
HLA-B*40:40,0,0
HLA-B*40:72:01,0,0
HLA-B*40:79,0,0
HLA-B*41:01:01,0,0
HLA-B*41:02:01,0,0
HLA-B*42:01:01,0,0
HLA-B*42:02,0,0
HLA-B*42:08,0,0
HLA-B*44:02:01:01,0,0
HLA-B*44:02:01:02S,0,0
HLA-B*44:02:01:03,0,0
HLA-B*44:02:17,0,0
HLA-B*44:02:27,0,0
HLA-B*44:03:01,0,0
HLA-B*44:03:02,0,0
HLA-B*44:04,0,0
HLA-B*44:09,0,0
HLA-B*44:138Q,0,0
HLA-B*44:150,0,0
HLA-B*44:23N,0,0
HLA-B*44:26,0,0
HLA-B*44:46,0,0
HLA-B*44:49,0,0
HLA-B*44:56N,0,0
HLA-B*45:01:01,0,0
HLA-B*45:04,0,0
HLA-B*46:01:01,0,0
HLA-B*46:01:05,0,0
HLA-B*47:01:01:01,0,0
HLA-B*47:01:01:02,0,0
HLA-B*48:01:01,0,0
HLA-B*48:03:01,0,0
HLA-B*48:04,0,0
HLA-B*48:08,0,0
HLA-B*49:01:01,0,0
HLA-B*49:32,0,0
HLA-B*50:01:01,0,0
HLA-B*51:01:01,0,0
HLA-B*51:01:02,0,0
HLA-B*51:02:01,0,0
HLA-B*51:07:01,0,0
HLA-B*51:42,0,0
HLA-B*52:01:01:01,0,0
HLA-B*52:01:01:02,0,0
HLA-B*52:01:01:03,0,0
HLA-B*52:01:02,0,0
HLA-B*53:01:01,0,0
HLA-B*53:11,0,0
HLA-B*54:01:01,0,0
HLA-B*54:18,0,0
HLA-B*55:01:01,0,0
HLA-B*55:01:03,0,0
HLA-B*55:02:01,0,0
HLA-B*55:12,0,0
HLA-B*55:24,0,0
HLA-B*55:48,0,0
HLA-B*56:01:01,0,0
HLA-B*56:03,0,0
HLA-B*56:04,0,0
HLA-B*57:01:01,0,0
HLA-B*57:03:01,0,0
HLA-B*57:06,0,0
HLA-B*57:11,0,0
HLA-B*57:29,0,0
HLA-B*58:01:01,0,0
HLA-B*58:31N,0,0
HLA-B*59:01:01:01,0,0
HLA-B*59:01:01:02,0,0
HLA-B*67:01:01,0,0
HLA-B*67:01:02,0,0
HLA-B*67:02,0,0
HLA-B*73:01,0,0
HLA-B*78:01:01,0,0
HLA-B*81:01,0,0
HLA-B*82:02:01,0,0
HLA-C*01:02:01,0,0
HLA-C*01:02:11,0,0
HLA-C*01:02:29,0,0
HLA-C*01:02:30,0,0
HLA-C*01:03,0,0
HLA-C*01:06,0,0
HLA-C*01:08,0,0
HLA-C*01:14,0,0
HLA-C*01:21,0,0
HLA-C*01:30,0,0
HLA-C*01:40,0,0
HLA-C*02:02:02:01,0,0
HLA-C*02:02:02:02,0,0
HLA-C*02:10,0,0
HLA-C*02:11,0,0
HLA-C*02:16:02,0,0
HLA-C*02:69,0,0
HLA-C*02:85,0,0
HLA-C*02:86,0,0
HLA-C*02:87,0,0
HLA-C*03:02:01,0,0
HLA-C*03:02:02:01,0,0
HLA-C*03:02:02:02,0,0
HLA-C*03:02:02:03,0,0
HLA-C*03:03:01,0,0
HLA-C*03:04:01:01,0,0
HLA-C*03:04:01:02,0,0
HLA-C*03:04:02,0,0
HLA-C*03:04:04,0,0
HLA-C*03:05,0,0
HLA-C*03:06,0,0
HLA-C*03:100,0,0
HLA-C*03:13:01,0,0
HLA-C*03:20N,0,0
HLA-C*03:219,0,0
HLA-C*03:261,0,0
HLA-C*03:40:01,0,0
HLA-C*03:41:02,0,0
HLA-C*03:46,0,0
HLA-C*03:61,0,0
HLA-C*04:01:01:01,0,0
HLA-C*04:01:01:02,0,0
HLA-C*04:01:01:03,0,0
HLA-C*04:01:01:04,0,0
HLA-C*04:01:01:05,0,0
HLA-C*04:01:62,0,0
HLA-C*04:03:01,0,0
HLA-C*04:06,0,0
HLA-C*04:09N,0,0
HLA-C*04:128,0,0
HLA-C*04:161,0,0
HLA-C*04:177,0,0
HLA-C*04:70,0,0
HLA-C*04:71,0,0
HLA-C*05:01:01:01,0,0
HLA-C*05:01:01:02,0,0
HLA-C*05:08,0,0
HLA-C*05:09:01,0,0
HLA-C*05:93,0,0
HLA-C*06:02:01:01,0,0
HLA-C*06:02:01:02,0,0
HLA-C*06:02:01:03,0,0
HLA-C*06:23,0,0
HLA-C*06:24,0,0
HLA-C*06:46N,0,0
HLA-C*07:01:01:01,0,0
HLA-C*07:01:01:02,0,0
HLA-C*07:01:02,0,0
HLA-C*07:01:19,0,0
HLA-C*07:01:27,0,0
HLA-C*07:01:45,0,0
HLA-C*07:02:01:01,0,0
HLA-C*07:02:01:02,0,0
HLA-C*07:02:01:03,0,0
HLA-C*07:02:01:04,0,0
HLA-C*07:02:01:05,0,0
HLA-C*07:02:05,0,0
HLA-C*07:02:06,0,0
HLA-C*07:02:64,0,0
HLA-C*07:04:01,0,0
HLA-C*07:04:02,0,0
HLA-C*07:06,0,0
HLA-C*07:149,0,0
HLA-C*07:18,0,0
HLA-C*07:19,0,0
HLA-C*07:26,0,0
HLA-C*07:30,0,0
HLA-C*07:32N,0,0
HLA-C*07:384,0,0
HLA-C*07:385,0,0
HLA-C*07:386,0,0
HLA-C*07:391,0,0
HLA-C*07:392,0,0
HLA-C*07:49,0,0
HLA-C*07:56:02,0,0
HLA-C*07:66,0,0
HLA-C*07:67,0,0
HLA-C*08:01:01,0,0
HLA-C*08:01:03,0,0
HLA-C*08:02:01:01,0,0
HLA-C*08:02:01:02,0,0
HLA-C*08:03:01,0,0
HLA-C*08:04:01,0,0
HLA-C*08:112,0,0
HLA-C*08:20,0,0
HLA-C*08:21,0,0
HLA-C*08:22,0,0
HLA-C*08:24,0,0
HLA-C*08:27,0,0
HLA-C*08:36N,0,0
HLA-C*08:40,0,0
HLA-C*08:41,0,0
HLA-C*08:62,0,0
HLA-C*12:02:02,0,0
HLA-C*12:03:01:01,0,0
HLA-C*12:03:01:02,0,0
HLA-C*12:08,0,0
HLA-C*12:13,0,0
HLA-C*12:19,0,0
HLA-C*12:22,0,0
HLA-C*12:99,0,0
HLA-C*14:02:01,0,0
HLA-C*14:03,0,0
HLA-C*14:21N,0,0
HLA-C*14:23,0,0
HLA-C*15:02:01,0,0
HLA-C*15:05:01,0,0
HLA-C*15:05:02,0,0
HLA-C*15:13,0,0
HLA-C*15:16,0,0
HLA-C*15:17,0,0
HLA-C*15:96Q,0,0
HLA-C*16:01:01,0,0
HLA-C*16:02:01,0,0
HLA-C*16:04:01,0,0
HLA-C*17:01:01:01,0,0
HLA-C*17:01:01:02,0,0
HLA-C*17:01:01:03,0,0
HLA-C*17:03,0,0
HLA-C*18:01,0,0
HLA-DQA1*01:01:02,0,0
HLA-DQA1*01:02:01:01,0,0
HLA-DQA1*01:02:01:02,0,0
HLA-DQA1*01:02:01:03,0,0
HLA-DQA1*01:02:01:04,0,0
HLA-DQA1*01:03:01:01,0,0
HLA-DQA1*01:03:01:02,0,0
HLA-DQA1*01:04:01:01,0,0
HLA-DQA1*01:04:01:02,0,0
HLA-DQA1*01:05:01,0,0
HLA-DQA1*01:07,0,0
HLA-DQA1*01:10,0,0
HLA-DQA1*01:11,0,0
HLA-DQA1*02:01,0,0
HLA-DQA1*03:01:01,0,0
HLA-DQA1*03:02,0,0
HLA-DQA1*03:03:01,0,0
HLA-DQA1*04:01:02:01,0,0
HLA-DQA1*04:01:02:02,0,0
HLA-DQA1*04:02,0,0
HLA-DQA1*05:01:01:01,0,0
HLA-DQA1*05:01:01:02,0,0
HLA-DQA1*05:03,0,0
HLA-DQA1*05:05:01:01,0,0
HLA-DQA1*05:05:01:02,0,0
HLA-DQA1*05:05:01:03,0,0
HLA-DQA1*05:11,0,0
HLA-DQA1*06:01:01,0,0
HLA-DQB1*02:01:01,0,0
HLA-DQB1*02:02:01,0,0
HLA-DQB1*03:01:01:01,0,0
HLA-DQB1*03:01:01:02,0,0
HLA-DQB1*03:01:01:03,0,0
HLA-DQB1*03:02:01,0,0
HLA-DQB1*03:03:02:01,0,0
HLA-DQB1*03:03:02:02,0,0
HLA-DQB1*03:03:02:03,0,0
HLA-DQB1*03:05:01,0,0
HLA-DQB1*05:01:01:01,0,0
HLA-DQB1*05:01:01:02,0,0
HLA-DQB1*05:03:01:01,0,0
HLA-DQB1*05:03:01:02,0,0
HLA-DQB1*06:01:01,0,0
HLA-DQB1*06:02:01,0,0
HLA-DQB1*06:03:01,0,0
HLA-DQB1*06:09:01,0,0
HLA-DRB1*01:01:01,0,0
HLA-DRB1*01:02:01,0,0
HLA-DRB1*03:01:01:01,0,0
HLA-DRB1*03:01:01:02,0,0
HLA-DRB1*04:03:01,0,0
HLA-DRB1*07:01:01:01,0,0
HLA-DRB1*07:01:01:02,0,0
HLA-DRB1*08:03:02,0,0
HLA-DRB1*09:21,0,0
HLA-DRB1*10:01:01,0,0
HLA-DRB1*11:01:01,0,0
HLA-DRB1*11:01:02,0,0
HLA-DRB1*11:04:01,0,0
HLA-DRB1*12:01:01,0,0
HLA-DRB1*12:17,0,0
HLA-DRB1*13:01:01,0,0
HLA-DRB1*13:02:01,0,0
HLA-DRB1*14:05:01,0,0
HLA-DRB1*14:54:01,0,0
HLA-DRB1*15:01:01:01,0,0
HLA-DRB1*15:01:01:02,0,0
HLA-DRB1*15:01:01:03,0,0
HLA-DRB1*15:01:01:04,0,0
HLA-DRB1*15:02:01,0,0
HLA-DRB1*15:03:01:01,0,0
HLA-DRB1*15:03:01:02,0,0
HLA-DRB1*16:02:01,0,0
PLVM_CD19_CARv4_cd34,348673,35.0284
Autosomal regions ,100706367073,36.6868
