chrom	pos	n_donors	max_indel_reads	max_indel_fraction	blacklisted
chr1	103308	0	0	0.0	0
chr1	279874	0	0	0.0	0
chr1	365389	0	0	0.0	0
chr1	366821	0	0	0.0	0
chr1	373364	0	0	0.0	0
chr1	413778	0	0	0.0	0
chr1	594453	0	0	0.0	0
chr1	595885	0	0	0.0	0
chr1	601618	0	0	0.0	0
chr1	649532	0	0	0.0	0
chr1	848899	0	0	0.0	0
chr1	898143	0	0	0.0	0
chr1	901114	0	0	0.0	0
chr1	940905	0	0	0.0	0
chr1	982176	0	0	0.0	0
chr1	1081568	0	0	0.0	0
chr1	1118101	0	0	0.0	0
chr1	1133182	0	0	0.0	0
chr1	1138327	0	0	0.0	0
chr1	1158007	0	0	0.0	0
chr1	1169042	0	0	0.0	0
chr1	1173567	0	0	0.0	0
chr1	1180356	0	0	0.0	0
chr1	1214551	0	0	0.0	0
chr1	1253653	0	0	0.0	0
chr1	1310716	0	0	0.0	0
chr1	1321991	0	0	0.0	0
chr1	1341686	0	0	0.0	0
chr1	1353065	0	0	0.0	0
chr1	1355013	0	0	0.0	0
chr1	1383004	0	0	0.0	0
chr1	1518734	0	0	0.0	0
chr1	1578442	0	0	0.0	0
chr1	1583794	0	0	0.0	0
chr1	1666487	0	0	0.0	0
chr1	1835793	0	0	0.0	0
chr1	1936660	0	0	0.0	0
chr1	1939622	0	0	0.0	0
chr1	2043206	0	0	0.0	0
chr1	2055577	0	0	0.0	0
chr1	2064862	0	0	0.0	0
chr1	2146248	0	0	0.0	0
chr1	2164675	0	0	0.0	0
chr1	2196493	0	0	0.0	0
chr1	2309499	0	0	0.0	0
chr1	2340878	0	0	0.0	0
chr1	2409949	0	0	0.0	0
chr1	2412874	0	0	0.0	0
chr1	2434447	0	0	0.0	0
chr1	2452001	0	0	0.0	0
chr1	2474558	0	0	0.0	0
chr1	2518522	0	0	0.0	0
chr1	2542420	0	0	0.0	0
chr1	2784138	0	0	0.0	0
chr1	2814186	0	0	0.0	0
chr1	2846978	0	0	0.0	0
chr1	2920558	0	0	0.0	0
chr1	2949494	0	0	0.0	0
chr1	2972378	0	0	0.0	0
chr1	3018872	0	0	0.0	0
chr1	3023538	0	0	0.0	0
chr1	3029566	0	0	0.0	0
chr1	3058730	0	0	0.0	0
chr1	3062056	0	0	0.0	0
chr1	3092435	0	0	0.0	0
chr1	3145026	0	0	0.0	0
chr1	3163530	0	0	0.0	0
chr1	3219105	0	0	0.0	0
chr1	3290139	0	0	0.0	0
chr1	3317493	0	0	0.0	0
chr1	3356092	0	0	0.0	0
chr1	3362209	0	0	0.0	0
chr1	3430009	0	1	0.0147	0
chr1	3509156	0	0	0.0	0
chr1	3540822	0	0	0.0	0
chr1	3756540	0	0	0.0	0
chr1	3771632	0	1	0.0127	0
chr1	3787898	0	0	0.0	0
chr1	3851180	0	0	0.0	0
chr1	3891171	0	0	0.0	0
chr1	3892914	0	0	0.0	0
chr1	3997101	0	0	0.0	0
chr1	4150807	0	0	0.0	0
chr1	4266171	0	0	0.0	0
chr1	4297994	0	0	0.0	0
chr1	4348241	0	0	0.0	0
chr1	4537961	0	0	0.0	0
chr1	4541228	0	0	0.0	0
chr1	4647144	0	0	0.0	0
chr1	4664631	0	0	0.0	0
chr1	4740710	0	0	0.0	0
chr1	4771068	0	0	0.0	0
chr1	4789856	0	0	0.0	0
chr1	4826732	0	0	0.0	0
chr1	4879066	0	0	0.0	0
chr1	4940835	0	0	0.0	0
chr1	4951317	0	0	0.0	0
chr1	4967322	0	0	0.0	0
chr1	4978878	0	0	0.0	0
chr1	5113410	0	0	0.0	0
chr1	5254171	0	0	0.0	0
chr1	5273191	0	0	0.0	0
chr1	5294639	0	0	0.0	0
chr1	5325449	0	0	0.0	0
chr1	5332602	0	0	0.0	0
chr1	5350032	0	0	0.0	0
chr1	5506869	0	0	0.0	0
chr1	5528139	0	0	0.0	0
chr1	5567057	0	0	0.0	0
chr1	5593667	0	0	0.0	0
chr1	5648848	0	0	0.0	0
chr1	5685438	0	0	0.0	0
chr1	5862742	0	0	0.0	0
chr1	5880118	0	0	0.0	0
chr1	5943539	0	0	0.0	0
chr1	5954062	0	0	0.0	0
chr1	5969081	0	0	0.0	0
chr1	6016285	0	0	0.0	0
chr1	6127095	0	0	0.0	0
chr1	6167022	0	0	0.0	0
chr1	6212975	0	0	0.0	0
chr1	6254992	0	0	0.0	0
chr1	6257436	0	1	0.0132	0
chr1	6350522	0	0	0.0	0
chr1	6501599	0	0	0.0	0
chr1	6557887	0	0	0.0	0
chr1	6578402	0	0	0.0	0
chr1	6624137	0	0	0.0	0
chr1	6625537	0	0	0.0	0
chr1	6695852	0	0	0.0	0
chr1	7314362	0	1	0.0167	0
chr1	7330146	0	0	0.0	0
chr1	7425801	0	0	0.0	0
chr1	7434574	0	0	0.0	0
chr1	7520594	0	0	0.0	0
chr1	7584270	0	0	0.0	0
chr1	7590582	0	0	0.0	0
chr1	7868790	0	0	0.0	0
chr1	7875510	0	0	0.0	0
chr1	7884734	0	0	0.0	0
chr1	7955828	0	0	0.0	0
chr1	7982248	0	0	0.0	0
chr1	8070830	0	1	0.0118	0
chr1	8077852	0	0	0.0	0
chr1	8166851	0	0	0.0	0
chr1	8350125	0	0	0.0	0
chr1	8374384	1	3	0.0349	1
chr1	8432298	0	0	0.0	0
chr1	8531328	0	0	0.0	0
chr1	8572725	0	0	0.0	0
chr1	8708144	0	0	0.0	0
chr1	8737493	0	0	0.0	0
chr1	8789726	0	0	0.0	0
chr1	8898147	0	0	0.0	0
chr1	9166670	0	0	0.0	0
chr1	9327979	0	0	0.0	0
chr1	9372333	0	0	0.0	0
chr1	9382613	0	0	0.0	0
chr1	9449173	0	0	0.0	0
chr1	9511056	0	0	0.0	0
chr1	9602041	0	0	0.0	0
chr1	9642848	0	0	0.0	0
chr1	9908467	0	0	0.0	0
chr1	9920357	0	0	0.0	0
chr1	9946134	0	0	0.0	0
chr1	10067651	0	0	0.0	0
chr1	10068720	0	0	0.0	0
chr1	10312358	0	0	0.0	0
chr1	10533827	0	0	0.0	0
chr1	10561172	0	0	0.0	0
chr1	10646439	0	0	0.0	0
chr1	10660543	0	0	0.0	0
chr1	10739543	0	0	0.0	0
chr1	10782119	0	0	0.0	0
chr1	10834960	0	0	0.0	0
chr1	10990499	0	0	0.0	0
chr1	11074040	0	0	0.0	0
chr1	11145113	0	0	0.0	0
chr1	11205911	0	1	0.0256	0
chr1	11236400	0	0	0.0	0
chr1	11395425	0	0	0.0	0
chr1	11427349	0	0	0.0	0
chr1	11469804	0	0	0.0	0
chr1	11473603	0	0	0.0	0
chr1	11560197	0	0	0.0	0
chr1	11572813	0	0	0.0	0
chr1	11583936	0	0	0.0	0
chr1	11628616	0	0	0.0	0
chr1	11646671	0	0	0.0	0
chr1	11721879	0	0	0.0	0
chr1	11810492	0	0	0.0	0
chr1	11869191	0	0	0.0	0
chr1	11877975	0	0	0.0	0
chr1	11907015	0	0	0.0	0
chr1	11950440	0	0	0.0	0
chr1	11958030	0	0	0.0	0
chr1	11979010	0	0	0.0	0
chr1	12071930	0	0	0.0	0
chr1	12109961	0	0	0.0	0
chr1	12203502	0	0	0.0	0
chr1	12221582	0	0	0.0	0
chr1	12316870	0	0	0.0	0
chr1	12429735	0	1	0.0217	0
chr1	12477835	0	0	0.0	0
chr1	12630601	0	0	0.0	0
chr1	12722840	0	0	0.0	0
chr1	12837222	0	0	0.0	0
chr1	13120810	0	1	0.013	0
chr1	13374846	0	0	0.0	0
chr1	13512629	0	0	0.0	0
chr1	13612092	0	0	0.0	0
chr1	13745319	0	0	0.0	0
chr1	13811580	0	0	0.0	0
chr1	13915697	0	0	0.0	0
chr1	13962120	0	0	0.0	0
chr1	13981849	0	0	0.0	0
chr1	14043092	0	0	0.0	0
chr1	14094167	0	1	0.0278	0
chr1	14160012	0	0	0.0	0
chr1	14182245	0	0	0.0	0
chr1	14373385	0	0	0.0	0
chr1	14449121	0	0	0.0	0
chr1	14492510	0	0	0.0	0
chr1	14713517	0	0	0.0	0
chr1	14737954	0	0	0.0	0
chr1	14798121	0	0	0.0	0
chr1	14930587	0	0	0.0	0
chr1	14962298	0	0	0.0	0
chr1	14981556	0	0	0.0	0
chr1	15028127	0	0	0.0	0
chr1	15030312	0	0	0.0	0
chr1	15042784	0	0	0.0	0
chr1	15095694	0	0	0.0	0
chr1	15123433	0	0	0.0	0
chr1	15196837	0	0	0.0	0
chr1	15221196	0	0	0.0	0
chr1	15288122	0	0	0.0	0
chr1	15324109	0	0	0.0	0
chr1	15393729	0	0	0.0	0
chr1	15401795	0	0	0.0	0
chr1	15416207	0	0	0.0	0
chr1	15452173	0	0	0.0	0
chr1	15537112	0	1	0.0204	0
chr1	15573758	0	0	0.0	0
chr1	15666586	0	0	0.0	0
chr1	15829685	0	1	0.0143	0
chr1	15994165	0	0	0.0	0
chr1	16091450	0	0	0.0	0
chr1	16097779	0	0	0.0	0
chr1	16188164	0	0	0.0	0
chr1	16229950	0	1	0.0189	0
chr1	16243330	0	0	0.0	0
chr1	16267632	0	0	0.0	0
chr1	16482730	0	0	0.0	0
chr1	16483818	0	0	0.0	0
chr1	16630474	0	0	0.0	0
chr1	16727002	0	0	0.0	0
chr1	16762706	0	0	0.0	0
chr1	16939565	0	0	0.0	0
chr1	16960988	0	0	0.0	0
chr1	16984604	0	0	0.0	0
chr1	16993675	0	0	0.0	0
chr1	17027459	0	0	0.0	0
chr1	17070514	0	0	0.0	0
chr1	17106364	0	0	0.0	0
chr1	17149536	0	0	0.0	0
chr1	17156443	0	0	0.0	0
chr1	17202763	0	0	0.0	0
chr1	17250794	0	0	0.0	0
chr1	17254075	0	0	0.0	0
chr1	17286111	0	0	0.0	0
chr1	17377103	0	0	0.0	0
chr1	17468474	0	0	0.0	0
chr1	17502579	0	0	0.0	0
chr1	17528671	0	0	0.0	0
chr1	17564842	0	0	0.0	0
chr1	17575640	0	0	0.0	0
chr1	17789904	0	0	0.0	0
chr1	17958339	0	0	0.0	0
chr1	18034968	0	0	0.0	0
chr1	18283447	0	0	0.0	0
chr1	18303972	0	0	0.0	0
chr1	18308045	0	0	0.0	0
chr1	18383732	0	0	0.0	0
chr1	18414472	0	0	0.0	0
chr1	18436345	0	0	0.0	0
chr1	18439690	0	0	0.0	0
chr1	18500552	0	0	0.0	0
chr1	18514373	0	0	0.0	0
chr1	18528642	0	0	0.0	0
chr1	18569542	0	0	0.0	0
chr1	18583458	0	0	0.0	0
chr1	18637628	0	0	0.0	0
chr1	18682728	0	0	0.0	0
chr1	18699480	0	1	0.0263	0
chr1	18730381	0	0	0.0	0
chr1	18740429	0	0	0.0	0
chr1	18760860	0	0	0.0	0
chr1	18806088	0	0	0.0	0
chr1	18828798	0	0	0.0	0
chr1	18860068	0	0	0.0	0
chr1	18947243	0	0	0.0	0
chr1	19033583	0	0	0.0	0
chr1	19065274	0	0	0.0	0
chr1	19242446	0	0	0.0	0
chr1	19300183	0	0	0.0	0
chr1	19303500	0	0	0.0	0
chr1	19306680	0	0	0.0	0
chr1	19317049	0	0	0.0	0
chr1	19334928	0	0	0.0	0
chr1	19370010	0	0	0.0	0
chr1	19397710	0	0	0.0	0
chr1	19406132	0	0	0.0	0
chr1	19418619	0	0	0.0	0
chr1	19625533	0	0	0.0	0
chr1	19676965	0	1	0.0175	0
chr1	19831157	0	0	0.0	0
chr1	19940720	0	0	0.0	0
chr1	19976752	0	0	0.0	0
chr1	19997980	0	0	0.0	0
chr1	20021963	0	0	0.0	0
chr1	20030139	0	0	0.0	0
chr1	20292244	0	0	0.0	0
chr1	20296386	0	0	0.0	0
chr1	20391459	0	0	0.0	0
chr1	20440852	0	0	0.0	0
chr1	20534413	0	0	0.0	0
chr1	20701781	0	0	0.0	0
chr1	20718179	0	0	0.0	0
chr1	20842195	0	0	0.0	0
chr1	20850745	0	0	0.0	0
chr1	20886602	0	1	0.0175	0
chr1	21040039	0	0	0.0	0
chr1	21147974	0	0	0.0	0
chr1	21285009	0	0	0.0	0
chr1	21418264	0	0	0.0	0
chr1	21437224	0	0	0.0	0
chr1	21495354	0	0	0.0	0
chr1	21702456	0	0	0.0	0
chr1	21716952	0	0	0.0	0
chr1	21720228	0	0	0.0	0
chr1	21763962	0	0	0.0	0
chr1	21858050	0	0	0.0	0
chr1	21881393	0	0	0.0	0
chr1	21881565	0	0	0.0	0
chr1	22030527	0	0	0.0	0
chr1	22095894	0	0	0.0	0
chr1	22163903	0	0	0.0	0
chr1	22277928	0	0	0.0	0
chr1	22451046	0	0	0.0	0
chr1	22532874	0	0	0.0	0
chr1	22540981	0	0	0.0	0
chr1	22541421	0	0	0.0	0
chr1	22545376	0	0	0.0	0
chr1	22821865	0	0	0.0	0
chr1	22886127	0	0	0.0	0
chr1	22936142	0	0	0.0	0
chr1	22999408	0	0	0.0	0
chr1	23389808	0	0	0.0	0
chr1	23437762	0	0	0.0	0
chr1	23453152	0	0	0.0	0
chr1	23598630	0	0	0.0	0
chr1	23930584	0	0	0.0	0
chr1	23933409	0	0	0.0	0
chr1	23960531	0	0	0.0	0
chr1	24069872	0	0	0.0	0
chr1	24093018	0	0	0.0	0
chr1	24130938	0	0	0.0	0
chr1	24149645	0	0	0.0	0
chr1	24155765	0	0	0.0	0
chr1	24215052	0	0	0.0	0
chr1	24255509	0	0	0.0	0
chr1	24279084	0	0	0.0	0
chr1	24339010	0	0	0.0	0
chr1	24529165	0	0	0.0	0
chr1	24640410	0	0	0.0	0
chr1	24857642	0	0	0.0	0
chr1	24898924	0	0	0.0	0
chr1	24921185	0	0	0.0	0
chr1	24948692	0	0	0.0	0
chr1	24955371	0	0	0.0	0
chr1	24957716	0	0	0.0	0
chr1	24959850	0	0	0.0	0
chr1	25024749	0	0	0.0	0
chr1	25034356	0	0	0.0	0
chr1	25043214	0	0	0.0	0
chr1	25051465	0	0	0.0	0
chr1	25054347	0	2	0.3333	0
chr1	25065894	0	0	0.0	0
chr1	25096014	0	0	0.0	0
chr1	25173559	0	0	0.0	0
chr1	25230683	0	0	0.0	0
chr1	25308625	0	0	0.0	0
chr1	25318093	0	0	0.0	0
chr1	25374336	0	0	0.0	0
chr1	25545248	0	0	0.0	0
chr1	25569108	0	0	0.0	0
chr1	25578310	0	0	0.0	0
chr1	25612025	0	0	0.0	0
chr1	25614040	0	0	0.0	0
chr1	25659348	0	0	0.0	0
chr1	25682314	0	0	0.0	0
chr1	25691541	0	0	0.0	0
chr1	25735884	0	0	0.0	0
chr1	25775698	0	0	0.0	0
chr1	25844779	0	0	0.0	0
chr1	25949301	0	0	0.0	0
chr1	26188022	0	0	0.0	0
chr1	26291592	0	0	0.0	0
chr1	26413726	0	0	0.0	0
chr1	26417494	0	0	0.0	0
chr1	26464979	0	0	0.0	0
chr1	26542621	0	0	0.0	0
chr1	26573376	0	0	0.0	0
chr1	26692475	0	0	0.0	0
chr1	26701078	0	0	0.0	0
chr1	26814845	0	0	0.0	0
chr1	26823879	0	0	0.0	0
chr1	26828975	0	0	0.0	0
chr1	26909760	0	0	0.0	0
chr1	26980164	0	0	0.0	0
chr1	27092910	0	0	0.0	0
chr1	27113828	0	0	0.0	0
chr1	27122434	0	0	0.0	0
chr1	27137257	0	0	0.0	0
chr1	27152913	0	0	0.0	0
chr1	27179178	0	0	0.0	0
chr1	27213886	0	0	0.0	0
chr1	27256955	0	0	0.0	0
chr1	27284160	0	0	0.0	0
chr1	27301535	0	0	0.0	0
chr1	27328096	0	0	0.0	0
chr1	27332154	0	0	0.0	0
chr1	27396088	0	0	0.0	0
chr1	27508061	0	1	0.0189	0
chr1	27551637	0	0	0.0	0
chr1	27577011	0	0	0.0	0
chr1	27589959	0	0	0.0	0
chr1	27598867	0	0	0.0	0
chr1	27626924	0	0	0.0	0
chr1	27729348	0	1	0.0196	0
chr1	27836002	0	1	0.0137	0
chr1	27940742	0	0	0.0	0
chr1	28049321	0	0	0.0	0
chr1	28101427	0	0	0.0	0
chr1	28121565	0	0	0.0	0
chr1	28128481	0	0	0.0	0
chr1	28136674	0	0	0.0	0
chr1	28158201	0	0	0.0	0
chr1	28223141	0	0	0.0	0
chr1	28290925	0	0	0.0	0
chr1	28579944	0	0	0.0	0
chr1	28580333	0	1	0.0357	0
chr1	28602383	0	0	0.0	0
chr1	28636774	0	0	0.0	0
chr1	28702533	0	0	0.0	0
chr1	29085679	0	0	0.0	0
chr1	29459531	0	0	0.0	0
chr1	29463048	0	0	0.0	0
chr1	29564562	0	0	0.0	0
chr1	29566906	0	0	0.0	0
chr1	29570708	0	0	0.0	0
chr1	29723894	0	0	0.0	0
chr1	29751147	0	0	0.0	0
chr1	29892872	0	0	0.0	0
chr1	29953750	0	0	0.0	0
chr1	30064556	0	0	0.0	0
chr1	30151506	0	0	0.0	0
chr1	30247445	0	0	0.0	0
chr1	30256346	0	0	0.0	0
chr1	30273024	0	0	0.0	0
chr1	30273372	0	0	0.0	0
chr1	30356662	0	0	0.0	0
chr1	30444634	0	0	0.0	0
chr1	30600346	0	0	0.0	0
chr1	30735353	0	0	0.0	0
chr1	30806206	0	0	0.0	0
chr1	30859268	0	0	0.0	0
chr1	30880238	0	0	0.0	0
chr1	30884535	0	0	0.0	0
chr1	30937202	0	0	0.0	0
chr1	30943206	0	0	0.0	0
chr1	30967223	0	0	0.0	0
chr1	30968495	0	1	0.0145	0
chr1	30983491	0	1	0.0233	0
chr1	31084464	0	0	0.0	0
chr1	31221246	0	0	0.0	0
chr1	31388475	0	0	0.0	0
chr1	31433736	0	0	0.0	0
chr1	31454563	0	0	0.0	0
chr1	31468110	0	0	0.0	0
chr1	31471512	0	0	0.0	0
chr1	31627133	0	0	0.0	0
chr1	31661195	0	0	0.0	0
chr1	31667325	0	0	0.0	0
chr1	31697164	0	0	0.0	0
chr1	31715257	0	0	0.0	0
chr1	31964716	0	0	0.0	0
chr1	31972422	0	0	0.0	0
chr1	32221116	0	0	0.0	0
chr1	32342849	0	0	0.0	0
chr1	32378807	0	0	0.0	0
chr1	32394132	0	0	0.0	0
chr1	32395526	0	0	0.0	0
chr1	32825941	0	0	0.0	0
chr1	32931203	0	0	0.0	0
chr1	32994434	0	0	0.0	0
chr1	33006302	0	0	0.0	0
chr1	33031480	0	0	0.0	0
chr1	33065806	0	0	0.0	0
chr1	33115080	0	0	0.0	0
chr1	33179023	0	0	0.0	0
chr1	33297057	0	0	0.0	0
chr1	33322987	0	0	0.0	0
chr1	33377385	0	0	0.0	0
chr1	33406044	0	0	0.0	0
chr1	33460179	0	0	0.0	0
chr1	33479732	0	0	0.0	0
chr1	33863971	0	0	0.0	0
chr1	33869716	0	0	0.0	0
chr1	33915908	0	0	0.0	0
chr1	33952866	0	0	0.0	0
chr1	33964886	0	0	0.0	0
chr1	34076526	0	0	0.0	0
chr1	34161713	0	0	0.0	0
chr1	34217714	0	0	0.0	0
chr1	34330798	0	0	0.0	0
chr1	34602390	0	0	0.0	0
chr1	34644633	0	0	0.0	0
chr1	34672053	0	0	0.0	0
chr1	34692121	0	0	0.0	0
chr1	34695815	0	0	0.0	0
chr1	34700467	0	0	0.0	0
chr1	34734692	0	0	0.0	0
chr1	34853641	0	0	0.0	0
chr1	34884679	0	0	0.0	0
chr1	35027327	0	0	0.0	0
chr1	35047519	0	0	0.0	0
chr1	35062801	0	0	0.0	0
chr1	35117867	0	0	0.0	0
chr1	35147937	0	1	0.0161	0
chr1	35411976	0	0	0.0	0
chr1	35433837	0	0	0.0	0
chr1	35457344	0	0	0.0	0
chr1	35628756	0	0	0.0	0
chr1	35853583	0	0	0.0	0
chr1	35892665	0	0	0.0	0
chr1	35974928	0	1	0.0159	0
chr1	35989765	0	0	0.0	0
chr1	36240295	0	0	0.0	0
chr1	36251365	0	0	0.0	0
chr1	36514068	0	0	0.0	0
chr1	36650018	0	0	0.0	0
chr1	36690119	0	0	0.0	0
chr1	36760886	0	0	0.0	0
chr1	36823662	0	0	0.0	0
chr1	36853022	0	0	0.0	0
chr1	36922030	0	0	0.0	0
chr1	36987192	0	0	0.0	0
chr1	37008260	0	0	0.0	0
chr1	37045207	0	0	0.0	0
chr1	37051570	0	0	0.0	0
chr1	37097882	0	0	0.0	0
chr1	37143565	0	0	0.0	0
chr1	37213828	0	0	0.0	0
chr1	37234517	0	0	0.0	0
chr1	37240421	0	0	0.0	0
chr1	37315215	0	0	0.0	0
chr1	37325974	0	0	0.0	0
chr1	37357322	0	0	0.0	0
chr1	37416053	0	0	0.0	0
chr1	37453058	0	0	0.0	0
chr1	37480320	0	0	0.0	0
chr1	37481641	0	0	0.0	0
chr1	37536357	0	0	0.0	0
chr1	37544879	0	0	0.0	0
chr1	37594910	0	0	0.0	0
chr1	37598228	0	0	0.0	0
chr1	37737927	1	7	0.35	1
chr1	37743323	0	0	0.0	0
chr1	37764622	0	0	0.0	0
chr1	38049564	0	0	0.0	0
chr1	38285340	0	0	0.0	0
chr1	38290321	0	0	0.0	0
chr1	38295283	0	0	0.0	0
chr1	38356425	0	0	0.0	0
chr1	38381611	0	0	0.0	0
chr1	38532304	0	0	0.0	0
chr1	38596033	0	0	0.0	0
chr1	38733935	0	0	0.0	0
chr1	38779319	0	0	0.0	0
chr1	38837025	0	0	0.0	0
chr1	38997438	0	0	0.0	0
chr1	39024078	0	2	0.0299	0
chr1	39033845	0	0	0.0	0
chr1	39213297	0	0	0.0	0
chr1	39248647	0	0	0.0	0
chr1	39287399	0	0	0.0	0
chr1	39307384	0	0	0.0	0
chr1	39482976	0	0	0.0	0
chr1	39489827	0	0	0.0	0
chr1	39623790	0	0	0.0	0
chr1	39651125	0	0	0.0	0
chr1	39694493	0	0	0.0	0
chr1	39832462	0	0	0.0	0
chr1	39844394	0	0	0.0	0
chr1	39876394	0	0	0.0	0
chr1	39903632	0	0	0.0	0
chr1	39933869	0	0	0.0	0
chr1	39936151	0	0	0.0	0
chr1	39951914	0	0	0.0	0
chr1	39973741	0	0	0.0	0
chr1	40021649	0	0	0.0	0
chr1	40211831	0	0	0.0	0
chr1	40252512	0	0	0.0	0
chr1	40376431	0	0	0.0	0
chr1	40467648	0	0	0.0	0
chr1	40631032	0	0	0.0	0
chr1	40931746	0	1	0.0139	0
chr1	40998566	0	0	0.0	0
chr1	41015925	0	0	0.0	0
chr1	41041175	0	0	0.0	0
chr1	41368067	0	0	0.0	0
chr1	41381200	0	0	0.0	0
chr1	41394978	0	0	0.0	0
chr1	41410278	0	0	0.0	0
chr1	41448137	0	0	0.0	0
chr1	41561377	0	0	0.0	0
chr1	41597193	0	0	0.0	0
chr1	41782298	0	0	0.0	0
chr1	42051864	0	0	0.0	0
chr1	42088260	0	0	0.0	0
chr1	42197493	0	0	0.0	0
chr1	42262057	0	0	0.0	0
chr1	42352551	0	0	0.0	0
chr1	42408682	0	0	0.0	0
chr1	42688783	0	0	0.0	0
chr1	42912246	0	0	0.0	0
chr1	42932830	0	0	0.0	0
chr1	43025078	0	0	0.0	0
chr1	43087692	0	1	0.0192	0
chr1	43121695	0	0	0.0	0
chr1	43330914	0	0	0.0	0
chr1	43340375	0	0	0.0	0
chr1	43494240	0	0	0.0	0
chr1	43529456	0	0	0.0	0
chr1	43590598	0	0	0.0	0
chr1	43606913	0	0	0.0	0
chr1	43642653	0	0	0.0	0
chr1	43654438	1	4	0.05	1
chr1	43674880	0	0	0.0	0
chr1	43705051	0	0	0.0	0
chr1	43738793	0	0	0.0	0
chr1	43860604	0	0	0.0	0
chr1	43992198	0	0	0.0	0
chr1	44207139	0	0	0.0	0
chr1	44496652	0	0	0.0	0
chr1	44547571	0	0	0.0	0
chr1	44574053	0	0	0.0	0
chr1	44601234	0	0	0.0	0
chr1	44616737	0	0	0.0	0
chr1	44622884	0	0	0.0	0
chr1	44654232	0	0	0.0	0
chr1	44693577	0	0	0.0	0
chr1	44762460	0	0	0.0	0
chr1	44803158	0	0	0.0	0
chr1	44807880	0	0	0.0	0
chr1	44893909	0	0	0.0	0
chr1	45000454	0	1	0.0185	0
chr1	45092102	0	0	0.0	0
chr1	45140178	0	0	0.0	0
chr1	45566796	0	0	0.0	0
chr1	45621271	0	0	0.0	0
chr1	45837144	0	0	0.0	0
chr1	45875832	0	0	0.0	0
chr1	45989256	0	0	0.0	0
chr1	46024841	0	1	0.0156	0
chr1	46061536	0	0	0.0	0
chr1	46133354	0	0	0.0	0
chr1	46167667	0	0	0.0	0
chr1	46314947	0	0	0.0	0
chr1	46336041	0	0	0.0	0
chr1	46420271	0	0	0.0	0
chr1	46436869	0	0	0.0	0
chr1	46510647	0	0	0.0	0
chr1	46541168	0	0	0.0	0
chr1	46615895	0	0	0.0	0
chr1	46632270	0	0	0.0	0
chr1	46771949	0	0	0.0	0
chr1	46817325	0	0	0.0	0
chr1	46820520	0	0	0.0	0
chr1	46947400	0	0	0.0	0
chr1	46953577	0	0	0.0	0
chr1	46956152	0	0	0.0	0
chr1	47007308	0	0	0.0	0
chr1	47079173	0	0	0.0	0
chr1	47269248	0	0	0.0	0
chr1	47400191	0	0	0.0	0
chr1	47538879	0	1	0.0149	0
chr1	47577324	0	0	0.0	0
chr1	47634601	0	0	0.0	0
chr1	47680927	0	0	0.0	0
chr1	47807814	0	0	0.0	0
chr1	47816317	0	0	0.0	0
chr1	47833898	0	0	0.0	0
chr1	47869696	0	0	0.0	0
chr1	47876452	0	0	0.0	0
chr1	47957086	0	0	0.0	0
chr1	48069866	0	0	0.0	0
chr1	48190200	0	0	0.0	0
chr1	48496171	0	0	0.0	0
chr1	48501407	0	0	0.0	0
chr1	48519688	0	0	0.0	0
chr1	48586812	0	0	0.0	0
chr1	48636858	0	0	0.0	0
chr1	48670766	0	0	0.0	0
chr1	48760610	0	0	0.0	0
chr1	48783235	0	0	0.0	0
chr1	48854548	0	0	0.0	0
chr1	48951652	0	0	0.0	0
chr1	49328124	0	0	0.0	0
chr1	49424079	0	0	0.0	0
chr1	49666540	0	0	0.0	0
chr1	49693817	0	1	0.0333	0
chr1	50017861	0	0	0.0	0
chr1	50171257	0	0	0.0	0
chr1	50208054	0	0	0.0	0
chr1	50317840	0	0	0.0	0
chr1	50409006	0	0	0.0	0
chr1	50509824	0	0	0.0	0
chr1	50588626	0	0	0.0	0
chr1	50591601	0	0	0.0	0
chr1	50663525	0	0	0.0	0
chr1	50689508	0	0	0.0	0
chr1	50976680	0	0	0.0	0
chr1	51032753	0	0	0.0	0
chr1	51169010	0	0	0.0	0
chr1	51172834	0	0	0.0	0
chr1	51289424	0	0	0.0	0
chr1	51535349	0	0	0.0	0
chr1	51887222	0	0	0.0	0
chr1	52026512	0	0	0.0	0
chr1	52043737	0	0	0.0	0
chr1	52083737	0	0	0.0	0
chr1	52400127	0	0	0.0	0
chr1	52414649	0	0	0.0	0
chr1	52447958	0	0	0.0	0
chr1	52466009	0	0	0.0	0
chr1	52601873	0	0	0.0	0
chr1	52668942	0	0	0.0	0
chr1	52857738	0	0	0.0	0
chr1	52963941	0	0	0.0	0
chr1	53078364	0	2	0.0435	0
chr1	53084170	0	0	0.0	0
chr1	53091080	0	0	0.0	0
chr1	53113447	0	0	0.0	0
chr1	53168923	0	0	0.0	0
chr1	53314748	0	0	0.0	0
chr1	53321020	0	0	0.0	0
chr1	53323230	0	0	0.0	0
chr1	53365388	0	0	0.0	0
chr1	53550800	0	0	0.0	0
chr1	53628929	0	0	0.0	0
chr1	53678544	0	0	0.0	0
chr1	53720670	0	0	0.0	0
chr1	53743681	0	0	0.0	0
chr1	53889542	0	0	0.0	0
chr1	53980122	0	0	0.0	0
chr1	54043373	0	0	0.0	0
chr1	54267231	0	0	0.0	0
chr1	54668703	0	0	0.0	0
chr1	54754934	0	0	0.0	0
chr1	54777615	0	0	0.0	0
chr1	54805301	0	0	0.0	0
chr1	54814634	0	0	0.0	0
chr1	54848449	0	0	0.0	0
chr1	54944817	1	41	0.6721	1
chr1	55048171	0	0	0.0	0
chr1	55053123	0	0	0.0	0
chr1	55077406	0	0	0.0	0
chr1	55193393	0	0	0.0	0
chr1	55322499	0	0	0.0	0
chr1	55500054	0	0	0.0	0
chr1	55577817	0	0	0.0	0
chr1	55607674	0	0	0.0	0
chr1	55723771	0	0	0.0	0
chr1	55786856	0	0	0.0	0
chr1	55843840	0	0	0.0	0
chr1	55994665	0	0	0.0	0
chr1	56131749	0	0	0.0	0
chr1	56253738	0	0	0.0	0
chr1	56267793	0	0	0.0	0
chr1	56294206	0	0	0.0	0
chr1	56315967	0	0	0.0	0
chr1	56334182	0	0	0.0	0
chr1	56377682	0	0	0.0	0
chr1	56407551	0	0	0.0	0
chr1	56526127	0	0	0.0	0
chr1	56711708	0	0	0.0	0
chr1	56745057	0	0	0.0	0
chr1	56924917	0	0	0.0	0
chr1	56931686	0	0	0.0	0
chr1	56963492	0	0	0.0	0
chr1	57006302	0	0	0.0	0
chr1	57018944	0	0	0.0	0
chr1	57234889	0	0	0.0	0
chr1	57537299	0	0	0.0	0
chr1	57637693	0	0	0.0	0
chr1	57741663	0	0	0.0	0
chr1	57815914	0	0	0.0	0
chr1	58020596	0	0	0.0	0
chr1	58037375	0	0	0.0	0
chr1	58054558	0	0	0.0	0
chr1	58356175	0	0	0.0	0
chr1	58363329	0	0	0.0	0
chr1	58463877	0	0	0.0	0
chr1	58476401	0	0	0.0	0
chr1	58556759	0	0	0.0	0
chr1	58586023	0	0	0.0	0
chr1	58716220	0	0	0.0	0
chr1	58738201	0	0	0.0	0
chr1	58822410	0	0	0.0	0
chr1	58873917	0	0	0.0	0
chr1	59006622	0	0	0.0	0
chr1	59015593	0	0	0.0	0
chr1	59022238	0	0	0.0	0
chr1	59112798	0	0	0.0	0
chr1	59151240	0	0	0.0	0
chr1	59217028	0	0	0.0	0
chr1	59229723	0	0	0.0	0
chr1	59485983	0	0	0.0	0
chr1	59639981	0	0	0.0	0
chr1	59673195	0	0	0.0	0
chr1	59677347	0	0	0.0	0
chr1	59697035	0	0	0.0	0
chr1	59881746	0	0	0.0	0
chr1	60225200	0	0	0.0	0
chr1	60319220	0	0	0.0	0
chr1	60486958	0	0	0.0	0
chr1	60749281	0	0	0.0	0
chr1	60967849	0	0	0.0	0
chr1	61358312	1	42	0.7636	1
chr1	61405298	0	0	0.0	0
chr1	61408076	0	0	0.0	0
chr1	61450593	0	0	0.0	0
chr1	61476802	0	0	0.0	0
chr1	61578692	0	0	0.0	0
chr1	61602563	0	0	0.0	0
chr1	61640914	0	0	0.0	0
chr1	61983702	0	0	0.0	0
chr1	62065001	0	0	0.0	0
chr1	62169146	0	0	0.0	0
chr1	62305133	0	1	0.0312	0
chr1	62359219	0	0	0.0	0
chr1	62412702	0	0	0.0	0
chr1	62738396	0	0	0.0	0
chr1	62899805	0	0	0.0	0
chr1	62980166	0	0	0.0	0
chr1	62983779	0	0	0.0	0
chr1	63350550	0	0	0.0	0
chr1	63361241	0	0	0.0	0
chr1	63440834	0	0	0.0	0
chr1	63507182	0	0	0.0	0
chr1	63579460	0	0	0.0	0
chr1	63595002	0	0	0.0	0
chr1	63657859	0	0	0.0	0
chr1	63747254	0	0	0.0	0
chr1	63871782	0	0	0.0	0
chr1	63996885	0	1	0.0244	0
chr1	64060662	0	0	0.0	0
chr1	64078641	0	0	0.0	0
chr1	64296501	0	0	0.0	0
chr1	64333846	0	0	0.0	0
chr1	64335678	0	0	0.0	0
chr1	64377651	0	0	0.0	0
chr1	64391991	0	0	0.0	0
chr1	64494792	0	1	0.0227	0
chr1	64557045	0	0	0.0	0
chr1	64580838	0	0	0.0	0
chr1	64584610	0	0	0.0	0
chr1	64724218	0	0	0.0	0
chr1	64846827	0	0	0.0	0
chr1	65129346	0	0	0.0	0
chr1	65149278	0	0	0.0	0
chr1	65153114	0	0	0.0	0
chr1	65217581	0	0	0.0	0
chr1	65285932	0	0	0.0	0
chr1	65409675	0	0	0.0	0
chr1	65505042	0	0	0.0	0
chr1	65743507	1	64	0.7619	1
chr1	65792198	0	0	0.0	0
chr1	66103184	0	0	0.0	0
chr1	66124015	0	0	0.0	0
chr1	66183198	0	0	0.0	0
chr1	66204130	0	0	0.0	0
chr1	66217119	0	0	0.0	0
chr1	66293816	0	0	0.0	0
chr1	66371828	0	0	0.0	0
chr1	66402556	0	0	0.0	0
chr1	66509753	2	26	0.6	1
chr1	66593032	0	0	0.0	0
chr1	66617816	0	0	0.0	0
chr1	66677669	0	0	0.0	0
chr1	66693179	0	0	0.0	0
chr1	66722592	0	0	0.0	0
chr1	66757011	0	0	0.0	0
chr1	66787910	0	0	0.0	0
chr1	66951390	0	0	0.0	0
chr1	67101242	0	0	0.0	0
chr1	67234235	0	0	0.0	0
chr1	67336472	0	0	0.0	0
chr1	67712051	0	0	0.0	0
chr1	67881235	0	0	0.0	0
chr1	67982293	0	0	0.0	0
chr1	68126854	0	0	0.0	0
chr1	68132614	0	0	0.0	0
chr1	68264822	0	0	0.0	0
chr1	68376011	0	0	0.0	0
chr1	68455365	0	0	0.0	0
chr1	68547916	0	0	0.0	0
chr1	68551156	0	0	0.0	0
chr1	68597427	0	0	0.0	0
chr1	68740838	0	0	0.0	0
chr1	68775394	0	0	0.0	0
chr1	68917370	0	0	0.0	0
chr1	68985271	0	0	0.0	0
chr1	68985641	0	0	0.0	0
chr1	69005714	0	0	0.0	0
chr1	69057195	0	0	0.0	0
chr1	69251651	0	0	0.0	0
chr1	69339627	0	0	0.0	0
chr1	69561855	0	0	0.0	0
chr1	69625679	0	0	0.0	0
chr1	69637578	0	0	0.0	0
chr1	69671196	0	0	0.0	0
chr1	70007110	0	0	0.0	0
chr1	70050801	0	0	0.0	0
chr1	70244754	0	0	0.0	0
chr1	70369899	0	0	0.0	0
chr1	70372937	0	0	0.0	0
chr1	70457871	0	0	0.0	0
chr1	70515881	0	0	0.0	0
chr1	70555080	0	0	0.0	0
chr1	70768332	0	0	0.0	0
chr1	70897586	0	0	0.0	0
chr1	70954089	0	0	0.0	0
chr1	71064864	0	0	0.0	0
chr1	71129985	0	0	0.0	0
chr1	71142481	0	0	0.0	0
chr1	71177594	0	0	0.0	0
chr1	71179524	0	0	0.0	0
chr1	71271499	0	0	0.0	0
chr1	71367108	0	0	0.0	0
chr1	71375105	0	0	0.0	0
chr1	71424700	0	0	0.0	0
chr1	71580306	0	0	0.0	0
chr1	71585351	0	0	0.0	0
chr1	71799436	0	0	0.0	0
chr1	72051423	0	0	0.0	0
chr1	72074530	0	0	0.0	0
chr1	72228411	0	0	0.0	0
chr1	72491604	0	0	0.0	0
chr1	72918529	0	0	0.0	0
chr1	73148700	0	0	0.0	0
chr1	73205543	0	0	0.0	0
chr1	73357622	0	0	0.0	0
chr1	73481529	0	0	0.0	0
chr1	73576945	0	0	0.0	0
chr1	73789261	0	0	0.0	0
chr1	73964049	0	0	0.0	0
chr1	74134392	0	0	0.0	0
chr1	74293385	0	0	0.0	0
chr1	74399894	0	0	0.0	0
chr1	74637728	0	0	0.0	0
chr1	74700867	0	0	0.0	0
chr1	74834906	0	0	0.0	0
chr1	74835889	0	0	0.0	0
chr1	74920637	0	0	0.0	0
chr1	75505469	0	0	0.0	0
chr1	75535595	0	0	0.0	0
chr1	76044913	0	0	0.0	0
chr1	76072172	0	0	0.0	0
chr1	76084458	0	0	0.0	0
chr1	76114104	0	0	0.0	0
chr1	76198451	0	0	0.0	0
chr1	76247790	0	0	0.0	0
chr1	76301324	0	0	0.0	0
chr1	76592519	0	0	0.0	0
chr1	76627165	0	0	0.0	0
chr1	76700930	0	0	0.0	0
chr1	76768355	0	0	0.0	0
chr1	76779110	0	0	0.0	0
chr1	76961657	0	0	0.0	0
chr1	76976368	0	0	0.0	0
chr1	76981861	0	0	0.0	0
chr1	77011333	0	0	0.0	0
chr1	77047118	0	0	0.0	0
chr1	77063235	0	0	0.0	0
chr1	77084704	0	1	0.0227	0
chr1	77138532	0	0	0.0	0
chr1	77140345	0	0	0.0	0
chr1	77167535	0	0	0.0	0
chr1	77300664	0	0	0.0	0
chr1	77599045	0	0	0.0	0
chr1	77732350	0	0	0.0	0
chr1	78065387	0	0	0.0	0
chr1	78118729	0	0	0.0	0
chr1	78237164	0	0	0.0	0
chr1	78492751	0	0	0.0	0
chr1	78619557	0	0	0.0	0
chr1	78693345	0	0	0.0	0
chr1	78824847	0	0	0.0	0
chr1	78884822	0	0	0.0	0
chr1	78915399	0	0	0.0	0
chr1	79000616	0	0	0.0	0
chr1	79286261	0	0	0.0	0
chr1	79410625	0	0	0.0	0
chr1	79431132	0	0	0.0	0
chr1	79549112	0	0	0.0	0
chr1	79736753	0	1	0.0137	0
chr1	79874105	0	0	0.0	0
chr1	79883543	0	0	0.0	0
chr1	80051747	0	0	0.0	0
chr1	80086673	0	0	0.0	0
chr1	80194881	0	0	0.0	0
chr1	80307802	0	0	0.0	0
chr1	80440995	0	0	0.0	0
chr1	80470553	0	0	0.0	0
chr1	80645161	0	0	0.0	0
chr1	80824813	0	0	0.0	0
chr1	80850986	0	0	0.0	0
chr1	80909522	0	0	0.0	0
chr1	80912810	0	0	0.0	0
chr1	80973641	0	0	0.0	0
chr1	81315905	0	0	0.0	0
chr1	81344277	0	0	0.0	0
chr1	81392172	0	0	0.0	0
chr1	81502338	0	0	0.0	0
chr1	81517896	0	0	0.0	0
chr1	81618718	0	0	0.0	0
chr1	81637425	0	0	0.0	0
chr1	81715227	0	0	0.0	0
chr1	81744557	0	0	0.0	0
chr1	82046465	0	0	0.0	0
chr1	82349050	0	0	0.0	0
chr1	82446433	0	0	0.0	0
chr1	82621495	0	0	0.0	0
chr1	83054626	0	0	0.0	0
chr1	83068377	0	0	0.0	0
chr1	83078371	0	0	0.0	0
chr1	83153401	0	0	0.0	0
chr1	83168301	0	0	0.0	0
chr1	83221276	0	0	0.0	0
chr1	83307001	0	0	0.0	0
chr1	83413061	0	0	0.0	0
chr1	83591526	0	0	0.0	0
chr1	83719703	0	0	0.0	0
chr1	83806099	0	0	0.0	0
chr1	84143016	0	0	0.0	0
chr1	84153900	0	0	0.0	0
chr1	84224417	0	0	0.0	0
chr1	84325350	0	0	0.0	0
chr1	84433946	0	0	0.0	0
chr1	84475900	0	0	0.0	0
chr1	84481063	0	0	0.0	0
chr1	84708753	0	0	0.0	0
chr1	84766738	0	0	0.0	0
chr1	84881212	0	0	0.0	0
chr1	84883310	0	0	0.0	0
chr1	84915941	0	0	0.0	0
chr1	85124974	0	0	0.0	0
chr1	85303789	0	0	0.0	0
chr1	85308221	0	0	0.0	0
chr1	85456358	0	0	0.0	0
chr1	85479556	0	0	0.0	0
chr1	85551129	0	0	0.0	0
chr1	85557673	0	0	0.0	0
chr1	85619610	0	0	0.0	0
chr1	85659722	0	0	0.0	0
chr1	85823854	0	0	0.0	0
chr1	85914831	0	0	0.0	0
chr1	85938969	0	0	0.0	0
chr1	86139241	0	0	0.0	0
chr1	86325620	0	1	0.0294	0
chr1	86484642	0	0	0.0	0
chr1	86527303	0	0	0.0	0
chr1	86608961	0	0	0.0	0
chr1	86639306	0	0	0.0	0
chr1	86840541	0	0	0.0	0
chr1	86976378	0	0	0.0	0
chr1	87151193	0	0	0.0	0
chr1	87160635	0	0	0.0	0
chr1	87573172	0	0	0.0	0
chr1	87781310	0	0	0.0	0
chr1	88022079	0	0	0.0	0
chr1	88035706	0	0	0.0	0
chr1	88151367	0	0	0.0	0
chr1	88155980	0	0	0.0	0
chr1	88162657	0	0	0.0	0
chr1	88178200	0	0	0.0	0
chr1	88195669	0	0	0.0	0
chr1	88314417	0	0	0.0	0
chr1	88470569	0	0	0.0	0
chr1	88483122	0	0	0.0	0
chr1	88836591	0	0	0.0	0
chr1	88926089	0	0	0.0	0
chr1	89033874	0	0	0.0	0
chr1	89042616	0	0	0.0	0
chr1	89043809	0	0	0.0	0
chr1	89044382	0	0	0.0	0
chr1	89072167	0	0	0.0	0
chr1	89230079	0	0	0.0	0
chr1	89266552	0	0	0.0	0
chr1	89375068	0	1	0.0156	0
chr1	89387184	0	0	0.0	0
chr1	89405323	0	0	0.0	0
chr1	89447269	0	0	0.0	0
chr1	89507268	0	0	0.0	0
chr1	89557617	0	0	0.0	0
chr1	89558474	0	0	0.0	0
chr1	89561982	0	0	0.0	0
chr1	89727204	0	0	0.0	0
chr1	89788954	0	0	0.0	0
chr1	89804882	0	0	0.0	0
chr1	89833333	0	0	0.0	0
chr1	89859603	0	0	0.0	0
chr1	89895208	0	0	0.0	0
chr1	89974377	0	0	0.0	0
chr1	90156297	0	0	0.0	0
chr1	90236131	0	0	0.0	0
chr1	90247830	1	6	0.1071	1
chr1	90357978	0	0	0.0	0
chr1	90481248	0	0	0.0	0
chr1	90718589	0	0	0.0	0
chr1	90942732	0	0	0.0	0
chr1	91011930	0	0	0.0	0
chr1	91050479	0	0	0.0	0
chr1	91120505	0	0	0.0	0
chr1	91152467	0	0	0.0	0
chr1	91197966	0	0	0.0	0
chr1	91364498	0	0	0.0	0
chr1	91620316	0	0	0.0	0
chr1	91621752	0	0	0.0	0
chr1	91632401	0	0	0.0	0
chr1	91661356	0	1	0.0141	0
chr1	91869296	0	0	0.0	0
chr1	92096786	0	0	0.0	0
chr1	92218421	0	0	0.0	0
chr1	92388794	0	0	0.0	0
chr1	92411003	0	0	0.0	0
chr1	92670708	0	0	0.0	0
chr1	92691580	0	0	0.0	0
chr1	92708949	0	0	0.0	0
chr1	92768405	0	0	0.0	0
chr1	92950087	0	0	0.0	0
chr1	92995080	0	0	0.0	0
chr1	93016737	0	0	0.0	0
chr1	93275797	0	0	0.0	0
chr1	93474555	0	0	0.0	0
chr1	93526320	0	0	0.0	0
chr1	93566533	0	0	0.0	0
chr1	93588147	0	0	0.0	0
chr1	93628580	0	0	0.0	0
chr1	93757764	0	0	0.0	0
chr1	93849330	0	0	0.0	0
chr1	94026761	0	0	0.0	0
chr1	94042818	0	0	0.0	0
chr1	94103821	0	0	0.0	0
chr1	94213273	0	0	0.0	0
chr1	94399873	0	0	0.0	0
chr1	94439558	0	0	0.0	0
chr1	94575194	0	0	0.0	0
chr1	94606108	0	0	0.0	0
chr1	94667501	0	0	0.0	0
chr1	94671178	0	0	0.0	0
chr1	94735043	0	0	0.0	0
chr1	94742551	0	0	0.0	0
chr1	94774584	0	0	0.0	0
chr1	94916631	0	0	0.0	0
chr1	95008845	0	0	0.0	0
chr1	95231064	0	0	0.0	0
chr1	95232182	0	0	0.0	0
chr1	95252202	0	0	0.0	0
chr1	95300389	0	0	0.0	0
chr1	95348744	0	0	0.0	0
chr1	95389015	0	0	0.0	0
chr1	95483207	0	0	0.0	0
chr1	95491868	0	0	0.0	0
chr1	95525169	0	0	0.0	0
chr1	95548508	0	0	0.0	0
chr1	95763802	0	0	0.0	0
chr1	95840154	0	0	0.0	0
chr1	95915592	0	0	0.0	0
chr1	95988220	0	0	0.0	0
chr1	96148140	0	0	0.0	0
chr1	96204094	0	0	0.0	0
chr1	96211667	0	0	0.0	0
chr1	96336117	0	0	0.0	0
chr1	96545833	0	0	0.0	0
chr1	96612292	0	0	0.0	0
chr1	96674774	0	0	0.0	0
chr1	96676516	0	0	0.0	0
chr1	96966714	0	0	0.0	0
chr1	97421267	0	0	0.0	0
chr1	97496931	0	0	0.0	0
chr1	97896479	0	0	0.0	0
chr1	97933462	0	0	0.0	0
chr1	98125940	0	0	0.0	0
chr1	98215707	0	0	0.0	0
chr1	98546454	0	0	0.0	0
chr1	98619304	0	0	0.0	0
chr1	98643538	0	0	0.0	0
chr1	99003966	0	0	0.0	0
chr1	99105393	0	0	0.0	0
chr1	99164799	0	0	0.0	0
chr1	99650336	0	1	0.0476	0
chr1	99653906	0	0	0.0	0
chr1	99700636	0	0	0.0	0
chr1	99858581	0	0	0.0	0
chr1	100031909	0	0	0.0	0
chr1	100200758	0	0	0.0	0
chr1	100249722	0	0	0.0	0
chr1	100305075	0	0	0.0	0
chr1	100313605	0	0	0.0	0
chr1	100408800	0	0	0.0	0
chr1	100641564	0	0	0.0	0
chr1	100879779	0	0	0.0	0
chr1	100985349	0	0	0.0	0
chr1	101147504	0	0	0.0	0
chr1	101188548	0	0	0.0	0
chr1	101419570	0	0	0.0	0
chr1	101507007	0	0	0.0	0
chr1	101534867	0	0	0.0	0
chr1	101589212	0	0	0.0	0
chr1	102488798	0	0	0.0	0
chr1	102524420	0	0	0.0	0
chr1	102551693	0	0	0.0	0
chr1	102914483	0	0	0.0	0
chr1	103050884	0	0	0.0	0
chr1	103113901	0	0	0.0	0
chr1	103218069	0	0	0.0	0
chr1	103276035	0	0	0.0	0
chr1	103525956	0	0	0.0	0
chr1	104135901	0	0	0.0	0
chr1	104260132	0	0	0.0	0
chr1	104347293	0	0	0.0	0
chr1	104587227	0	0	0.0	0
chr1	104658754	0	0	0.0	0
chr1	104968409	0	0	0.0	0
chr1	105258781	0	0	0.0	0
chr1	105570148	0	0	0.0	0
chr1	105622986	0	0	0.0	0
chr1	105631243	0	1	0.0172	0
chr1	105801856	0	0	0.0	0
chr1	105935019	0	0	0.0	0
chr1	106195433	0	0	0.0	0
chr1	106527469	0	0	0.0	0
chr1	106875038	0	0	0.0	0
chr1	107105041	0	0	0.0	0
chr1	107600732	0	0	0.0	0
chr1	108228323	0	0	0.0	0
chr1	108308464	0	0	0.0	0
chr1	108331916	0	0	0.0	0
chr1	108385916	0	0	0.0	0
chr1	108466022	0	0	0.0	0
chr1	108471039	0	0	0.0	0
chr1	108720566	0	0	0.0	0
chr1	108786635	0	0	0.0	0
chr1	108817914	0	0	0.0	0
chr1	109114525	0	0	0.0	0
chr1	109168741	0	0	0.0	0
chr1	109323027	0	0	0.0	0
chr1	109364005	0	0	0.0	0
chr1	109389887	0	0	0.0	0
chr1	109430808	0	0	0.0	0
chr1	109454400	0	0	0.0	0
chr1	109501653	0	0	0.0	0
chr1	109562749	0	0	0.0	0
chr1	109620402	0	0	0.0	0
chr1	109769041	0	0	0.0	0
chr1	109819800	0	1	0.0141	0
chr1	109918775	0	0	0.0	0
chr1	110212076	0	0	0.0	0
chr1	110357941	0	0	0.0	0
chr1	110410586	0	0	0.0	0
chr1	110444148	0	0	0.0	0
chr1	110484874	0	0	0.0	0
chr1	110533310	0	0	0.0	0
chr1	110588089	0	0	0.0	0
chr1	110681772	0	0	0.0	0
chr1	111123003	0	0	0.0	0
chr1	111135780	0	0	0.0	0
chr1	111202979	0	0	0.0	0
chr1	111207090	0	0	0.0	0
chr1	111238333	0	0	0.0	0
chr1	111292132	0	0	0.0	0
chr1	111457238	0	0	0.0	0
chr1	111482819	0	0	0.0	0
chr1	111599742	0	0	0.0	0
chr1	111737632	0	0	0.0	0
chr1	111788690	0	0	0.0	0
chr1	111893823	0	0	0.0	0
chr1	111894497	0	0	0.0	0
chr1	112030729	0	0	0.0	0
chr1	112037862	0	0	0.0	0
chr1	112135855	0	0	0.0	0
chr1	112138146	0	0	0.0	0
chr1	112143005	0	0	0.0	0
chr1	112332620	0	0	0.0	0
chr1	112376282	0	0	0.0	0
chr1	112389183	0	0	0.0	0
chr1	112500032	0	0	0.0	0
chr1	112513857	0	0	0.0	0
chr1	112813066	0	0	0.0	0
chr1	112856088	0	0	0.0	0
chr1	112935383	0	1	0.0147	0
chr1	113194801	0	0	0.0	0
chr1	113206514	0	0	0.0	0
chr1	113218138	0	1	0.0233	0
chr1	113279576	0	0	0.0	0
chr1	113340166	0	0	0.0	0
chr1	113715060	0	0	0.0	0
chr1	113744278	0	0	0.0	0
chr1	113835878	0	0	0.0	0
chr1	114011081	0	0	0.0	0
chr1	114012453	0	0	0.0	0
chr1	114033060	0	0	0.0	0
chr1	114043906	0	0	0.0	0
chr1	114282292	0	0	0.0	0
chr1	114846589	0	0	0.0	0
chr1	114983767	0	0	0.0	0
chr1	115019312	0	0	0.0	0
chr1	115274062	0	0	0.0	0
chr1	115328775	0	0	0.0	0
chr1	115329878	0	0	0.0	0
chr1	115388615	0	0	0.0	0
chr1	115389132	0	0	0.0	0
chr1	115466745	0	0	0.0	0
chr1	115549099	0	0	0.0	0
chr1	115576151	0	0	0.0	0
chr1	115623419	0	0	0.0	0
chr1	115651406	0	0	0.0	0
chr1	115720665	0	0	0.0	0
chr1	115738446	0	0	0.0	0
chr1	115917727	0	0	0.0	0
chr1	116289961	0	0	0.0	0
chr1	116294188	0	0	0.0	0
chr1	116343664	0	0	0.0	0
chr1	116502405	0	0	0.0	0
chr1	116645736	0	0	0.0	0
chr1	116706795	0	0	0.0	0
chr1	116721245	0	0	0.0	0
chr1	116756829	0	0	0.0	0
chr1	116942350	0	0	0.0	0
chr1	116963222	0	0	0.0	0
chr1	116992612	0	0	0.0	0
chr1	117118032	0	0	0.0	0
chr1	117285673	1	3	0.0353	1
chr1	117329724	0	0	0.0	0
chr1	117533263	0	0	0.0	0
chr1	117585113	0	0	0.0	0
chr1	117633728	0	0	0.0	0
chr1	117637431	0	0	0.0	0
chr1	117653016	0	0	0.0	0
chr1	117685621	0	0	0.0	0
chr1	117708445	0	0	0.0	0
chr1	117744406	0	0	0.0	0
chr1	118128705	0	0	0.0	0
chr1	118148685	0	0	0.0	0
chr1	118210640	0	0	0.0	0
chr1	118218798	0	0	0.0	0
chr1	118233968	0	0	0.0	0
chr1	118268292	1	3	0.0455	1
chr1	118527258	0	0	0.0	0
chr1	118667715	0	0	0.0	0
chr1	118783574	0	0	0.0	0
chr1	118876428	0	0	0.0	0
chr1	118991008	0	0	0.0	0
chr1	118992110	0	0	0.0	0
chr1	119181656	0	0	0.0	0
chr1	119219144	0	0	0.0	0
chr1	119545137	0	0	0.0	0
chr1	119852776	0	0	0.0	0
chr1	119853575	0	0	0.0	0
chr1	119881025	0	0	0.0	0
chr1	120040795	0	0	0.0	0
chr1	120201037	0	0	0.0	0
chr1	120415923	0	0	0.0	0
chr1	120433819	0	0	0.0	0
chr1	120697337	0	0	0.0	0
chr1	120752835	0	0	0.0	0
chr1	120880142	0	0	0.0	0
chr1	120966450	0	0	0.0	0
chr1	121234485	0	0	0.0	0
chr1	121280640	0	0	0.0	0
chr1	121360471	0	0	0.0	0
chr1	121374119	0	0	0.0	0
chr1	121478306	0	0	0.0	0
chr1	121559827	0	0	0.0	0
chr1	124983005	0	0	0.0	0
chr1	124997567	0	0	0.0	0
chr1	124997909	0	0	0.0	0
chr1	125042834	0	0	0.0	0
chr1	125047753	0	0	0.0	0
chr1	143330418	0	0	0.0	0
chr1	143440069	0	0	0.0	0
chr1	143575422	0	0	0.0	0
chr1	143582584	0	0	0.0	0
chr1	143619556	0	0	0.0	0
chr1	143644732	0	0	0.0	0
chr1	143747706	0	0	0.0	0
chr1	144022107	0	0	0.0	0
chr1	144054586	0	0	0.0	0
chr1	144125445	0	0	0.0	0
chr1	144155991	0	0	0.0	0
chr1	144265681	0	0	0.0	0
chr1	144442839	0	0	0.0	0
chr1	144460743	0	0	0.0	0
chr1	144700696	0	0	0.0	0
chr1	144810393	0	0	0.0	0
chr1	144840022	0	0	0.0	0
chr1	144905927	0	0	0.0	0
chr1	144919587	0	0	0.0	0
chr1	144999345	0	0	0.0	0
chr1	145045856	0	0	0.0	0
chr1	145408006	0	0	0.0	0
chr1	145424676	0	0	0.0	0
chr1	145520020	0	0	0.0	0
chr1	145622058	0	0	0.0	0
chr1	145656015	0	0	0.0	0
chr1	145749469	0	0	0.0	0
chr1	145977908	0	0	0.0	0
chr1	146200177	0	0	0.0	0
chr1	146589645	0	0	0.0	0
chr1	146633718	0	0	0.0	0
chr1	146778426	0	0	0.0	0
chr1	146829109	0	0	0.0	0
chr1	146957425	0	0	0.0	0
chr1	147092935	0	0	0.0	0
chr1	147106802	0	0	0.0	0
chr1	147156760	0	0	0.0	0
chr1	147319528	0	0	0.0	0
chr1	147340781	0	0	0.0	0
chr1	147342076	0	0	0.0	0
chr1	147481623	0	0	0.0	0
chr1	147517514	0	0	0.0	0
chr1	147539985	0	0	0.0	0
chr1	147855140	0	0	0.0	0
chr1	147889353	0	0	0.0	0
chr1	147942443	0	0	0.0	0
chr1	147978706	0	0	0.0	0
chr1	148129731	0	0	0.0	0
chr1	148417698	0	0	0.0	0
chr1	148650897	0	0	0.0	0
chr1	148812477	0	0	0.0	0
chr1	149084851	0	0	0.0	0
chr1	149102629	0	0	0.0	0
chr1	149317761	0	0	0.0	0
chr1	149420131	0	0	0.0	0
chr1	149658187	0	0	0.0	0
chr1	149800575	0	0	0.0	0
chr1	149841120	0	0	0.0	0
chr1	149841426	0	0	0.0	0
chr1	149852387	0	0	0.0	0
chr1	149852692	0	0	0.0	0
chr1	149934898	0	0	0.0	0
chr1	150157477	0	1	0.0123	0
chr1	150208182	0	0	0.0	0
chr1	150267933	0	0	0.0	0
chr1	150527202	0	0	0.0	0
chr1	150667314	0	0	0.0	0
chr1	150845502	0	0	0.0	0
chr1	150877873	0	0	0.0	0
chr1	150925965	0	0	0.0	0
chr1	151058424	0	0	0.0	0
chr1	151138543	0	0	0.0	0
chr1	151161636	0	0	0.0	0
chr1	151169746	0	0	0.0	0
chr1	151465321	0	0	0.0	0
chr1	151696390	0	0	0.0	0
chr1	151702165	0	0	0.0	0
chr1	151845702	0	0	0.0	0
chr1	152001502	0	0	0.0	0
chr1	152012915	0	0	0.0	0
chr1	152404739	0	0	0.0	0
chr1	152478380	0	0	0.0	0
chr1	152495865	0	0	0.0	0
chr1	152505751	0	0	0.0	0
chr1	152531365	0	0	0.0	0
chr1	152544901	0	0	0.0	0
chr1	152646967	0	0	0.0	0
chr1	152796654	0	0	0.0	0
chr1	152806719	0	0	0.0	0
chr1	153107042	0	0	0.0	0
chr1	153309529	0	0	0.0	0
chr1	153439450	0	0	0.0	0
chr1	153505926	0	0	0.0	0
chr1	153667941	0	0	0.0	0
chr1	153779523	0	0	0.0	0
chr1	153853316	0	0	0.0	0
chr1	153968478	0	0	0.0	0
chr1	154102321	0	0	0.0	0
chr1	154326672	0	0	0.0	0
chr1	154421882	0	0	0.0	0
chr1	154447970	0	0	0.0	0
chr1	154468288	0	0	0.0	0
chr1	154476236	0	0	0.0	0
chr1	154489111	0	0	0.0	0
chr1	154529960	0	0	0.0	0
chr1	154661421	0	0	0.0	0
chr1	154663823	0	0	0.0	0
chr1	154680645	0	1	0.0217	0
chr1	154720666	0	0	0.0	0
chr1	154966397	1	3	0.0357	1
chr1	155011723	0	0	0.0	0
chr1	155014178	0	0	0.0	0
chr1	155065254	0	0	0.0	0
chr1	155080706	0	0	0.0	0
chr1	155115075	0	0	0.0	0
chr1	155148527	0	1	0.0127	0
chr1	155258112	0	0	0.0	0
chr1	155324043	0	0	0.0	0
chr1	155614810	0	0	0.0	0
chr1	155621290	0	0	0.0	0
chr1	155750673	0	0	0.0	0
chr1	156100524	0	0	0.0	0
chr1	156160954	0	0	0.0	0
chr1	156372758	0	0	0.0	0
chr1	156420122	0	0	0.0	0
chr1	156476078	0	1	0.0109	0
chr1	156485166	0	0	0.0	0
chr1	156531951	0	0	0.0	0
chr1	156596763	0	0	0.0	0
chr1	156609017	0	0	0.0	0
chr1	156621793	0	0	0.0	0
chr1	156732574	0	0	0.0	0
chr1	156805016	0	0	0.0	0
chr1	156840770	0	0	0.0	0
chr1	156938535	0	0	0.0	0
chr1	156961618	0	0	0.0	0
chr1	157025035	0	0	0.0	0
chr1	157176069	0	0	0.0	0
chr1	157226082	0	0	0.0	0
chr1	157294518	0	0	0.0	0
chr1	157309447	0	0	0.0	0
chr1	157376655	0	0	0.0	0
chr1	157460459	0	0	0.0	0
chr1	157485950	0	0	0.0	0
chr1	157496450	0	0	0.0	0
chr1	157524398	0	0	0.0	0
chr1	157560546	0	0	0.0	0
chr1	157573503	0	0	0.0	0
chr1	157695449	0	0	0.0	0
chr1	157802035	0	0	0.0	0
chr1	157918070	0	0	0.0	0
chr1	157990629	0	0	0.0	0
chr1	158009723	0	0	0.0	0
chr1	158022852	0	1	0.0213	0
chr1	158049547	0	0	0.0	0
chr1	158283908	0	0	0.0	0
chr1	158336951	0	0	0.0	0
chr1	158596898	0	0	0.0	0
chr1	158657097	0	0	0.0	0
chr1	158791869	0	0	0.0	0
chr1	159057021	0	0	0.0	0
chr1	159090936	0	0	0.0	0
chr1	159095949	0	0	0.0	0
chr1	159301739	0	0	0.0	0
chr1	159423031	0	0	0.0	0
chr1	159473050	0	0	0.0	0
chr1	159477798	0	0	0.0	0
chr1	159539082	0	0	0.0	0
chr1	159562507	0	0	0.0	0
chr1	159665661	0	0	0.0	0
chr1	159683521	0	0	0.0	0
chr1	159819777	0	0	0.0	0
chr1	159863487	0	0	0.0	0
chr1	159866773	0	0	0.0	0
chr1	159895218	0	0	0.0	0
chr1	160033726	0	0	0.0	0
chr1	160072010	0	0	0.0	0
chr1	160077391	0	0	0.0	0
chr1	160146976	0	0	0.0	0
chr1	160173882	0	0	0.0	0
chr1	160351430	0	0	0.0	0
chr1	160435781	0	0	0.0	0
chr1	160452713	0	0	0.0	0
chr1	160538974	0	0	0.0	0
chr1	160664701	0	0	0.0	0
chr1	160730410	0	0	0.0	0
chr1	160862596	0	0	0.0	0
chr1	161280696	0	0	0.0	0
chr1	161293853	0	0	0.0	0
chr1	161312775	0	0	0.0	0
chr1	161510079	0	0	0.0	0
chr1	161591403	0	0	0.0	0
chr1	161673234	0	0	0.0	0
chr1	161676059	0	0	0.0	0
chr1	161767705	0	0	0.0	0
chr1	161800767	0	0	0.0	0
chr1	161924341	0	0	0.0	0
chr1	161989235	0	0	0.0	0
chr1	162075582	0	0	0.0	0
chr1	162105637	0	0	0.0	0
chr1	162143102	0	0	0.0	0
chr1	162216812	0	0	0.0	0
chr1	162224943	0	0	0.0	0
chr1	162234116	0	0	0.0	0
chr1	162278802	0	0	0.0	0
chr1	162298674	0	0	0.0	0
chr1	162442833	0	0	0.0	0
chr1	162449037	0	0	0.0	0
chr1	162566557	0	0	0.0	0
chr1	162592834	0	0	0.0	0
chr1	162673344	0	0	0.0	0
chr1	162754399	0	0	0.0	0
chr1	162830157	0	0	0.0	0
chr1	162857493	0	1	0.0244	0
chr1	162937190	0	0	0.0	0
chr1	163050267	0	0	0.0	0
chr1	163052746	0	0	0.0	0
chr1	163071782	0	0	0.0	0
chr1	163112820	0	0	0.0	0
chr1	163132696	0	0	0.0	0
chr1	163190905	0	0	0.0	0
chr1	163199851	0	0	0.0	0
chr1	163396594	0	0	0.0	0
chr1	163541742	0	0	0.0	0
chr1	163820016	0	0	0.0	0
chr1	163881307	0	0	0.0	0
chr1	163888530	0	0	0.0	0
chr1	163977925	0	0	0.0	0
chr1	164126239	0	0	0.0	0
chr1	164171446	0	0	0.0	0
chr1	164263048	0	0	0.0	0
chr1	164342307	0	0	0.0	0
chr1	164401912	0	0	0.0	0
chr1	164599155	0	0	0.0	0
chr1	164667673	1	36	0.5143	1
chr1	164848046	0	0	0.0	0
chr1	164864392	0	0	0.0	0
chr1	164889751	0	0	0.0	0
chr1	164932838	0	0	0.0	0
chr1	165325556	0	0	0.0	0
chr1	165368271	0	0	0.0	0
chr1	165512726	0	0	0.0	0
chr1	165783289	0	0	0.0	0
chr1	165797606	0	0	0.0	0
chr1	165934870	0	0	0.0	0
chr1	165948504	0	0	0.0	0
chr1	165960192	0	0	0.0	0
chr1	166057856	0	0	0.0	0
chr1	166089346	0	0	0.0	0
chr1	166111202	0	0	0.0	0
chr1	166140701	0	0	0.0	0
chr1	166148808	0	0	0.0	0
chr1	166286590	0	0	0.0	0
chr1	166409772	0	0	0.0	0
chr1	166429320	0	0	0.0	0
chr1	166435756	0	0	0.0	0
chr1	166551755	0	0	0.0	0
chr1	166819698	0	0	0.0	0
chr1	166844613	0	0	0.0	0
chr1	166910522	0	0	0.0	0
chr1	166948966	0	0	0.0	0
chr1	167020486	0	0	0.0	0
chr1	167056009	0	0	0.0	0
chr1	167078670	0	0	0.0	0
chr1	167244370	0	0	0.0	0
chr1	167366032	0	0	0.0	0
chr1	167489221	0	0	0.0	0
chr1	167589262	0	0	0.0	0
chr1	167823650	0	0	0.0	0
chr1	167911600	0	1	0.0294	0
chr1	168083371	0	0	0.0	0
chr1	168327210	0	0	0.0	0
chr1	168394256	0	0	0.0	0
chr1	168455268	0	0	0.0	0
chr1	168462614	0	0	0.0	0
chr1	168599872	0	0	0.0	0
chr1	168854884	0	1	0.025	0
chr1	168978733	0	0	0.0	0
chr1	169017294	0	0	0.0	0
chr1	169061159	0	0	0.0	0
chr1	169181932	0	0	0.0	0
chr1	169199140	0	0	0.0	0
chr1	169356407	0	0	0.0	0
chr1	169487656	0	0	0.0	0
chr1	169904573	0	0	0.0	0
chr1	170027363	0	0	0.0	0
chr1	170120514	0	0	0.0	0
chr1	170131576	0	0	0.0	0
chr1	170249581	0	0	0.0	0
chr1	170369144	0	0	0.0	0
chr1	170426751	0	0	0.0	0
chr1	170464740	0	0	0.0	0
chr1	170614400	0	0	0.0	0
chr1	170732293	0	0	0.0	0
chr1	170736597	0	0	0.0	0
chr1	170913554	0	0	0.0	0
chr1	171055833	0	0	0.0	0
chr1	171222579	0	0	0.0	0
chr1	171262328	0	0	0.0	0
chr1	171304659	0	0	0.0	0
chr1	171359827	0	0	0.0	0
chr1	171420554	0	0	0.0	0
chr1	171430973	0	0	0.0	0
chr1	171804496	0	0	0.0	0
chr1	171919876	0	0	0.0	0
chr1	171943377	0	0	0.0	0
chr1	171989686	0	0	0.0	0
chr1	171995461	0	0	0.0	0
chr1	172025094	0	0	0.0	0
chr1	172187006	0	0	0.0	0
chr1	172425332	0	0	0.0	0
chr1	172443790	0	0	0.0	0
chr1	172456073	0	0	0.0	0
chr1	172466807	0	0	0.0	0
chr1	172681310	0	0	0.0	0
chr1	172733252	0	0	0.0	0
chr1	172821327	0	0	0.0	0
chr1	172893097	0	0	0.0	0
chr1	173100261	0	0	0.0	0
chr1	173148669	0	0	0.0	0
chr1	173185096	0	0	0.0	0
chr1	173218334	0	0	0.0	0
chr1	173439982	0	0	0.0	0
chr1	173449703	0	0	0.0	0
chr1	173460578	0	0	0.0	0
chr1	173640845	0	0	0.0	0
chr1	173675369	0	0	0.0	0
chr1	173718496	0	0	0.0	0
chr1	173963399	0	0	0.0	0
chr1	174000520	0	0	0.0	0
chr1	174124678	0	0	0.0	0
chr1	174172914	0	0	0.0	0
chr1	174194692	0	0	0.0	0
chr1	174334256	0	0	0.0	0
chr1	174361700	0	0	0.0	0
chr1	174529913	0	0	0.0	0
chr1	174538268	0	0	0.0	0
chr1	174711772	0	0	0.0	0
chr1	174732851	0	0	0.0	0
chr1	174733581	0	2	0.0299	0
chr1	174777424	0	0	0.0	0
chr1	174793454	0	0	0.0	0
chr1	174977167	0	0	0.0	0
chr1	175187997	0	0	0.0	0
chr1	175251111	0	1	0.0118	0
chr1	175267808	0	0	0.0	0
chr1	175466786	0	0	0.0	0
chr1	175598872	0	0	0.0	0
chr1	175638546	0	0	0.0	0
chr1	175691953	0	0	0.0	0
chr1	175794554	0	0	0.0	0
chr1	175826478	0	0	0.0	0
chr1	175831051	0	0	0.0	0
chr1	175843227	0	0	0.0	0
chr1	175847673	1	44	0.55	1
chr1	175885807	0	0	0.0	0
chr1	176207073	0	0	0.0	0
chr1	176229418	0	0	0.0	0
chr1	176242646	0	0	0.0	0
chr1	176262877	0	0	0.0	0
chr1	176340509	0	0	0.0	0
chr1	176476956	0	0	0.0	0
chr1	176503786	0	0	0.0	0
chr1	176558824	0	0	0.0	0
chr1	176707096	0	0	0.0	0
chr1	176714864	0	0	0.0	0
chr1	176872738	0	0	0.0	0
chr1	176878265	0	0	0.0	0
chr1	176885476	0	0	0.0	0
chr1	176953823	0	0	0.0	0
chr1	177049842	0	0	0.0	0
chr1	177064488	0	0	0.0	0
chr1	177085885	0	0	0.0	0
chr1	177095489	0	0	0.0	0
chr1	177142140	0	0	0.0	0
chr1	177181648	0	0	0.0	0
chr1	177221799	0	0	0.0	0
chr1	177251481	0	0	0.0	0
chr1	177269269	0	0	0.0	0
chr1	177359330	0	1	0.0149	0
chr1	177373820	0	0	0.0	0
chr1	177377701	0	0	0.0	0
chr1	177447246	0	0	0.0	0
chr1	177589366	0	0	0.0	0
chr1	177632489	0	0	0.0	0
chr1	177722177	0	0	0.0	0
chr1	177743981	0	0	0.0	0
chr1	177771183	0	0	0.0	0
chr1	177883798	0	0	0.0	0
chr1	177905960	0	0	0.0	0
chr1	177906344	0	0	0.0	0
chr1	178080575	0	0	0.0	0
chr1	178211794	0	0	0.0	0
chr1	178362404	0	0	0.0	0
chr1	178386993	0	0	0.0	0
chr1	178559910	0	1	0.0167	0
chr1	178717166	0	0	0.0	0
chr1	178782212	0	0	0.0	0
chr1	178806840	0	0	0.0	0
chr1	178913003	0	0	0.0	0
chr1	178969415	0	0	0.0	0
chr1	179015570	0	0	0.0	0
chr1	179087981	0	0	0.0	0
chr1	179109416	0	0	0.0	0
chr1	179201528	0	0	0.0	0
chr1	179416340	0	0	0.0	0
chr1	179526907	0	0	0.0	0
chr1	179637316	0	0	0.0	0
chr1	179821447	0	0	0.0	0
chr1	179854192	0	0	0.0	0
chr1	179932061	0	0	0.0	0
chr1	180117621	0	0	0.0	0
chr1	180128594	0	0	0.0	0
chr1	180185687	0	0	0.0	0
chr1	180334396	0	0	0.0	0
chr1	180434858	0	0	0.0	0
chr1	180597122	0	0	0.0	0
chr1	180778640	0	0	0.0	0
chr1	180844692	0	0	0.0	0
chr1	180941428	0	0	0.0	0
chr1	181121630	0	0	0.0	0
chr1	181169446	0	0	0.0	0
chr1	181171739	0	0	0.0	0
chr1	181176544	0	0	0.0	0
chr1	181298489	0	0	0.0	0
chr1	181378749	0	1	0.0145	0
chr1	181408940	0	0	0.0	0
chr1	181483081	0	0	0.0	0
chr1	181506422	0	0	0.0	0
chr1	181582976	0	0	0.0	0
chr1	181591847	0	0	0.0	0
chr1	181592855	0	0	0.0	0
chr1	181618686	0	0	0.0	0
chr1	181773657	0	0	0.0	0
chr1	181795122	0	0	0.0	0
chr1	181883070	0	0	0.0	0
chr1	181924253	0	0	0.0	0
chr1	181987232	0	0	0.0	0
chr1	182060568	0	0	0.0	0
chr1	182132523	0	0	0.0	0
chr1	182169213	0	0	0.0	0
chr1	182189311	0	0	0.0	0
chr1	182343973	0	0	0.0	0
chr1	182527614	0	0	0.0	0
chr1	182706250	0	0	0.0	0
chr1	182735888	0	0	0.0	0
chr1	182764420	0	1	0.0182	0
chr1	183087265	0	0	0.0	0
chr1	183088616	0	0	0.0	0
chr1	183108298	0	0	0.0	0
chr1	183181319	0	0	0.0	0
chr1	183227567	0	0	0.0	0
chr1	183395492	0	0	0.0	0
chr1	183593620	0	0	0.0	0
chr1	183692531	0	0	0.0	0
chr1	183696120	0	0	0.0	0
chr1	183719525	0	0	0.0	0
chr1	183745673	0	1	0.0139	0
chr1	183764933	0	0	0.0	0
chr1	183862622	0	0	0.0	0
chr1	183863253	0	0	0.0	0
chr1	183912239	0	0	0.0	0
chr1	184190915	0	0	0.0	0
chr1	184207184	0	0	0.0	0
chr1	184224665	0	0	0.0	0
chr1	184289653	0	0	0.0	0
chr1	184320952	0	0	0.0	0
chr1	184448875	0	0	0.0	0
chr1	184555246	0	0	0.0	0
chr1	184615254	0	0	0.0	0
chr1	184636017	0	0	0.0	0
chr1	184698742	0	0	0.0	0
chr1	184823536	0	0	0.0	0
chr1	184851998	0	0	0.0	0
chr1	184880051	0	0	0.0	0
chr1	185014328	0	0	0.0	0
chr1	185026498	0	0	0.0	0
chr1	185217106	0	0	0.0	0
chr1	185608797	0	0	0.0	0
chr1	185775086	0	0	0.0	0
chr1	185800107	0	0	0.0	0
chr1	185933554	0	1	0.0208	0
chr1	186086432	0	0	0.0	0
chr1	186204804	0	0	0.0	0
chr1	186219124	0	0	0.0	0
chr1	186438544	0	0	0.0	0
chr1	186644502	0	0	0.0	0
chr1	186744759	0	0	0.0	0
chr1	186746339	0	0	0.0	0
chr1	186757254	0	0	0.0	0
chr1	186946463	0	0	0.0	0
chr1	187044974	0	0	0.0	0
chr1	187397667	0	0	0.0	0
chr1	187442121	0	0	0.0	0
chr1	187468341	0	0	0.0	0
chr1	187499771	0	0	0.0	0
chr1	187808733	0	0	0.0	0
chr1	187969396	0	0	0.0	0
chr1	187979940	0	0	0.0	0
chr1	188025193	0	0	0.0	0
chr1	188041609	0	0	0.0	0
chr1	188088907	0	0	0.0	0
chr1	188142109	0	1	0.0303	0
chr1	188151784	0	0	0.0	0
chr1	188160590	0	0	0.0	0
chr1	188186286	0	0	0.0	0
chr1	188210389	0	0	0.0	0
chr1	188306850	0	0	0.0	0
chr1	188336726	0	0	0.0	0
chr1	188338652	0	0	0.0	0
chr1	188349702	0	0	0.0	0
chr1	188609923	0	0	0.0	0
chr1	188940824	0	0	0.0	0
chr1	189123678	0	1	0.0189	0
chr1	189272754	0	0	0.0	0
chr1	189330550	0	0	0.0	0
chr1	189358423	0	0	0.0	0
chr1	189540383	0	0	0.0	0
chr1	189628457	0	0	0.0	0
chr1	189826177	0	0	0.0	0
chr1	190418724	0	0	0.0	0
chr1	190635172	0	0	0.0	0
chr1	190926891	0	0	0.0	0
chr1	191024351	0	0	0.0	0
chr1	191065063	0	0	0.0	0
chr1	191193574	0	0	0.0	0
chr1	191235991	0	0	0.0	0
chr1	191297712	0	0	0.0	0
chr1	191324524	0	0	0.0	0
chr1	191344310	0	0	0.0	0
chr1	191616335	0	0	0.0	0
chr1	191657467	0	0	0.0	0
chr1	191674777	0	0	0.0	0
chr1	191804034	0	0	0.0	0
chr1	191912188	0	0	0.0	0
chr1	192105960	0	0	0.0	0
chr1	192340246	0	0	0.0	0
chr1	192347078	0	0	0.0	0
chr1	192448486	0	1	0.0164	0
chr1	192762377	0	0	0.0	0
chr1	192877164	0	0	0.0	0
chr1	192919406	0	0	0.0	0
chr1	192988303	0	0	0.0	0
chr1	193001725	0	0	0.0	0
chr1	193211111	0	0	0.0	0
chr1	193237037	0	1	0.0312	0
chr1	193404566	0	0	0.0	0
chr1	193456978	0	0	0.0	0
chr1	193472595	0	0	0.0	0
chr1	193586867	0	0	0.0	0
chr1	193645265	0	0	0.0	0
chr1	193779949	0	0	0.0	0
chr1	193956203	0	0	0.0	0
chr1	194184254	0	0	0.0	0
chr1	194370825	0	0	0.0	0
chr1	194408707	0	0	0.0	0
chr1	194432026	0	0	0.0	0
chr1	194509735	0	0	0.0	0
chr1	194622558	0	0	0.0	0
chr1	194819287	0	0	0.0	0
chr1	194878464	0	0	0.0	0
chr1	194917762	0	0	0.0	0
chr1	194974116	0	0	0.0	0
chr1	195053114	0	0	0.0	0
chr1	195094821	0	0	0.0	0
chr1	195310638	0	0	0.0	0
chr1	195491695	0	1	0.0238	0
chr1	195547049	0	0	0.0	0
chr1	195672175	0	0	0.0	0
chr1	195837548	0	0	0.0	0
chr1	196001413	0	0	0.0	0
chr1	196058739	0	0	0.0	0
chr1	196231239	0	0	0.0	0
chr1	196621786	0	0	0.0	0
chr1	196734127	0	0	0.0	0
chr1	196764154	0	0	0.0	0
chr1	196829534	0	0	0.0	0
chr1	197136300	0	0	0.0	0
chr1	197306959	0	0	0.0	0
chr1	197355409	0	0	0.0	0
chr1	197355901	0	0	0.0	0
chr1	197743772	0	0	0.0	0
chr1	197767917	0	0	0.0	0
chr1	197917991	0	0	0.0	0
chr1	198053374	0	0	0.0	0
chr1	198158842	0	0	0.0	0
chr1	198527004	0	0	0.0	0
chr1	198550494	0	0	0.0	0
chr1	198626741	0	1	0.0213	0
chr1	198643597	0	0	0.0	0
chr1	198696758	0	0	0.0	0
chr1	199172087	0	0	0.0	0
chr1	199208815	0	0	0.0	0
chr1	199573324	0	0	0.0	0
chr1	199677347	0	0	0.0	0
chr1	199751448	0	0	0.0	0
chr1	199778787	0	0	0.0	0
chr1	199981190	0	0	0.0	0
chr1	200081213	0	0	0.0	0
chr1	200129696	0	0	0.0	0
chr1	200207050	0	0	0.0	0
chr1	200262752	0	0	0.0	0
chr1	200339417	0	0	0.0	0
chr1	200493116	0	0	0.0	0
chr1	200580324	0	0	0.0	0
chr1	200617688	0	0	0.0	0
chr1	200637043	0	0	0.0	0
chr1	200671026	0	0	0.0	0
chr1	200811236	0	0	0.0	0
chr1	200837296	0	0	0.0	0
chr1	200932508	0	0	0.0	0
chr1	200976943	0	0	0.0	0
chr1	200993399	0	0	0.0	0
chr1	201089627	0	0	0.0	0
chr1	201124264	0	0	0.0	0
chr1	201126364	0	0	0.0	0
chr1	201196007	0	0	0.0	0
chr1	201258994	0	0	0.0	0
chr1	201268254	0	0	0.0	0
chr1	201299039	0	0	0.0	0
chr1	201321110	0	0	0.0	0
chr1	201469578	0	0	0.0	0
chr1	201476870	0	0	0.0	0
chr1	201505595	0	0	0.0	0
chr1	201584801	0	0	0.0	0
chr1	201594546	0	0	0.0	0
chr1	201602000	0	0	0.0	0
chr1	201604859	0	0	0.0	0
chr1	201629504	0	0	0.0	0
chr1	201629953	0	0	0.0	0
chr1	201633058	0	0	0.0	0
chr1	201678879	0	0	0.0	0
chr1	201712727	0	0	0.0	0
chr1	201718763	0	0	0.0	0
chr1	202038698	0	1	0.0143	0
chr1	202249556	0	0	0.0	0
chr1	202270792	0	0	0.0	0
chr1	202448658	0	0	0.0	0
chr1	202630291	0	0	0.0	0
chr1	202680433	0	0	0.0	0
chr1	202727464	0	1	0.0196	0
chr1	202842353	0	0	0.0	0
chr1	203017086	0	0	0.0	0
chr1	203132365	0	0	0.0	0
chr1	203137259	0	0	0.0	0
chr1	203183874	0	0	0.0	0
chr1	203244552	0	0	0.0	0
chr1	203326933	0	0	0.0	0
chr1	203461281	0	0	0.0	0
chr1	203515996	0	0	0.0	0
chr1	203569434	0	0	0.0	0
chr1	203578082	0	0	0.0	0
chr1	203596730	0	0	0.0	0
chr1	203639052	0	0	0.0	0
chr1	203723629	0	0	0.0	0
chr1	203779412	0	0	0.0	0
chr1	203994839	0	0	0.0	0
chr1	204013371	0	0	0.0	0
chr1	204056367	0	0	0.0	0
chr1	204083771	0	0	0.0	0
chr1	204118798	0	0	0.0	0
chr1	204129810	0	0	0.0	0
chr1	204355136	0	0	0.0	0
chr1	204360434	0	0	0.0	0
chr1	204403136	0	0	0.0	0
chr1	204404123	0	0	0.0	0
chr1	204416527	0	0	0.0	0
chr1	204683697	0	0	0.0	0
chr1	204701889	0	0	0.0	0
chr1	204772716	0	0	0.0	0
chr1	204915206	0	0	0.0	0
chr1	204920926	0	0	0.0	0
chr1	204948424	0	0	0.0	0
chr1	204986052	0	0	0.0	0
chr1	205028636	0	0	0.0	0
chr1	205049480	0	0	0.0	0
chr1	205091376	0	0	0.0	0
chr1	205239039	0	0	0.0	0
chr1	205292797	0	0	0.0	0
chr1	205322349	0	0	0.0	0
chr1	205373174	0	0	0.0	0
chr1	205398678	0	0	0.0	0
chr1	205444080	0	0	0.0	0
chr1	205464100	0	0	0.0	0
chr1	205569295	0	0	0.0	0
chr1	205706032	0	0	0.0	0
chr1	205793477	0	0	0.0	0
chr1	205802262	0	0	0.0	0
chr1	205879904	0	0	0.0	0
chr1	205880375	0	0	0.0	0
chr1	205891254	0	0	0.0	0
chr1	206035606	0	0	0.0	0
chr1	206119145	0	0	0.0	0
chr1	206253044	0	0	0.0	0
chr1	206299116	0	0	0.0	0
chr1	206379179	0	0	0.0	0
chr1	206392837	0	0	0.0	0
chr1	206412642	1	29	0.4754	1
chr1	206584057	0	0	0.0	0
chr1	206598166	0	0	0.0	0
chr1	206634689	0	0	0.0	0
chr1	206735099	0	0	0.0	0
chr1	206773171	0	0	0.0	0
chr1	206806306	0	0	0.0	0
chr1	206826378	0	0	0.0	0
chr1	206912033	0	0	0.0	0
chr1	206912907	0	0	0.0	0
chr1	206955859	0	0	0.0	0
chr1	206962377	0	0	0.0	0
chr1	206968630	0	0	0.0	0
chr1	206993495	0	0	0.0	0
chr1	207106533	0	0	0.0	0
chr1	207462398	0	0	0.0	0
chr1	207665147	0	0	0.0	0
chr1	207678632	0	0	0.0	0
chr1	207895793	0	0	0.0	0
chr1	207904408	0	0	0.0	0
chr1	208033447	0	0	0.0	0
chr1	208069075	0	0	0.0	0
chr1	208086640	0	0	0.0	0
chr1	208089987	0	0	0.0	0
chr1	208165146	0	0	0.0	0
chr1	208239537	0	0	0.0	0
chr1	208246525	0	0	0.0	0
chr1	208248367	0	0	0.0	0
chr1	208322822	0	0	0.0	0
chr1	208336064	0	0	0.0	0
chr1	208337515	0	0	0.0	0
chr1	208427193	0	0	0.0	0
chr1	208514029	0	0	0.0	0
chr1	208528257	0	0	0.0	0
chr1	208541000	0	0	0.0	0
chr1	208624554	0	0	0.0	0
chr1	208697111	0	0	0.0	0
chr1	208792513	0	0	0.0	0
chr1	208835792	0	0	0.0	0
chr1	208864456	0	0	0.0	0
chr1	208886524	0	0	0.0	0
chr1	209043006	0	0	0.0	0
chr1	209047796	0	0	0.0	0
chr1	209182813	0	0	0.0	0
chr1	209206267	0	0	0.0	0
chr1	209257228	0	0	0.0	0
chr1	209412667	0	0	0.0	0
chr1	209473298	0	0	0.0	0
chr1	209523963	0	0	0.0	0
chr1	209541271	0	0	0.0	0
chr1	209571045	0	0	0.0	0
chr1	209795205	0	0	0.0	0
chr1	209858657	0	0	0.0	0
chr1	209873485	0	0	0.0	0
chr1	209903016	0	0	0.0	0
chr1	210022780	0	0	0.0	0
chr1	210058709	0	0	0.0	0
chr1	210070020	0	0	0.0	0
chr1	210268186	0	0	0.0	0
chr1	210295820	0	0	0.0	0
chr1	210302647	0	0	0.0	0
chr1	210358908	0	0	0.0	0
chr1	210598245	0	0	0.0	0
chr1	210747266	0	0	0.0	0
chr1	211041465	0	0	0.0	0
chr1	211499450	0	0	0.0	0
chr1	211521128	0	0	0.0	0
chr1	211689017	0	0	0.0	0
chr1	211703116	0	0	0.0	0
chr1	211831514	0	0	0.0	0
chr1	211848186	0	0	0.0	0
chr1	212041484	0	1	0.0385	0
chr1	212497595	0	0	0.0	0
chr1	212615392	0	0	0.0	0
chr1	212640153	0	0	0.0	0
chr1	212640677	0	0	0.0	0
chr1	212843920	0	0	0.0	0
chr1	213394347	0	0	0.0	0
chr1	213553570	0	0	0.0	0
chr1	213679570	0	0	0.0	0
chr1	213696836	0	0	0.0	0
chr1	213712385	0	0	0.0	0
chr1	213772770	0	0	0.0	0
chr1	213869917	0	0	0.0	0
chr1	213905375	0	0	0.0	0
chr1	213906111	0	0	0.0	0
chr1	213906518	0	0	0.0	0
chr1	214099183	0	0	0.0	0
chr1	214140644	0	0	0.0	0
chr1	214198084	0	0	0.0	0
chr1	214306513	0	0	0.0	0
chr1	214400287	0	0	0.0	0
chr1	214434334	0	0	0.0	0
chr1	214658041	0	0	0.0	0
chr1	214855465	0	0	0.0	0
chr1	214939844	0	0	0.0	0
chr1	215096417	0	0	0.0	0
chr1	215118034	0	0	0.0	0
chr1	215181599	0	0	0.0	0
chr1	215325401	0	0	0.0	0
chr1	215389416	0	0	0.0	0
chr1	215691533	0	0	0.0	0
chr1	215809978	0	0	0.0	0
chr1	215917854	0	0	0.0	0
chr1	215982336	0	0	0.0	0
chr1	216001373	0	0	0.0	0
chr1	216023246	0	0	0.0	0
chr1	216228452	0	0	0.0	0
chr1	216242508	0	0	0.0	0
chr1	216285528	0	0	0.0	0
chr1	216378145	0	0	0.0	0
chr1	216514883	0	0	0.0	0
chr1	216519403	0	0	0.0	0
chr1	216711533	0	0	0.0	0
chr1	216730259	0	0	0.0	0
chr1	216775888	0	0	0.0	0
chr1	216777627	0	0	0.0	0
chr1	216841381	0	0	0.0	0
chr1	216941051	0	0	0.0	0
chr1	217105866	0	0	0.0	0
chr1	217179030	0	0	0.0	0
chr1	217248208	0	0	0.0	0
chr1	217260965	0	0	0.0	0
chr1	217321909	0	0	0.0	0
chr1	217373114	0	0	0.0	0
chr1	217379958	0	0	0.0	0
chr1	217580934	0	0	0.0	0
chr1	217655529	0	0	0.0	0
chr1	217677531	0	0	0.0	0
chr1	217826262	0	0	0.0	0
chr1	217881803	0	0	0.0	0
chr1	217969725	0	0	0.0	0
chr1	218105982	0	1	0.0167	0
chr1	218203098	0	0	0.0	0
chr1	218217100	0	0	0.0	0
chr1	218340080	0	0	0.0	0
chr1	218342856	0	0	0.0	0
chr1	218442655	1	9	0.1667	1
chr1	218448374	0	0	0.0	0
chr1	218733652	0	0	0.0	0
chr1	218753499	0	0	0.0	0
chr1	219078508	0	0	0.0	0
chr1	219081889	0	0	0.0	0
chr1	219100822	0	0	0.0	0
chr1	219147509	0	0	0.0	0
chr1	219294350	0	0	0.0	0
chr1	219409763	0	0	0.0	0
chr1	219697369	0	0	0.0	0
chr1	219723580	0	0	0.0	0
chr1	219746332	0	0	0.0	0
chr1	219817408	0	0	0.0	0
chr1	220112056	0	0	0.0	0
chr1	220364911	0	0	0.0	0
chr1	220745173	0	0	0.0	0
chr1	220781912	0	0	0.0	0
chr1	220843389	0	0	0.0	0
chr1	220864660	0	0	0.0	0
chr1	221012303	0	0	0.0	0
chr1	221023635	0	0	0.0	0
chr1	221026629	0	0	0.0	0
chr1	221073409	0	0	0.0	0
chr1	221334093	0	0	0.0	0
chr1	221356887	0	0	0.0	0
chr1	221419291	0	0	0.0	0
chr1	221512277	0	0	0.0	0
chr1	221603003	1	37	0.5286	1
chr1	221905261	0	1	0.0169	0
chr1	221952595	0	0	0.0	0
chr1	222028562	0	0	0.0	0
chr1	222113918	0	1	0.0233	0
chr1	222188139	0	0	0.0	0
chr1	222212694	0	0	0.0	0
chr1	222548348	0	0	0.0	0
chr1	222839483	0	0	0.0	0
chr1	222967075	0	0	0.0	0
chr1	222972955	0	0	0.0	0
chr1	222994283	0	0	0.0	0
chr1	223011763	0	0	0.0	0
chr1	223042165	0	0	0.0	0
chr1	223208286	0	0	0.0	0
chr1	223240455	0	0	0.0	0
chr1	223276478	0	0	0.0	0
chr1	223292555	0	0	0.0	0
chr1	223464183	0	0	0.0	0
chr1	223669724	0	0	0.0	0
chr1	223731867	0	0	0.0	0
chr1	223919315	0	0	0.0	0
chr1	224138389	0	0	0.0	0
chr1	224265743	0	0	0.0	0
chr1	224352779	0	0	0.0	0
chr1	224396389	0	0	0.0	0
chr1	224552007	0	0	0.0	0
chr1	224702355	0	0	0.0	0
chr1	224844006	0	0	0.0	0
chr1	224878583	0	0	0.0	0
chr1	224928986	0	1	0.0192	0
chr1	224953738	0	0	0.0	0
chr1	225081990	0	0	0.0	0
chr1	225210303	0	0	0.0	0
chr1	225217187	0	0	0.0	0
chr1	225271807	0	0	0.0	0
chr1	225352871	0	0	0.0	0
chr1	225597230	0	0	0.0	0
chr1	225605674	0	0	0.0	0
chr1	225722190	0	0	0.0	0
chr1	225831856	0	0	0.0	0
chr1	225844698	0	0	0.0	0
chr1	225878155	0	0	0.0	0
chr1	226005926	0	0	0.0	0
chr1	226019927	0	0	0.0	0
chr1	226404328	0	0	0.0	0
chr1	226414465	0	0	0.0	0
chr1	226455384	0	0	0.0	0
chr1	226635667	0	0	0.0	0
chr1	226644691	0	0	0.0	0
chr1	226652750	0	0	0.0	0
chr1	226779049	0	0	0.0	0
chr1	226809888	0	0	0.0	0
chr1	226877923	0	0	0.0	0
chr1	226904157	0	0	0.0	0
chr1	227102444	0	0	0.0	0
chr1	227210639	0	0	0.0	0
chr1	227255555	0	0	0.0	0
chr1	227392047	0	0	0.0	0
chr1	227474190	0	0	0.0	0
chr1	227663650	0	0	0.0	0
chr1	227699922	0	0	0.0	0
chr1	227701593	0	0	0.0	0
chr1	227721961	0	0	0.0	0
chr1	227879804	0	2	0.0286	0
chr1	227904780	0	0	0.0	0
chr1	228037048	0	0	0.0	0
chr1	228050485	0	0	0.0	0
chr1	228064338	0	0	0.0	0
chr1	228144876	0	0	0.0	0
chr1	228160994	0	0	0.0	0
chr1	228162669	0	0	0.0	0
chr1	228207618	0	0	0.0	0
chr1	228207785	0	0	0.0	0
chr1	228220149	0	0	0.0	0
chr1	228294539	0	0	0.0	0
chr1	228307866	0	0	0.0	0
chr1	228311291	0	0	0.0	0
chr1	228337560	0	0	0.0	0
chr1	228375952	0	0	0.0	0
chr1	228424342	0	0	0.0	0
chr1	228445794	0	0	0.0	0
chr1	228850900	0	0	0.0	0
chr1	228876137	0	0	0.0	0
chr1	228930757	0	0	0.0	0
chr1	228992171	0	0	0.0	0
chr1	229286078	0	0	0.0	0
chr1	229302362	0	0	0.0	0
chr1	229335071	0	0	0.0	0
chr1	229510093	0	0	0.0	0
chr1	229782480	0	0	0.0	0
chr1	229810219	0	0	0.0	0
chr1	229896431	0	0	0.0	0
chr1	230016954	0	0	0.0	0
chr1	230141246	0	0	0.0	0
chr1	230143264	0	0	0.0	0
chr1	230160087	0	0	0.0	0
chr1	230398904	0	0	0.0	0
chr1	230464517	0	0	0.0	0
chr1	230541975	0	0	0.0	0
chr1	230584293	1	4	0.0588	1
chr1	230703169	0	0	0.0	0
chr1	230706329	0	1	0.0152	0
chr1	230811753	0	0	0.0	0
chr1	230835736	0	0	0.0	0
chr1	231095965	0	0	0.0	0
chr1	231099660	0	0	0.0	0
chr1	231211160	0	0	0.0	0
chr1	231221326	0	0	0.0	0
chr1	231252227	0	0	0.0	0
chr1	231299421	0	0	0.0	0
chr1	231302463	0	0	0.0	0
chr1	231352151	0	1	0.0278	0
chr1	231429639	0	0	0.0	0
chr1	231752953	0	1	0.0143	0
chr1	231769976	0	0	0.0	0
chr1	231816678	0	0	0.0	0
chr1	231851388	0	0	0.0	0
chr1	232049577	0	0	0.0	0
chr1	232084935	0	0	0.0	0
chr1	232149757	0	0	0.0	0
chr1	232299752	0	0	0.0	0
chr1	232359721	0	0	0.0	0
chr1	232486012	0	0	0.0	0
chr1	232502961	0	0	0.0	0
chr1	232561696	0	0	0.0	0
chr1	232593618	0	1	0.0189	0
chr1	232615465	0	0	0.0	0
chr1	232847422	0	0	0.0	0
chr1	232939272	0	0	0.0	0
chr1	232946225	0	0	0.0	0
chr1	233001824	0	0	0.0	0
chr1	233016330	0	0	0.0	0
chr1	233127278	0	0	0.0	0
chr1	233147156	0	0	0.0	0
chr1	233226025	0	0	0.0	0
chr1	233358226	0	0	0.0	0
chr1	233518874	0	0	0.0	0
chr1	233636877	0	0	0.0	0
chr1	233678102	0	0	0.0	0
chr1	233806473	0	0	0.0	0
chr1	233836030	0	0	0.0	0
chr1	233884579	0	0	0.0	0
chr1	233885712	0	0	0.0	0
chr1	233972186	0	0	0.0	0
chr1	234070801	0	0	0.0	0
chr1	234401474	0	0	0.0	0
chr1	234498420	0	0	0.0	0
chr1	234508993	0	0	0.0	0
chr1	234587034	0	0	0.0	0
chr1	234617731	0	0	0.0	0
chr1	234671479	0	0	0.0	0
chr1	234718807	0	0	0.0	0
chr1	234735436	0	0	0.0	0
chr1	234819830	0	0	0.0	0
chr1	234888772	0	0	0.0	0
chr1	234963682	0	0	0.0	0
chr1	234981457	0	1	0.0175	0
chr1	235018654	0	0	0.0	0
chr1	235073551	0	0	0.0	0
chr1	235160449	0	0	0.0	0
chr1	235188433	0	0	0.0	0
chr1	235260715	0	0	0.0	0
chr1	235310796	0	0	0.0	0
chr1	235503865	0	0	0.0	0
chr1	235549599	0	0	0.0	0
chr1	235580287	0	0	0.0	0
chr1	235694316	0	0	0.0	0
chr1	235757432	0	0	0.0	0
chr1	235916196	0	0	0.0	0
chr1	236009963	0	0	0.0	0
chr1	236082105	0	0	0.0	0
chr1	236117765	0	0	0.0	0
chr1	236460009	0	0	0.0	0
chr1	236469154	0	0	0.0	0
chr1	236636274	0	0	0.0	0
chr1	236716143	0	0	0.0	0
chr1	236736289	0	0	0.0	0
chr1	236766295	0	0	0.0	0
chr1	236801673	0	0	0.0	0
chr1	237089839	0	0	0.0	0
chr1	237169558	1	39	0.4815	1
chr1	237175989	0	0	0.0	0
chr1	237264963	0	0	0.0	0
chr1	237309643	0	0	0.0	0
chr1	237324913	0	0	0.0	0
chr1	237595336	0	0	0.0	0
chr1	237679240	0	0	0.0	0
chr1	237838669	2	53	0.9815	1
chr1	237843340	0	0	0.0	0
chr1	237920389	0	0	0.0	0
chr1	238123010	0	0	0.0	0
chr1	238372953	0	0	0.0	0
chr1	238595670	0	0	0.0	0
chr1	238648493	0	0	0.0	0
chr1	238678213	0	0	0.0	0
chr1	239090404	0	0	0.0	0
chr1	239116178	0	0	0.0	0
chr1	239242929	0	0	0.0	0
chr1	239324745	0	0	0.0	0
chr1	239494593	0	0	0.0	0
chr1	239636694	0	0	0.0	0
chr1	239793097	0	0	0.0	0
chr1	239793260	0	0	0.0	0
chr1	239815738	0	0	0.0	0
chr1	239868982	0	0	0.0	0
chr1	239872126	0	0	0.0	0
chr1	239875995	0	0	0.0	0
chr1	239981865	0	0	0.0	0
chr1	240112225	0	0	0.0	0
chr1	240145207	0	0	0.0	0
chr1	240189397	0	0	0.0	0
chr1	240254494	0	0	0.0	0
chr1	240420682	0	0	0.0	0
chr1	240439400	0	0	0.0	0
chr1	240633559	0	0	0.0	0
chr1	240634621	0	0	0.0	0
chr1	240690852	0	0	0.0	0
chr1	240715313	0	0	0.0	0
chr1	241137657	0	0	0.0	0
chr1	241297314	0	0	0.0	0
chr1	241430271	0	0	0.0	0
chr1	241430820	0	0	0.0	0
chr1	241707718	0	0	0.0	0
chr1	241832364	0	0	0.0	0
chr1	241889373	0	0	0.0	0
chr1	241971791	0	0	0.0	0
chr1	241992544	0	0	0.0	0
chr1	242232057	0	0	0.0	0
chr1	242718962	0	0	0.0	0
chr1	242745097	0	0	0.0	0
chr1	242912208	0	0	0.0	0
chr1	243022063	0	0	0.0	0
chr1	243323254	0	0	0.0	0
chr1	243328163	0	0	0.0	0
chr1	243520112	0	0	0.0	0
chr1	243897942	0	0	0.0	0
chr1	243907400	0	0	0.0	0
chr1	244008236	0	0	0.0	0
chr1	244010320	0	0	0.0	0
chr1	244112639	0	0	0.0	0
chr1	244142227	0	0	0.0	0
chr1	244187489	0	0	0.0	0
chr1	244230794	0	0	0.0	0
chr1	244244335	0	0	0.0	0
chr1	244432757	0	0	0.0	0
chr1	244434630	0	0	0.0	0
chr1	244477940	0	1	0.0233	0
chr1	244486526	0	0	0.0	0
chr1	244705734	0	0	0.0	0
chr1	244814332	0	0	0.0	0
chr1	244834861	0	0	0.0	0
chr1	244860614	0	0	0.0	0
chr1	244862993	0	0	0.0	0
chr1	245122303	0	0	0.0	0
chr1	245154405	0	0	0.0	0
chr1	245180715	0	0	0.0	0
chr1	245184398	0	0	0.0	0
chr1	245290115	0	0	0.0	0
chr1	245333666	0	0	0.0	0
chr1	245466001	0	0	0.0	0
chr1	245483636	0	0	0.0	0
chr1	245555543	0	0	0.0	0
chr1	245685238	0	0	0.0	0
chr1	245922791	0	0	0.0	0
chr1	246009987	1	14	0.8235	1
chr1	246081863	0	0	0.0	0
chr1	246109424	0	0	0.0	0
chr1	246216262	2	11	0.275	1
chr1	246314579	0	0	0.0	0
chr1	246482512	0	0	0.0	0
chr1	246523509	0	0	0.0	0
chr1	246539324	0	0	0.0	0
chr1	246552577	0	0	0.0	0
chr1	246702072	0	0	0.0	0
chr1	246811792	0	0	0.0	0
chr1	246951247	0	0	0.0	0
chr1	247247083	0	1	0.0278	0
chr1	247435638	0	0	0.0	0
chr1	247491507	0	0	0.0	0
chr1	247531285	0	0	0.0	0
chr1	247532128	0	0	0.0	0
chr1	247551540	0	0	0.0	0
chr1	247635021	0	0	0.0	0
chr1	247782778	1	33	0.4521	1
chr1	247867931	0	0	0.0	0
chr1	247869844	0	0	0.0	0
chr1	248002782	0	0	0.0	0
chr1	248053932	0	0	0.0	0
chr1	248103650	0	0	0.0	0
chr1	248189794	0	0	0.0	0
chr1	248370217	0	0	0.0	0
chr1	248487216	0	0	0.0	0
chr1	248513179	0	0	0.0	0
chr1	248534884	0	0	0.0	0
chr1	248560868	0	0	0.0	0
chr1	248711903	0	0	0.0	0
chr1	248814482	0	0	0.0	0
chr1	248854921	0	0	0.0	0
chr10	25892	0	0	0.0	0
chr10	278427	1	28	0.9655	1
chr10	313682	0	0	0.0	0
chr10	380929	0	0	0.0	0
chr10	383032	0	0	0.0	0
chr10	517845	0	0	0.0	0
chr10	571775	0	0	0.0	0
chr10	629526	0	0	0.0	0
chr10	653843	0	0	0.0	0
chr10	813535	0	0	0.0	0
chr10	968576	1	27	0.3506	1
chr10	1011616	0	0	0.0	0
chr10	1057576	0	0	0.0	0
chr10	1150921	0	0	0.0	0
chr10	1159537	0	0	0.0	0
chr10	1250092	0	0	0.0	0
chr10	1355392	0	0	0.0	0
chr10	1422872	0	0	0.0	0
chr10	1572946	0	0	0.0	0
chr10	1656346	0	0	0.0	0
chr10	1864727	0	0	0.0	0
chr10	1877395	0	0	0.0	0
chr10	2048328	0	0	0.0	0
chr10	2070689	0	0	0.0	0
chr10	2100765	0	0	0.0	0
chr10	2207738	0	0	0.0	0
chr10	2336039	0	0	0.0	0
chr10	2360651	2	59	0.8939	1
chr10	2602559	0	0	0.0	0
chr10	2623339	0	0	0.0	0
chr10	2778332	0	0	0.0	0
chr10	2791527	0	0	0.0	0
chr10	2804578	0	0	0.0	0
chr10	2830124	0	0	0.0	0
chr10	2999601	0	0	0.0	0
chr10	3109040	0	0	0.0	0
chr10	3118714	0	0	0.0	0
chr10	3303965	0	0	0.0	0
chr10	3680622	0	0	0.0	0
chr10	3793475	0	0	0.0	0
chr10	3845563	0	0	0.0	0
chr10	3856772	0	0	0.0	0
chr10	4075302	0	0	0.0	0
chr10	4103574	0	0	0.0	0
chr10	4169638	0	0	0.0	0
chr10	4183492	0	0	0.0	0
chr10	4307211	0	0	0.0	0
chr10	4416650	0	0	0.0	0
chr10	4456265	0	0	0.0	0
chr10	4524014	0	0	0.0	0
chr10	4632389	0	0	0.0	0
chr10	4637907	0	0	0.0	0
chr10	5230178	0	0	0.0	0
chr10	5309785	0	0	0.0	0
chr10	5596341	0	0	0.0	0
chr10	5752532	0	0	0.0	0
chr10	5768724	0	0	0.0	0
chr10	5862865	0	0	0.0	0
chr10	6177143	0	0	0.0	0
chr10	6448814	0	0	0.0	0
chr10	6467861	0	0	0.0	0
chr10	6520117	0	0	0.0	0
chr10	6604332	0	0	0.0	0
chr10	6778649	0	0	0.0	0
chr10	6840555	0	0	0.0	0
chr10	6886074	0	0	0.0	0
chr10	6958482	0	0	0.0	0
chr10	7001494	0	0	0.0	0
chr10	7194053	0	0	0.0	0
chr10	7288132	0	0	0.0	0
chr10	7329537	0	0	0.0	0
chr10	7352367	0	0	0.0	0
chr10	7365296	0	0	0.0	0
chr10	7398256	0	0	0.0	0
chr10	7410458	0	0	0.0	0
chr10	7418376	0	0	0.0	0
chr10	7498229	0	0	0.0	0
chr10	7584925	0	0	0.0	0
chr10	7617663	0	0	0.0	0
chr10	7621857	0	0	0.0	0
chr10	7744311	0	0	0.0	0
chr10	7745153	0	0	0.0	0
chr10	7783538	0	0	0.0	0
chr10	7865098	0	0	0.0	0
chr10	7951637	0	0	0.0	0
chr10	8371087	0	0	0.0	0
chr10	8656756	0	0	0.0	0
chr10	8878883	0	0	0.0	0
chr10	8898074	0	0	0.0	0
chr10	9265191	0	0	0.0	0
chr10	9273222	0	0	0.0	0
chr10	9343373	0	0	0.0	0
chr10	9348993	0	0	0.0	0
chr10	9437369	0	0	0.0	0
chr10	9665612	0	0	0.0	0
chr10	9803045	0	0	0.0	0
chr10	9903389	0	0	0.0	0
chr10	10022637	0	0	0.0	0
chr10	10145590	0	2	0.0274	0
chr10	10190262	0	0	0.0	0
chr10	10304271	0	0	0.0	0
chr10	10309366	0	0	0.0	0
chr10	10706911	0	1	0.0175	0
chr10	10967442	0	0	0.0	0
chr10	11004247	0	0	0.0	0
chr10	11009383	0	0	0.0	0
chr10	11069663	0	0	0.0	0
chr10	11121078	0	0	0.0	0
chr10	11122224	0	0	0.0	0
chr10	11141759	0	0	0.0	0
chr10	11233869	0	0	0.0	0
chr10	11275313	0	0	0.0	0
chr10	11327595	0	0	0.0	0
chr10	11476438	0	0	0.0	0
chr10	11496911	0	0	0.0	0
chr10	11583344	0	0	0.0	0
chr10	11600119	0	0	0.0	0
chr10	11626223	0	1	0.0179	0
chr10	11712839	0	0	0.0	0
chr10	11801978	0	0	0.0	0
chr10	11810084	0	0	0.0	0
chr10	11813766	0	0	0.0	0
chr10	11857502	0	0	0.0	0
chr10	11896718	0	0	0.0	0
chr10	12019130	0	0	0.0	0
chr10	12078539	0	0	0.0	0
chr10	12251314	0	0	0.0	0
chr10	12360464	0	0	0.0	0
chr10	12561589	0	0	0.0	0
chr10	12611884	0	0	0.0	0
chr10	12629784	0	0	0.0	0
chr10	12649715	0	0	0.0	0
chr10	12721859	0	0	0.0	0
chr10	12834171	0	0	0.0	0
chr10	12918981	0	1	0.0161	0
chr10	12983035	0	0	0.0	0
chr10	12983544	0	0	0.0	0
chr10	13020614	0	0	0.0	0
chr10	13150946	0	0	0.0	0
chr10	13161222	0	0	0.0	0
chr10	13197009	0	0	0.0	0
chr10	13211717	0	0	0.0	0
chr10	13274503	0	0	0.0	0
chr10	13309320	0	0	0.0	0
chr10	13334810	0	0	0.0	0
chr10	13462785	0	0	0.0	0
chr10	13553587	0	0	0.0	0
chr10	13687477	0	0	0.0	0
chr10	13725309	0	0	0.0	0
chr10	13734102	0	0	0.0	0
chr10	13750530	0	0	0.0	0
chr10	13756626	0	0	0.0	0
chr10	13791149	0	0	0.0	0
chr10	13791861	0	0	0.0	0
chr10	13797389	0	0	0.0	0
chr10	13827101	0	0	0.0	0
chr10	13929321	0	0	0.0	0
chr10	13991529	0	0	0.0	0
chr10	13998317	0	0	0.0	0
chr10	14015966	0	0	0.0	0
chr10	14058764	0	0	0.0	0
chr10	14214582	0	0	0.0	0
chr10	14285525	0	0	0.0	0
chr10	14312916	0	0	0.0	0
chr10	14316055	0	0	0.0	0
chr10	14496607	0	0	0.0	0
chr10	14660979	0	0	0.0	0
chr10	14758684	0	0	0.0	0
chr10	14825217	0	0	0.0	0
chr10	14917218	0	0	0.0	0
chr10	14926627	0	0	0.0	0
chr10	15085313	0	0	0.0	0
chr10	15107232	0	0	0.0	0
chr10	15241457	0	0	0.0	0
chr10	15358682	0	0	0.0	0
chr10	15391810	0	0	0.0	0
chr10	15426436	0	0	0.0	0
chr10	15517282	0	0	0.0	0
chr10	15749322	0	0	0.0	0
chr10	16033860	0	0	0.0	0
chr10	16406139	0	0	0.0	0
chr10	16498860	0	0	0.0	0
chr10	16516821	0	0	0.0	0
chr10	16734993	0	0	0.0	0
chr10	16770135	0	0	0.0	0
chr10	16877828	0	0	0.0	0
chr10	17151348	0	0	0.0	0
chr10	17258684	0	0	0.0	0
chr10	17314811	0	0	0.0	0
chr10	17327669	0	0	0.0	0
chr10	17454755	0	0	0.0	0
chr10	17713031	0	0	0.0	0
chr10	17714547	0	0	0.0	0
chr10	17913674	0	0	0.0	0
chr10	17943410	0	0	0.0	0
chr10	17956662	0	0	0.0	0
chr10	17963426	0	0	0.0	0
chr10	18102444	0	0	0.0	0
chr10	18323604	0	0	0.0	0
chr10	18362963	0	0	0.0	0
chr10	18564152	0	0	0.0	0
chr10	18566698	0	0	0.0	0
chr10	18571845	0	0	0.0	0
chr10	18595191	0	0	0.0	0
chr10	18619566	0	0	0.0	0
chr10	18656256	0	0	0.0	0
chr10	18717102	0	0	0.0	0
chr10	18809776	0	0	0.0	0
chr10	18935664	0	0	0.0	0
chr10	19231268	0	0	0.0	0
chr10	19374709	0	0	0.0	0
chr10	19509919	0	1	0.02	0
chr10	19648585	0	0	0.0	0
chr10	19653924	0	0	0.0	0
chr10	19756776	0	0	0.0	0
chr10	19827792	0	0	0.0	0
chr10	20106137	0	0	0.0	0
chr10	20141264	0	0	0.0	0
chr10	20147464	0	0	0.0	0
chr10	20183733	0	0	0.0	0
chr10	20253951	0	0	0.0	0
chr10	20296692	0	0	0.0	0
chr10	20350902	0	0	0.0	0
chr10	20411877	0	0	0.0	0
chr10	20597539	0	0	0.0	0
chr10	21058343	0	0	0.0	0
chr10	21119226	0	1	0.0244	0
chr10	21162872	0	0	0.0	0
chr10	21166606	0	0	0.0	0
chr10	21277443	0	0	0.0	0
chr10	21297077	0	0	0.0	0
chr10	21478834	0	0	0.0	0
chr10	21561334	0	0	0.0	0
chr10	21779476	0	0	0.0	0
chr10	21826769	0	0	0.0	0
chr10	22110694	0	0	0.0	0
chr10	22162350	0	0	0.0	0
chr10	22165683	1	4	0.1026	1
chr10	22453615	0	0	0.0	0
chr10	22453790	0	0	0.0	0
chr10	22581310	0	0	0.0	0
chr10	22677601	0	0	0.0	0
chr10	22682361	0	0	0.0	0
chr10	22761866	0	0	0.0	0
chr10	22914367	0	0	0.0	0
chr10	22955829	0	0	0.0	0
chr10	23077287	0	0	0.0	0
chr10	23428521	0	0	0.0	0
chr10	23470373	0	0	0.0	0
chr10	23539321	0	0	0.0	0
chr10	23610920	0	0	0.0	0
chr10	23678708	0	0	0.0	0
chr10	23687353	0	0	0.0	0
chr10	23835371	0	0	0.0	0
chr10	23870162	0	0	0.0	0
chr10	23952567	0	0	0.0	0
chr10	23992514	0	0	0.0	0
chr10	24039005	0	0	0.0	0
chr10	24059668	0	0	0.0	0
chr10	24215535	0	0	0.0	0
chr10	24474169	0	0	0.0	0
chr10	24718001	0	0	0.0	0
chr10	24750498	0	1	0.0204	0
chr10	24775709	0	0	0.0	0
chr10	24783537	0	0	0.0	0
chr10	24787473	0	0	0.0	0
chr10	24805326	0	1	0.0278	0
chr10	24815869	0	0	0.0	0
chr10	24822188	0	0	0.0	0
chr10	24988971	0	0	0.0	0
chr10	25120341	0	0	0.0	0
chr10	25143799	1	26	0.4	1
chr10	25214636	0	0	0.0	0
chr10	25329478	0	0	0.0	0
chr10	25341934	0	0	0.0	0
chr10	25354608	0	0	0.0	0
chr10	25434086	0	0	0.0	0
chr10	25483453	0	0	0.0	0
chr10	25638473	0	0	0.0	0
chr10	25643823	0	0	0.0	0
chr10	25812830	0	0	0.0	0
chr10	25903457	0	0	0.0	0
chr10	26102714	0	0	0.0	0
chr10	26228540	0	0	0.0	0
chr10	26379167	0	0	0.0	0
chr10	26582057	0	0	0.0	0
chr10	26641555	0	0	0.0	0
chr10	26939865	0	0	0.0	0
chr10	26968387	0	0	0.0	0
chr10	27382556	0	0	0.0	0
chr10	27506759	0	0	0.0	0
chr10	27587611	0	0	0.0	0
chr10	27588166	0	0	0.0	0
chr10	27616828	0	0	0.0	0
chr10	27776703	0	0	0.0	0
chr10	28054721	0	0	0.0	0
chr10	28128378	0	0	0.0	0
chr10	28314217	0	0	0.0	0
chr10	28423607	0	0	0.0	0
chr10	28549160	1	21	0.525	1
chr10	28551114	0	0	0.0	0
chr10	28625275	0	0	0.0	0
chr10	28678895	0	0	0.0	0
chr10	28857152	0	0	0.0	0
chr10	29174718	0	0	0.0	0
chr10	29321996	0	0	0.0	0
chr10	29342982	0	0	0.0	0
chr10	29408952	0	0	0.0	0
chr10	29440595	0	0	0.0	0
chr10	29476200	0	0	0.0	0
chr10	29520483	0	0	0.0	0
chr10	29612158	0	0	0.0	0
chr10	29733296	0	0	0.0	0
chr10	29777824	0	0	0.0	0
chr10	29815100	0	0	0.0	0
chr10	29925601	0	0	0.0	0
chr10	30055852	0	1	0.0147	0
chr10	30134376	0	2	0.0204	0
chr10	30186125	0	0	0.0	0
chr10	30208196	0	0	0.0	0
chr10	30330837	0	0	0.0	0
chr10	30361018	0	0	0.0	0
chr10	30454633	0	0	0.0	0
chr10	30580039	0	1	0.02	0
chr10	30583974	0	0	0.0	0
chr10	30605526	0	0	0.0	0
chr10	30730493	0	0	0.0	0
chr10	30812779	0	0	0.0	0
chr10	30818674	0	0	0.0	0
chr10	30847426	0	0	0.0	0
chr10	30861110	0	0	0.0	0
chr10	31006105	0	0	0.0	0
chr10	31029623	0	0	0.0	0
chr10	31056190	0	0	0.0	0
chr10	31177819	0	0	0.0	0
chr10	31297509	0	0	0.0	0
chr10	31466956	0	0	0.0	0
chr10	31516420	0	0	0.0	0
chr10	31825487	0	0	0.0	0
chr10	31913166	0	0	0.0	0
chr10	32068988	0	0	0.0	0
chr10	32150705	0	0	0.0	0
chr10	32490723	0	0	0.0	0
chr10	32514450	0	0	0.0	0
chr10	32548191	0	0	0.0	0
chr10	33155103	0	0	0.0	0
chr10	33180797	0	0	0.0	0
chr10	33184277	0	0	0.0	0
chr10	33202177	0	0	0.0	0
chr10	33398831	0	0	0.0	0
chr10	33482820	0	0	0.0	0
chr10	33500074	0	0	0.0	0
chr10	33525135	0	0	0.0	0
chr10	33661974	0	0	0.0	0
chr10	33966962	0	0	0.0	0
chr10	34072545	0	0	0.0	0
chr10	34079729	0	0	0.0	0
chr10	34081636	0	0	0.0	0
chr10	34093424	0	0	0.0	0
chr10	34152271	0	0	0.0	0
chr10	34213551	0	0	0.0	0
chr10	34625257	0	0	0.0	0
chr10	35117366	0	0	0.0	0
chr10	35288509	0	0	0.0	0
chr10	35451500	0	0	0.0	0
chr10	35511414	0	0	0.0	0
chr10	35517148	0	0	0.0	0
chr10	35517535	0	0	0.0	0
chr10	35542601	0	0	0.0	0
chr10	35575177	0	0	0.0	0
chr10	35621848	0	0	0.0	0
chr10	35642247	0	0	0.0	0
chr10	35785105	0	0	0.0	0
chr10	35903551	0	0	0.0	0
chr10	35987479	0	0	0.0	0
chr10	35989588	0	0	0.0	0
chr10	35997577	0	0	0.0	0
chr10	36048742	0	0	0.0	0
chr10	36083334	0	0	0.0	0
chr10	36328961	0	0	0.0	0
chr10	36661052	0	0	0.0	0
chr10	36689313	0	0	0.0	0
chr10	36722087	0	0	0.0	0
chr10	36898211	0	0	0.0	0
chr10	37390507	0	0	0.0	0
chr10	37390675	0	0	0.0	0
chr10	37433849	0	0	0.0	0
chr10	37554069	0	0	0.0	0
chr10	37666378	0	0	0.0	0
chr10	37673688	0	0	0.0	0
chr10	37705381	0	0	0.0	0
chr10	37792023	0	0	0.0	0
chr10	37822120	0	0	0.0	0
chr10	37942990	0	0	0.0	0
chr10	37944241	0	0	0.0	0
chr10	37945580	0	0	0.0	0
chr10	38132140	0	0	0.0	0
chr10	38162377	0	0	0.0	0
chr10	38272892	0	0	0.0	0
chr10	38489085	0	0	0.0	0
chr10	38599080	0	0	0.0	0
chr10	38651685	0	0	0.0	0
chr10	38660029	0	0	0.0	0
chr10	38700881	0	0	0.0	0
chr10	38731589	0	0	0.0	0
chr10	38763642	0	0	0.0	0
chr10	38853481	0	0	0.0	0
chr10	38865836	0	0	0.0	0
chr10	38912520	1	10	0.2941	1
chr10	38920146	0	0	0.0	0
chr10	39103525	0	0	0.0	0
chr10	39175554	0	0	0.0	0
chr10	39176259	0	0	0.0	0
chr10	39210303	0	0	0.0	0
chr10	39211795	0	0	0.0	0
chr10	39213854	0	0	0.0	0
chr10	39327687	0	0	0.0	0
chr10	39331140	0	0	0.0	0
chr10	39418227	0	0	0.0	0
chr10	39461819	0	0	0.0	0
chr10	39517369	0	0	0.0	0
chr10	40003871	0	0	0.0	0
chr10	41766528	0	0	0.0	0
chr10	41805978	0	0	0.0	0
chr10	41912596	0	0	0.0	0
chr10	42263085	0	0	0.0	0
chr10	42299486	0	0	0.0	0
chr10	42309025	0	0	0.0	0
chr10	42728446	0	0	0.0	0
chr10	42757655	0	0	0.0	0
chr10	42862508	0	0	0.0	0
chr10	42892478	0	0	0.0	0
chr10	42971160	0	0	0.0	0
chr10	43036608	0	0	0.0	0
chr10	43036766	0	1	0.02	0
chr10	43059240	0	0	0.0	0
chr10	43066070	0	0	0.0	0
chr10	43071514	0	0	0.0	0
chr10	43109390	0	0	0.0	0
chr10	43113663	0	0	0.0	0
chr10	43122173	0	0	0.0	0
chr10	43136570	0	0	0.0	0
chr10	43201357	0	0	0.0	0
chr10	43214716	0	0	0.0	0
chr10	43237034	0	0	0.0	0
chr10	43355833	0	0	0.0	0
chr10	43372644	0	0	0.0	0
chr10	43702269	0	0	0.0	0
chr10	43749258	0	0	0.0	0
chr10	43788403	0	0	0.0	0
chr10	43870449	0	0	0.0	0
chr10	43889841	0	0	0.0	0
chr10	43969343	0	0	0.0	0
chr10	43970639	0	0	0.0	0
chr10	44064274	0	0	0.0	0
chr10	44106060	0	0	0.0	0
chr10	44284129	0	0	0.0	0
chr10	44352804	0	0	0.0	0
chr10	44559731	0	0	0.0	0
chr10	44761335	0	0	0.0	0
chr10	44822328	0	0	0.0	0
chr10	44833531	0	0	0.0	0
chr10	44926465	0	0	0.0	0
chr10	44961570	0	0	0.0	0
chr10	44982365	0	0	0.0	0
chr10	45024267	0	0	0.0	0
chr10	45112445	0	0	0.0	0
chr10	45232048	0	0	0.0	0
chr10	45342346	0	0	0.0	0
chr10	45359600	0	0	0.0	0
chr10	45424919	0	0	0.0	0
chr10	45475530	0	0	0.0	0
chr10	45522848	0	0	0.0	0
chr10	45532098	0	0	0.0	0
chr10	45557390	0	0	0.0	0
chr10	45605885	0	0	0.0	0
chr10	45813458	0	0	0.0	0
chr10	45992094	0	0	0.0	0
chr10	46047348	0	0	0.0	0
chr10	46055431	0	0	0.0	0
chr10	46091935	0	0	0.0	0
chr10	46145637	0	0	0.0	0
chr10	46266478	0	0	0.0	0
chr10	46271201	0	0	0.0	0
chr10	46321852	0	0	0.0	0
chr10	46498051	0	0	0.0	0
chr10	46544181	0	0	0.0	0
chr10	46568887	0	0	0.0	0
chr10	46639942	0	0	0.0	0
chr10	46698267	0	0	0.0	0
chr10	46852104	0	0	0.0	0
chr10	46886994	0	0	0.0	0
chr10	46953457	0	0	0.0	0
chr10	47075899	0	0	0.0	0
chr10	47134659	0	0	0.0	0
chr10	47141866	0	0	0.0	0
chr10	47409541	0	0	0.0	0
chr10	47449972	0	0	0.0	0
chr10	47642123	0	0	0.0	0
chr10	47701739	0	0	0.0	0
chr10	47772916	0	0	0.0	0
chr10	47886579	0	0	0.0	0
chr10	48098397	0	0	0.0	0
chr10	48164887	0	0	0.0	0
chr10	48234372	0	0	0.0	0
chr10	48245323	0	0	0.0	0
chr10	48331255	0	0	0.0	0
chr10	48334315	0	0	0.0	0
chr10	48515574	0	0	0.0	0
chr10	48550550	0	0	0.0	0
chr10	48605961	0	0	0.0	0
chr10	48639620	0	0	0.0	0
chr10	48686141	0	0	0.0	0
chr10	48738562	0	0	0.0	0
chr10	48766476	0	0	0.0	0
chr10	48833746	0	0	0.0	0
chr10	49010078	0	0	0.0	0
chr10	49059413	0	0	0.0	0
chr10	49062386	0	0	0.0	0
chr10	49145490	0	0	0.0	0
chr10	49172870	0	0	0.0	0
chr10	49227409	0	0	0.0	0
chr10	49268522	0	0	0.0	0
chr10	49270905	0	0	0.0	0
chr10	49301879	0	0	0.0	0
chr10	49336659	0	0	0.0	0
chr10	49365742	0	0	0.0	0
chr10	49417494	0	0	0.0	0
chr10	49428144	0	0	0.0	0
chr10	49571231	0	0	0.0	0
chr10	49652477	0	0	0.0	0
chr10	49746277	0	0	0.0	0
chr10	49768907	0	0	0.0	0
chr10	49810376	0	0	0.0	0
chr10	49968556	0	0	0.0	0
chr10	50185078	0	0	0.0	0
chr10	50222083	0	0	0.0	0
chr10	50421393	0	0	0.0	0
chr10	50427660	0	0	0.0	0
chr10	50536014	0	0	0.0	0
chr10	50541600	0	0	0.0	0
chr10	50569119	0	0	0.0	0
chr10	50605059	0	0	0.0	0
chr10	50703831	0	0	0.0	0
chr10	50756971	0	0	0.0	0
chr10	50852597	0	0	0.0	0
chr10	50968616	0	0	0.0	0
chr10	51019391	0	0	0.0	0
chr10	51124485	0	0	0.0	0
chr10	51154316	0	0	0.0	0
chr10	51405579	0	0	0.0	0
chr10	51427932	0	0	0.0	0
chr10	51482704	0	0	0.0	0
chr10	51717756	0	0	0.0	0
chr10	51735914	2	5	0.625	1
chr10	52320811	0	0	0.0	0
chr10	52348068	0	0	0.0	0
chr10	52421230	0	0	0.0	0
chr10	52591799	0	0	0.0	0
chr10	52735658	0	0	0.0	0
chr10	52770656	0	0	0.0	0
chr10	52786724	0	0	0.0	0
chr10	52818028	0	0	0.0	0
chr10	52890611	0	0	0.0	0
chr10	52894248	0	0	0.0	0
chr10	52951565	0	0	0.0	0
chr10	53331320	0	1	0.0175	0
chr10	53370938	0	0	0.0	0
chr10	53484774	0	0	0.0	0
chr10	53535229	0	0	0.0	0
chr10	53626998	0	0	0.0	0
chr10	53661207	0	0	0.0	0
chr10	53776463	0	0	0.0	0
chr10	53831267	0	0	0.0	0
chr10	53991180	0	0	0.0	0
chr10	54096262	0	0	0.0	0
chr10	54123571	0	0	0.0	0
chr10	54367520	0	0	0.0	0
chr10	54391764	0	0	0.0	0
chr10	54610279	0	0	0.0	0
chr10	54680547	0	0	0.0	0
chr10	54854440	0	0	0.0	0
chr10	54920653	0	0	0.0	0
chr10	55038651	0	1	0.0256	0
chr10	55257106	0	0	0.0	0
chr10	55372310	0	0	0.0	0
chr10	55400450	0	0	0.0	0
chr10	55589405	0	0	0.0	0
chr10	55759616	0	0	0.0	0
chr10	56010981	0	0	0.0	0
chr10	56438333	0	0	0.0	0
chr10	56456367	0	0	0.0	0
chr10	56456986	0	0	0.0	0
chr10	56525508	0	1	0.0227	0
chr10	56575493	0	0	0.0	0
chr10	56897486	0	0	0.0	0
chr10	56930857	0	0	0.0	0
chr10	57036883	0	0	0.0	0
chr10	57038560	0	0	0.0	0
chr10	57508578	0	0	0.0	0
chr10	57643992	0	0	0.0	0
chr10	57875053	0	0	0.0	0
chr10	57953493	0	0	0.0	0
chr10	57988991	0	0	0.0	0
chr10	58008121	0	0	0.0	0
chr10	58127015	0	0	0.0	0
chr10	58299723	0	0	0.0	0
chr10	58336083	0	0	0.0	0
chr10	58579265	0	0	0.0	0
chr10	58866473	0	0	0.0	0
chr10	58942516	0	0	0.0	0
chr10	58982991	0	0	0.0	0
chr10	59070345	0	0	0.0	0
chr10	59118889	0	0	0.0	0
chr10	59746594	0	0	0.0	0
chr10	59756882	0	0	0.0	0
chr10	59825349	0	0	0.0	0
chr10	59840868	0	0	0.0	0
chr10	59916268	0	0	0.0	0
chr10	59995659	0	0	0.0	0
chr10	60063547	0	0	0.0	0
chr10	60173726	0	0	0.0	0
chr10	60356159	0	0	0.0	0
chr10	60660768	0	0	0.0	0
chr10	60731942	0	0	0.0	0
chr10	61008190	0	0	0.0	0
chr10	61144503	0	0	0.0	0
chr10	61325567	1	26	0.4	1
chr10	61341660	0	0	0.0	0
chr10	61396247	0	0	0.0	0
chr10	61559440	0	0	0.0	0
chr10	61613254	0	0	0.0	0
chr10	61639147	0	0	0.0	0
chr10	61898784	0	0	0.0	0
chr10	61967604	0	0	0.0	0
chr10	62150124	0	0	0.0	0
chr10	62269633	0	0	0.0	0
chr10	62290613	0	0	0.0	0
chr10	62444364	0	0	0.0	0
chr10	62489850	0	0	0.0	0
chr10	62761175	0	0	0.0	0
chr10	63184942	0	0	0.0	0
chr10	63449837	0	0	0.0	0
chr10	63456691	0	0	0.0	0
chr10	63740136	0	0	0.0	0
chr10	63893068	0	0	0.0	0
chr10	63980721	0	0	0.0	0
chr10	63998125	0	0	0.0	0
chr10	64107478	0	0	0.0	0
chr10	64234028	0	0	0.0	0
chr10	64441650	0	0	0.0	0
chr10	64443695	0	0	0.0	0
chr10	64450758	0	0	0.0	0
chr10	64548857	0	0	0.0	0
chr10	64668580	0	0	0.0	0
chr10	64776621	0	0	0.0	0
chr10	64785922	0	0	0.0	0
chr10	64999002	0	0	0.0	0
chr10	65161493	0	0	0.0	0
chr10	65174024	0	0	0.0	0
chr10	65455938	0	0	0.0	0
chr10	65713648	0	0	0.0	0
chr10	65746593	0	0	0.0	0
chr10	65912761	0	0	0.0	0
chr10	66188844	0	1	0.0143	0
chr10	66536106	0	0	0.0	0
chr10	66565718	0	0	0.0	0
chr10	66582002	0	0	0.0	0
chr10	66670490	0	0	0.0	0
chr10	66679997	0	1	0.0133	0
chr10	66976979	0	0	0.0	0
chr10	67000907	0	0	0.0	0
chr10	67087781	0	0	0.0	0
chr10	67328557	0	0	0.0	0
chr10	67843245	0	0	0.0	0
chr10	67866383	0	0	0.0	0
chr10	67885916	1	24	0.48	1
chr10	68045642	0	0	0.0	0
chr10	68094818	0	0	0.0	0
chr10	68177271	0	0	0.0	0
chr10	68208011	0	0	0.0	0
chr10	68424672	0	0	0.0	0
chr10	68473566	0	0	0.0	0
chr10	68650793	0	0	0.0	0
chr10	68746471	0	0	0.0	0
chr10	68778302	0	0	0.0	0
chr10	68840236	0	0	0.0	0
chr10	68868069	0	0	0.0	0
chr10	68870806	0	0	0.0	0
chr10	68884827	0	0	0.0	0
chr10	69034598	0	0	0.0	0
chr10	69041720	0	0	0.0	0
chr10	69197070	0	0	0.0	0
chr10	69275025	0	0	0.0	0
chr10	69316151	0	0	0.0	0
chr10	69413885	0	0	0.0	0
chr10	69435028	0	0	0.0	0
chr10	69435539	0	0	0.0	0
chr10	69507928	0	0	0.0	0
chr10	69567053	0	0	0.0	0
chr10	69578271	0	0	0.0	0
chr10	69618832	0	0	0.0	0
chr10	69683368	0	0	0.0	0
chr10	69815479	0	0	0.0	0
chr10	69862038	0	0	0.0	0
chr10	69892879	0	0	0.0	0
chr10	69898269	0	0	0.0	0
chr10	69926052	0	0	0.0	0
chr10	69956632	0	0	0.0	0
chr10	70045466	0	0	0.0	0
chr10	70102065	0	0	0.0	0
chr10	70464861	0	0	0.0	0
chr10	70518493	0	0	0.0	0
chr10	70593834	0	0	0.0	0
chr10	70678896	0	0	0.0	0
chr10	70701388	0	0	0.0	0
chr10	70702416	0	0	0.0	0
chr10	70703906	0	0	0.0	0
chr10	70723723	0	0	0.0	0
chr10	70743982	0	0	0.0	0
chr10	70780643	0	0	0.0	0
chr10	70798213	0	0	0.0	0
chr10	70807185	0	0	0.0	0
chr10	70920984	0	0	0.0	0
chr10	70956511	0	0	0.0	0
chr10	70974051	0	0	0.0	0
chr10	71014272	0	0	0.0	0
chr10	71173241	0	0	0.0	0
chr10	71178196	0	0	0.0	0
chr10	71222984	0	0	0.0	0
chr10	71428925	0	0	0.0	0
chr10	71474109	0	0	0.0	0
chr10	71481594	0	0	0.0	0
chr10	71491129	0	0	0.0	0
chr10	71617322	0	0	0.0	0
chr10	71625168	0	0	0.0	0
chr10	71740210	0	0	0.0	0
chr10	71785988	0	0	0.0	0
chr10	71914673	0	0	0.0	0
chr10	71921042	0	0	0.0	0
chr10	71931651	0	0	0.0	0
chr10	71991226	0	0	0.0	0
chr10	72024186	0	0	0.0	0
chr10	72026226	0	0	0.0	0
chr10	72054955	0	0	0.0	0
chr10	72070848	0	0	0.0	0
chr10	72079842	0	0	0.0	0
chr10	72276584	0	0	0.0	0
chr10	72336555	0	0	0.0	0
chr10	72725219	0	0	0.0	0
chr10	72732640	0	0	0.0	0
chr10	72735481	0	0	0.0	0
chr10	72776142	0	1	0.0147	0
chr10	72806531	0	0	0.0	0
chr10	72847236	0	0	0.0	0
chr10	72990396	0	0	0.0	0
chr10	72990862	0	0	0.0	0
chr10	73022348	0	0	0.0	0
chr10	73319479	0	0	0.0	0
chr10	73324217	0	0	0.0	0
chr10	73575879	0	0	0.0	0
chr10	73865885	0	0	0.0	0
chr10	73937807	0	0	0.0	0
chr10	74347710	0	0	0.0	0
chr10	74497547	0	0	0.0	0
chr10	74649598	1	13	0.1646	1
chr10	74651136	0	0	0.0	0
chr10	74712801	0	0	0.0	0
chr10	74721568	0	0	0.0	0
chr10	74816189	0	0	0.0	0
chr10	75133044	0	0	0.0	0
chr10	75185900	0	0	0.0	0
chr10	75249367	0	0	0.0	0
chr10	75297073	0	0	0.0	0
chr10	75343553	0	0	0.0	0
chr10	75370119	0	0	0.0	0
chr10	75895687	0	0	0.0	0
chr10	75939239	0	0	0.0	0
chr10	75959383	0	0	0.0	0
chr10	76013343	0	0	0.0	0
chr10	76126529	0	0	0.0	0
chr10	76185183	0	0	0.0	0
chr10	76231467	0	0	0.0	0
chr10	76352993	0	0	0.0	0
chr10	76494531	0	0	0.0	0
chr10	76521841	0	0	0.0	0
chr10	76939762	0	0	0.0	0
chr10	76949384	0	0	0.0	0
chr10	76966276	0	0	0.0	0
chr10	76967157	0	0	0.0	0
chr10	77000228	0	0	0.0	0
chr10	77267287	0	0	0.0	0
chr10	77378957	0	0	0.0	0
chr10	77462785	0	0	0.0	0
chr10	77599630	0	0	0.0	0
chr10	77778710	0	0	0.0	0
chr10	78071624	0	0	0.0	0
chr10	78130090	0	0	0.0	0
chr10	78135487	0	0	0.0	0
chr10	78137280	0	0	0.0	0
chr10	78185549	0	0	0.0	0
chr10	78187649	0	0	0.0	0
chr10	78251034	0	0	0.0	0
chr10	78255244	0	0	0.0	0
chr10	78270085	0	0	0.0	0
chr10	78320266	0	0	0.0	0
chr10	78336205	0	0	0.0	0
chr10	78359532	0	0	0.0	0
chr10	78522112	0	0	0.0	0
chr10	78622605	0	0	0.0	0
chr10	78734121	0	0	0.0	0
chr10	78802756	0	0	0.0	0
chr10	78865718	0	0	0.0	0
chr10	78866421	0	0	0.0	0
chr10	78877891	0	0	0.0	0
chr10	78896592	0	0	0.0	0
chr10	78915609	0	0	0.0	0
chr10	78923707	0	0	0.0	0
chr10	79011847	0	0	0.0	0
chr10	79075225	0	0	0.0	0
chr10	79082015	0	0	0.0	0
chr10	79104385	0	0	0.0	0
chr10	79104721	0	0	0.0	0
chr10	79144342	0	0	0.0	0
chr10	79168193	0	0	0.0	0
chr10	79177613	0	0	0.0	0
chr10	79193193	0	0	0.0	0
chr10	79337970	0	0	0.0	0
chr10	79438907	0	0	0.0	0
chr10	79491424	0	0	0.0	0
chr10	79571684	0	0	0.0	0
chr10	79770144	0	0	0.0	0
chr10	79868829	0	0	0.0	0
chr10	80051276	0	0	0.0	0
chr10	80089680	0	1	0.0132	0
chr10	80161170	0	0	0.0	0
chr10	80315769	0	0	0.0	0
chr10	80357819	0	0	0.0	0
chr10	80369005	0	0	0.0	0
chr10	80417389	0	0	0.0	0
chr10	80469476	0	0	0.0	0
chr10	80599648	0	0	0.0	0
chr10	80802566	0	0	0.0	0
chr10	80816376	0	0	0.0	0
chr10	80841620	0	0	0.0	0
chr10	80988059	0	0	0.0	0
chr10	81026026	0	0	0.0	0
chr10	81205643	0	0	0.0	0
chr10	81279233	0	0	0.0	0
chr10	81287691	0	0	0.0	0
chr10	81417534	0	0	0.0	0
chr10	81612924	0	0	0.0	0
chr10	81831741	0	0	0.0	0
chr10	81843561	0	0	0.0	0
chr10	81898358	0	0	0.0	0
chr10	81937845	0	0	0.0	0
chr10	82247121	0	0	0.0	0
chr10	82393761	0	0	0.0	0
chr10	82394462	0	0	0.0	0
chr10	82468239	0	0	0.0	0
chr10	82477754	0	0	0.0	0
chr10	82610146	0	0	0.0	0
chr10	82724534	0	0	0.0	0
chr10	82833926	0	0	0.0	0
chr10	83074896	0	0	0.0	0
chr10	83660979	0	0	0.0	0
chr10	83752698	0	0	0.0	0
chr10	83834158	0	0	0.0	0
chr10	83861171	0	0	0.0	0
chr10	83879006	0	0	0.0	0
chr10	83915600	0	0	0.0	0
chr10	84034326	0	0	0.0	0
chr10	84146422	0	0	0.0	0
chr10	84295559	0	0	0.0	0
chr10	84299539	0	0	0.0	0
chr10	84393566	0	0	0.0	0
chr10	84408680	0	0	0.0	0
chr10	84415892	0	0	0.0	0
chr10	84510567	0	0	0.0	0
chr10	84584759	0	0	0.0	0
chr10	84815831	0	0	0.0	0
chr10	84885640	0	0	0.0	0
chr10	84918913	0	0	0.0	0
chr10	84925554	0	0	0.0	0
chr10	84997463	0	0	0.0	0
chr10	85101307	0	0	0.0	0
chr10	85120803	0	0	0.0	0
chr10	85136206	0	0	0.0	0
chr10	85149398	0	0	0.0	0
chr10	85222496	0	0	0.0	0
chr10	85385090	0	0	0.0	0
chr10	85585045	0	0	0.0	0
chr10	85777051	0	0	0.0	0
chr10	85867179	0	0	0.0	0
chr10	86020579	0	0	0.0	0
chr10	86058988	0	0	0.0	0
chr10	86349000	0	0	0.0	0
chr10	86847606	0	0	0.0	0
chr10	86882722	0	0	0.0	0
chr10	86884716	0	0	0.0	0
chr10	87017880	0	0	0.0	0
chr10	87292293	0	0	0.0	0
chr10	87445681	0	0	0.0	0
chr10	87530495	0	0	0.0	0
chr10	87548924	0	0	0.0	0
chr10	87557346	0	0	0.0	0
chr10	87566461	0	0	0.0	0
chr10	87623040	0	0	0.0	0
chr10	87848267	0	0	0.0	0
chr10	87887678	0	0	0.0	0
chr10	88097497	0	0	0.0	0
chr10	88270197	0	0	0.0	0
chr10	88303145	0	0	0.0	0
chr10	88312298	0	0	0.0	0
chr10	88326216	0	0	0.0	0
chr10	88329314	0	0	0.0	0
chr10	88397978	0	0	0.0	0
chr10	88616537	0	0	0.0	0
chr10	88617520	0	0	0.0	0
chr10	88647531	0	0	0.0	0
chr10	88744537	0	0	0.0	0
chr10	88937589	0	0	0.0	0
chr10	89134740	0	0	0.0	0
chr10	89154940	0	0	0.0	0
chr10	89207225	0	0	0.0	0
chr10	89341048	0	0	0.0	0
chr10	89352644	0	0	0.0	0
chr10	89555293	0	0	0.0	0
chr10	89556978	0	0	0.0	0
chr10	89690618	0	0	0.0	0
chr10	89815323	0	0	0.0	0
chr10	89941143	0	0	0.0	0
chr10	89951348	0	0	0.0	0
chr10	89951902	0	0	0.0	0
chr10	90163324	0	0	0.0	0
chr10	90306193	0	0	0.0	0
chr10	90403217	0	0	0.0	0
chr10	90563433	0	0	0.0	0
chr10	90685539	0	0	0.0	0
chr10	90738365	0	0	0.0	0
chr10	90924192	0	0	0.0	0
chr10	91081460	0	0	0.0	0
chr10	91167138	1	53	0.8154	1
chr10	91185245	0	0	0.0	0
chr10	91232814	0	0	0.0	0
chr10	91577057	0	0	0.0	0
chr10	91658186	0	0	0.0	0
chr10	91812555	0	0	0.0	0
chr10	91860970	0	0	0.0	0
chr10	92074583	0	0	0.0	0
chr10	92297620	0	1	0.0149	0
chr10	92378636	0	0	0.0	0
chr10	92417940	0	0	0.0	0
chr10	92774812	0	0	0.0	0
chr10	93065160	0	0	0.0	0
chr10	93225847	0	0	0.0	0
chr10	93446286	0	0	0.0	0
chr10	93494788	0	1	0.0217	0
chr10	93595511	0	0	0.0	0
chr10	93664252	0	0	0.0	0
chr10	93706810	0	0	0.0	0
chr10	94015593	0	0	0.0	0
chr10	94097983	0	0	0.0	0
chr10	94128843	0	0	0.0	0
chr10	94139713	0	0	0.0	0
chr10	94179767	0	0	0.0	0
chr10	94459502	0	0	0.0	0
chr10	94482199	0	0	0.0	0
chr10	94574305	0	0	0.0	0
chr10	94668567	0	0	0.0	0
chr10	94693352	0	0	0.0	0
chr10	94743883	0	0	0.0	0
chr10	94783300	0	0	0.0	0
chr10	95057945	0	0	0.0	0
chr10	95093316	0	0	0.0	0
chr10	95096430	0	0	0.0	0
chr10	95168845	0	0	0.0	0
chr10	95204932	0	0	0.0	0
chr10	95310860	0	0	0.0	0
chr10	95327198	0	0	0.0	0
chr10	95445083	3	35	0.4861	1
chr10	95461335	0	0	0.0	0
chr10	95515843	0	0	0.0	0
chr10	95569230	0	0	0.0	0
chr10	95745918	0	0	0.0	0
chr10	95925895	0	0	0.0	0
chr10	96075308	0	0	0.0	0
chr10	96174868	0	0	0.0	0
chr10	96373894	0	0	0.0	0
chr10	96463191	0	0	0.0	0
chr10	96632476	0	0	0.0	0
chr10	96645410	0	0	0.0	0
chr10	96672119	0	0	0.0	0
chr10	96679285	0	0	0.0	0
chr10	96765560	0	0	0.0	0
chr10	96859939	0	0	0.0	0
chr10	97022235	0	0	0.0	0
chr10	97027045	0	0	0.0	0
chr10	97032757	1	32	0.3765	1
chr10	97120908	0	0	0.0	0
chr10	97311799	0	0	0.0	0
chr10	97419783	0	0	0.0	0
chr10	97811434	0	0	0.0	0
chr10	97834619	0	0	0.0	0
chr10	97893368	0	0	0.0	0
chr10	98050495	0	0	0.0	0
chr10	98109241	0	0	0.0	0
chr10	98301538	0	0	0.0	0
chr10	98421624	0	0	0.0	0
chr10	98528258	0	0	0.0	0
chr10	98605941	0	0	0.0	0
chr10	98815549	0	0	0.0	0
chr10	98966546	0	0	0.0	0
chr10	99068182	0	0	0.0	0
chr10	99099873	0	0	0.0	0
chr10	99133034	0	0	0.0	0
chr10	99196103	0	0	0.0	0
chr10	99265607	0	0	0.0	0
chr10	99326899	0	0	0.0	0
chr10	99330880	0	0	0.0	0
chr10	99385500	0	0	0.0	0
chr10	99569114	0	0	0.0	0
chr10	99599493	0	0	0.0	0
chr10	99699349	0	0	0.0	0
chr10	99975972	0	0	0.0	0
chr10	100151852	0	0	0.0	0
chr10	100197405	0	0	0.0	0
chr10	100603439	0	0	0.0	0
chr10	100701211	0	0	0.0	0
chr10	100709848	0	0	0.0	0
chr10	100913701	0	0	0.0	0
chr10	100970019	0	0	0.0	0
chr10	100999666	0	0	0.0	0
chr10	101017001	0	0	0.0	0
chr10	101052038	0	0	0.0	0
chr10	101533373	0	0	0.0	0
chr10	101582121	0	0	0.0	0
chr10	101860632	0	0	0.0	0
chr10	101972037	0	0	0.0	0
chr10	102100912	0	0	0.0	0
chr10	102124907	0	0	0.0	0
chr10	102128706	0	0	0.0	0
chr10	102229898	0	0	0.0	0
chr10	102286806	0	0	0.0	0
chr10	102398197	0	0	0.0	0
chr10	102495854	0	0	0.0	0
chr10	102534611	0	0	0.0	0
chr10	102768479	0	0	0.0	0
chr10	102793658	0	0	0.0	0
chr10	102919985	0	0	0.0	0
chr10	103104423	0	0	0.0	0
chr10	103397817	0	0	0.0	0
chr10	103433529	0	0	0.0	0
chr10	103445416	0	0	0.0	0
chr10	103568134	0	0	0.0	0
chr10	103654488	0	0	0.0	0
chr10	103659189	0	0	0.0	0
chr10	103669281	0	0	0.0	0
chr10	103728093	0	0	0.0	0
chr10	103739144	0	0	0.0	0
chr10	103791098	0	0	0.0	0
chr10	103925795	0	0	0.0	0
chr10	104070190	0	0	0.0	0
chr10	104105283	0	0	0.0	0
chr10	104219620	0	0	0.0	0
chr10	104323570	0	0	0.0	0
chr10	104348641	0	1	0.0135	0
chr10	104434142	0	0	0.0	0
chr10	104542928	0	0	0.0	0
chr10	104655799	0	0	0.0	0
chr10	104677809	0	0	0.0	0
chr10	104681311	3	64	0.881	1
chr10	104778220	0	0	0.0	0
chr10	104791024	0	0	0.0	0
chr10	104871084	0	0	0.0	0
chr10	104876643	0	0	0.0	0
chr10	104971895	0	0	0.0	0
chr10	105002387	0	0	0.0	0
chr10	105047899	0	0	0.0	0
chr10	105073397	0	0	0.0	0
chr10	105090921	0	0	0.0	0
chr10	105364137	0	0	0.0	0
chr10	105367760	0	0	0.0	0
chr10	105402806	0	0	0.0	0
chr10	105511450	0	0	0.0	0
chr10	105680308	0	0	0.0	0
chr10	105775076	0	0	0.0	0
chr10	105850187	0	0	0.0	0
chr10	105954598	0	1	0.0154	0
chr10	106207196	0	0	0.0	0
chr10	106380929	0	0	0.0	0
chr10	106494654	0	0	0.0	0
chr10	106951437	0	0	0.0	0
chr10	107082449	0	1	0.0156	0
chr10	107190350	0	0	0.0	0
chr10	107336886	0	0	0.0	0
chr10	107340655	0	0	0.0	0
chr10	107385309	0	0	0.0	0
chr10	107432050	0	0	0.0	0
chr10	107535768	0	0	0.0	0
chr10	107667735	0	0	0.0	0
chr10	107698662	0	0	0.0	0
chr10	107737712	0	0	0.0	0
chr10	107792345	0	0	0.0	0
chr10	107816880	0	0	0.0	0
chr10	107828914	0	0	0.0	0
chr10	107852115	0	0	0.0	0
chr10	107916409	0	0	0.0	0
chr10	107950904	0	0	0.0	0
chr10	107995350	0	0	0.0	0
chr10	108039662	0	0	0.0	0
chr10	108202292	0	0	0.0	0
chr10	108488001	0	0	0.0	0
chr10	108609589	0	0	0.0	0
chr10	108614226	0	0	0.0	0
chr10	108615093	0	0	0.0	0
chr10	108643490	0	0	0.0	0
chr10	108817750	0	0	0.0	0
chr10	108842196	0	0	0.0	0
chr10	108849311	0	0	0.0	0
chr10	108892498	0	0	0.0	0
chr10	109181732	0	1	0.0143	0
chr10	109368443	0	0	0.0	0
chr10	109387532	0	0	0.0	0
chr10	109427183	0	0	0.0	0
chr10	109601880	0	0	0.0	0
chr10	109654626	0	0	0.0	0
chr10	109690932	0	1	0.0217	0
chr10	109852848	0	0	0.0	0
chr10	110016443	0	0	0.0	0
chr10	110035581	0	0	0.0	0
chr10	110055350	0	0	0.0	0
chr10	110089487	0	0	0.0	0
chr10	110160311	0	0	0.0	0
chr10	110282604	0	0	0.0	0
chr10	110333774	0	0	0.0	0
chr10	110344902	0	0	0.0	0
chr10	110500312	0	0	0.0	0
chr10	110678589	0	1	0.012	0
chr10	110805781	0	0	0.0	0
chr10	110817163	0	0	0.0	0
chr10	110887713	0	0	0.0	0
chr10	110890579	0	0	0.0	0
chr10	111108145	0	0	0.0	0
chr10	111116066	0	1	0.0135	0
chr10	111157032	0	0	0.0	0
chr10	111186503	0	0	0.0	0
chr10	111332825	0	0	0.0	0
chr10	111394259	0	0	0.0	0
chr10	111434115	0	0	0.0	0
chr10	111485862	0	0	0.0	0
chr10	111558412	0	0	0.0	0
chr10	111563728	1	3	0.0652	1
chr10	111637975	0	0	0.0	0
chr10	111825228	0	0	0.0	0
chr10	111904674	0	0	0.0	0
chr10	111978431	0	0	0.0	0
chr10	112079663	0	0	0.0	0
chr10	112198773	0	0	0.0	0
chr10	112269783	0	0	0.0	0
chr10	112299745	0	0	0.0	0
chr10	112309201	0	0	0.0	0
chr10	112356745	0	0	0.0	0
chr10	112398859	0	0	0.0	0
chr10	112533193	0	0	0.0	0
chr10	112557847	0	0	0.0	0
chr10	112599034	0	0	0.0	0
chr10	112614376	0	0	0.0	0
chr10	112737934	0	0	0.0	0
chr10	112743595	0	0	0.0	0
chr10	112773577	0	0	0.0	0
chr10	112874935	0	0	0.0	0
chr10	112908689	0	0	0.0	0
chr10	112958724	0	0	0.0	0
chr10	113081171	0	1	0.0156	0
chr10	113157636	0	0	0.0	0
chr10	113325018	0	0	0.0	0
chr10	113354067	0	0	0.0	0
chr10	113363033	0	0	0.0	0
chr10	113588350	0	0	0.0	0
chr10	113601066	0	0	0.0	0
chr10	113623213	0	0	0.0	0
chr10	113644711	0	0	0.0	0
chr10	113952362	0	0	0.0	0
chr10	114076861	0	0	0.0	0
chr10	114245588	0	2	0.0263	0
chr10	114288855	0	0	0.0	0
chr10	114296358	0	0	0.0	0
chr10	114379873	0	0	0.0	0
chr10	114473645	0	0	0.0	0
chr10	114475313	0	0	0.0	0
chr10	114517398	0	0	0.0	0
chr10	114530874	0	0	0.0	0
chr10	114592722	0	0	0.0	0
chr10	114599381	0	0	0.0	0
chr10	114657236	0	0	0.0	0
chr10	114809973	0	0	0.0	0
chr10	114871358	0	0	0.0	0
chr10	114871652	0	0	0.0	0
chr10	115007122	0	0	0.0	0
chr10	115116263	0	0	0.0	0
chr10	115521842	0	1	0.0179	0
chr10	115522318	0	0	0.0	0
chr10	115616960	0	0	0.0	0
chr10	115763628	0	0	0.0	0
chr10	115881475	0	0	0.0	0
chr10	115950467	0	0	0.0	0
chr10	116109837	0	0	0.0	0
chr10	116111781	0	0	0.0	0
chr10	116113937	0	0	0.0	0
chr10	116309260	0	0	0.0	0
chr10	116406668	0	0	0.0	0
chr10	116444085	0	0	0.0	0
chr10	116533881	0	0	0.0	0
chr10	116622015	0	0	0.0	0
chr10	116738948	0	0	0.0	0
chr10	116871285	0	0	0.0	0
chr10	116905127	0	0	0.0	0
chr10	117000244	0	0	0.0	0
chr10	117011363	0	0	0.0	0
chr10	117088829	0	0	0.0	0
chr10	117404556	0	0	0.0	0
chr10	117613220	0	0	0.0	0
chr10	117671417	0	0	0.0	0
chr10	117679134	0	0	0.0	0
chr10	117732442	0	0	0.0	0
chr10	117763773	0	0	0.0	0
chr10	117879798	0	1	0.0125	0
chr10	117904530	0	0	0.0	0
chr10	118099099	0	0	0.0	0
chr10	118352329	0	0	0.0	0
chr10	118386541	0	0	0.0	0
chr10	118450516	0	0	0.0	0
chr10	118603454	0	0	0.0	0
chr10	118652145	0	0	0.0	0
chr10	118660320	0	0	0.0	0
chr10	118762922	0	0	0.0	0
chr10	118764186	0	0	0.0	0
chr10	118772244	0	0	0.0	0
chr10	118800773	0	0	0.0	0
chr10	119008790	0	0	0.0	0
chr10	119009013	0	0	0.0	0
chr10	119280121	0	0	0.0	0
chr10	119450268	0	0	0.0	0
chr10	119513718	0	0	0.0	0
chr10	119748003	0	0	0.0	0
chr10	119771990	0	0	0.0	0
chr10	120146638	0	0	0.0	0
chr10	120188664	0	0	0.0	0
chr10	120283469	0	0	0.0	0
chr10	120459702	0	0	0.0	0
chr10	120764739	0	0	0.0	0
chr10	120811397	0	0	0.0	0
chr10	120841958	0	0	0.0	0
chr10	120865847	0	0	0.0	0
chr10	120889648	0	0	0.0	0
chr10	121025568	0	0	0.0	0
chr10	121047412	0	0	0.0	0
chr10	121133958	0	0	0.0	0
chr10	121211278	0	0	0.0	0
chr10	121271201	0	0	0.0	0
chr10	121458558	0	0	0.0	0
chr10	121476379	0	0	0.0	0
chr10	121617139	0	0	0.0	0
chr10	121633504	0	0	0.0	0
chr10	121655520	0	0	0.0	0
chr10	121805454	0	0	0.0	0
chr10	122091893	0	0	0.0	0
chr10	122159563	0	0	0.0	0
chr10	122240222	0	0	0.0	0
chr10	122242440	0	1	0.0179	0
chr10	122252398	0	0	0.0	0
chr10	122270442	0	0	0.0	0
chr10	122281932	0	0	0.0	0
chr10	122346617	0	0	0.0	0
chr10	122399401	0	0	0.0	0
chr10	122419913	0	0	0.0	0
chr10	122503259	0	0	0.0	0
chr10	122505305	0	0	0.0	0
chr10	122537470	0	0	0.0	0
chr10	122587574	0	0	0.0	0
chr10	122590384	0	0	0.0	0
chr10	122625172	0	0	0.0	0
chr10	122675050	0	0	0.0	0
chr10	122880955	0	0	0.0	0
chr10	122886786	0	0	0.0	0
chr10	122934873	0	0	0.0	0
chr10	123058804	0	0	0.0	0
chr10	123072691	0	0	0.0	0
chr10	123132107	0	0	0.0	0
chr10	123213593	0	0	0.0	0
chr10	123413645	0	0	0.0	0
chr10	123456957	0	0	0.0	0
chr10	123548612	0	0	0.0	0
chr10	123554620	0	0	0.0	0
chr10	123559543	0	0	0.0	0
chr10	123573789	0	0	0.0	0
chr10	123601627	0	0	0.0	0
chr10	123816301	0	0	0.0	0
chr10	123821457	0	0	0.0	0
chr10	123861580	0	0	0.0	0
chr10	123891997	0	0	0.0	0
chr10	123953608	0	0	0.0	0
chr10	123980291	0	0	0.0	0
chr10	124102279	0	0	0.0	0
chr10	124128190	0	0	0.0	0
chr10	124132592	0	1	0.025	0
chr10	124269020	0	0	0.0	0
chr10	124300769	0	0	0.0	0
chr10	124352113	0	0	0.0	0
chr10	124354010	0	0	0.0	0
chr10	124393395	0	0	0.0	0
chr10	124441848	0	0	0.0	0
chr10	124497891	0	0	0.0	0
chr10	124510994	0	0	0.0	0
chr10	124518443	0	0	0.0	0
chr10	124627729	0	1	0.0294	0
chr10	124639644	0	0	0.0	0
chr10	124733704	0	0	0.0	0
chr10	124939295	0	0	0.0	0
chr10	124996821	0	0	0.0	0
chr10	125131399	0	0	0.0	0
chr10	125147370	0	0	0.0	0
chr10	125184273	0	0	0.0	0
chr10	125188694	0	0	0.0	0
chr10	125193653	0	0	0.0	0
chr10	125340574	0	0	0.0	0
chr10	125408436	0	0	0.0	0
chr10	125410087	0	0	0.0	0
chr10	125439670	0	0	0.0	0
chr10	125447338	0	0	0.0	0
chr10	125472151	0	0	0.0	0
chr10	125519421	0	0	0.0	0
chr10	125574832	0	0	0.0	0
chr10	125674730	0	0	0.0	0
chr10	125793344	0	0	0.0	0
chr10	125803089	0	0	0.0	0
chr10	125821824	0	0	0.0	0
chr10	125900286	0	0	0.0	0
chr10	125952940	0	0	0.0	0
chr10	126016311	0	0	0.0	0
chr10	126064532	0	0	0.0	0
chr10	126066056	0	0	0.0	0
chr10	126123750	0	0	0.0	0
chr10	126126221	0	0	0.0	0
chr10	126215185	0	0	0.0	0
chr10	126483553	0	0	0.0	0
chr10	126519150	0	0	0.0	0
chr10	126551642	0	1	0.0154	0
chr10	126713779	0	0	0.0	0
chr10	126735149	0	0	0.0	0
chr10	126850947	0	0	0.0	0
chr10	126890572	0	0	0.0	0
chr10	126893145	0	1	0.0159	0
chr10	126905031	0	0	0.0	0
chr10	126907368	0	0	0.0	0
chr10	126928436	0	0	0.0	0
chr10	127007442	0	0	0.0	0
chr10	127431626	0	0	0.0	0
chr10	127439644	0	0	0.0	0
chr10	127828236	0	0	0.0	0
chr10	127841484	0	0	0.0	0
chr10	127969059	0	0	0.0	0
chr10	128002167	0	0	0.0	0
chr10	128251564	0	0	0.0	0
chr10	128281032	0	0	0.0	0
chr10	128382408	0	0	0.0	0
chr10	128568198	0	0	0.0	0
chr10	128632331	0	0	0.0	0
chr10	128711428	0	0	0.0	0
chr10	128818005	0	0	0.0	0
chr10	128858235	0	0	0.0	0
chr10	128964262	0	0	0.0	0
chr10	129011970	0	0	0.0	0
chr10	129101860	0	0	0.0	0
chr10	129112063	0	0	0.0	0
chr10	129462578	0	0	0.0	0
chr10	129521498	0	0	0.0	0
chr10	129864753	0	0	0.0	0
chr10	130017687	0	0	0.0	0
chr10	130061434	0	0	0.0	0
chr10	130078428	0	0	0.0	0
chr10	130126524	0	0	0.0	0
chr10	130136552	0	0	0.0	0
chr10	130186674	0	0	0.0	0
chr10	130189792	0	1	0.0135	0
chr10	130261905	0	0	0.0	0
chr10	130266608	0	0	0.0	0
chr10	130391173	0	0	0.0	0
chr10	130464920	0	0	0.0	0
chr10	130490413	0	0	0.0	0
chr10	130544563	0	0	0.0	0
chr10	130577401	0	0	0.0	0
chr10	130678224	0	0	0.0	0
chr10	130696224	0	0	0.0	0
chr10	130774561	0	0	0.0	0
chr10	130837244	0	0	0.0	0
chr10	131034953	0	0	0.0	0
chr10	131178313	0	0	0.0	0
chr10	131246688	0	0	0.0	0
chr10	131337223	0	0	0.0	0
chr10	131406488	0	0	0.0	0
chr10	131413733	0	0	0.0	0
chr10	131461000	0	0	0.0	0
chr10	131483104	0	0	0.0	0
chr10	131511778	0	0	0.0	0
chr10	131580725	0	0	0.0	0
chr10	131585918	0	0	0.0	0
chr10	131692749	0	0	0.0	0
chr10	131703392	0	0	0.0	0
chr10	131704109	0	0	0.0	0
chr10	131708059	0	0	0.0	0
chr10	131727133	0	0	0.0	0
chr10	131782099	0	0	0.0	0
chr10	131983222	0	0	0.0	0
chr10	131988345	0	0	0.0	0
chr10	132041308	0	0	0.0	0
chr10	132061926	0	0	0.0	0
chr10	132076438	0	1	0.0156	0
chr10	132096465	0	0	0.0	0
chr10	132132728	0	0	0.0	0
chr10	132181880	0	0	0.0	0
chr10	132187248	0	0	0.0	0
chr10	132196707	0	1	0.0182	0
chr10	132254568	0	0	0.0	0
chr10	132254777	0	0	0.0	0
chr10	132336098	0	0	0.0	0
chr10	132355367	0	1	0.0233	0
chr10	132358835	0	1	1.0	0
chr10	132471478	0	0	0.0	0
chr10	132540423	0	0	0.0	0
chr10	132654484	0	0	0.0	0
chr10	132707869	0	0	0.0	0
chr10	132730516	0	0	0.0	0
chr10	132740985	0	0	0.0	0
chr10	132812177	0	0	0.0	0
chr10	132862043	0	0	0.0	0
chr10	132899985	0	0	0.0	0
chr10	132989727	0	0	0.0	0
chr10	133077623	0	0	0.0	0
chr10	133248661	0	0	0.0	0
chr10	133462866	0	0	0.0	0
chr10	133510438	0	0	0.0	0
chr10_GL383545v1_alt	144202	0	0	0.0	0
chr10_GL383546v1_alt	56815	0	0	0.0	0
chr10_GL383546v1_alt	200431	0	0	0.0	0
chr10_GL383546v1_alt	265750	0	0	0.0	0
chr10_KI270824v1_alt	145641	0	0	0.0	0
chr11	211459	0	0	0.0	0
chr11	285156	0	0	0.0	0
chr11	297569	1	3	0.0556	1
chr11	344349	0	0	0.0	0
chr11	384670	0	0	0.0	0
chr11	410471	0	0	0.0	0
chr11	412701	1	28	0.7	1
chr11	451033	0	0	0.0	0
chr11	478033	0	0	0.0	0
chr11	533267	0	0	0.0	0
chr11	555079	0	0	0.0	0
chr11	561981	0	0	0.0	0
chr11	606264	0	0	0.0	0
chr11	719693	0	0	0.0	0
chr11	748810	0	1	0.0114	0
chr11	769171	0	0	0.0	0
chr11	811823	0	0	0.0	0
chr11	922921	0	0	0.0	0
chr11	1039065	1	28	0.35	1
chr11	1070969	0	0	0.0	0
chr11	1096295	0	0	0.0	0
chr11	1099657	0	0	0.0	0
chr11	1219583	0	0	0.0	0
chr11	1224956	0	0	0.0	0
chr11	1297127	0	0	0.0	0
chr11	1347706	0	0	0.0	0
chr11	1407280	0	0	0.0	0
chr11	1427304	0	0	0.0	0
chr11	1459218	0	0	0.0	0
chr11	1483362	0	0	0.0	0
chr11	1500723	0	0	0.0	0
chr11	1571398	0	1	0.0125	0
chr11	1581934	0	0	0.0	0
chr11	1740690	0	0	0.0	0
chr11	1767623	0	0	0.0	0
chr11	1832079	0	0	0.0	0
chr11	1891632	0	0	0.0	0
chr11	1919990	0	0	0.0	0
chr11	1924858	0	0	0.0	0
chr11	1999985	0	0	0.0	0
chr11	2002631	0	0	0.0	0
chr11	2033988	0	0	0.0	0
chr11	2069555	0	0	0.0	0
chr11	2368269	0	0	0.0	0
chr11	2372593	0	0	0.0	0
chr11	2373853	0	0	0.0	0
chr11	2383316	0	0	0.0	0
chr11	2415341	0	0	0.0	0
chr11	2498555	0	0	0.0	0
chr11	2522866	0	0	0.0	0
chr11	2561128	0	0	0.0	0
chr11	2585479	0	0	0.0	0
chr11	2663876	0	0	0.0	0
chr11	2740521	0	0	0.0	0
chr11	2748302	0	0	0.0	0
chr11	2791211	0	0	0.0	0
chr11	2907152	0	0	0.0	0
chr11	2929784	0	0	0.0	0
chr11	3110176	0	0	0.0	0
chr11	3137938	0	0	0.0	0
chr11	3149209	0	0	0.0	0
chr11	3209309	0	0	0.0	0
chr11	3221158	0	0	0.0	0
chr11	3246036	0	0	0.0	0
chr11	3354600	0	0	0.0	0
chr11	3383065	0	0	0.0	0
chr11	3418421	0	0	0.0	0
chr11	3422836	0	0	0.0	0
chr11	3480271	0	0	0.0	0
chr11	3510297	0	0	0.0	0
chr11	3553862	0	0	0.0	0
chr11	3623002	0	0	0.0	0
chr11	3664932	0	0	0.0	0
chr11	3665553	0	0	0.0	0
chr11	3687182	0	0	0.0	0
chr11	3763263	0	0	0.0	0
chr11	3792876	0	0	0.0	0
chr11	3816651	0	0	0.0	0
chr11	3846165	0	0	0.0	0
chr11	4019985	0	0	0.0	0
chr11	4179058	0	0	0.0	0
chr11	4221379	0	0	0.0	0
chr11	4389343	0	0	0.0	0
chr11	4418346	0	0	0.0	0
chr11	4458386	0	0	0.0	0
chr11	4503292	0	0	0.0	0
chr11	4651295	0	0	0.0	0
chr11	4699258	0	0	0.0	0
chr11	4826091	0	0	0.0	0
chr11	4873454	0	0	0.0	0
chr11	4924829	0	0	0.0	0
chr11	5059674	0	0	0.0	0
chr11	5170488	0	0	0.0	0
chr11	5518510	0	0	0.0	0
chr11	5795577	0	0	0.0	0
chr11	5897686	0	0	0.0	0
chr11	5938181	0	0	0.0	0
chr11	5991949	0	0	0.0	0
chr11	6015752	0	0	0.0	0
chr11	6025438	0	0	0.0	0
chr11	6137622	0	1	0.0182	0
chr11	6336419	0	0	0.0	0
chr11	6384478	0	0	0.0	0
chr11	6455075	0	0	0.0	0
chr11	6465842	0	0	0.0	0
chr11	6468802	0	0	0.0	0
chr11	6481118	0	0	0.0	0
chr11	6489320	0	0	0.0	0
chr11	6565519	0	0	0.0	0
chr11	6667021	0	0	0.0	0
chr11	6676150	0	1	0.0217	0
chr11	6939825	0	0	0.0	0
chr11	6954536	0	0	0.0	0
chr11	7084554	0	0	0.0	0
chr11	7181710	0	0	0.0	0
chr11	7216431	0	0	0.0	0
chr11	7249277	0	0	0.0	0
chr11	7282477	0	0	0.0	0
chr11	7435478	0	0	0.0	0
chr11	7471301	0	0	0.0	0
chr11	7541542	0	0	0.0	0
chr11	7691782	0	0	0.0	0
chr11	7754321	0	0	0.0	0
chr11	7755784	0	0	0.0	0
chr11	7786422	0	0	0.0	0
chr11	7851556	0	0	0.0	0
chr11	8031720	0	0	0.0	0
chr11	8081661	0	0	0.0	0
chr11	8097944	0	0	0.0	0
chr11	8116807	0	0	0.0	0
chr11	8251571	0	0	0.0	0
chr11	8316088	0	0	0.0	0
chr11	8358053	0	0	0.0	0
chr11	8907153	0	0	0.0	0
chr11	8924614	0	0	0.0	0
chr11	8938061	0	0	0.0	0
chr11	9050327	0	0	0.0	0
chr11	9169923	0	0	0.0	0
chr11	9320990	0	0	0.0	0
chr11	9364042	0	0	0.0	0
chr11	9383313	0	0	0.0	0
chr11	9394618	0	0	0.0	0
chr11	9406264	0	0	0.0	0
chr11	9489692	0	0	0.0	0
chr11	9684606	0	0	0.0	0
chr11	10105919	0	0	0.0	0
chr11	10259016	0	0	0.0	0
chr11	10309384	0	0	0.0	0
chr11	10325411	0	0	0.0	0
chr11	10655181	0	0	0.0	0
chr11	10689748	0	0	0.0	0
chr11	10858369	0	0	0.0	0
chr11	10898649	0	0	0.0	0
chr11	11292512	0	0	0.0	0
chr11	11384708	0	0	0.0	0
chr11	11486836	0	0	0.0	0
chr11	11492398	0	0	0.0	0
chr11	11531874	0	0	0.0	0
chr11	11567822	0	0	0.0	0
chr11	11569642	0	0	0.0	0
chr11	11571966	0	0	0.0	0
chr11	11654161	0	0	0.0	0
chr11	11781317	0	0	0.0	0
chr11	11808019	0	0	0.0	0
chr11	11819420	0	0	0.0	0
chr11	11918184	0	0	0.0	0
chr11	12346133	0	0	0.0	0
chr11	12352969	0	0	0.0	0
chr11	12384887	0	0	0.0	0
chr11	12442955	1	22	0.4783	1
chr11	12513255	0	0	0.0	0
chr11	12516643	0	0	0.0	0
chr11	12553740	0	0	0.0	0
chr11	12709122	0	0	0.0	0
chr11	12792570	0	0	0.0	0
chr11	12938969	0	0	0.0	0
chr11	12967370	0	0	0.0	0
chr11	13129734	0	0	0.0	0
chr11	13156251	0	0	0.0	0
chr11	13222169	0	0	0.0	0
chr11	13380975	0	0	0.0	0
chr11	13427519	0	0	0.0	0
chr11	13733709	0	0	0.0	0
chr11	13826226	0	0	0.0	0
chr11	13857032	0	0	0.0	0
chr11	14036032	0	0	0.0	0
chr11	14053019	0	0	0.0	0
chr11	14090017	0	0	0.0	0
chr11	14096657	0	0	0.0	0
chr11	14124227	0	0	0.0	0
chr11	14134906	0	0	0.0	0
chr11	14233021	0	0	0.0	0
chr11	14262744	0	0	0.0	0
chr11	14361177	0	0	0.0	0
chr11	14402484	0	0	0.0	0
chr11	14424783	0	0	0.0	0
chr11	14588583	0	0	0.0	0
chr11	14669434	0	1	0.0238	0
chr11	15040951	0	0	0.0	0
chr11	15118475	0	0	0.0	0
chr11	15135518	0	0	0.0	0
chr11	15152794	0	0	0.0	0
chr11	15172734	0	0	0.0	0
chr11	15226544	0	0	0.0	0
chr11	15237834	0	0	0.0	0
chr11	15374937	0	0	0.0	0
chr11	15423495	0	0	0.0	0
chr11	15513460	0	0	0.0	0
chr11	15666491	0	0	0.0	0
chr11	15671252	0	0	0.0	0
chr11	15675355	0	0	0.0	0
chr11	15704945	0	0	0.0	0
chr11	15820539	0	0	0.0	0
chr11	15855476	0	0	0.0	0
chr11	15882014	0	0	0.0	0
chr11	15903153	0	0	0.0	0
chr11	15905070	0	0	0.0	0
chr11	15913502	0	0	0.0	0
chr11	15940309	0	0	0.0	0
chr11	16066803	0	0	0.0	0
chr11	16604187	0	0	0.0	0
chr11	16633576	0	0	0.0	0
chr11	16760047	0	0	0.0	0
chr11	16814083	0	0	0.0	0
chr11	16872648	0	0	0.0	0
chr11	16930239	0	0	0.0	0
chr11	17008242	0	0	0.0	0
chr11	17131314	0	0	0.0	0
chr11	17154365	0	0	0.0	0
chr11	17205878	0	0	0.0	0
chr11	17223656	0	0	0.0	0
chr11	17226807	0	0	0.0	0
chr11	17364455	0	0	0.0	0
chr11	17387099	0	0	0.0	0
chr11	17407155	0	0	0.0	0
chr11	17449364	0	1	0.0208	0
chr11	17521791	0	0	0.0	0
chr11	17570317	0	0	0.0	0
chr11	17671510	0	0	0.0	0
chr11	17781715	0	0	0.0	0
chr11	17782597	0	0	0.0	0
chr11	18013912	0	0	0.0	0
chr11	18041335	0	0	0.0	0
chr11	18332412	0	0	0.0	0
chr11	18455857	2	15	0.5	1
chr11	18488399	0	0	0.0	0
chr11	18600903	0	0	0.0	0
chr11	18626979	0	0	0.0	0
chr11	18645213	0	0	0.0	0
chr11	18796057	0	0	0.0	0
chr11	18817369	0	0	0.0	0
chr11	18936629	0	0	0.0	0
chr11	19048669	0	0	0.0	0
chr11	19071426	0	0	0.0	0
chr11	19244769	0	0	0.0	0
chr11	19247778	0	0	0.0	0
chr11	19277545	0	0	0.0	0
chr11	19285075	0	0	0.0	0
chr11	19315128	0	0	0.0	0
chr11	19315476	0	0	0.0	0
chr11	19412215	0	0	0.0	0
chr11	19494106	0	0	0.0	0
chr11	19514388	0	0	0.0	0
chr11	19526870	0	0	0.0	0
chr11	19564156	0	0	0.0	0
chr11	19639225	0	0	0.0	0
chr11	19669404	0	0	0.0	0
chr11	19729404	0	0	0.0	0
chr11	19874913	0	0	0.0	0
chr11	20036740	0	0	0.0	0
chr11	20476477	0	0	0.0	0
chr11	20545686	0	0	0.0	0
chr11	20646880	0	0	0.0	0
chr11	20707653	0	0	0.0	0
chr11	20771754	0	0	0.0	0
chr11	21084717	0	0	0.0	0
chr11	21295029	0	0	0.0	0
chr11	21393097	0	0	0.0	0
chr11	21466791	0	0	0.0	0
chr11	21806231	0	0	0.0	0
chr11	21901740	0	0	0.0	0
chr11	22187655	0	0	0.0	0
chr11	22456897	0	0	0.0	0
chr11	22541094	0	0	0.0	0
chr11	22602944	0	0	0.0	0
chr11	22748177	0	0	0.0	0
chr11	22864353	0	2	0.1	0
chr11	22929201	0	0	0.0	0
chr11	22976104	0	0	0.0	0
chr11	23034179	0	0	0.0	0
chr11	23103152	0	0	0.0	0
chr11	23563204	0	0	0.0	0
chr11	23869671	0	0	0.0	0
chr11	23982314	0	0	0.0	0
chr11	24085824	0	0	0.0	0
chr11	24115743	0	0	0.0	0
chr11	24364300	0	0	0.0	0
chr11	24527231	0	0	0.0	0
chr11	24819429	0	0	0.0	0
chr11	24921418	0	0	0.0	0
chr11	25186192	0	0	0.0	0
chr11	25377697	0	0	0.0	0
chr11	25405924	0	0	0.0	0
chr11	25475518	0	0	0.0	0
chr11	25552564	0	0	0.0	0
chr11	25571160	0	0	0.0	0
chr11	25762454	0	0	0.0	0
chr11	25941620	0	0	0.0	0
chr11	26004803	0	0	0.0	0
chr11	26343505	0	0	0.0	0
chr11	26437374	0	0	0.0	0
chr11	26595891	0	0	0.0	0
chr11	26619700	0	0	0.0	0
chr11	26640524	0	0	0.0	0
chr11	26657611	0	0	0.0	0
chr11	26671599	0	0	0.0	0
chr11	26831738	0	0	0.0	0
chr11	26865267	0	0	0.0	0
chr11	27186087	0	0	0.0	0
chr11	27232598	0	0	0.0	0
chr11	27359725	0	0	0.0	0
chr11	27371248	0	0	0.0	0
chr11	27727822	0	0	0.0	0
chr11	27827213	0	1	0.0185	0
chr11	27844005	0	0	0.0	0
chr11	27938184	0	0	0.0	0
chr11	28229413	0	0	0.0	0
chr11	28554671	0	0	0.0	0
chr11	28896385	0	0	0.0	0
chr11	29233030	0	0	0.0	0
chr11	29316460	0	0	0.0	0
chr11	29318329	0	0	0.0	0
chr11	29414711	0	2	0.04	0
chr11	29429676	0	0	0.0	0
chr11	29688758	0	0	0.0	0
chr11	29707687	0	0	0.0	0
chr11	29929655	0	0	0.0	0
chr11	29935650	0	0	0.0	0
chr11	30189579	0	0	0.0	0
chr11	30332574	0	0	0.0	0
chr11	30466766	0	0	0.0	0
chr11	30633733	0	0	0.0	0
chr11	30703779	0	0	0.0	0
chr11	30920119	0	0	0.0	0
chr11	30931060	0	0	0.0	0
chr11	30970983	0	0	0.0	0
chr11	30978544	0	0	0.0	0
chr11	31095632	0	0	0.0	0
chr11	31179239	0	0	0.0	0
chr11	31213478	0	0	0.0	0
chr11	31230516	0	0	0.0	0
chr11	31259108	0	0	0.0	0
chr11	31334695	0	0	0.0	0
chr11	31411011	0	0	0.0	0
chr11	31535949	0	0	0.0	0
chr11	31595573	0	0	0.0	0
chr11	31982492	0	0	0.0	0
chr11	32041416	0	0	0.0	0
chr11	32138899	0	0	0.0	0
chr11	32161065	0	0	0.0	0
chr11	32203611	0	0	0.0	0
chr11	32205771	0	0	0.0	0
chr11	32398102	0	0	0.0	0
chr11	32565814	0	0	0.0	0
chr11	32738741	0	0	0.0	0
chr11	32747692	0	0	0.0	0
chr11	32793142	0	0	0.0	0
chr11	33040915	0	0	0.0	0
chr11	33124359	0	0	0.0	0
chr11	33378597	0	0	0.0	0
chr11	33404282	0	0	0.0	0
chr11	33456571	0	0	0.0	0
chr11	33571878	0	0	0.0	0
chr11	33816597	0	0	0.0	0
chr11	33899783	0	0	0.0	0
chr11	33934568	0	0	0.0	0
chr11	33940999	0	0	0.0	0
chr11	33944967	0	0	0.0	0
chr11	33945672	0	0	0.0	0
chr11	34138584	0	0	0.0	0
chr11	34150506	0	0	0.0	0
chr11	34199270	0	0	0.0	0
chr11	34280167	0	0	0.0	0
chr11	34320685	0	0	0.0	0
chr11	34338941	0	0	0.0	0
chr11	34341022	0	0	0.0	0
chr11	34410579	0	0	0.0	0
chr11	34420993	0	0	0.0	0
chr11	34455477	0	0	0.0	0
chr11	34461355	0	0	0.0	0
chr11	34486602	0	0	0.0	0
chr11	34551373	0	0	0.0	0
chr11	34555458	0	0	0.0	0
chr11	34681052	0	0	0.0	0
chr11	34837750	0	0	0.0	0
chr11	34896816	0	0	0.0	0
chr11	34947986	0	0	0.0	0
chr11	35079457	0	0	0.0	0
chr11	35179179	0	0	0.0	0
chr11	35340213	0	0	0.0	0
chr11	35349260	0	0	0.0	0
chr11	35363890	0	0	0.0	0
chr11	35364994	0	0	0.0	0
chr11	35404647	0	0	0.0	0
chr11	35449449	0	0	0.0	0
chr11	35456627	0	0	0.0	0
chr11	35461280	0	0	0.0	0
chr11	35530374	0	0	0.0	0
chr11	35724066	0	0	0.0	0
chr11	35819528	0	0	0.0	0
chr11	35893041	0	0	0.0	0
chr11	36070014	0	0	0.0	0
chr11	36132860	0	0	0.0	0
chr11	36153028	0	0	0.0	0
chr11	36238445	0	0	0.0	0
chr11	36341417	0	0	0.0	0
chr11	36345452	0	0	0.0	0
chr11	36383039	0	0	0.0	0
chr11	36402725	0	0	0.0	0
chr11	36454867	0	0	0.0	0
chr11	36607934	0	0	0.0	0
chr11	36665388	0	0	0.0	0
chr11	36701634	0	0	0.0	0
chr11	36712090	0	0	0.0	0
chr11	36786381	0	0	0.0	0
chr11	37043342	0	0	0.0	0
chr11	37240869	0	0	0.0	0
chr11	37464159	0	0	0.0	0
chr11	37542998	0	0	0.0	0
chr11	37550220	0	0	0.0	0
chr11	37577197	0	0	0.0	0
chr11	37702802	0	0	0.0	0
chr11	37817210	0	0	0.0	0
chr11	37920207	0	0	0.0	0
chr11	38035424	0	1	0.0278	0
chr11	38048911	0	0	0.0	0
chr11	38192616	0	0	0.0	0
chr11	38487266	0	0	0.0	0
chr11	38579507	0	0	0.0	0
chr11	38843495	0	0	0.0	0
chr11	38921187	0	0	0.0	0
chr11	38926568	0	0	0.0	0
chr11	39038837	0	0	0.0	0
chr11	39137413	0	0	0.0	0
chr11	39256906	0	0	0.0	0
chr11	39300658	0	0	0.0	0
chr11	39343313	0	0	0.0	0
chr11	39451585	0	0	0.0	0
chr11	39543419	0	0	0.0	0
chr11	39559318	0	0	0.0	0
chr11	39702788	0	0	0.0	0
chr11	39810804	0	0	0.0	0
chr11	39909051	0	0	0.0	0
chr11	39942438	0	0	0.0	0
chr11	40005708	0	0	0.0	0
chr11	40103795	0	0	0.0	0
chr11	40104186	0	0	0.0	0
chr11	40192744	0	0	0.0	0
chr11	40249094	0	0	0.0	0
chr11	40255252	0	0	0.0	0
chr11	40306378	0	0	0.0	0
chr11	40375531	0	0	0.0	0
chr11	40398390	0	0	0.0	0
chr11	40612030	0	0	0.0	0
chr11	40637840	0	0	0.0	0
chr11	40668822	0	0	0.0	0
chr11	41073477	0	0	0.0	0
chr11	41139836	0	0	0.0	0
chr11	41239073	0	0	0.0	0
chr11	41692252	0	0	0.0	0
chr11	41935274	0	0	0.0	0
chr11	42032947	0	0	0.0	0
chr11	42206180	0	0	0.0	0
chr11	42211894	0	0	0.0	0
chr11	42385505	0	0	0.0	0
chr11	42416366	0	0	0.0	0
chr11	42562535	0	0	0.0	0
chr11	42562934	0	0	0.0	0
chr11	42641343	0	0	0.0	0
chr11	42711732	0	0	0.0	0
chr11	42715817	0	0	0.0	0
chr11	42824069	0	1	0.0159	0
chr11	42826621	0	1	0.0286	0
chr11	43012774	0	0	0.0	0
chr11	43156744	0	0	0.0	0
chr11	43163841	0	0	0.0	0
chr11	43384378	0	0	0.0	0
chr11	43465233	0	0	0.0	0
chr11	43570468	0	0	0.0	0
chr11	43685249	0	0	0.0	0
chr11	43925595	0	0	0.0	0
chr11	43942331	0	0	0.0	0
chr11	43945782	0	0	0.0	0
chr11	44002341	0	0	0.0	0
chr11	44057425	0	0	0.0	0
chr11	44067040	0	0	0.0	0
chr11	44183209	0	0	0.0	0
chr11	44269619	0	0	0.0	0
chr11	44280897	0	0	0.0	0
chr11	44329250	0	0	0.0	0
chr11	44337967	0	0	0.0	0
chr11	44496438	0	0	0.0	0
chr11	44497083	0	1	0.0128	0
chr11	44535146	0	0	0.0	0
chr11	44648878	0	0	0.0	0
chr11	44670881	0	0	0.0	0
chr11	44718388	0	0	0.0	0
chr11	44726658	0	0	0.0	0
chr11	44773764	0	0	0.0	0
chr11	45017118	0	0	0.0	0
chr11	45127618	0	0	0.0	0
chr11	45141785	0	0	0.0	0
chr11	45251716	0	0	0.0	0
chr11	45304293	0	0	0.0	0
chr11	45407423	0	0	0.0	0
chr11	45456436	0	0	0.0	0
chr11	45561947	0	0	0.0	0
chr11	45563268	0	0	0.0	0
chr11	45681723	0	0	0.0	0
chr11	45692512	0	0	0.0	0
chr11	45714763	0	0	0.0	0
chr11	45750429	0	0	0.0	0
chr11	45890038	0	0	0.0	0
chr11	45920917	0	0	0.0	0
chr11	45971323	0	0	0.0	0
chr11	46125410	0	0	0.0	0
chr11	46146854	0	0	0.0	0
chr11	46211888	0	0	0.0	0
chr11	46342608	0	0	0.0	0
chr11	46739161	0	0	0.0	0
chr11	47111143	0	0	0.0	0
chr11	47272200	0	0	0.0	0
chr11	47352836	0	0	0.0	0
chr11	47364545	0	0	0.0	0
chr11	47471392	0	0	0.0	0
chr11	47617107	0	0	0.0	0
chr11	47821836	0	1	0.0149	0
chr11	47845549	0	0	0.0	0
chr11	47984206	0	0	0.0	0
chr11	48038322	0	0	0.0	0
chr11	48084927	0	0	0.0	0
chr11	48400368	0	0	0.0	0
chr11	48475043	0	0	0.0	0
chr11	48494590	0	0	0.0	0
chr11	48501706	0	0	0.0	0
chr11	48533192	0	0	0.0	0
chr11	48569189	0	0	0.0	0
chr11	48586315	0	0	0.0	0
chr11	48945327	0	0	0.0	0
chr11	48978510	0	0	0.0	0
chr11	49157916	0	0	0.0	0
chr11	49450953	0	0	0.0	0
chr11	49455750	0	0	0.0	0
chr11	49745363	0	0	0.0	0
chr11	49761417	0	0	0.0	0
chr11	49836126	0	0	0.0	0
chr11	49839688	0	0	0.0	0
chr11	49947502	0	0	0.0	0
chr11	49950191	0	0	0.0	0
chr11	49963767	0	0	0.0	0
chr11	49965431	0	0	0.0	0
chr11	50139987	0	0	0.0	0
chr11	50338557	0	0	0.0	0
chr11	50469423	0	0	0.0	0
chr11	50475484	0	0	0.0	0
chr11	50501642	0	0	0.0	0
chr11	50509005	1	37	0.4805	1
chr11	50560198	0	0	0.0	0
chr11	50622761	0	0	0.0	0
chr11	50628458	0	0	0.0	0
chr11	50743156	0	0	0.0	0
chr11	50766146	0	0	0.0	0
chr11	50804153	0	0	0.0	0
chr11	52605735	0	0	0.0	0
chr11	54391073	0	0	0.0	0
chr11	54586597	0	0	0.0	0
chr11	54611481	0	0	0.0	0
chr11	54624606	0	0	0.0	0
chr11	54645949	0	0	0.0	0
chr11	54687919	0	0	0.0	0
chr11	54762314	0	0	0.0	0
chr11	54797052	0	0	0.0	0
chr11	54868906	0	0	0.0	0
chr11	54884363	0	0	0.0	0
chr11	54888110	0	0	0.0	0
chr11	54896918	0	0	0.0	0
chr11	54924786	0	0	0.0	0
chr11	54981473	0	0	0.0	0
chr11	55002493	0	0	0.0	0
chr11	55005574	0	0	0.0	0
chr11	55008972	0	0	0.0	0
chr11	55095303	0	0	0.0	0
chr11	55221155	0	0	0.0	0
chr11	55295099	0	0	0.0	0
chr11	55298637	0	0	0.0	0
chr11	55323585	0	0	0.0	0
chr11	55467483	0	0	0.0	0
chr11	55567989	0	0	0.0	0
chr11	55627901	0	0	0.0	0
chr11	55666442	0	0	0.0	0
chr11	55888624	0	0	0.0	0
chr11	56025229	0	0	0.0	0
chr11	56033417	0	0	0.0	0
chr11	56170835	0	0	0.0	0
chr11	56180393	0	0	0.0	0
chr11	56220332	0	0	0.0	0
chr11	56433154	0	0	0.0	0
chr11	56436086	0	0	0.0	0
chr11	56566097	0	0	0.0	0
chr11	56724910	0	0	0.0	0
chr11	56823951	0	0	0.0	0
chr11	57236754	0	0	0.0	0
chr11	57341594	0	0	0.0	0
chr11	57349751	0	1	0.0196	0
chr11	57364873	0	0	0.0	0
chr11	57434368	0	0	0.0	0
chr11	57474172	0	0	0.0	0
chr11	57481973	0	0	0.0	0
chr11	57484559	0	0	0.0	0
chr11	57487890	0	0	0.0	0
chr11	57614058	0	0	0.0	0
chr11	57649355	0	0	0.0	0
chr11	57701594	0	0	0.0	0
chr11	57778630	0	0	0.0	0
chr11	57840839	0	0	0.0	0
chr11	58060207	0	0	0.0	0
chr11	58066012	0	0	0.0	0
chr11	58484241	0	0	0.0	0
chr11	58803421	0	0	0.0	0
chr11	58809722	0	0	0.0	0
chr11	58868373	0	0	0.0	0
chr11	58935159	0	0	0.0	0
chr11	59102993	0	0	0.0	0
chr11	59257328	0	0	0.0	0
chr11	59266890	0	0	0.0	0
chr11	59303239	0	0	0.0	0
chr11	59323564	0	0	0.0	0
chr11	59443780	0	0	0.0	0
chr11	59490741	0	0	0.0	0
chr11	59559470	0	0	0.0	0
chr11	59619959	0	0	0.0	0
chr11	59631540	0	0	0.0	0
chr11	59809969	0	0	0.0	0
chr11	60020265	0	0	0.0	0
chr11	60095019	0	0	0.0	0
chr11	60161976	0	0	0.0	0
chr11	60208093	0	0	0.0	0
chr11	60288246	0	0	0.0	0
chr11	60306694	0	0	0.0	0
chr11	60409862	1	26	0.5	1
chr11	60464509	0	0	0.0	0
chr11	60685149	0	0	0.0	0
chr11	60734656	0	0	0.0	0
chr11	60767733	0	1	0.0169	0
chr11	60772484	0	0	0.0	0
chr11	60855023	0	0	0.0	0
chr11	60890827	0	0	0.0	0
chr11	60923031	0	0	0.0	0
chr11	61175401	0	0	0.0	0
chr11	61194483	0	0	0.0	0
chr11	61346677	0	0	0.0	0
chr11	61388670	0	0	0.0	0
chr11	61398738	0	0	0.0	0
chr11	61404719	0	0	0.0	0
chr11	61444282	0	0	0.0	0
chr11	61480337	0	0	0.0	0
chr11	61562805	0	0	0.0	0
chr11	61588335	0	0	0.0	0
chr11	61607211	0	0	0.0	0
chr11	61636418	0	0	0.0	0
chr11	61701678	0	0	0.0	0
chr11	61736139	0	0	0.0	0
chr11	61865089	0	1	0.0217	0
chr11	61890923	0	0	0.0	0
chr11	61957083	0	0	0.0	0
chr11	62051243	0	0	0.0	0
chr11	62139181	0	0	0.0	0
chr11	62187268	0	0	0.0	0
chr11	62310737	0	0	0.0	0
chr11	62333705	0	0	0.0	0
chr11	62372058	0	0	0.0	0
chr11	62540482	0	0	0.0	0
chr11	62547839	0	0	0.0	0
chr11	62613692	0	0	0.0	0
chr11	62677092	0	0	0.0	0
chr11	62691007	0	0	0.0	0
chr11	62747533	0	0	0.0	0
chr11	62807600	0	0	0.0	0
chr11	62840193	0	0	0.0	0
chr11	62851931	0	0	0.0	0
chr11	63261127	0	0	0.0	0
chr11	63264213	0	0	0.0	0
chr11	63274862	0	0	0.0	0
chr11	63494051	0	0	0.0	0
chr11	63516134	0	0	0.0	0
chr11	63671343	0	0	0.0	0
chr11	63677686	0	0	0.0	0
chr11	63696590	0	0	0.0	0
chr11	63765556	0	0	0.0	0
chr11	63827588	0	0	0.0	0
chr11	63956493	0	0	0.0	0
chr11	63969498	0	0	0.0	0
chr11	64006221	0	0	0.0	0
chr11	64110742	0	0	0.0	0
chr11	64123183	0	0	0.0	0
chr11	64199432	0	0	0.0	0
chr11	64414899	0	0	0.0	0
chr11	64434013	0	0	0.0	0
chr11	64562315	0	0	0.0	0
chr11	64583166	0	0	0.0	0
chr11	64767846	0	0	0.0	0
chr11	64857056	0	0	0.0	0
chr11	64971704	0	0	0.0	0
chr11	65065104	0	0	0.0	0
chr11	65078397	0	0	0.0	0
chr11	65143712	0	0	0.0	0
chr11	65410908	0	0	0.0	0
chr11	65427537	0	0	0.0	0
chr11	65497193	0	0	0.0	0
chr11	65719160	0	0	0.0	0
chr11	65798175	0	0	0.0	0
chr11	65958970	0	0	0.0	0
chr11	66043753	0	0	0.0	0
chr11	66116308	0	0	0.0	0
chr11	66246905	0	0	0.0	0
chr11	66375139	0	0	0.0	0
chr11	66471360	0	0	0.0	0
chr11	66538026	0	0	0.0	0
chr11	66579757	0	0	0.0	0
chr11	66687363	0	0	0.0	0
chr11	66859033	0	0	0.0	0
chr11	66969579	0	0	0.0	0
chr11	67149392	0	0	0.0	0
chr11	67188015	0	1	0.0172	0
chr11	67197023	0	0	0.0	0
chr11	67263486	0	0	0.0	0
chr11	67286870	0	0	0.0	0
chr11	67365552	0	0	0.0	0
chr11	67376391	0	0	0.0	0
chr11	67481184	1	40	0.6061	1
chr11	67525447	0	0	0.0	0
chr11	67627031	0	0	0.0	0
chr11	67679549	0	0	0.0	0
chr11	67715496	0	0	0.0	0
chr11	67786051	0	0	0.0	0
chr11	67852046	0	0	0.0	0
chr11	67923748	0	0	0.0	0
chr11	67932619	0	0	0.0	0
chr11	67982192	0	0	0.0	0
chr11	68012968	0	0	0.0	0
chr11	68025542	0	0	0.0	0
chr11	68524177	0	0	0.0	0
chr11	68669683	0	0	0.0	0
chr11	68716025	0	0	0.0	0
chr11	68913373	0	0	0.0	0
chr11	69104762	0	0	0.0	0
chr11	69167930	0	0	0.0	0
chr11	69239114	0	1	0.0238	0
chr11	69254244	0	0	0.0	0
chr11	69307422	0	0	0.0	0
chr11	69327671	0	1	0.0208	0
chr11	69351412	0	0	0.0	0
chr11	69523836	0	0	0.0	0
chr11	69665426	0	0	0.0	0
chr11	69791915	0	0	0.0	0
chr11	69865391	0	0	0.0	0
chr11	69867796	0	0	0.0	0
chr11	69975727	0	0	0.0	0
chr11	70121042	0	0	0.0	0
chr11	70280038	0	0	0.0	0
chr11	70377280	0	0	0.0	0
chr11	70482907	0	0	0.0	0
chr11	70500339	0	0	0.0	0
chr11	70569810	0	0	0.0	0
chr11	70571391	0	0	0.0	0
chr11	70608234	0	0	0.0	0
chr11	70707972	0	0	0.0	0
chr11	70740167	0	0	0.0	0
chr11	71061712	0	0	0.0	0
chr11	71070863	0	0	0.0	0
chr11	71181255	0	0	0.0	0
chr11	71201798	0	0	0.0	0
chr11	71220461	0	0	0.0	0
chr11	71271738	0	0	0.0	0
chr11	71308520	0	0	0.0	0
chr11	71359805	0	0	0.0	0
chr11	71432969	0	0	0.0	0
chr11	71437993	0	0	0.0	0
chr11	71439578	0	0	0.0	0
chr11	71441590	0	0	0.0	0
chr11	71589303	0	0	0.0	0
chr11	71663290	0	0	0.0	0
chr11	71672200	0	0	0.0	0
chr11	71691103	0	0	0.0	0
chr11	71712480	0	0	0.0	0
chr11	71742556	0	0	0.0	0
chr11	71791597	0	0	0.0	0
chr11	71990264	0	0	0.0	0
chr11	72083685	0	0	0.0	0
chr11	72097537	0	0	0.0	0
chr11	72513565	0	0	0.0	0
chr11	72516996	0	0	0.0	0
chr11	72736488	0	0	0.0	0
chr11	72817702	0	0	0.0	0
chr11	72865746	0	0	0.0	0
chr11	72962138	0	0	0.0	0
chr11	73073366	0	0	0.0	0
chr11	73171051	0	0	0.0	0
chr11	73173203	0	0	0.0	0
chr11	73264223	0	0	0.0	0
chr11	73317491	0	0	0.0	0
chr11	73472686	0	0	0.0	0
chr11	73517777	0	0	0.0	0
chr11	73565716	0	0	0.0	0
chr11	73626071	0	0	0.0	0
chr11	73631749	0	0	0.0	0
chr11	73637824	0	0	0.0	0
chr11	73996404	0	0	0.0	0
chr11	74162670	0	0	0.0	0
chr11	74244967	0	0	0.0	0
chr11	74361279	0	0	0.0	0
chr11	74550496	0	0	0.0	0
chr11	74574854	0	0	0.0	0
chr11	74675320	0	0	0.0	0
chr11	74730230	0	0	0.0	0
chr11	74932881	0	0	0.0	0
chr11	74959893	0	0	0.0	0
chr11	75120149	0	0	0.0	0
chr11	75230927	0	0	0.0	0
chr11	75338077	0	0	0.0	0
chr11	75395358	0	0	0.0	0
chr11	75395970	0	0	0.0	0
chr11	75441610	0	0	0.0	0
chr11	75465538	0	0	0.0	0
chr11	75482118	0	0	0.0	0
chr11	75497241	0	0	0.0	0
chr11	75518349	0	0	0.0	0
chr11	75564670	0	0	0.0	0
chr11	75571248	0	0	0.0	0
chr11	75636704	0	0	0.0	0
chr11	75707946	0	0	0.0	0
chr11	75744311	0	0	0.0	0
chr11	75767639	0	0	0.0	0
chr11	75792357	0	0	0.0	0
chr11	75863946	0	0	0.0	0
chr11	76006001	0	0	0.0	0
chr11	76140664	0	0	0.0	0
chr11	76193987	0	0	0.0	0
chr11	76196346	0	0	0.0	0
chr11	76275043	0	0	0.0	0
chr11	76289479	0	0	0.0	0
chr11	76314535	0	0	0.0	0
chr11	76445525	0	0	0.0	0
chr11	76599328	0	0	0.0	0
chr11	76626459	0	0	0.0	0
chr11	76630737	0	0	0.0	0
chr11	76659757	0	0	0.0	0
chr11	76660321	0	0	0.0	0
chr11	76661433	0	0	0.0	0
chr11	76756996	0	0	0.0	0
chr11	76788661	0	0	0.0	0
chr11	76987200	0	0	0.0	0
chr11	77158126	0	0	0.0	0
chr11	77180283	1	37	0.5286	1
chr11	77200550	0	0	0.0	0
chr11	77223167	0	0	0.0	0
chr11	77263789	0	0	0.0	0
chr11	77342105	0	0	0.0	0
chr11	77355247	0	0	0.0	0
chr11	77465923	0	0	0.0	0
chr11	77646120	0	0	0.0	0
chr11	78037188	0	0	0.0	0
chr11	78107736	0	0	0.0	0
chr11	78109961	0	0	0.0	0
chr11	78113469	0	0	0.0	0
chr11	78197426	0	0	0.0	0
chr11	78217870	0	0	0.0	0
chr11	78347693	0	0	0.0	0
chr11	78497808	0	0	0.0	0
chr11	78571552	0	0	0.0	0
chr11	78604225	0	0	0.0	0
chr11	78633316	0	0	0.0	0
chr11	78807855	0	0	0.0	0
chr11	78903571	0	0	0.0	0
chr11	78909812	0	0	0.0	0
chr11	78950234	0	0	0.0	0
chr11	79023077	0	0	0.0	0
chr11	79031850	0	0	0.0	0
chr11	79054945	0	0	0.0	0
chr11	79074925	0	0	0.0	0
chr11	79081899	0	0	0.0	0
chr11	79200892	0	0	0.0	0
chr11	79225114	0	0	0.0	0
chr11	79239878	0	0	0.0	0
chr11	79307502	0	0	0.0	0
chr11	79372249	0	0	0.0	0
chr11	79474253	0	0	0.0	0
chr11	79612983	0	0	0.0	0
chr11	79781357	0	0	0.0	0
chr11	79803431	0	0	0.0	0
chr11	79841133	0	0	0.0	0
chr11	79881034	0	0	0.0	0
chr11	79881882	0	0	0.0	0
chr11	80096301	0	0	0.0	0
chr11	80372260	0	0	0.0	0
chr11	80485791	0	0	0.0	0
chr11	80516267	0	0	0.0	0
chr11	80517193	0	0	0.0	0
chr11	80525015	0	0	0.0	0
chr11	80626825	0	0	0.0	0
chr11	80738079	0	0	0.0	0
chr11	80745476	0	0	0.0	0
chr11	80798084	0	0	0.0	0
chr11	80924873	0	0	0.0	0
chr11	80958746	0	0	0.0	0
chr11	80974612	0	0	0.0	0
chr11	81063971	0	0	0.0	0
chr11	81290598	0	0	0.0	0
chr11	81504497	0	0	0.0	0
chr11	81594324	0	0	0.0	0
chr11	82013232	0	0	0.0	0
chr11	82168354	0	0	0.0	0
chr11	82176872	0	0	0.0	0
chr11	82325177	0	0	0.0	0
chr11	82334951	0	0	0.0	0
chr11	82514694	0	0	0.0	0
chr11	82585219	0	0	0.0	0
chr11	82667362	0	0	0.0	0
chr11	82696234	0	0	0.0	0
chr11	82700999	0	0	0.0	0
chr11	82795781	0	0	0.0	0
chr11	82818583	0	0	0.0	0
chr11	82940791	0	0	0.0	0
chr11	83021193	0	0	0.0	0
chr11	83227410	0	0	0.0	0
chr11	83258876	0	0	0.0	0
chr11	83383821	0	0	0.0	0
chr11	83511520	0	0	0.0	0
chr11	83680588	0	0	0.0	0
chr11	83715032	0	0	0.0	0
chr11	83782338	0	0	0.0	0
chr11	83793378	0	0	0.0	0
chr11	83895894	0	0	0.0	0
chr11	84005245	0	0	0.0	0
chr11	84194825	0	0	0.0	0
chr11	84518752	0	0	0.0	0
chr11	84552388	0	0	0.0	0
chr11	84625966	0	0	0.0	0
chr11	84806631	0	0	0.0	0
chr11	84857761	0	0	0.0	0
chr11	85115828	0	0	0.0	0
chr11	85121140	0	0	0.0	0
chr11	85129657	0	0	0.0	0
chr11	85262564	0	0	0.0	0
chr11	85319704	0	0	0.0	0
chr11	85343115	0	0	0.0	0
chr11	85372079	0	0	0.0	0
chr11	85396122	0	0	0.0	0
chr11	85415939	0	0	0.0	0
chr11	85461718	0	0	0.0	0
chr11	85496323	0	0	0.0	0
chr11	85507781	0	0	0.0	0
chr11	85692200	0	0	0.0	0
chr11	85949121	0	0	0.0	0
chr11	86045392	0	0	0.0	0
chr11	86254580	0	0	0.0	0
chr11	86314330	0	0	0.0	0
chr11	86350528	0	0	0.0	0
chr11	86452593	0	0	0.0	0
chr11	86490228	0	0	0.0	0
chr11	86541438	0	0	0.0	0
chr11	86579340	0	0	0.0	0
chr11	86628124	0	0	0.0	0
chr11	86668605	0	0	0.0	0
chr11	86802792	0	0	0.0	0
chr11	86924876	0	0	0.0	0
chr11	87018563	0	0	0.0	0
chr11	87134380	0	1	0.0133	0
chr11	87307221	0	0	0.0	0
chr11	87328249	0	0	0.0	0
chr11	87403045	0	0	0.0	0
chr11	87633855	0	0	0.0	0
chr11	87892139	0	0	0.0	0
chr11	87924922	0	0	0.0	0
chr11	88123274	0	0	0.0	0
chr11	88197782	0	0	0.0	0
chr11	88229816	0	0	0.0	0
chr11	88725176	0	0	0.0	0
chr11	88731400	0	0	0.0	0
chr11	88771378	0	0	0.0	0
chr11	88867578	0	0	0.0	0
chr11	89246031	0	0	0.0	0
chr11	89443347	0	0	0.0	0
chr11	89491181	0	0	0.0	0
chr11	89790630	0	0	0.0	0
chr11	89854583	0	0	0.0	0
chr11	89858154	0	0	0.0	0
chr11	89986356	0	0	0.0	0
chr11	89989930	0	0	0.0	0
chr11	90099919	0	0	0.0	0
chr11	90119714	0	0	0.0	0
chr11	90156650	0	0	0.0	0
chr11	90330783	0	0	0.0	0
chr11	90466344	0	0	0.0	0
chr11	90497444	0	0	0.0	0
chr11	90701308	0	0	0.0	0
chr11	90733902	0	0	0.0	0
chr11	90825358	0	0	0.0	0
chr11	90864185	0	0	0.0	0
chr11	91596147	0	0	0.0	0
chr11	91608889	0	0	0.0	0
chr11	91741861	0	0	0.0	0
chr11	91925398	0	0	0.0	0
chr11	91991307	0	0	0.0	0
chr11	91996993	0	0	0.0	0
chr11	92035679	0	0	0.0	0
chr11	92359390	0	0	0.0	0
chr11	92386714	0	0	0.0	0
chr11	92437802	0	0	0.0	0
chr11	92459381	0	0	0.0	0
chr11	92507943	0	0	0.0	0
chr11	92543875	0	0	0.0	0
chr11	92590505	0	1	0.04	0
chr11	92648584	0	0	0.0	0
chr11	92851090	0	0	0.0	0
chr11	92909945	0	0	0.0	0
chr11	92948261	0	0	0.0	0
chr11	93053811	0	0	0.0	0
chr11	93163188	0	0	0.0	0
chr11	93232829	0	0	0.0	0
chr11	93532431	0	0	0.0	0
chr11	93542203	0	0	0.0	0
chr11	93685532	0	2	0.0222	0
chr11	93910369	0	0	0.0	0
chr11	94009235	0	0	0.0	0
chr11	94021100	0	0	0.0	0
chr11	94023009	0	0	0.0	0
chr11	94185286	0	0	0.0	0
chr11	94488209	0	0	0.0	0
chr11	94563399	0	0	0.0	0
chr11	94593555	0	0	0.0	0
chr11	94747404	0	0	0.0	0
chr11	95149995	0	0	0.0	0
chr11	95278192	0	0	0.0	0
chr11	95297579	0	0	0.0	0
chr11	95365944	0	0	0.0	0
chr11	95540512	0	0	0.0	0
chr11	95545103	0	0	0.0	0
chr11	95949628	0	0	0.0	0
chr11	95950815	0	1	0.02	0
chr11	95963238	0	0	0.0	0
chr11	96287991	0	0	0.0	0
chr11	96297466	0	0	0.0	0
chr11	96352289	0	0	0.0	0
chr11	96561576	0	0	0.0	0
chr11	96792837	0	0	0.0	0
chr11	96848270	0	0	0.0	0
chr11	96871218	0	0	0.0	0
chr11	96980647	0	0	0.0	0
chr11	96998862	0	0	0.0	0
chr11	97121063	0	0	0.0	0
chr11	97269094	0	0	0.0	0
chr11	97630446	0	0	0.0	0
chr11	97755184	0	0	0.0	0
chr11	97759522	0	0	0.0	0
chr11	97805279	0	0	0.0	0
chr11	97917055	0	0	0.0	0
chr11	98018120	0	0	0.0	0
chr11	98226864	0	0	0.0	0
chr11	98514168	0	0	0.0	0
chr11	98695111	0	0	0.0	0
chr11	98704556	0	0	0.0	0
chr11	98722100	0	0	0.0	0
chr11	98842990	0	0	0.0	0
chr11	98934167	0	0	0.0	0
chr11	99135853	0	0	0.0	0
chr11	99409648	0	0	0.0	0
chr11	99534743	0	0	0.0	0
chr11	99555354	0	0	0.0	0
chr11	99656900	0	0	0.0	0
chr11	99722790	0	0	0.0	0
chr11	99738153	0	0	0.0	0
chr11	99773778	0	0	0.0	0
chr11	99888860	0	0	0.0	0
chr11	99921227	0	0	0.0	0
chr11	99946539	0	0	0.0	0
chr11	99977573	0	0	0.0	0
chr11	100098925	0	0	0.0	0
chr11	100122181	0	0	0.0	0
chr11	100147599	0	0	0.0	0
chr11	100366613	0	0	0.0	0
chr11	100819235	0	0	0.0	0
chr11	100839920	0	0	0.0	0
chr11	100939040	0	0	0.0	0
chr11	100982385	0	0	0.0	0
chr11	101047157	0	0	0.0	0
chr11	101048672	0	0	0.0	0
chr11	101209904	0	0	0.0	0
chr11	101369677	0	0	0.0	0
chr11	101435518	0	0	0.0	0
chr11	101439261	0	0	0.0	0
chr11	101541411	0	0	0.0	0
chr11	101594545	0	0	0.0	0
chr11	101618870	0	0	0.0	0
chr11	101709885	0	0	0.0	0
chr11	101772748	0	0	0.0	0
chr11	101822893	0	0	0.0	0
chr11	101839464	0	0	0.0	0
chr11	101846922	0	0	0.0	0
chr11	101847026	0	0	0.0	0
chr11	102018056	0	0	0.0	0
chr11	102077984	0	0	0.0	0
chr11	102193817	1	10	0.1316	1
chr11	102360961	0	0	0.0	0
chr11	102392603	0	0	0.0	0
chr11	102864223	0	0	0.0	0
chr11	102866373	0	0	0.0	0
chr11	103061352	0	0	0.0	0
chr11	103267109	0	0	0.0	0
chr11	103491037	0	0	0.0	0
chr11	103661783	1	38	0.5846	1
chr11	103737289	0	0	0.0	0
chr11	103829788	0	0	0.0	0
chr11	103910870	0	0	0.0	0
chr11	104012742	0	0	0.0	0
chr11	104150354	0	0	0.0	0
chr11	104290127	0	0	0.0	0
chr11	104327663	0	0	0.0	0
chr11	104429824	0	0	0.0	0
chr11	104626379	0	0	0.0	0
chr11	104913692	0	0	0.0	0
chr11	105061364	0	0	0.0	0
chr11	105081928	0	0	0.0	0
chr11	105098517	0	0	0.0	0
chr11	105100719	0	0	0.0	0
chr11	105242133	0	0	0.0	0
chr11	105243508	0	0	0.0	0
chr11	105702956	0	0	0.0	0
chr11	105789987	0	0	0.0	0
chr11	105985880	0	1	0.0233	0
chr11	106242480	0	0	0.0	0
chr11	106413033	0	0	0.0	0
chr11	106573570	0	0	0.0	0
chr11	106696185	0	0	0.0	0
chr11	106716186	0	0	0.0	0
chr11	106737374	0	0	0.0	0
chr11	106772212	0	0	0.0	0
chr11	106924761	0	1	0.012	0
chr11	107031843	0	0	0.0	0
chr11	107143107	0	0	0.0	0
chr11	107149865	0	0	0.0	0
chr11	107276803	0	0	0.0	0
chr11	107309293	0	0	0.0	0
chr11	107565493	0	0	0.0	0
chr11	107601978	0	0	0.0	0
chr11	107624986	0	0	0.0	0
chr11	107651816	0	0	0.0	0
chr11	107754595	0	0	0.0	0
chr11	107884702	0	0	0.0	0
chr11	107884920	0	0	0.0	0
chr11	107896181	0	0	0.0	0
chr11	108213868	0	0	0.0	0
chr11	108222729	0	0	0.0	0
chr11	108269321	0	0	0.0	0
chr11	108442140	0	0	0.0	0
chr11	108513016	0	0	0.0	0
chr11	108552570	0	0	0.0	0
chr11	108683406	0	0	0.0	0
chr11	108693093	0	0	0.0	0
chr11	108754268	0	0	0.0	0
chr11	108864076	0	0	0.0	0
chr11	108909288	0	0	0.0	0
chr11	109074946	0	0	0.0	0
chr11	109227073	0	0	0.0	0
chr11	109265419	0	0	0.0	0
chr11	109304565	0	0	0.0	0
chr11	109328206	0	0	0.0	0
chr11	109378005	0	0	0.0	0
chr11	109499804	0	0	0.0	0
chr11	109535598	0	0	0.0	0
chr11	109619764	0	0	0.0	0
chr11	109627323	0	0	0.0	0
chr11	109653799	0	0	0.0	0
chr11	109830540	0	0	0.0	0
chr11	109869400	0	0	0.0	0
chr11	110159296	0	0	0.0	0
chr11	110222430	0	0	0.0	0
chr11	110276812	0	0	0.0	0
chr11	110355575	0	0	0.0	0
chr11	110361692	0	0	0.0	0
chr11	110386209	0	0	0.0	0
chr11	110396789	0	0	0.0	0
chr11	110424782	0	0	0.0	0
chr11	110535876	0	0	0.0	0
chr11	110942992	0	0	0.0	0
chr11	110984152	0	0	0.0	0
chr11	111027253	0	0	0.0	0
chr11	111067762	0	0	0.0	0
chr11	111082942	0	0	0.0	0
chr11	111237173	0	0	0.0	0
chr11	111410743	0	0	0.0	0
chr11	111426200	0	0	0.0	0
chr11	111580430	0	0	0.0	0
chr11	111592228	0	0	0.0	0
chr11	111800122	0	0	0.0	0
chr11	111833798	0	0	0.0	0
chr11	111910831	0	0	0.0	0
chr11	112280752	0	0	0.0	0
chr11	112578137	0	0	0.0	0
chr11	112661634	0	0	0.0	0
chr11	112763514	0	0	0.0	0
chr11	112774368	0	0	0.0	0
chr11	112808549	0	0	0.0	0
chr11	112835606	0	0	0.0	0
chr11	112857738	0	0	0.0	0
chr11	112910893	0	0	0.0	0
chr11	112943907	0	0	0.0	0
chr11	112963715	0	0	0.0	0
chr11	113069506	0	0	0.0	0
chr11	113096134	0	0	0.0	0
chr11	113287414	0	0	0.0	0
chr11	113306804	0	0	0.0	0
chr11	113310231	0	0	0.0	0
chr11	113347350	0	0	0.0	0
chr11	113358787	0	0	0.0	0
chr11	113435242	0	0	0.0	0
chr11	113490056	0	0	0.0	0
chr11	113558939	0	0	0.0	0
chr11	113707216	0	0	0.0	0
chr11	113894499	0	0	0.0	0
chr11	113899037	0	0	0.0	0
chr11	113983240	0	0	0.0	0
chr11	113995177	0	0	0.0	0
chr11	114035133	0	0	0.0	0
chr11	114040173	0	0	0.0	0
chr11	114137606	0	1	0.0179	0
chr11	114198795	0	0	0.0	0
chr11	114281456	0	1	0.0189	0
chr11	114488450	0	0	0.0	0
chr11	114659578	0	0	0.0	0
chr11	114760252	0	0	0.0	0
chr11	114814256	0	0	0.0	0
chr11	114846583	0	0	0.0	0
chr11	114932720	0	0	0.0	0
chr11	114969565	0	0	0.0	0
chr11	114998514	0	0	0.0	0
chr11	115088454	0	0	0.0	0
chr11	115120580	0	0	0.0	0
chr11	115124929	0	0	0.0	0
chr11	115127517	0	0	0.0	0
chr11	115129550	0	0	0.0	0
chr11	115136318	0	0	0.0	0
chr11	115153114	0	0	0.0	0
chr11	115222827	0	0	0.0	0
chr11	115270592	0	0	0.0	0
chr11	115444006	0	0	0.0	0
chr11	115552371	0	0	0.0	0
chr11	115700217	0	0	0.0	0
chr11	115936152	0	0	0.0	0
chr11	115952568	0	0	0.0	0
chr11	116086924	0	0	0.0	0
chr11	116088247	0	1	0.0189	0
chr11	116107418	0	0	0.0	0
chr11	116117915	0	0	0.0	0
chr11	116131139	0	0	0.0	0
chr11	116139675	0	0	0.0	0
chr11	116252901	0	0	0.0	0
chr11	116358208	0	0	0.0	0
chr11	116377590	0	0	0.0	0
chr11	116540303	0	0	0.0	0
chr11	116601255	0	0	0.0	0
chr11	116636762	0	0	0.0	0
chr11	116639513	0	0	0.0	0
chr11	116646245	0	0	0.0	0
chr11	116660675	0	0	0.0	0
chr11	116679164	0	0	0.0	0
chr11	116688472	0	0	0.0	0
chr11	117095418	0	0	0.0	0
chr11	117126515	0	0	0.0	0
chr11	117221019	0	0	0.0	0
chr11	117224007	0	0	0.0	0
chr11	117311087	0	0	0.0	0
chr11	117359733	0	0	0.0	0
chr11	117433391	0	0	0.0	0
chr11	117461472	0	0	0.0	0
chr11	117512099	0	0	0.0	0
chr11	117524445	0	0	0.0	0
chr11	117556366	0	0	0.0	0
chr11	117718927	0	0	0.0	0
chr11	117753661	0	0	0.0	0
chr11	118095948	0	0	0.0	0
chr11	118111330	0	0	0.0	0
chr11	118135353	0	0	0.0	0
chr11	118178021	0	0	0.0	0
chr11	118207661	0	0	0.0	0
chr11	118257689	0	0	0.0	0
chr11	118352140	0	0	0.0	0
chr11	118532935	0	0	0.0	0
chr11	118534361	0	0	0.0	0
chr11	118687927	0	0	0.0	0
chr11	118759944	0	0	0.0	0
chr11	118788659	0	0	0.0	0
chr11	118907618	0	0	0.0	0
chr11	118959613	0	0	0.0	0
chr11	119198838	0	0	0.0	0
chr11	119296922	0	1	0.0189	0
chr11	119381505	0	0	0.0	0
chr11	119579022	0	0	0.0	0
chr11	119616367	0	0	0.0	0
chr11	119658115	0	0	0.0	0
chr11	119702950	0	0	0.0	0
chr11	119742615	0	0	0.0	0
chr11	119792449	0	0	0.0	0
chr11	119897279	0	0	0.0	0
chr11	119933419	0	0	0.0	0
chr11	120099832	0	0	0.0	0
chr11	120184622	0	0	0.0	0
chr11	120212809	0	0	0.0	0
chr11	120296789	0	0	0.0	0
chr11	120453221	0	0	0.0	0
chr11	120486152	0	0	0.0	0
chr11	120524386	0	0	0.0	0
chr11	120555535	0	0	0.0	0
chr11	120574483	0	0	0.0	0
chr11	120785101	0	0	0.0	0
chr11	120825714	0	0	0.0	0
chr11	120849267	0	0	0.0	0
chr11	120896790	0	0	0.0	0
chr11	121351130	0	0	0.0	0
chr11	121374086	0	0	0.0	0
chr11	121410929	0	0	0.0	0
chr11	121493863	0	0	0.0	0
chr11	121517934	0	0	0.0	0
chr11	121521406	0	0	0.0	0
chr11	121644318	0	0	0.0	0
chr11	121648272	0	0	0.0	0
chr11	121651121	0	0	0.0	0
chr11	121758458	0	0	0.0	0
chr11	121855766	0	0	0.0	0
chr11	121963632	0	0	0.0	0
chr11	122094214	0	0	0.0	0
chr11	122105751	0	0	0.0	0
chr11	122269177	0	0	0.0	0
chr11	122321425	0	0	0.0	0
chr11	122460962	0	0	0.0	0
chr11	122536498	0	0	0.0	0
chr11	122601354	0	0	0.0	0
chr11	122648752	0	0	0.0	0
chr11	122654373	0	0	0.0	0
chr11	122666093	0	0	0.0	0
chr11	122817432	0	0	0.0	0
chr11	122951444	0	0	0.0	0
chr11	123022139	0	0	0.0	0
chr11	123067360	0	0	0.0	0
chr11	123097293	0	0	0.0	0
chr11	123361351	0	0	0.0	0
chr11	123497297	0	0	0.0	0
chr11	123510843	0	0	0.0	0
chr11	123525267	0	0	0.0	0
chr11	123572269	0	0	0.0	0
chr11	123725624	0	0	0.0	0
chr11	123833844	0	0	0.0	0
chr11	123885286	0	0	0.0	0
chr11	123939854	0	0	0.0	0
chr11	123971697	0	0	0.0	0
chr11	124155038	0	0	0.0	0
chr11	124185835	0	0	0.0	0
chr11	124203813	0	0	0.0	0
chr11	124445631	0	0	0.0	0
chr11	124524209	0	0	0.0	0
chr11	124813094	0	0	0.0	0
chr11	124934385	0	0	0.0	0
chr11	125032723	0	0	0.0	0
chr11	125254175	0	0	0.0	0
chr11	125326639	0	0	0.0	0
chr11	125399219	0	0	0.0	0
chr11	125702226	0	0	0.0	0
chr11	125725099	0	0	0.0	0
chr11	125766811	0	0	0.0	0
chr11	126034205	0	0	0.0	0
chr11	126092340	0	0	0.0	0
chr11	126160913	0	1	0.0143	0
chr11	126421527	0	0	0.0	0
chr11	126446506	0	0	0.0	0
chr11	126460341	0	0	0.0	0
chr11	126517862	0	0	0.0	0
chr11	126535531	0	0	0.0	0
chr11	126557004	0	0	0.0	0
chr11	126587785	0	0	0.0	0
chr11	126592605	0	0	0.0	0
chr11	126639881	0	0	0.0	0
chr11	126724216	0	0	0.0	0
chr11	126735043	0	0	0.0	0
chr11	126862850	0	0	0.0	0
chr11	126942285	0	1	0.0217	0
chr11	127003174	0	0	0.0	0
chr11	127068860	0	0	0.0	0
chr11	127118719	0	0	0.0	0
chr11	127279478	0	0	0.0	0
chr11	127281041	0	0	0.0	0
chr11	127427912	0	0	0.0	0
chr11	127581170	0	1	0.0145	0
chr11	127606108	0	0	0.0	0
chr11	127619669	1	21	0.4468	1
chr11	127683478	0	0	0.0	0
chr11	127898577	0	0	0.0	0
chr11	127903973	0	0	0.0	0
chr11	127925870	0	0	0.0	0
chr11	127929988	0	0	0.0	0
chr11	128021895	0	0	0.0	0
chr11	128172918	0	0	0.0	0
chr11	128196862	0	0	0.0	0
chr11	128290566	0	1	0.0137	0
chr11	128329107	0	0	0.0	0
chr11	128333375	0	0	0.0	0
chr11	128423039	0	0	0.0	0
chr11	128586063	0	0	0.0	0
chr11	128648892	0	0	0.0	0
chr11	128705148	0	0	0.0	0
chr11	128810343	0	0	0.0	0
chr11	128913493	0	0	0.0	0
chr11	129113026	0	0	0.0	0
chr11	129156383	0	0	0.0	0
chr11	129206958	0	0	0.0	0
chr11	129400481	0	0	0.0	0
chr11	129403281	0	0	0.0	0
chr11	129443904	0	0	0.0	0
chr11	129552588	0	0	0.0	0
chr11	129640956	0	0	0.0	0
chr11	129750811	0	0	0.0	0
chr11	129941951	0	1	0.0159	0
chr11	130135628	0	0	0.0	0
chr11	130250058	0	0	0.0	0
chr11	130296707	0	0	0.0	0
chr11	130380947	0	0	0.0	0
chr11	130410058	0	0	0.0	0
chr11	130605672	0	0	0.0	0
chr11	130632613	0	0	0.0	0
chr11	130801867	0	0	0.0	0
chr11	130830283	0	0	0.0	0
chr11	130868644	0	0	0.0	0
chr11	131067876	0	0	0.0	0
chr11	131131686	0	0	0.0	0
chr11	131134280	0	0	0.0	0
chr11	131181222	0	0	0.0	0
chr11	131226272	0	0	0.0	0
chr11	131322450	0	0	0.0	0
chr11	131344211	0	0	0.0	0
chr11	131512957	0	0	0.0	0
chr11	131667736	0	0	0.0	0
chr11	131695585	0	0	0.0	0
chr11	131728186	0	0	0.0	0
chr11	131825354	0	0	0.0	0
chr11	131902230	0	0	0.0	0
chr11	131932338	0	0	0.0	0
chr11	131995372	0	0	0.0	0
chr11	132144975	0	0	0.0	0
chr11	132146365	0	0	0.0	0
chr11	132164840	0	0	0.0	0
chr11	132258526	0	0	0.0	0
chr11	132281549	0	0	0.0	0
chr11	132294155	0	0	0.0	0
chr11	132384287	0	0	0.0	0
chr11	132452001	0	1	0.025	0
chr11	132502773	0	0	0.0	0
chr11	132517371	0	0	0.0	0
chr11	132547968	0	0	0.0	0
chr11	132551053	0	0	0.0	0
chr11	132579314	0	0	0.0	0
chr11	132643075	0	0	0.0	0
chr11	132719626	0	0	0.0	0
chr11	132738820	0	0	0.0	0
chr11	132861606	0	0	0.0	0
chr11	132885596	0	0	0.0	0
chr11	133016416	0	0	0.0	0
chr11	133102989	0	1	0.025	0
chr11	133149120	0	0	0.0	0
chr11	133178021	0	0	0.0	0
chr11	133273413	0	0	0.0	0
chr11	133350155	0	1	0.0256	0
chr11	133359979	0	0	0.0	0
chr11	133376439	0	0	0.0	0
chr11	133713920	0	0	0.0	0
chr11	133809470	0	0	0.0	0
chr11	133832415	0	0	0.0	0
chr11	133885111	0	0	0.0	0
chr11	133956424	0	0	0.0	0
chr11	133994091	0	0	0.0	0
chr11	134268282	0	0	0.0	0
chr11	134294590	0	0	0.0	0
chr11	134342901	0	0	0.0	0
chr11	134394087	0	0	0.0	0
chr11	134463701	0	0	0.0	0
chr11	134746397	0	0	0.0	0
chr11	134772440	0	0	0.0	0
chr11	134849028	0	0	0.0	0
chr11	134940660	0	0	0.0	0
chr11_GL383547v1_alt	15786	0	0	0.0	0
chr11_JH159137v1_alt	141792	0	0	0.0	0
chr11_KI270721v1_random	55167	0	0	0.0	0
chr11_KI270721v1_random	57813	0	0	0.0	0
chr11_KI270721v1_random	89177	0	0	0.0	0
chr11_KI270826v1_alt	75429	0	0	0.0	0
chr11_KI270826v1_alt	164240	0	0	0.0	0
chr11_KI270827v1_alt	2639	0	0	0.0	0
chr11_KI270829v1_alt	83071	0	0	0.0	0
chr11_KI270830v1_alt	53635	0	0	0.0	0
chr11_KI270831v1_alt	139370	0	0	0.0	0
chr11_KI270831v1_alt	161898	0	0	0.0	0
chr11_KI270832v1_alt	84718	0	0	0.0	0
chr11_KI270832v1_alt	136157	0	0	0.0	0
chr11_KI270903v1_alt	47925	0	0	0.0	0
chr11_KI270903v1_alt	214435	0	0	0.0	0
chr11_KI270927v1_alt	113458	0	0	0.0	0
chr12	114010	0	0	0.0	0
chr12	139785	0	0	0.0	0
chr12	157930	0	0	0.0	0
chr12	220373	0	0	0.0	0
chr12	343615	0	0	0.0	0
chr12	494550	0	0	0.0	0
chr12	510735	0	0	0.0	0
chr12	628814	0	0	0.0	0
chr12	635476	0	0	0.0	0
chr12	723621	0	0	0.0	0
chr12	878467	0	0	0.0	0
chr12	883829	0	0	0.0	0
chr12	910939	0	0	0.0	0
chr12	913782	0	0	0.0	0
chr12	968198	0	0	0.0	0
chr12	970867	0	0	0.0	0
chr12	1050315	0	0	0.0	0
chr12	1179298	0	0	0.0	0
chr12	1487210	0	0	0.0	0
chr12	1589819	0	0	0.0	0
chr12	1905079	0	0	0.0	0
chr12	1966359	0	0	0.0	0
chr12	2057139	0	0	0.0	0
chr12	2096028	0	0	0.0	0
chr12	2219955	0	0	0.0	0
chr12	2348862	0	0	0.0	0
chr12	2364756	0	0	0.0	0
chr12	2387136	0	0	0.0	0
chr12	2427556	2	26	0.4727	1
chr12	2571195	0	0	0.0	0
chr12	2617651	0	0	0.0	0
chr12	2697951	0	0	0.0	0
chr12	2736756	0	0	0.0	0
chr12	2963043	0	0	0.0	0
chr12	2998020	0	0	0.0	0
chr12	3044011	0	0	0.0	0
chr12	3168914	0	0	0.0	0
chr12	3243772	0	0	0.0	0
chr12	3300700	0	0	0.0	0
chr12	3459029	0	1	0.0263	0
chr12	3578484	0	0	0.0	0
chr12	3633676	0	0	0.0	0
chr12	3731659	0	0	0.0	0
chr12	3910279	0	0	0.0	0
chr12	4049525	0	0	0.0	0
chr12	4220773	0	0	0.0	0
chr12	4291004	0	0	0.0	0
chr12	4413021	0	0	0.0	0
chr12	4426064	0	0	0.0	0
chr12	4665267	0	0	0.0	0
chr12	4897818	0	0	0.0	0
chr12	4998442	0	0	0.0	0
chr12	5194225	0	0	0.0	0
chr12	5202866	0	0	0.0	0
chr12	5215202	0	0	0.0	0
chr12	5387382	0	0	0.0	0
chr12	5402936	0	0	0.0	0
chr12	5571497	0	0	0.0	0
chr12	5584367	0	0	0.0	0
chr12	5681096	0	0	0.0	0
chr12	5834958	0	0	0.0	0
chr12	6022004	0	0	0.0	0
chr12	6038676	0	0	0.0	0
chr12	6133762	0	0	0.0	0
chr12	6163237	0	0	0.0	0
chr12	6200019	0	0	0.0	0
chr12	6297349	0	0	0.0	0
chr12	6372416	0	0	0.0	0
chr12	6440881	0	0	0.0	0
chr12	6453529	0	0	0.0	0
chr12	6571175	0	0	0.0	0
chr12	6579369	0	0	0.0	0
chr12	6654816	0	0	0.0	0
chr12	6821882	0	0	0.0	0
chr12	6870778	0	0	0.0	0
chr12	6906380	0	0	0.0	0
chr12	6945625	0	0	0.0	0
chr12	6951968	0	0	0.0	0
chr12	6980304	0	0	0.0	0
chr12	6984242	0	0	0.0	0
chr12	6999006	0	0	0.0	0
chr12	7190388	0	0	0.0	0
chr12	7264051	0	0	0.0	0
chr12	7824012	0	0	0.0	0
chr12	8065863	0	0	0.0	0
chr12	8088958	0	0	0.0	0
chr12	8122401	0	0	0.0	0
chr12	8153756	0	0	0.0	0
chr12	8289175	0	0	0.0	0
chr12	8309019	0	0	0.0	0
chr12	8319542	0	0	0.0	0
chr12	8354302	0	0	0.0	0
chr12	8366095	0	0	0.0	0
chr12	8466500	0	0	0.0	0
chr12	8610529	0	0	0.0	0
chr12	8628185	0	0	0.0	0
chr12	8908675	0	0	0.0	0
chr12	8932391	0	0	0.0	0
chr12	9157126	0	0	0.0	0
chr12	9258838	0	0	0.0	0
chr12	9311435	0	0	0.0	0
chr12	9339925	0	0	0.0	0
chr12	9420371	0	0	0.0	0
chr12	9468910	0	0	0.0	0
chr12	9621241	0	0	0.0	0
chr12	9632556	0	0	0.0	0
chr12	9739594	0	0	0.0	0
chr12	9764703	0	0	0.0	0
chr12	9893006	0	0	0.0	0
chr12	10296442	0	0	0.0	0
chr12	10378612	0	0	0.0	0
chr12	10643180	0	0	0.0	0
chr12	10928423	0	0	0.0	0
chr12	10987636	0	0	0.0	0
chr12	11150670	0	0	0.0	0
chr12	11267261	0	0	0.0	0
chr12	11273947	0	0	0.0	0
chr12	11459396	0	0	0.0	0
chr12	11471062	0	0	0.0	0
chr12	11580723	0	0	0.0	0
chr12	11731030	0	0	0.0	0
chr12	11745149	0	0	0.0	0
chr12	11747321	0	0	0.0	0
chr12	12094761	0	0	0.0	0
chr12	12359076	0	0	0.0	0
chr12	12569097	0	1	0.02	0
chr12	12788926	0	0	0.0	0
chr12	12878821	0	0	0.0	0
chr12	13042024	0	0	0.0	0
chr12	13085775	0	1	0.0115	0
chr12	13176897	0	0	0.0	0
chr12	13343935	0	0	0.0	0
chr12	13416462	0	0	0.0	0
chr12	13484992	0	0	0.0	0
chr12	13529956	0	0	0.0	0
chr12	13752850	0	0	0.0	0
chr12	13941589	0	0	0.0	0
chr12	13988278	0	0	0.0	0
chr12	14080275	0	0	0.0	0
chr12	14217444	0	0	0.0	0
chr12	14292341	0	0	0.0	0
chr12	14424769	0	0	0.0	0
chr12	14425097	0	0	0.0	0
chr12	14491031	0	0	0.0	0
chr12	14735562	0	0	0.0	0
chr12	14789633	0	0	0.0	0
chr12	14831730	0	0	0.0	0
chr12	14908715	0	0	0.0	0
chr12	15619589	0	0	0.0	0
chr12	15972517	0	0	0.0	0
chr12	16060750	0	0	0.0	0
chr12	16234477	0	0	0.0	0
chr12	16269374	0	0	0.0	0
chr12	16313866	0	0	0.0	0
chr12	16426235	0	0	0.0	0
chr12	16570505	0	0	0.0	0
chr12	16729614	0	0	0.0	0
chr12	17135598	0	0	0.0	0
chr12	17472050	0	0	0.0	0
chr12	17723829	0	0	0.0	0
chr12	17743154	0	0	0.0	0
chr12	17920209	0	0	0.0	0
chr12	18024663	0	0	0.0	0
chr12	18034827	0	0	0.0	0
chr12	18057931	0	0	0.0	0
chr12	18134920	0	0	0.0	0
chr12	18218888	0	0	0.0	0
chr12	18272285	0	0	0.0	0
chr12	18278510	0	0	0.0	0
chr12	18761242	0	0	0.0	0
chr12	18768673	0	0	0.0	0
chr12	18786086	0	0	0.0	0
chr12	18923327	0	0	0.0	0
chr12	19005271	0	0	0.0	0
chr12	19230716	0	0	0.0	0
chr12	19322393	0	0	0.0	0
chr12	19423437	0	0	0.0	0
chr12	19539426	0	0	0.0	0
chr12	19590656	0	0	0.0	0
chr12	19638991	0	0	0.0	0
chr12	19794470	0	0	0.0	0
chr12	19799569	0	0	0.0	0
chr12	19818999	0	0	0.0	0
chr12	19894638	0	0	0.0	0
chr12	20201558	0	0	0.0	0
chr12	20293856	0	0	0.0	0
chr12	20336481	0	0	0.0	0
chr12	20402888	0	0	0.0	0
chr12	20453102	0	0	0.0	0
chr12	20469096	0	1	0.0233	0
chr12	20509228	0	0	0.0	0
chr12	20533575	0	0	0.0	0
chr12	20680194	0	0	0.0	0
chr12	20765559	0	1	0.0227	0
chr12	20820553	0	0	0.0	0
chr12	20987938	0	0	0.0	0
chr12	21425071	0	0	0.0	0
chr12	21583674	0	0	0.0	0
chr12	21590423	0	0	0.0	0
chr12	21638344	0	0	0.0	0
chr12	21683122	0	0	0.0	0
chr12	21787014	0	0	0.0	0
chr12	21827108	0	0	0.0	0
chr12	21983883	0	0	0.0	0
chr12	21996300	0	0	0.0	0
chr12	22194781	0	1	0.02	0
chr12	22307639	0	0	0.0	0
chr12	22366230	0	0	0.0	0
chr12	22452822	0	0	0.0	0
chr12	22971328	0	0	0.0	0
chr12	22974011	0	0	0.0	0
chr12	23026534	0	0	0.0	0
chr12	23195155	0	0	0.0	0
chr12	23712311	0	0	0.0	0
chr12	23746819	0	0	0.0	0
chr12	23749869	0	0	0.0	0
chr12	23863108	0	0	0.0	0
chr12	23940856	0	0	0.0	0
chr12	23993586	0	0	0.0	0
chr12	24017932	0	0	0.0	0
chr12	24191911	0	0	0.0	0
chr12	24356679	0	0	0.0	0
chr12	24393785	0	0	0.0	0
chr12	24466943	0	0	0.0	0
chr12	24624929	0	0	0.0	0
chr12	24775011	0	0	0.0	0
chr12	24780530	0	0	0.0	0
chr12	24903529	0	0	0.0	0
chr12	25069866	0	0	0.0	0
chr12	25115329	0	0	0.0	0
chr12	25303256	0	0	0.0	0
chr12	25446737	0	0	0.0	0
chr12	25518535	0	0	0.0	0
chr12	25665740	0	0	0.0	0
chr12	25671785	0	0	0.0	0
chr12	25818475	0	0	0.0	0
chr12	25827899	0	0	0.0	0
chr12	25864691	0	0	0.0	0
chr12	25961313	0	0	0.0	0
chr12	26100328	0	0	0.0	0
chr12	26232225	0	0	0.0	0
chr12	26434468	0	0	0.0	0
chr12	26504907	0	0	0.0	0
chr12	26507570	0	0	0.0	0
chr12	26728044	0	0	0.0	0
chr12	26792920	0	0	0.0	0
chr12	26819524	0	0	0.0	0
chr12	26974764	0	0	0.0	0
chr12	27033433	0	0	0.0	0
chr12	27097627	0	0	0.0	0
chr12	27466206	0	0	0.0	0
chr12	27540639	0	0	0.0	0
chr12	27642385	0	0	0.0	0
chr12	27713403	0	0	0.0	0
chr12	27814588	0	0	0.0	0
chr12	28059982	0	0	0.0	0
chr12	28079511	0	0	0.0	0
chr12	28230176	0	0	0.0	0
chr12	28313714	0	0	0.0	0
chr12	28418180	0	0	0.0	0
chr12	28516162	0	0	0.0	0
chr12	28540925	0	0	0.0	0
chr12	28726191	0	0	0.0	0
chr12	28784258	0	0	0.0	0
chr12	28881567	0	0	0.0	0
chr12	28894022	0	0	0.0	0
chr12	29166473	0	0	0.0	0
chr12	29453293	0	0	0.0	0
chr12	29495205	0	0	0.0	0
chr12	29757519	0	0	0.0	0
chr12	30124796	0	0	0.0	0
chr12	30296427	0	0	0.0	0
chr12	30486013	0	0	0.0	0
chr12	30604455	0	0	0.0	0
chr12	30605007	0	0	0.0	0
chr12	30616979	0	0	0.0	0
chr12	30629890	0	0	0.0	0
chr12	30663092	0	0	0.0	0
chr12	30711581	0	0	0.0	0
chr12	30824085	0	1	0.0192	0
chr12	30870817	0	0	0.0	0
chr12	30884471	0	0	0.0	0
chr12	30884707	0	0	0.0	0
chr12	30894349	0	0	0.0	0
chr12	30895713	0	0	0.0	0
chr12	30950141	0	0	0.0	0
chr12	31031875	0	0	0.0	0
chr12	31032976	0	0	0.0	0
chr12	31102128	1	14	0.4242	1
chr12	31176089	0	0	0.0	0
chr12	31219229	0	0	0.0	0
chr12	31242099	0	0	0.0	0
chr12	31490652	0	0	0.0	0
chr12	31570370	0	0	0.0	0
chr12	31680659	0	0	0.0	0
chr12	31784891	0	0	0.0	0
chr12	31815385	0	0	0.0	0
chr12	31940976	0	0	0.0	0
chr12	32060030	0	0	0.0	0
chr12	32233042	0	0	0.0	0
chr12	32281476	0	0	0.0	0
chr12	32301094	0	0	0.0	0
chr12	32328759	0	0	0.0	0
chr12	32357546	0	0	0.0	0
chr12	32361914	0	0	0.0	0
chr12	32429338	0	0	0.0	0
chr12	32434847	0	0	0.0	0
chr12	32437579	0	0	0.0	0
chr12	32617898	0	0	0.0	0
chr12	32679413	0	0	0.0	0
chr12	32699649	0	0	0.0	0
chr12	32809255	0	0	0.0	0
chr12	32816702	0	0	0.0	0
chr12	33179895	0	0	0.0	0
chr12	33239964	0	0	0.0	0
chr12	33558235	0	0	0.0	0
chr12	33595228	0	0	0.0	0
chr12	33698242	0	0	0.0	0
chr12	33914739	0	0	0.0	0
chr12	33920670	0	0	0.0	0
chr12	33978563	0	0	0.0	0
chr12	34084108	0	0	0.0	0
chr12	34100532	0	0	0.0	0
chr12	34147768	0	0	0.0	0
chr12	34214960	0	0	0.0	0
chr12	34267820	0	0	0.0	0
chr12	34293196	0	0	0.0	0
chr12	34431867	0	0	0.0	0
chr12	34450126	0	0	0.0	0
chr12	34450954	0	0	0.0	0
chr12	34493588	0	0	0.0	0
chr12	34607333	0	0	0.0	0
chr12	37276233	0	0	0.0	0
chr12	37293253	0	0	0.0	0
chr12	37311098	0	0	0.0	0
chr12	37342117	0	0	0.0	0
chr12	37410317	0	0	0.0	0
chr12	37412524	0	0	0.0	0
chr12	37416762	0	0	0.0	0
chr12	37572712	0	0	0.0	0
chr12	37604629	0	0	0.0	0
chr12	37639698	0	0	0.0	0
chr12	37682482	0	0	0.0	0
chr12	37686699	0	0	0.0	0
chr12	37730095	0	0	0.0	0
chr12	37762574	0	0	0.0	0
chr12	37913300	0	0	0.0	0
chr12	38106460	0	0	0.0	0
chr12	38177085	0	0	0.0	0
chr12	38186159	0	0	0.0	0
chr12	38223770	0	0	0.0	0
chr12	38270561	0	0	0.0	0
chr12	38279238	0	0	0.0	0
chr12	38587607	0	0	0.0	0
chr12	38732093	0	0	0.0	0
chr12	38797430	0	0	0.0	0
chr12	38869110	0	0	0.0	0
chr12	38898909	0	0	0.0	0
chr12	39181793	0	0	0.0	0
chr12	39412474	0	0	0.0	0
chr12	39695082	0	0	0.0	0
chr12	39921383	0	0	0.0	0
chr12	39943625	0	0	0.0	0
chr12	40049647	0	0	0.0	0
chr12	40229565	0	0	0.0	0
chr12	40388066	0	0	0.0	0
chr12	40872433	0	0	0.0	0
chr12	41075274	0	0	0.0	0
chr12	41087893	0	0	0.0	0
chr12	41304720	0	0	0.0	0
chr12	41310859	0	0	0.0	0
chr12	41345459	0	0	0.0	0
chr12	41358458	0	0	0.0	0
chr12	41393830	0	0	0.0	0
chr12	41464766	0	0	0.0	0
chr12	41557887	0	0	0.0	0
chr12	41784251	0	0	0.0	0
chr12	41832824	0	0	0.0	0
chr12	41870823	0	0	0.0	0
chr12	41984209	0	0	0.0	0
chr12	42136593	0	0	0.0	0
chr12	42287585	0	0	0.0	0
chr12	42409716	0	1	0.0167	0
chr12	42576808	0	0	0.0	0
chr12	42632680	0	0	0.0	0
chr12	42708485	0	0	0.0	0
chr12	43034810	0	1	0.0278	0
chr12	43170729	0	0	0.0	0
chr12	43309596	0	0	0.0	0
chr12	43403625	0	0	0.0	0
chr12	43435565	0	0	0.0	0
chr12	43500330	0	0	0.0	0
chr12	43640783	0	0	0.0	0
chr12	43757570	0	0	0.0	0
chr12	43838327	0	0	0.0	0
chr12	43864273	0	0	0.0	0
chr12	43917507	0	0	0.0	0
chr12	43947013	0	0	0.0	0
chr12	43965400	0	0	0.0	0
chr12	43987029	0	0	0.0	0
chr12	44193796	0	0	0.0	0
chr12	44248064	0	0	0.0	0
chr12	44448039	0	0	0.0	0
chr12	44579288	0	0	0.0	0
chr12	44668808	0	0	0.0	0
chr12	44696711	0	0	0.0	0
chr12	44712863	0	0	0.0	0
chr12	44915955	0	0	0.0	0
chr12	45016031	0	0	0.0	0
chr12	45528119	0	0	0.0	0
chr12	45590819	0	0	0.0	0
chr12	45666475	0	0	0.0	0
chr12	45686102	0	0	0.0	0
chr12	45768357	0	0	0.0	0
chr12	45819419	0	0	0.0	0
chr12	46087021	0	0	0.0	0
chr12	46171911	0	0	0.0	0
chr12	46378023	0	0	0.0	0
chr12	46441668	0	0	0.0	0
chr12	46470987	0	0	0.0	0
chr12	46518493	0	0	0.0	0
chr12	46519965	0	0	0.0	0
chr12	46618363	0	0	0.0	0
chr12	46704452	0	0	0.0	0
chr12	46843952	0	0	0.0	0
chr12	46864815	0	0	0.0	0
chr12	46919851	0	0	0.0	0
chr12	46986297	0	0	0.0	0
chr12	47019323	0	0	0.0	0
chr12	47105836	0	0	0.0	0
chr12	47152599	0	0	0.0	0
chr12	47278272	0	0	0.0	0
chr12	47307576	0	0	0.0	0
chr12	47424671	0	0	0.0	0
chr12	47448199	0	0	0.0	0
chr12	47525881	0	0	0.0	0
chr12	47526458	0	0	0.0	0
chr12	47528933	0	0	0.0	0
chr12	47557892	0	0	0.0	0
chr12	47740793	0	0	0.0	0
chr12	47777317	0	0	0.0	0
chr12	47842186	0	0	0.0	0
chr12	48044037	0	0	0.0	0
chr12	48137749	0	0	0.0	0
chr12	48144849	0	0	0.0	0
chr12	48225812	0	0	0.0	0
chr12	48330703	0	0	0.0	0
chr12	48434643	0	0	0.0	0
chr12	48445098	0	0	0.0	0
chr12	48473970	0	0	0.0	0
chr12	48671020	0	0	0.0	0
chr12	48695936	0	0	0.0	0
chr12	48737078	0	0	0.0	0
chr12	48745500	0	0	0.0	0
chr12	48850777	0	0	0.0	0
chr12	48855468	0	0	0.0	0
chr12	49010154	0	0	0.0	0
chr12	49092587	0	0	0.0	0
chr12	49102356	0	0	0.0	0
chr12	49127592	0	0	0.0	0
chr12	49245294	0	0	0.0	0
chr12	49289543	0	0	0.0	0
chr12	49349177	0	0	0.0	0
chr12	49503845	0	0	0.0	0
chr12	49546567	0	0	0.0	0
chr12	49587045	0	0	0.0	0
chr12	49648313	0	0	0.0	0
chr12	49659937	0	0	0.0	0
chr12	49771048	0	0	0.0	0
chr12	49780128	0	0	0.0	0
chr12	49944996	0	0	0.0	0
chr12	50602396	0	0	0.0	0
chr12	50640819	0	1	0.0159	0
chr12	50692595	0	0	0.0	0
chr12	50906618	0	0	0.0	0
chr12	50921248	0	0	0.0	0
chr12	50944053	0	0	0.0	0
chr12	50964440	0	0	0.0	0
chr12	51000413	0	0	0.0	0
chr12	51011947	0	0	0.0	0
chr12	51079520	0	0	0.0	0
chr12	51086291	0	0	0.0	0
chr12	51098673	0	0	0.0	0
chr12	51306554	0	0	0.0	0
chr12	51345832	0	0	0.0	0
chr12	51355359	0	0	0.0	0
chr12	51360893	0	0	0.0	0
chr12	51387070	0	0	0.0	0
chr12	51499549	0	0	0.0	0
chr12	51546970	0	0	0.0	0
chr12	51577843	0	0	0.0	0
chr12	51730292	0	0	0.0	0
chr12	51748774	0	0	0.0	0
chr12	51775530	0	0	0.0	0
chr12	51821382	0	0	0.0	0
chr12	51903486	0	0	0.0	0
chr12	51913106	0	0	0.0	0
chr12	51976358	0	0	0.0	0
chr12	52000521	0	0	0.0	0
chr12	52135315	0	0	0.0	0
chr12	52171462	0	0	0.0	0
chr12	52210415	0	0	0.0	0
chr12	52253856	0	0	0.0	0
chr12	52328012	0	0	0.0	0
chr12	52366054	0	0	0.0	0
chr12	52378266	0	0	0.0	0
chr12	52432082	0	0	0.0	0
chr12	52532567	0	0	0.0	0
chr12	52584088	0	0	0.0	0
chr12	52591535	0	0	0.0	0
chr12	52646044	0	0	0.0	0
chr12	52672958	0	0	0.0	0
chr12	52684899	0	0	0.0	0
chr12	52716588	0	0	0.0	0
chr12	52747746	0	0	0.0	0
chr12	52764847	0	0	0.0	0
chr12	52808828	0	0	0.0	0
chr12	52832674	0	0	0.0	0
chr12	52839300	0	0	0.0	0
chr12	52910613	0	0	0.0	0
chr12	52926058	0	0	0.0	0
chr12	53040129	0	0	0.0	0
chr12	53092001	0	0	0.0	0
chr12	53154794	0	0	0.0	0
chr12	53234611	0	0	0.0	0
chr12	53338927	0	1	0.0204	0
chr12	53517032	0	1	0.012	0
chr12	53588111	0	0	0.0	0
chr12	53596055	0	0	0.0	0
chr12	53729090	0	0	0.0	0
chr12	53736198	0	0	0.0	0
chr12	53765207	0	0	0.0	0
chr12	53856011	0	0	0.0	0
chr12	53917460	0	0	0.0	0
chr12	53952101	0	0	0.0	0
chr12	53961298	0	0	0.0	0
chr12	53975123	0	1	0.0303	0
chr12	54031742	0	0	0.0	0
chr12	54236028	0	0	0.0	0
chr12	54379845	0	0	0.0	0
chr12	54417357	0	0	0.0	0
chr12	54537319	0	0	0.0	0
chr12	54564784	0	0	0.0	0
chr12	54575772	0	0	0.0	0
chr12	54696700	0	1	0.0217	0
chr12	54752911	0	0	0.0	0
chr12	54840198	0	0	0.0	0
chr12	54918745	0	0	0.0	0
chr12	55010723	0	0	0.0	0
chr12	55052192	0	0	0.0	0
chr12	55057578	0	0	0.0	0
chr12	55436942	0	0	0.0	0
chr12	55647464	0	0	0.0	0
chr12	55695712	0	0	0.0	0
chr12	55722454	0	0	0.0	0
chr12	55725046	0	0	0.0	0
chr12	55828346	0	0	0.0	0
chr12	55870245	0	0	0.0	0
chr12	56035876	0	0	0.0	0
chr12	56160319	0	0	0.0	0
chr12	56205671	0	0	0.0	0
chr12	56453037	0	0	0.0	0
chr12	56558722	0	0	0.0	0
chr12	56688770	0	0	0.0	0
chr12	56924147	0	0	0.0	0
chr12	56990720	0	1	0.0286	0
chr12	57133899	0	1	0.0256	0
chr12	57191020	0	0	0.0	0
chr12	57206414	0	0	0.0	0
chr12	57240479	0	0	0.0	0
chr12	57489107	0	0	0.0	0
chr12	57599178	0	0	0.0	0
chr12	57656132	0	0	0.0	0
chr12	57697611	0	0	0.0	0
chr12	57756618	0	0	0.0	0
chr12	57800379	0	0	0.0	0
chr12	57811310	0	0	0.0	0
chr12	57822866	0	0	0.0	0
chr12	58118764	0	0	0.0	0
chr12	58358005	0	0	0.0	0
chr12	58656502	0	0	0.0	0
chr12	58744051	0	0	0.0	0
chr12	58938284	0	0	0.0	0
chr12	58939620	0	0	0.0	0
chr12	59215396	0	0	0.0	0
chr12	59268752	0	0	0.0	0
chr12	59403454	0	0	0.0	0
chr12	59565739	0	0	0.0	0
chr12	59588214	0	0	0.0	0
chr12	59622996	0	0	0.0	0
chr12	59670346	0	0	0.0	0
chr12	59691284	0	0	0.0	0
chr12	59727075	0	0	0.0	0
chr12	60234966	0	0	0.0	0
chr12	60264488	0	0	0.0	0
chr12	60745730	0	0	0.0	0
chr12	60798889	0	0	0.0	0
chr12	60936609	0	0	0.0	0
chr12	60977205	0	0	0.0	0
chr12	61071297	0	0	0.0	0
chr12	61128502	0	1	0.0175	0
chr12	61208874	0	0	0.0	0
chr12	61389191	0	0	0.0	0
chr12	61522972	0	0	0.0	0
chr12	61546344	0	0	0.0	0
chr12	61549821	0	0	0.0	0
chr12	61575715	0	0	0.0	0
chr12	61723858	0	0	0.0	0
chr12	61734683	0	0	0.0	0
chr12	61984155	0	0	0.0	0
chr12	62083766	0	0	0.0	0
chr12	62125129	0	0	0.0	0
chr12	62140935	0	0	0.0	0
chr12	62145372	0	0	0.0	0
chr12	62260855	0	0	0.0	0
chr12	62328354	0	0	0.0	0
chr12	62392710	0	0	0.0	0
chr12	62542578	0	0	0.0	0
chr12	62636191	0	0	0.0	0
chr12	62724385	0	0	0.0	0
chr12	62885792	0	0	0.0	0
chr12	62888812	0	0	0.0	0
chr12	62904368	0	0	0.0	0
chr12	63023372	0	0	0.0	0
chr12	63167203	0	0	0.0	0
chr12	63294296	0	0	0.0	0
chr12	63313485	0	0	0.0	0
chr12	63435021	0	0	0.0	0
chr12	63511772	0	0	0.0	0
chr12	63753185	0	0	0.0	0
chr12	63824640	0	0	0.0	0
chr12	63876279	0	0	0.0	0
chr12	63891201	0	0	0.0	0
chr12	63960882	0	0	0.0	0
chr12	64087141	0	0	0.0	0
chr12	64107907	0	0	0.0	0
chr12	64112147	0	0	0.0	0
chr12	64154130	0	0	0.0	0
chr12	64160460	0	0	0.0	0
chr12	64174344	0	1	0.0256	0
chr12	64248629	0	0	0.0	0
chr12	64276007	1	18	0.3913	1
chr12	64293441	0	0	0.0	0
chr12	64334845	0	0	0.0	0
chr12	64343904	0	0	0.0	0
chr12	64389994	0	0	0.0	0
chr12	64682771	0	0	0.0	0
chr12	64687985	0	1	0.0263	0
chr12	64741275	0	0	0.0	0
chr12	64981677	0	0	0.0	0
chr12	65217034	0	0	0.0	0
chr12	65230070	0	0	0.0	0
chr12	65360215	0	0	0.0	0
chr12	65463005	0	0	0.0	0
chr12	65520420	0	0	0.0	0
chr12	65714669	0	0	0.0	0
chr12	66234565	0	0	0.0	0
chr12	66296058	0	0	0.0	0
chr12	66301058	0	0	0.0	0
chr12	66308848	0	0	0.0	0
chr12	66608593	0	0	0.0	0
chr12	66647512	0	0	0.0	0
chr12	66788612	0	0	0.0	0
chr12	66965068	0	0	0.0	0
chr12	66985579	0	0	0.0	0
chr12	67089484	0	0	0.0	0
chr12	67115747	0	0	0.0	0
chr12	67156473	0	0	0.0	0
chr12	67326449	0	0	0.0	0
chr12	67348731	0	0	0.0	0
chr12	67377655	0	0	0.0	0
chr12	67469315	0	0	0.0	0
chr12	67592739	0	0	0.0	0
chr12	67841168	0	0	0.0	0
chr12	67958488	0	0	0.0	0
chr12	68020761	0	0	0.0	0
chr12	68097549	0	0	0.0	0
chr12	68171771	0	0	0.0	0
chr12	68291139	0	0	0.0	0
chr12	68456168	0	0	0.0	0
chr12	68646389	0	0	0.0	0
chr12	68793571	0	0	0.0	0
chr12	69054162	0	0	0.0	0
chr12	69094177	0	0	0.0	0
chr12	69198451	0	0	0.0	0
chr12	69246410	0	0	0.0	0
chr12	69314628	0	0	0.0	0
chr12	69442341	0	1	0.0179	0
chr12	69566936	0	0	0.0	0
chr12	69836146	0	0	0.0	0
chr12	69950353	0	0	0.0	0
chr12	69957482	0	0	0.0	0
chr12	70206695	0	0	0.0	0
chr12	70389087	0	0	0.0	0
chr12	70409357	0	0	0.0	0
chr12	70510886	0	0	0.0	0
chr12	70678342	0	0	0.0	0
chr12	71019062	0	0	0.0	0
chr12	71027318	0	0	0.0	0
chr12	71055332	0	0	0.0	0
chr12	71151793	0	0	0.0	0
chr12	71266450	0	0	0.0	0
chr12	71358587	0	0	0.0	0
chr12	71364434	0	0	0.0	0
chr12	71476818	0	0	0.0	0
chr12	71482563	0	0	0.0	0
chr12	71804778	0	0	0.0	0
chr12	71926669	0	0	0.0	0
chr12	71975104	0	0	0.0	0
chr12	72010663	0	0	0.0	0
chr12	72048183	0	0	0.0	0
chr12	72104821	0	0	0.0	0
chr12	72114145	1	31	0.7561	1
chr12	72280118	0	0	0.0	0
chr12	72295341	0	0	0.0	0
chr12	73171505	0	0	0.0	0
chr12	73192173	0	0	0.0	0
chr12	73299801	0	0	0.0	0
chr12	73572688	0	0	0.0	0
chr12	73799191	0	0	0.0	0
chr12	74003969	0	0	0.0	0
chr12	74105525	0	0	0.0	0
chr12	74319961	0	0	0.0	0
chr12	74488408	0	0	0.0	0
chr12	74619849	0	0	0.0	0
chr12	74727009	0	0	0.0	0
chr12	74936788	0	0	0.0	0
chr12	74979298	0	0	0.0	0
chr12	75197823	0	0	0.0	0
chr12	75204699	0	0	0.0	0
chr12	75264623	0	0	0.0	0
chr12	75297262	0	0	0.0	0
chr12	75438074	0	0	0.0	0
chr12	75443307	0	0	0.0	0
chr12	75453522	0	0	0.0	0
chr12	75466994	0	0	0.0	0
chr12	75520856	0	0	0.0	0
chr12	75533950	0	0	0.0	0
chr12	75632483	0	0	0.0	0
chr12	75719389	0	0	0.0	0
chr12	75744601	0	0	0.0	0
chr12	76068634	0	0	0.0	0
chr12	76115154	0	0	0.0	0
chr12	76169182	0	0	0.0	0
chr12	76198230	0	0	0.0	0
chr12	76268438	0	0	0.0	0
chr12	76571454	0	0	0.0	0
chr12	76908183	0	0	0.0	0
chr12	77012349	0	0	0.0	0
chr12	77071414	0	0	0.0	0
chr12	77459256	0	0	0.0	0
chr12	77524081	0	0	0.0	0
chr12	77781820	0	0	0.0	0
chr12	77897967	0	0	0.0	0
chr12	77934668	0	0	0.0	0
chr12	78039231	0	0	0.0	0
chr12	78191966	0	0	0.0	0
chr12	78285654	0	0	0.0	0
chr12	78369692	0	0	0.0	0
chr12	78624595	1	3	0.0448	1
chr12	78642877	0	0	0.0	0
chr12	78652518	0	0	0.0	0
chr12	78889817	0	0	0.0	0
chr12	78971365	0	0	0.0	0
chr12	79021212	0	0	0.0	0
chr12	79143489	0	0	0.0	0
chr12	79249649	0	0	0.0	0
chr12	79360454	0	0	0.0	0
chr12	79438720	0	0	0.0	0
chr12	79483106	0	0	0.0	0
chr12	79484995	0	0	0.0	0
chr12	79574239	0	0	0.0	0
chr12	79777619	0	0	0.0	0
chr12	80038203	0	0	0.0	0
chr12	80386704	0	0	0.0	0
chr12	80453649	0	0	0.0	0
chr12	80462748	0	0	0.0	0
chr12	80823152	0	0	0.0	0
chr12	80915462	0	0	0.0	0
chr12	80919631	0	0	0.0	0
chr12	80986544	0	0	0.0	0
chr12	81353345	0	0	0.0	0
chr12	81455950	0	0	0.0	0
chr12	81605169	0	0	0.0	0
chr12	81611906	0	0	0.0	0
chr12	81723764	0	0	0.0	0
chr12	81768011	0	0	0.0	0
chr12	81846698	0	0	0.0	0
chr12	81860571	0	0	0.0	0
chr12	81900794	0	0	0.0	0
chr12	82043930	0	0	0.0	0
chr12	82143805	0	0	0.0	0
chr12	82321216	0	0	0.0	0
chr12	82376114	0	0	0.0	0
chr12	82565593	0	0	0.0	0
chr12	82660272	0	0	0.0	0
chr12	82937508	1	73	0.9359	1
chr12	83232681	0	0	0.0	0
chr12	83407910	0	0	0.0	0
chr12	83444538	0	0	0.0	0
chr12	83622052	0	0	0.0	0
chr12	83714458	0	0	0.0	0
chr12	83741298	0	0	0.0	0
chr12	83858050	0	0	0.0	0
chr12	83933078	0	0	0.0	0
chr12	84028913	0	0	0.0	0
chr12	84225632	0	0	0.0	0
chr12	84559251	0	0	0.0	0
chr12	84740753	0	1	0.0263	0
chr12	84857411	0	0	0.0	0
chr12	85148711	0	0	0.0	0
chr12	85345819	0	0	0.0	0
chr12	85353529	0	0	0.0	0
chr12	85426704	0	0	0.0	0
chr12	85488053	0	0	0.0	0
chr12	85593619	0	0	0.0	0
chr12	85729992	0	0	0.0	0
chr12	85827921	0	0	0.0	0
chr12	85842001	0	0	0.0	0
chr12	85977204	0	0	0.0	0
chr12	86062226	0	0	0.0	0
chr12	86300110	0	0	0.0	0
chr12	86590749	0	0	0.0	0
chr12	86650721	0	0	0.0	0
chr12	86675724	0	0	0.0	0
chr12	86833690	0	0	0.0	0
chr12	86965589	0	0	0.0	0
chr12	87167206	0	0	0.0	0
chr12	87247165	0	0	0.0	0
chr12	87426260	0	0	0.0	0
chr12	88046484	0	0	0.0	0
chr12	88082584	0	0	0.0	0
chr12	88117819	0	0	0.0	0
chr12	88366550	0	0	0.0	0
chr12	88454188	0	0	0.0	0
chr12	88574333	0	0	0.0	0
chr12	88574485	0	0	0.0	0
chr12	88588500	0	0	0.0	0
chr12	88639528	0	0	0.0	0
chr12	88655825	0	0	0.0	0
chr12	88782548	0	0	0.0	0
chr12	89099333	0	0	0.0	0
chr12	89206799	0	0	0.0	0
chr12	89222870	0	0	0.0	0
chr12	89263815	0	0	0.0	0
chr12	89284363	0	0	0.0	0
chr12	89364284	0	0	0.0	0
chr12	89375223	0	0	0.0	0
chr12	89382991	0	0	0.0	0
chr12	89386757	0	0	0.0	0
chr12	89507768	0	0	0.0	0
chr12	89528445	0	0	0.0	0
chr12	89617972	0	0	0.0	0
chr12	89759629	0	0	0.0	0
chr12	89873455	0	0	0.0	0
chr12	89947571	0	0	0.0	0
chr12	89997348	0	0	0.0	0
chr12	90413429	0	0	0.0	0
chr12	90464109	0	0	0.0	0
chr12	90503445	0	0	0.0	0
chr12	90813855	0	0	0.0	0
chr12	91045374	0	0	0.0	0
chr12	91074695	0	0	0.0	0
chr12	91462716	0	0	0.0	0
chr12	91545948	0	0	0.0	0
chr12	91613672	0	0	0.0	0
chr12	91741803	0	0	0.0	0
chr12	91833257	0	0	0.0	0
chr12	91960209	0	0	0.0	0
chr12	91970938	0	0	0.0	0
chr12	91978541	0	0	0.0	0
chr12	92407215	0	0	0.0	0
chr12	92516591	0	0	0.0	0
chr12	92570273	0	0	0.0	0
chr12	92763903	0	0	0.0	0
chr12	92835672	0	0	0.0	0
chr12	92879783	0	0	0.0	0
chr12	92911658	0	1	0.0139	0
chr12	93280119	0	0	0.0	0
chr12	93340174	0	0	0.0	0
chr12	93532517	0	0	0.0	0
chr12	93833045	0	0	0.0	0
chr12	93868882	0	0	0.0	0
chr12	93900419	0	0	0.0	0
chr12	93918587	0	0	0.0	0
chr12	94008077	0	0	0.0	0
chr12	94065105	0	0	0.0	0
chr12	94226575	0	0	0.0	0
chr12	94271996	0	0	0.0	0
chr12	94574083	0	0	0.0	0
chr12	94685383	0	0	0.0	0
chr12	94713727	0	0	0.0	0
chr12	94860659	0	0	0.0	0
chr12	94892057	0	0	0.0	0
chr12	94908709	0	0	0.0	0
chr12	94915875	0	0	0.0	0
chr12	94934216	0	0	0.0	0
chr12	94948019	0	0	0.0	0
chr12	94948590	0	0	0.0	0
chr12	95228146	0	0	0.0	0
chr12	95280064	0	0	0.0	0
chr12	95313256	0	0	0.0	0
chr12	95453668	0	0	0.0	0
chr12	95455291	0	0	0.0	0
chr12	95458798	0	0	0.0	0
chr12	95892413	0	0	0.0	0
chr12	96007419	0	0	0.0	0
chr12	96141276	0	0	0.0	0
chr12	96144473	0	0	0.0	0
chr12	96660302	0	1	0.0244	0
chr12	96717416	0	0	0.0	0
chr12	96728959	0	0	0.0	0
chr12	96739157	0	0	0.0	0
chr12	96778864	0	0	0.0	0
chr12	96894731	0	0	0.0	0
chr12	97003821	0	0	0.0	0
chr12	97009069	0	0	0.0	0
chr12	97052739	0	0	0.0	0
chr12	97532270	0	0	0.0	0
chr12	97581684	0	0	0.0	0
chr12	97731628	0	0	0.0	0
chr12	97840106	0	0	0.0	0
chr12	97867512	0	0	0.0	0
chr12	97979767	0	0	0.0	0
chr12	98155137	0	0	0.0	0
chr12	98202827	0	0	0.0	0
chr12	98243524	0	0	0.0	0
chr12	98335782	0	0	0.0	0
chr12	98342075	0	0	0.0	0
chr12	98852219	0	0	0.0	0
chr12	98917909	0	0	0.0	0
chr12	99048577	0	0	0.0	0
chr12	99048791	0	0	0.0	0
chr12	99076742	0	0	0.0	0
chr12	99106033	0	0	0.0	0
chr12	99438382	0	0	0.0	0
chr12	99601599	0	0	0.0	0
chr12	99605910	0	0	0.0	0
chr12	99810082	0	0	0.0	0
chr12	100078449	0	0	0.0	0
chr12	100210475	0	0	0.0	0
chr12	100287309	0	0	0.0	0
chr12	100352677	0	0	0.0	0
chr12	100457158	0	1	0.037	0
chr12	100491578	0	0	0.0	0
chr12	100959300	0	0	0.0	0
chr12	101062755	0	0	0.0	0
chr12	101170784	0	0	0.0	0
chr12	101856901	0	0	0.0	0
chr12	101966555	0	0	0.0	0
chr12	102005166	0	0	0.0	0
chr12	102361479	0	0	0.0	0
chr12	102534792	0	0	0.0	0
chr12	102810129	0	0	0.0	0
chr12	102856714	0	0	0.0	0
chr12	102874851	0	0	0.0	0
chr12	103190752	0	0	0.0	0
chr12	103289009	0	0	0.0	0
chr12	103383070	0	0	0.0	0
chr12	103424979	0	0	0.0	0
chr12	103510604	0	0	0.0	0
chr12	103515552	0	0	0.0	0
chr12	103543987	0	0	0.0	0
chr12	103659960	0	0	0.0	0
chr12	103671647	0	0	0.0	0
chr12	103692649	3	37	0.9024	1
chr12	103779873	0	0	0.0	0
chr12	103856967	0	0	0.0	0
chr12	103862927	0	0	0.0	0
chr12	103963372	0	0	0.0	0
chr12	104010284	0	0	0.0	0
chr12	104216550	0	0	0.0	0
chr12	104293409	0	0	0.0	0
chr12	104295550	0	0	0.0	0
chr12	104303989	0	0	0.0	0
chr12	104393841	0	0	0.0	0
chr12	104638784	0	0	0.0	0
chr12	104732613	0	0	0.0	0
chr12	104758914	0	0	0.0	0
chr12	104768078	0	0	0.0	0
chr12	105098670	0	0	0.0	0
chr12	105130617	0	0	0.0	0
chr12	105185128	0	0	0.0	0
chr12	105274769	0	0	0.0	0
chr12	105315384	0	0	0.0	0
chr12	105382710	0	0	0.0	0
chr12	105390399	0	0	0.0	0
chr12	105512307	0	0	0.0	0
chr12	105523221	1	25	0.431	1
chr12	105544093	0	0	0.0	0
chr12	105551436	0	0	0.0	0
chr12	105845287	0	0	0.0	0
chr12	105931348	0	0	0.0	0
chr12	106040889	0	0	0.0	0
chr12	106043065	0	0	0.0	0
chr12	106079917	0	0	0.0	0
chr12	106115350	0	0	0.0	0
chr12	106202238	0	0	0.0	0
chr12	106246911	0	0	0.0	0
chr12	106308270	0	0	0.0	0
chr12	106387925	0	0	0.0	0
chr12	106395607	0	0	0.0	0
chr12	106412167	0	0	0.0	0
chr12	106451177	0	1	0.0141	0
chr12	106464183	0	0	0.0	0
chr12	106568405	0	0	0.0	0
chr12	106631588	0	0	0.0	0
chr12	106994953	0	0	0.0	0
chr12	107007791	0	0	0.0	0
chr12	107074228	0	0	0.0	0
chr12	107119497	0	0	0.0	0
chr12	107119665	0	0	0.0	0
chr12	107192165	0	0	0.0	0
chr12	107223024	0	0	0.0	0
chr12	107225250	0	0	0.0	0
chr12	107271487	0	0	0.0	0
chr12	107439486	0	0	0.0	0
chr12	107524027	0	0	0.0	0
chr12	107558658	0	1	0.0167	0
chr12	107579417	0	1	0.0172	0
chr12	107699888	0	0	0.0	0
chr12	107747998	0	0	0.0	0
chr12	107827833	0	0	0.0	0
chr12	107978877	0	0	0.0	0
chr12	108093612	0	0	0.0	0
chr12	108217169	0	0	0.0	0
chr12	108360589	0	0	0.0	0
chr12	108402760	0	0	0.0	0
chr12	108644635	0	0	0.0	0
chr12	108744673	0	0	0.0	0
chr12	108745465	0	0	0.0	0
chr12	108893143	0	0	0.0	0
chr12	108972482	0	0	0.0	0
chr12	109100770	0	0	0.0	0
chr12	109132926	0	0	0.0	0
chr12	109171115	0	0	0.0	0
chr12	109286137	0	0	0.0	0
chr12	109293256	0	0	0.0	0
chr12	109458661	0	0	0.0	0
chr12	109462873	0	0	0.0	0
chr12	109463675	0	0	0.0	0
chr12	109558259	0	0	0.0	0
chr12	109593979	0	0	0.0	0
chr12	109714789	0	0	0.0	0
chr12	109786407	0	0	0.0	0
chr12	109790385	0	0	0.0	0
chr12	109805867	0	0	0.0	0
chr12	109809613	0	0	0.0	0
chr12	109813478	0	0	0.0	0
chr12	109914945	0	0	0.0	0
chr12	110457801	0	0	0.0	0
chr12	110540650	0	0	0.0	0
chr12	110563868	0	0	0.0	0
chr12	110658952	0	0	0.0	0
chr12	110685125	0	0	0.0	0
chr12	110745857	0	0	0.0	0
chr12	110824276	0	1	0.0286	0
chr12	110861276	0	0	0.0	0
chr12	111024367	0	0	0.0	0
chr12	111044551	0	0	0.0	0
chr12	111051182	0	0	0.0	0
chr12	111165773	0	0	0.0	0
chr12	111240376	0	0	0.0	0
chr12	111304612	0	0	0.0	0
chr12	111438134	0	0	0.0	0
chr12	112209029	0	0	0.0	0
chr12	112235089	0	0	0.0	0
chr12	112295061	0	0	0.0	0
chr12	112425689	0	0	0.0	0
chr12	112725373	0	0	0.0	0
chr12	112728873	0	0	0.0	0
chr12	112757712	0	0	0.0	0
chr12	112849310	0	0	0.0	0
chr12	112878661	0	0	0.0	0
chr12	112889341	0	0	0.0	0
chr12	113021665	0	0	0.0	0
chr12	113058943	0	0	0.0	0
chr12	113115939	0	0	0.0	0
chr12	113138904	0	0	0.0	0
chr12	113236209	0	0	0.0	0
chr12	113278235	0	0	0.0	0
chr12	113295292	0	0	0.0	0
chr12	113435471	0	0	0.0	0
chr12	113436935	0	0	0.0	0
chr12	113541718	0	0	0.0	0
chr12	113638126	0	0	0.0	0
chr12	113664024	0	0	0.0	0
chr12	113747211	0	0	0.0	0
chr12	113759977	0	0	0.0	0
chr12	113797867	0	0	0.0	0
chr12	113975186	0	0	0.0	0
chr12	113979928	0	0	0.0	0
chr12	113994063	0	0	0.0	0
chr12	114032443	0	0	0.0	0
chr12	114134744	0	0	0.0	0
chr12	114443386	0	0	0.0	0
chr12	114451113	0	0	0.0	0
chr12	114476222	0	0	0.0	0
chr12	114507000	0	0	0.0	0
chr12	114730070	0	0	0.0	0
chr12	114762105	0	0	0.0	0
chr12	114985964	0	0	0.0	0
chr12	115096213	0	0	0.0	0
chr12	115108329	0	0	0.0	0
chr12	115120614	0	0	0.0	0
chr12	115159008	0	0	0.0	0
chr12	115279052	0	0	0.0	0
chr12	115474389	0	0	0.0	0
chr12	115515376	0	0	0.0	0
chr12	115604366	0	0	0.0	0
chr12	115631747	0	0	0.0	0
chr12	115730123	0	0	0.0	0
chr12	115819775	0	0	0.0	0
chr12	115821656	0	0	0.0	0
chr12	115997905	0	0	0.0	0
chr12	116014779	0	0	0.0	0
chr12	116273027	0	0	0.0	0
chr12	116281792	0	0	0.0	0
chr12	116377323	0	0	0.0	0
chr12	116548222	0	0	0.0	0
chr12	116601206	0	0	0.0	0
chr12	116616657	0	0	0.0	0
chr12	116633947	0	0	0.0	0
chr12	116635244	0	0	0.0	0
chr12	116701056	0	0	0.0	0
chr12	116710069	0	1	0.0143	0
chr12	116714086	0	0	0.0	0
chr12	116767934	0	0	0.0	0
chr12	116855843	0	0	0.0	0
chr12	116955992	0	0	0.0	0
chr12	117071677	0	0	0.0	0
chr12	117135995	0	0	0.0	0
chr12	117201380	0	0	0.0	0
chr12	117239888	0	0	0.0	0
chr12	117309825	0	0	0.0	0
chr12	117337836	0	0	0.0	0
chr12	117395228	0	0	0.0	0
chr12	117402692	0	0	0.0	0
chr12	117582275	0	0	0.0	0
chr12	117591002	0	1	0.0204	0
chr12	117628511	0	0	0.0	0
chr12	117685231	0	0	0.0	0
chr12	117702057	0	0	0.0	0
chr12	117721816	0	0	0.0	0
chr12	117848844	1	68	0.8193	1
chr12	117987337	0	0	0.0	0
chr12	118070919	0	0	0.0	0
chr12	118102761	0	0	0.0	0
chr12	118179330	0	0	0.0	0
chr12	118208005	0	0	0.0	0
chr12	118415071	0	0	0.0	0
chr12	118450036	0	0	0.0	0
chr12	118504731	0	0	0.0	0
chr12	118524348	0	0	0.0	0
chr12	118621668	0	0	0.0	0
chr12	118663177	0	0	0.0	0
chr12	118690715	0	0	0.0	0
chr12	118774568	0	0	0.0	0
chr12	118896066	0	0	0.0	0
chr12	118917877	0	0	0.0	0
chr12	118970536	0	0	0.0	0
chr12	118992276	0	0	0.0	0
chr12	118996672	0	0	0.0	0
chr12	119060966	0	0	0.0	0
chr12	119072621	1	27	0.3971	1
chr12	119110109	0	0	0.0	0
chr12	119110337	0	0	0.0	0
chr12	119154371	0	0	0.0	0
chr12	119277539	0	0	0.0	0
chr12	119465239	0	0	0.0	0
chr12	119684203	0	0	0.0	0
chr12	119743305	0	0	0.0	0
chr12	119809632	0	0	0.0	0
chr12	119890492	0	0	0.0	0
chr12	119939839	0	0	0.0	0
chr12	120104308	0	0	0.0	0
chr12	120238968	0	0	0.0	0
chr12	120302984	0	0	0.0	0
chr12	120309950	0	0	0.0	0
chr12	120362300	0	0	0.0	0
chr12	120501054	0	0	0.0	0
chr12	120547420	0	0	0.0	0
chr12	120779260	0	0	0.0	0
chr12	121093549	0	0	0.0	0
chr12	121162555	0	0	0.0	0
chr12	121205657	0	0	0.0	0
chr12	121324792	0	0	0.0	0
chr12	121404888	0	0	0.0	0
chr12	121452884	0	0	0.0	0
chr12	121479105	0	0	0.0	0
chr12	121522167	0	0	0.0	0
chr12	121527880	0	0	0.0	0
chr12	121534548	0	0	0.0	0
chr12	121549601	0	0	0.0	0
chr12	121561367	0	0	0.0	0
chr12	121564005	0	0	0.0	0
chr12	121614747	0	0	0.0	0
chr12	121635080	0	1	0.0213	0
chr12	121652495	0	0	0.0	0
chr12	121846261	0	0	0.0	0
chr12	121898297	0	0	0.0	0
chr12	122096065	0	0	0.0	0
chr12	122189754	0	0	0.0	0
chr12	122527149	0	0	0.0	0
chr12	122527305	0	0	0.0	0
chr12	122738107	0	0	0.0	0
chr12	122780955	0	0	0.0	0
chr12	122952539	0	0	0.0	0
chr12	123012005	0	0	0.0	0
chr12	123218116	0	0	0.0	0
chr12	123233832	0	0	0.0	0
chr12	123294716	0	0	0.0	0
chr12	123338439	0	0	0.0	0
chr12	123395401	0	0	0.0	0
chr12	123396107	0	0	0.0	0
chr12	123401843	0	0	0.0	0
chr12	123429251	0	0	0.0	0
chr12	123546716	0	0	0.0	0
chr12	123591233	0	0	0.0	0
chr12	123614298	0	0	0.0	0
chr12	123644092	0	0	0.0	0
chr12	123784759	0	0	0.0	0
chr12	123876193	0	0	0.0	0
chr12	123894218	0	0	0.0	0
chr12	124172709	0	1	0.0154	0
chr12	124188459	0	0	0.0	0
chr12	124211211	0	0	0.0	0
chr12	124329927	0	0	0.0	0
chr12	124348803	0	0	0.0	0
chr12	124355712	0	0	0.0	0
chr12	124365288	0	0	0.0	0
chr12	124379939	0	0	0.0	0
chr12	124398797	0	0	0.0	0
chr12	124404090	0	0	0.0	0
chr12	124425632	0	0	0.0	0
chr12	124591052	0	0	0.0	0
chr12	124676452	0	0	0.0	0
chr12	124680143	0	0	0.0	0
chr12	124738528	0	0	0.0	0
chr12	124756840	0	0	0.0	0
chr12	125058572	0	0	0.0	0
chr12	125123002	0	0	0.0	0
chr12	125123337	0	0	0.0	0
chr12	125250093	0	0	0.0	0
chr12	125252120	0	0	0.0	0
chr12	125314537	0	0	0.0	0
chr12	125464246	0	0	0.0	0
chr12	125494652	0	0	0.0	0
chr12	125583327	0	0	0.0	0
chr12	125651253	0	0	0.0	0
chr12	125676866	0	0	0.0	0
chr12	125699631	0	0	0.0	0
chr12	125746377	0	0	0.0	0
chr12	125782688	0	0	0.0	0
chr12	125802432	0	0	0.0	0
chr12	125854971	0	0	0.0	0
chr12	125930376	0	0	0.0	0
chr12	126123622	0	0	0.0	0
chr12	126319061	0	0	0.0	0
chr12	126360081	0	0	0.0	0
chr12	126435217	0	0	0.0	0
chr12	126449335	1	36	0.507	1
chr12	126459978	0	0	0.0	0
chr12	126512553	0	0	0.0	0
chr12	126642011	0	0	0.0	0
chr12	126664922	0	0	0.0	0
chr12	126837860	0	0	0.0	0
chr12	126873990	0	0	0.0	0
chr12	127222973	0	0	0.0	0
chr12	127254081	0	2	0.0408	0
chr12	127294544	0	0	0.0	0
chr12	127311636	0	0	0.0	0
chr12	127385685	0	0	0.0	0
chr12	127516081	0	0	0.0	0
chr12	127607500	0	0	0.0	0
chr12	127714831	0	0	0.0	0
chr12	127756914	0	0	0.0	0
chr12	127817173	0	1	0.0192	0
chr12	128003935	0	0	0.0	0
chr12	128011526	0	0	0.0	0
chr12	128198635	0	0	0.0	0
chr12	128383877	0	0	0.0	0
chr12	128390541	0	0	0.0	0
chr12	128528108	0	0	0.0	0
chr12	128607457	0	0	0.0	0
chr12	128619987	0	0	0.0	0
chr12	128657907	0	0	0.0	0
chr12	128740739	0	0	0.0	0
chr12	128742259	0	0	0.0	0
chr12	128889516	0	0	0.0	0
chr12	129045106	1	4	0.0519	1
chr12	129072926	0	0	0.0	0
chr12	129099660	0	0	0.0	0
chr12	129110278	0	0	0.0	0
chr12	129148962	0	0	0.0	0
chr12	129185141	0	0	0.0	0
chr12	129293192	0	0	0.0	0
chr12	129553905	0	0	0.0	0
chr12	129582375	0	0	0.0	0
chr12	129662178	0	0	0.0	0
chr12	129921366	0	0	0.0	0
chr12	130024323	0	0	0.0	0
chr12	130029419	0	0	0.0	0
chr12	130044398	0	0	0.0	0
chr12	130192563	0	1	0.0164	0
chr12	130244956	0	0	0.0	0
chr12	130283607	0	0	0.0	0
chr12	130409893	0	0	0.0	0
chr12	130416059	0	0	0.0	0
chr12	130502581	0	0	0.0	0
chr12	130513655	0	0	0.0	0
chr12	130567583	0	0	0.0	0
chr12	130612464	0	0	0.0	0
chr12	130661581	0	0	0.0	0
chr12	130671021	0	0	0.0	0
chr12	130679977	0	0	0.0	0
chr12	130781347	0	0	0.0	0
chr12	130868912	0	0	0.0	0
chr12	130902467	0	0	0.0	0
chr12	130903181	0	0	0.0	0
chr12	131013933	0	0	0.0	0
chr12	131025783	0	0	0.0	0
chr12	131041374	0	1	0.0217	0
chr12	131074116	0	0	0.0	0
chr12	131089275	0	0	0.0	0
chr12	131097120	0	0	0.0	0
chr12	131184610	0	0	0.0	0
chr12	131309548	0	0	0.0	0
chr12	131316415	0	0	0.0	0
chr12	131364502	0	0	0.0	0
chr12	131380360	0	0	0.0	0
chr12	131404130	1	26	0.5	1
chr12	131416365	0	0	0.0	0
chr12	131560900	0	0	0.0	0
chr12	131578435	0	0	0.0	0
chr12	131649564	0	0	0.0	0
chr12	131778116	0	0	0.0	0
chr12	131807907	0	0	0.0	0
chr12	131833084	0	0	0.0	0
chr12	131833510	0	0	0.0	0
chr12	131844314	0	0	0.0	0
chr12	132050819	0	0	0.0	0
chr12	132096135	0	0	0.0	0
chr12	132115991	0	0	0.0	0
chr12	132141703	0	0	0.0	0
chr12	132197177	0	0	0.0	0
chr12	132201948	0	0	0.0	0
chr12	132204010	0	0	0.0	0
chr12	132270624	0	0	0.0	0
chr12	132351182	0	0	0.0	0
chr12	132374013	0	0	0.0	0
chr12	132394066	0	0	0.0	0
chr12	132394264	0	0	0.0	0
chr12	132430045	0	0	0.0	0
chr12	132490710	0	0	0.0	0
chr12	132674017	0	0	0.0	0
chr12	132762339	0	0	0.0	0
chr12	132804317	0	0	0.0	0
chr12	133056592	0	0	0.0	0
chr12	133086231	0	0	0.0	0
chr12	133137869	0	1	0.0133	0
chr12	133138501	0	0	0.0	0
chr12	133173224	0	0	0.0	0
chr12	133190960	1	40	0.4598	1
chr12	133223401	0	1	0.0169	0
chr12_GL383549v1_alt	56862	0	0	0.0	0
chr12_GL383551v1_alt	138925	0	0	0.0	0
chr12_GL383552v1_alt	9019	0	0	0.0	0
chr12_GL383552v1_alt	43367	0	0	0.0	0
chr12_GL877875v1_alt	108025	0	0	0.0	0
chr12_GL877876v1_alt	186342	0	0	0.0	0
chr12_GL877876v1_alt	381323	0	0	0.0	0
chr12_KI270834v1_alt	49684	0	0	0.0	0
chr12_KI270835v1_alt	66882	0	0	0.0	0
chr12_KI270835v1_alt	132893	0	0	0.0	0
chr12_KI270836v1_alt	17880	0	0	0.0	0
chr12_KI270904v1_alt	186329	0	0	0.0	0
chr12_KI270904v1_alt	462224	0	0	0.0	0
chr12_KI270904v1_alt	468910	0	0	0.0	0
chr13	16053423	0	0	0.0	0
chr13	16111052	0	0	0.0	0
chr13	16114480	0	0	0.0	0
chr13	16117909	0	0	0.0	0
chr13	16124758	0	0	0.0	0
chr13	16128184	0	0	0.0	0
chr13	16131613	0	0	0.0	0
chr13	16135039	0	0	0.0	0
chr13	16141888	0	0	0.0	0
chr13	16145316	0	0	0.0	0
chr13	16148743	0	0	0.0	0
chr13	16152169	0	0	0.0	0
chr13	16155594	0	0	0.0	0
chr13	16162446	0	0	0.0	0
chr13	16166999	0	0	0.0	0
chr13	16173850	0	0	0.0	0
chr13	16180699	0	0	0.0	0
chr13	16184124	0	0	0.0	0
chr13	16190975	0	0	0.0	0
chr13	16197825	0	0	0.0	0
chr13	16201250	0	0	0.0	0
chr13	16204675	0	0	0.0	0
chr13	16208101	0	0	0.0	0
chr13	16214951	0	0	0.0	0
chr13	16218375	0	0	0.0	0
chr13	16221799	0	0	0.0	0
chr13	16225224	0	0	0.0	0
chr13	18427698	0	0	0.0	0
chr13	18542511	0	0	0.0	0
chr13	18747916	0	0	0.0	0
chr13	18878456	0	0	0.0	0
chr13	19074144	0	0	0.0	0
chr13	19216003	0	0	0.0	0
chr13	19323583	0	0	0.0	0
chr13	19424756	0	0	0.0	0
chr13	19568526	0	0	0.0	0
chr13	19813921	0	0	0.0	0
chr13	19955073	0	0	0.0	0
chr13	20056564	0	0	0.0	0
chr13	20137411	0	0	0.0	0
chr13	20270379	0	0	0.0	0
chr13	20319087	0	1	0.0137	0
chr13	20483423	0	1	0.0227	0
chr13	20502978	0	0	0.0	0
chr13	20512294	0	0	0.0	0
chr13	20620790	0	0	0.0	0
chr13	20739945	0	0	0.0	0
chr13	20902137	0	0	0.0	0
chr13	20968559	0	1	0.0127	0
chr13	20999317	0	0	0.0	0
chr13	21022238	0	0	0.0	0
chr13	21080356	0	0	0.0	0
chr13	21204569	0	0	0.0	0
chr13	21233288	0	0	0.0	0
chr13	21410731	0	0	0.0	0
chr13	21522981	0	0	0.0	0
chr13	21708577	0	0	0.0	0
chr13	21796538	0	0	0.0	0
chr13	21801324	0	0	0.0	0
chr13	21952842	0	0	0.0	0
chr13	22177271	0	0	0.0	0
chr13	22239757	0	0	0.0	0
chr13	22296031	0	0	0.0	0
chr13	22366769	0	0	0.0	0
chr13	22466061	0	0	0.0	0
chr13	22609534	0	0	0.0	0
chr13	22679513	0	0	0.0	0
chr13	22774240	0	0	0.0	0
chr13	22805134	0	0	0.0	0
chr13	22813761	0	0	0.0	0
chr13	22867103	0	0	0.0	0
chr13	22934937	0	0	0.0	0
chr13	22955709	0	0	0.0	0
chr13	23465874	0	0	0.0	0
chr13	23498515	0	0	0.0	0
chr13	23503275	0	0	0.0	0
chr13	23566384	0	0	0.0	0
chr13	23578220	0	0	0.0	0
chr13	23668213	0	0	0.0	0
chr13	23673668	0	0	0.0	0
chr13	23683300	0	0	0.0	0
chr13	23705304	0	0	0.0	0
chr13	23797532	0	0	0.0	0
chr13	23883732	0	1	0.0135	0
chr13	24129796	0	0	0.0	0
chr13	24213103	0	0	0.0	0
chr13	24352520	0	0	0.0	0
chr13	24380791	0	0	0.0	0
chr13	24471023	0	0	0.0	0
chr13	24502973	0	0	0.0	0
chr13	24933133	0	0	0.0	0
chr13	24937986	0	0	0.0	0
chr13	25093308	0	0	0.0	0
chr13	25134016	0	0	0.0	0
chr13	25150592	0	0	0.0	0
chr13	25158582	0	0	0.0	0
chr13	25288226	0	0	0.0	0
chr13	25407742	0	0	0.0	0
chr13	25496542	0	1	0.0154	0
chr13	25510051	0	0	0.0	0
chr13	25593510	0	0	0.0	0
chr13	25627156	0	0	0.0	0
chr13	25687283	0	0	0.0	0
chr13	25695358	0	0	0.0	0
chr13	25880601	0	0	0.0	0
chr13	26029515	0	0	0.0	0
chr13	26057548	0	0	0.0	0
chr13	26144883	0	0	0.0	0
chr13	26189657	0	0	0.0	0
chr13	26231170	0	0	0.0	0
chr13	26481276	0	0	0.0	0
chr13	26532106	0	0	0.0	0
chr13	26535181	0	0	0.0	0
chr13	26673243	0	0	0.0	0
chr13	26696293	0	0	0.0	0
chr13	26716453	0	0	0.0	0
chr13	26787800	0	0	0.0	0
chr13	26790044	0	0	0.0	0
chr13	27069120	0	0	0.0	0
chr13	27118803	0	0	0.0	0
chr13	27125878	0	0	0.0	0
chr13	27260953	0	0	0.0	0
chr13	27309445	0	0	0.0	0
chr13	27310963	0	0	0.0	0
chr13	27614322	0	0	0.0	0
chr13	27621572	0	0	0.0	0
chr13	27693172	0	0	0.0	0
chr13	27974134	0	0	0.0	0
chr13	28111605	0	0	0.0	0
chr13	28161549	0	0	0.0	0
chr13	28514060	0	0	0.0	0
chr13	28579318	0	1	0.0185	0
chr13	28585936	0	0	0.0	0
chr13	28700566	0	0	0.0	0
chr13	28717070	0	0	0.0	0
chr13	28726320	0	0	0.0	0
chr13	28742501	0	0	0.0	0
chr13	28792575	0	2	0.0328	0
chr13	28795237	0	0	0.0	0
chr13	28872137	0	0	0.0	0
chr13	29038351	0	0	0.0	0
chr13	29117865	0	0	0.0	0
chr13	29222882	0	0	0.0	0
chr13	29229318	0	0	0.0	0
chr13	29232429	0	0	0.0	0
chr13	29354276	0	1	0.0333	0
chr13	29455653	0	0	0.0	0
chr13	29490636	0	0	0.0	0
chr13	29601542	0	1	0.0182	0
chr13	29636529	0	0	0.0	0
chr13	29665865	0	0	0.0	0
chr13	29703269	0	0	0.0	0
chr13	29771554	0	0	0.0	0
chr13	29844583	0	0	0.0	0
chr13	30155761	0	0	0.0	0
chr13	30276292	0	0	0.0	0
chr13	30314146	0	0	0.0	0
chr13	30501207	0	1	0.0164	0
chr13	30513937	0	0	0.0	0
chr13	30617901	0	0	0.0	0
chr13	30727600	0	0	0.0	0
chr13	30798415	0	0	0.0	0
chr13	30845343	0	0	0.0	0
chr13	30865992	0	0	0.0	0
chr13	30871797	0	0	0.0	0
chr13	30881256	0	0	0.0	0
chr13	30936498	0	0	0.0	0
chr13	31017231	0	0	0.0	0
chr13	31037810	0	0	0.0	0
chr13	31052716	0	0	0.0	0
chr13	31173001	0	0	0.0	0
chr13	31269676	0	0	0.0	0
chr13	31464968	0	0	0.0	0
chr13	31469162	0	0	0.0	0
chr13	31547623	0	0	0.0	0
chr13	31594576	0	0	0.0	0
chr13	31717829	0	0	0.0	0
chr13	31719401	0	0	0.0	0
chr13	31725319	0	0	0.0	0
chr13	31849550	0	0	0.0	0
chr13	32031466	0	0	0.0	0
chr13	32080482	0	0	0.0	0
chr13	32097304	0	0	0.0	0
chr13	32481280	0	0	0.0	0
chr13	32600818	0	0	0.0	0
chr13	32660485	1	67	0.9571	1
chr13	32669177	0	0	0.0	0
chr13	32723903	0	0	0.0	0
chr13	32726171	2	22	0.8	1
chr13	32769796	0	0	0.0	0
chr13	32794120	0	0	0.0	0
chr13	32801966	0	0	0.0	0
chr13	32825215	0	0	0.0	0
chr13	32857242	0	0	0.0	0
chr13	32950802	0	0	0.0	0
chr13	33124351	0	0	0.0	0
chr13	33177086	0	0	0.0	0
chr13	33203410	0	0	0.0	0
chr13	33230833	0	0	0.0	0
chr13	33234037	0	0	0.0	0
chr13	33241803	0	0	0.0	0
chr13	33267134	0	0	0.0	0
chr13	33295053	0	0	0.0	0
chr13	33315182	0	0	0.0	0
chr13	33418814	0	0	0.0	0
chr13	33577624	0	1	0.0238	0
chr13	33583152	0	0	0.0	0
chr13	33647274	0	0	0.0	0
chr13	33696314	0	0	0.0	0
chr13	33918849	0	0	0.0	0
chr13	33955132	0	0	0.0	0
chr13	33960686	3	69	0.8718	1
chr13	34054640	0	0	0.0	0
chr13	34122201	0	0	0.0	0
chr13	34244896	0	0	0.0	0
chr13	34356421	0	0	0.0	0
chr13	34400583	0	0	0.0	0
chr13	34431333	0	0	0.0	0
chr13	34509786	0	0	0.0	0
chr13	34674129	0	0	0.0	0
chr13	34792284	0	0	0.0	0
chr13	34864818	0	0	0.0	0
chr13	35156927	0	0	0.0	0
chr13	35270750	0	0	0.0	0
chr13	35335478	0	0	0.0	0
chr13	35372347	0	0	0.0	0
chr13	35534404	0	0	0.0	0
chr13	35579600	0	0	0.0	0
chr13	35771906	0	0	0.0	0
chr13	35862439	0	0	0.0	0
chr13	35981391	0	0	0.0	0
chr13	36026128	0	0	0.0	0
chr13	36129390	0	0	0.0	0
chr13	36261803	0	0	0.0	0
chr13	36262119	0	0	0.0	0
chr13	36385727	0	0	0.0	0
chr13	36394401	0	0	0.0	0
chr13	36644643	0	0	0.0	0
chr13	36726894	0	0	0.0	0
chr13	36762189	0	0	0.0	0
chr13	36924105	0	0	0.0	0
chr13	37117191	0	0	0.0	0
chr13	37181890	0	0	0.0	0
chr13	37392239	0	0	0.0	0
chr13	37448453	0	0	0.0	0
chr13	37461377	0	0	0.0	0
chr13	37467161	0	0	0.0	0
chr13	37481361	0	0	0.0	0
chr13	37532101	1	5	0.0926	1
chr13	37538794	0	0	0.0	0
chr13	38104628	0	0	0.0	0
chr13	38140862	0	0	0.0	0
chr13	38215554	0	0	0.0	0
chr13	38231420	0	0	0.0	0
chr13	38252609	0	0	0.0	0
chr13	38299271	0	0	0.0	0
chr13	38330187	0	0	0.0	0
chr13	38463033	0	0	0.0	0
chr13	38556315	0	0	0.0	0
chr13	38569580	0	0	0.0	0
chr13	38713576	0	0	0.0	0
chr13	38749710	0	0	0.0	0
chr13	38763798	0	0	0.0	0
chr13	39137765	0	0	0.0	0
chr13	39210632	0	0	0.0	0
chr13	39489527	1	19	0.2603	1
chr13	39572095	0	0	0.0	0
chr13	39798834	0	0	0.0	0
chr13	40198645	0	1	0.0227	0
chr13	40231615	0	0	0.0	0
chr13	40238361	0	0	0.0	0
chr13	40240691	0	0	0.0	0
chr13	40491165	0	0	0.0	0
chr13	40491674	0	0	0.0	0
chr13	40756720	0	0	0.0	0
chr13	41225360	0	0	0.0	0
chr13	41247769	0	0	0.0	0
chr13	41315144	0	0	0.0	0
chr13	41350041	0	0	0.0	0
chr13	41356108	0	0	0.0	0
chr13	41520951	0	0	0.0	0
chr13	41573672	0	0	0.0	0
chr13	41966712	0	0	0.0	0
chr13	42072856	0	0	0.0	0
chr13	42213045	0	0	0.0	0
chr13	42413124	0	0	0.0	0
chr13	42438809	0	0	0.0	0
chr13	42626730	0	0	0.0	0
chr13	42653204	0	0	0.0	0
chr13	42725659	0	0	0.0	0
chr13	42759997	0	0	0.0	0
chr13	42776822	0	0	0.0	0
chr13	42901674	0	0	0.0	0
chr13	43036540	0	0	0.0	0
chr13	43137605	0	0	0.0	0
chr13	43152498	0	0	0.0	0
chr13	43191363	0	0	0.0	0
chr13	43296191	0	0	0.0	0
chr13	43306071	0	0	0.0	0
chr13	43342055	0	0	0.0	0
chr13	43375917	0	0	0.0	0
chr13	43416966	0	0	0.0	0
chr13	43659380	0	0	0.0	0
chr13	44012261	0	0	0.0	0
chr13	44015472	0	0	0.0	0
chr13	44063055	0	0	0.0	0
chr13	44095859	0	0	0.0	0
chr13	44116371	0	0	0.0	0
chr13	44138805	0	1	0.02	0
chr13	44186370	0	0	0.0	0
chr13	44221675	0	0	0.0	0
chr13	44324668	0	0	0.0	0
chr13	44437506	1	32	0.4571	1
chr13	44612565	0	0	0.0	0
chr13	44674963	1	28	0.3944	1
chr13	44676716	0	0	0.0	0
chr13	44727987	0	1	0.02	0
chr13	44731708	0	0	0.0	0
chr13	44732173	0	0	0.0	0
chr13	44859918	0	0	0.0	0
chr13	44994522	0	0	0.0	0
chr13	45054870	0	0	0.0	0
chr13	45105362	0	0	0.0	0
chr13	45194015	0	0	0.0	0
chr13	45230465	0	0	0.0	0
chr13	45375524	0	0	0.0	0
chr13	45402597	0	0	0.0	0
chr13	45459335	0	0	0.0	0
chr13	45527429	0	0	0.0	0
chr13	45721846	0	0	0.0	0
chr13	45757751	0	0	0.0	0
chr13	45772177	0	0	0.0	0
chr13	45822015	0	0	0.0	0
chr13	45983020	0	0	0.0	0
chr13	45990132	0	0	0.0	0
chr13	46017814	0	1	0.0333	0
chr13	46037283	0	0	0.0	0
chr13	46105708	0	0	0.0	0
chr13	46369519	0	0	0.0	0
chr13	46679692	0	0	0.0	0
chr13	46682276	0	0	0.0	0
chr13	46700798	0	0	0.0	0
chr13	46745970	0	0	0.0	0
chr13	46771960	0	0	0.0	0
chr13	46954179	0	0	0.0	0
chr13	47114000	0	0	0.0	0
chr13	47157242	0	0	0.0	0
chr13	47184935	0	0	0.0	0
chr13	47257087	0	0	0.0	0
chr13	47529528	0	0	0.0	0
chr13	47576683	0	0	0.0	0
chr13	48073030	0	0	0.0	0
chr13	48280928	0	0	0.0	0
chr13	48512018	0	0	0.0	0
chr13	48570034	0	0	0.0	0
chr13	48778125	0	0	0.0	0
chr13	48858012	0	0	0.0	0
chr13	48888816	0	0	0.0	0
chr13	48944476	0	0	0.0	0
chr13	48951049	0	0	0.0	0
chr13	49107458	0	0	0.0	0
chr13	49162457	0	0	0.0	0
chr13	49166185	0	0	0.0	0
chr13	49239414	0	0	0.0	0
chr13	49259732	0	0	0.0	0
chr13	49267348	0	0	0.0	0
chr13	49304302	0	0	0.0	0
chr13	49332291	0	0	0.0	0
chr13	49348092	0	0	0.0	0
chr13	49554855	0	0	0.0	0
chr13	49672398	0	0	0.0	0
chr13	49942358	0	0	0.0	0
chr13	50294266	0	0	0.0	0
chr13	50329326	0	0	0.0	0
chr13	50421538	0	0	0.0	0
chr13	50446183	0	0	0.0	0
chr13	50542253	0	0	0.0	0
chr13	50606411	0	0	0.0	0
chr13	50650771	0	0	0.0	0
chr13	50821094	0	0	0.0	0
chr13	51044786	0	0	0.0	0
chr13	51047530	0	0	0.0	0
chr13	51118807	0	0	0.0	0
chr13	51162267	0	0	0.0	0
chr13	51179458	0	0	0.0	0
chr13	51232582	0	0	0.0	0
chr13	51241996	0	0	0.0	0
chr13	51289112	0	0	0.0	0
chr13	51487027	0	0	0.0	0
chr13	51596852	0	0	0.0	0
chr13	51801813	0	0	0.0	0
chr13	51838425	0	0	0.0	0
chr13	51965289	0	0	0.0	0
chr13	51969900	0	0	0.0	0
chr13	51970141	0	0	0.0	0
chr13	52029106	0	0	0.0	0
chr13	52330121	0	0	0.0	0
chr13	52348429	0	0	0.0	0
chr13	52415903	1	3	0.0411	1
chr13	52595305	0	0	0.0	0
chr13	52629511	0	0	0.0	0
chr13	52768742	0	0	0.0	0
chr13	52887737	0	0	0.0	0
chr13	53026685	0	0	0.0	0
chr13	53068365	0	0	0.0	0
chr13	53105904	0	0	0.0	0
chr13	53121485	0	0	0.0	0
chr13	53135070	0	1	0.02	0
chr13	53155534	0	0	0.0	0
chr13	53203992	0	0	0.0	0
chr13	53222516	0	0	0.0	0
chr13	53269192	0	0	0.0	0
chr13	53312109	0	0	0.0	0
chr13	53613634	0	0	0.0	0
chr13	53818421	0	0	0.0	0
chr13	54265229	0	0	0.0	0
chr13	54714461	0	0	0.0	0
chr13	54775054	0	0	0.0	0
chr13	54919838	0	0	0.0	0
chr13	55157097	0	0	0.0	0
chr13	55516056	0	0	0.0	0
chr13	55732540	0	0	0.0	0
chr13	55778476	0	0	0.0	0
chr13	56162058	0	0	0.0	0
chr13	56301742	0	0	0.0	0
chr13	56368861	0	0	0.0	0
chr13	56468512	0	0	0.0	0
chr13	56587215	0	0	0.0	0
chr13	56610565	0	0	0.0	0
chr13	56892430	0	0	0.0	0
chr13	57042101	0	0	0.0	0
chr13	57644599	0	0	0.0	0
chr13	57870102	0	0	0.0	0
chr13	57908909	0	0	0.0	0
chr13	57930921	0	0	0.0	0
chr13	59177766	0	0	0.0	0
chr13	59407933	0	0	0.0	0
chr13	59535354	0	0	0.0	0
chr13	59606076	0	0	0.0	0
chr13	59619387	0	0	0.0	0
chr13	59627991	0	0	0.0	0
chr13	60172245	0	0	0.0	0
chr13	60467327	0	0	0.0	0
chr13	60488132	0	0	0.0	0
chr13	60637939	0	0	0.0	0
chr13	60688408	0	0	0.0	0
chr13	61076700	0	0	0.0	0
chr13	61299013	0	0	0.0	0
chr13	61421126	0	0	0.0	0
chr13	61484046	0	0	0.0	0
chr13	61928305	0	0	0.0	0
chr13	62399003	0	0	0.0	0
chr13	62738230	0	0	0.0	0
chr13	62799058	0	0	0.0	0
chr13	62959199	0	0	0.0	0
chr13	63045836	0	0	0.0	0
chr13	63187464	0	0	0.0	0
chr13	63730134	0	0	0.0	0
chr13	63774379	0	0	0.0	0
chr13	63901739	0	0	0.0	0
chr13	64124192	0	0	0.0	0
chr13	64386364	0	1	0.0278	0
chr13	64426035	0	0	0.0	0
chr13	64516224	0	0	0.0	0
chr13	64542915	0	0	0.0	0
chr13	64546732	0	0	0.0	0
chr13	64685605	0	0	0.0	0
chr13	64788425	0	0	0.0	0
chr13	64827494	0	0	0.0	0
chr13	65102518	0	0	0.0	0
chr13	65109204	0	0	0.0	0
chr13	65368187	0	0	0.0	0
chr13	65467471	0	0	0.0	0
chr13	65508542	0	0	0.0	0
chr13	65559246	0	0	0.0	0
chr13	65716304	0	0	0.0	0
chr13	65780235	0	0	0.0	0
chr13	65796464	0	0	0.0	0
chr13	65804120	0	0	0.0	0
chr13	65830486	0	0	0.0	0
chr13	65926972	0	0	0.0	0
chr13	65963238	0	0	0.0	0
chr13	65963693	0	0	0.0	0
chr13	66071094	0	0	0.0	0
chr13	66130488	0	0	0.0	0
chr13	66138651	0	0	0.0	0
chr13	66147104	0	0	0.0	0
chr13	66460796	0	0	0.0	0
chr13	66579893	0	0	0.0	0
chr13	66627300	0	0	0.0	0
chr13	66916230	0	0	0.0	0
chr13	66932565	0	0	0.0	0
chr13	66976424	0	0	0.0	0
chr13	67567883	0	0	0.0	0
chr13	67588633	0	0	0.0	0
chr13	67651365	0	0	0.0	0
chr13	67785860	0	0	0.0	0
chr13	67858510	0	0	0.0	0
chr13	67924717	0	0	0.0	0
chr13	68100847	0	0	0.0	0
chr13	68146848	0	0	0.0	0
chr13	68198169	0	0	0.0	0
chr13	68199970	0	0	0.0	0
chr13	68227497	0	0	0.0	0
chr13	68371270	0	0	0.0	0
chr13	68463630	0	0	0.0	0
chr13	68524317	0	0	0.0	0
chr13	68856860	0	0	0.0	0
chr13	68898688	0	0	0.0	0
chr13	69024603	0	0	0.0	0
chr13	69140256	0	0	0.0	0
chr13	69349174	0	0	0.0	0
chr13	69483176	0	0	0.0	0
chr13	69523961	0	0	0.0	0
chr13	69556576	0	0	0.0	0
chr13	69652735	0	0	0.0	0
chr13	69739776	0	0	0.0	0
chr13	70020941	0	0	0.0	0
chr13	70080862	0	0	0.0	0
chr13	70095516	0	0	0.0	0
chr13	70249382	0	0	0.0	0
chr13	70426045	0	0	0.0	0
chr13	70639148	0	0	0.0	0
chr13	70650122	0	0	0.0	0
chr13	70661924	0	0	0.0	0
chr13	70728647	0	0	0.0	0
chr13	71137974	0	0	0.0	0
chr13	71231794	0	0	0.0	0
chr13	71347983	0	0	0.0	0
chr13	71357339	0	0	0.0	0
chr13	71377092	0	0	0.0	0
chr13	71502870	0	0	0.0	0
chr13	71605934	0	0	0.0	0
chr13	71613494	0	0	0.0	0
chr13	71691227	0	0	0.0	0
chr13	71733604	0	0	0.0	0
chr13	72123126	0	0	0.0	0
chr13	72259948	0	0	0.0	0
chr13	72284983	0	0	0.0	0
chr13	72374662	0	0	0.0	0
chr13	72377070	1	33	0.569	1
chr13	72460460	0	0	0.0	0
chr13	72524350	0	0	0.0	0
chr13	72556891	0	0	0.0	0
chr13	72574616	0	0	0.0	0
chr13	72647324	0	0	0.0	0
chr13	73025877	0	0	0.0	0
chr13	73194516	0	0	0.0	0
chr13	73227398	0	0	0.0	0
chr13	73234495	0	0	0.0	0
chr13	73354040	0	0	0.0	0
chr13	73438595	0	0	0.0	0
chr13	73490611	0	0	0.0	0
chr13	73596985	0	0	0.0	0
chr13	73638581	0	0	0.0	0
chr13	73845937	0	0	0.0	0
chr13	73846346	0	0	0.0	0
chr13	73942193	0	0	0.0	0
chr13	74078732	0	0	0.0	0
chr13	74208930	0	0	0.0	0
chr13	74452851	0	0	0.0	0
chr13	74517557	0	0	0.0	0
chr13	74718411	0	0	0.0	0
chr13	74839217	0	0	0.0	0
chr13	74895431	0	0	0.0	0
chr13	74921164	0	0	0.0	0
chr13	74959749	0	0	0.0	0
chr13	75010427	0	0	0.0	0
chr13	75149136	0	0	0.0	0
chr13	75214842	0	0	0.0	0
chr13	75570961	0	0	0.0	0
chr13	76018444	0	0	0.0	0
chr13	76060655	0	0	0.0	0
chr13	76138184	0	0	0.0	0
chr13	76210243	0	0	0.0	0
chr13	76312716	2	6	0.1818	1
chr13	76334423	0	0	0.0	0
chr13	76592218	0	0	0.0	0
chr13	76612562	0	0	0.0	0
chr13	76780030	0	0	0.0	0
chr13	77093642	0	0	0.0	0
chr13	77180143	0	0	0.0	0
chr13	77206249	0	0	0.0	0
chr13	77333597	0	0	0.0	0
chr13	77341349	0	0	0.0	0
chr13	77577873	0	0	0.0	0
chr13	77594513	0	0	0.0	0
chr13	77760852	0	0	0.0	0
chr13	78156955	0	1	0.025	0
chr13	78203534	0	0	0.0	0
chr13	78222202	0	0	0.0	0
chr13	78356539	0	0	0.0	0
chr13	78454876	0	0	0.0	0
chr13	78685736	0	0	0.0	0
chr13	78922552	0	0	0.0	0
chr13	78923092	0	0	0.0	0
chr13	78943303	0	0	0.0	0
chr13	78967532	0	0	0.0	0
chr13	79168115	0	0	0.0	0
chr13	79210245	0	0	0.0	0
chr13	79407528	0	0	0.0	0
chr13	79889651	0	0	0.0	0
chr13	79925957	0	0	0.0	0
chr13	80289648	0	0	0.0	0
chr13	80365325	0	0	0.0	0
chr13	80577510	0	0	0.0	0
chr13	80590675	0	0	0.0	0
chr13	80642378	0	0	0.0	0
chr13	81026393	0	0	0.0	0
chr13	81026654	0	0	0.0	0
chr13	81031180	0	0	0.0	0
chr13	81151223	0	0	0.0	0
chr13	81424139	0	0	0.0	0
chr13	81464861	0	0	0.0	0
chr13	81758615	0	0	0.0	0
chr13	82080242	0	0	0.0	0
chr13	82143077	0	0	0.0	0
chr13	82544025	0	0	0.0	0
chr13	82637037	0	0	0.0	0
chr13	82708287	0	0	0.0	0
chr13	82750234	0	0	0.0	0
chr13	83255520	0	0	0.0	0
chr13	83654154	0	0	0.0	0
chr13	83757316	0	0	0.0	0
chr13	84050774	0	0	0.0	0
chr13	84362971	0	0	0.0	0
chr13	84507622	0	0	0.0	0
chr13	84539800	0	0	0.0	0
chr13	84561314	0	0	0.0	0
chr13	84590121	0	0	0.0	0
chr13	84606134	0	0	0.0	0
chr13	84606380	0	0	0.0	0
chr13	84621544	0	0	0.0	0
chr13	84693158	0	0	0.0	0
chr13	84756687	0	0	0.0	0
chr13	84924113	0	0	0.0	0
chr13	84931923	0	0	0.0	0
chr13	85012725	0	0	0.0	0
chr13	85062686	0	0	0.0	0
chr13	85066186	0	0	0.0	0
chr13	85354231	0	0	0.0	0
chr13	85403515	0	0	0.0	0
chr13	85685617	0	0	0.0	0
chr13	85711766	0	0	0.0	0
chr13	85917068	0	0	0.0	0
chr13	86043964	0	0	0.0	0
chr13	86097064	0	0	0.0	0
chr13	86162604	0	0	0.0	0
chr13	86533404	0	0	0.0	0
chr13	87069253	1	24	0.4444	1
chr13	87314006	0	0	0.0	0
chr13	87327483	0	0	0.0	0
chr13	87416469	0	0	0.0	0
chr13	87564866	0	0	0.0	0
chr13	87598030	0	0	0.0	0
chr13	87811752	0	0	0.0	0
chr13	87864730	0	0	0.0	0
chr13	88123574	0	0	0.0	0
chr13	88127152	0	0	0.0	0
chr13	88189128	0	0	0.0	0
chr13	88409566	0	1	0.0196	0
chr13	88649500	0	0	0.0	0
chr13	88819696	0	0	0.0	0
chr13	89010747	0	0	0.0	0
chr13	89223568	0	0	0.0	0
chr13	89368243	0	0	0.0	0
chr13	89433472	0	1	0.0182	0
chr13	89536476	0	0	0.0	0
chr13	89618399	0	0	0.0	0
chr13	89774759	0	0	0.0	0
chr13	89830468	0	0	0.0	0
chr13	89951907	0	0	0.0	0
chr13	90011479	0	0	0.0	0
chr13	90029230	0	0	0.0	0
chr13	90070931	0	0	0.0	0
chr13	90104425	0	0	0.0	0
chr13	90125175	0	0	0.0	0
chr13	90173152	0	0	0.0	0
chr13	90813485	0	0	0.0	0
chr13	90895089	0	0	0.0	0
chr13	90980183	0	0	0.0	0
chr13	91110433	0	0	0.0	0
chr13	91162167	0	0	0.0	0
chr13	91180768	0	0	0.0	0
chr13	91193867	0	0	0.0	0
chr13	91227558	0	0	0.0	0
chr13	91233722	0	0	0.0	0
chr13	91312371	0	0	0.0	0
chr13	91686181	0	0	0.0	0
chr13	91759017	0	0	0.0	0
chr13	91831903	0	0	0.0	0
chr13	91869973	0	0	0.0	0
chr13	91878508	0	0	0.0	0
chr13	92249732	0	0	0.0	0
chr13	92362989	0	0	0.0	0
chr13	92363556	0	0	0.0	0
chr13	92369468	0	0	0.0	0
chr13	92416769	0	0	0.0	0
chr13	92509440	0	0	0.0	0
chr13	92586150	0	0	0.0	0
chr13	92932572	0	0	0.0	0
chr13	93118307	0	0	0.0	0
chr13	93366216	0	0	0.0	0
chr13	93540206	0	0	0.0	0
chr13	93869672	0	0	0.0	0
chr13	94132058	0	0	0.0	0
chr13	94212915	0	0	0.0	0
chr13	94266262	0	0	0.0	0
chr13	94486643	0	0	0.0	0
chr13	94636244	0	0	0.0	0
chr13	94839923	0	0	0.0	0
chr13	94854200	0	0	0.0	0
chr13	94883486	0	0	0.0	0
chr13	94963771	0	0	0.0	0
chr13	95243963	0	0	0.0	0
chr13	95316547	0	0	0.0	0
chr13	95371545	0	1	0.0116	0
chr13	95513128	0	0	0.0	0
chr13	95877338	0	0	0.0	0
chr13	95921411	0	0	0.0	0
chr13	95959595	0	0	0.0	0
chr13	96052338	0	0	0.0	0
chr13	96142584	0	0	0.0	0
chr13	96152008	0	0	0.0	0
chr13	96173952	0	0	0.0	0
chr13	96186559	0	1	0.0127	0
chr13	96240851	0	0	0.0	0
chr13	96271497	0	0	0.0	0
chr13	96321249	0	0	0.0	0
chr13	96399664	0	0	0.0	0
chr13	96474044	0	0	0.0	0
chr13	96511112	0	0	0.0	0
chr13	96643598	0	0	0.0	0
chr13	96739477	0	0	0.0	0
chr13	96850157	0	0	0.0	0
chr13	96999141	0	0	0.0	0
chr13	97063199	0	0	0.0	0
chr13	97116882	0	0	0.0	0
chr13	97154717	0	1	0.0256	0
chr13	97183754	0	0	0.0	0
chr13	97341318	0	0	0.0	0
chr13	97435939	0	0	0.0	0
chr13	97471279	0	0	0.0	0
chr13	97761242	0	0	0.0	0
chr13	97837102	0	1	0.0244	0
chr13	97838044	0	0	0.0	0
chr13	98016026	0	0	0.0	0
chr13	98021114	0	0	0.0	0
chr13	98095086	0	0	0.0	0
chr13	98160373	0	0	0.0	0
chr13	98290531	0	0	0.0	0
chr13	98437929	1	76	0.8736	1
chr13	98522760	0	0	0.0	0
chr13	98815574	0	1	0.0303	0
chr13	98839305	0	0	0.0	0
chr13	98840784	0	0	0.0	0
chr13	98871461	0	0	0.0	0
chr13	98946798	0	0	0.0	0
chr13	98949501	0	0	0.0	0
chr13	98979537	0	0	0.0	0
chr13	99353883	0	0	0.0	0
chr13	99515604	0	0	0.0	0
chr13	99536776	0	0	0.0	0
chr13	99587980	0	0	0.0	0
chr13	99602571	0	0	0.0	0
chr13	99702257	0	0	0.0	0
chr13	99804938	0	0	0.0	0
chr13	99869140	0	0	0.0	0
chr13	99886205	0	0	0.0	0
chr13	99951367	0	0	0.0	0
chr13	100193244	0	0	0.0	0
chr13	100259085	0	0	0.0	0
chr13	100577736	0	0	0.0	0
chr13	100602139	0	0	0.0	0
chr13	100621125	0	0	0.0	0
chr13	100622391	0	0	0.0	0
chr13	100630863	0	0	0.0	0
chr13	100643306	0	0	0.0	0
chr13	100758297	0	0	0.0	0
chr13	100843358	0	0	0.0	0
chr13	100877576	0	0	0.0	0
chr13	100999639	0	0	0.0	0
chr13	101022154	0	0	0.0	0
chr13	101046799	0	0	0.0	0
chr13	101054048	0	0	0.0	0
chr13	101495310	0	0	0.0	0
chr13	101572858	0	0	0.0	0
chr13	101818378	0	0	0.0	0
chr13	101952211	0	0	0.0	0
chr13	102147684	0	0	0.0	0
chr13	102182116	0	0	0.0	0
chr13	102266385	0	0	0.0	0
chr13	102372587	0	0	0.0	0
chr13	102459580	0	0	0.0	0
chr13	102486578	0	0	0.0	0
chr13	102509928	0	0	0.0	0
chr13	102583338	0	0	0.0	0
chr13	102695072	0	0	0.0	0
chr13	102797632	0	0	0.0	0
chr13	103081493	0	0	0.0	0
chr13	103088164	0	0	0.0	0
chr13	103473367	0	0	0.0	0
chr13	103536112	0	0	0.0	0
chr13	103641548	0	0	0.0	0
chr13	103727956	0	0	0.0	0
chr13	103793787	0	0	0.0	0
chr13	103829883	0	0	0.0	0
chr13	103898194	0	0	0.0	0
chr13	103912142	0	0	0.0	0
chr13	104197203	0	0	0.0	0
chr13	104213489	0	0	0.0	0
chr13	104318679	0	0	0.0	0
chr13	104522621	0	0	0.0	0
chr13	104640535	0	0	0.0	0
chr13	104675238	0	0	0.0	0
chr13	104724474	0	0	0.0	0
chr13	104854763	0	0	0.0	0
chr13	105015398	0	0	0.0	0
chr13	105160371	0	0	0.0	0
chr13	105169006	0	0	0.0	0
chr13	105185933	0	0	0.0	0
chr13	105259093	0	0	0.0	0
chr13	105282222	0	0	0.0	0
chr13	105314931	0	0	0.0	0
chr13	105458179	0	0	0.0	0
chr13	105596732	0	0	0.0	0
chr13	106036741	0	0	0.0	0
chr13	106128823	0	0	0.0	0
chr13	106133436	0	0	0.0	0
chr13	106244421	0	0	0.0	0
chr13	106279375	0	0	0.0	0
chr13	106290619	0	0	0.0	0
chr13	106369317	0	0	0.0	0
chr13	106493102	0	0	0.0	0
chr13	106518765	0	0	0.0	0
chr13	106544937	0	1	0.0222	0
chr13	106597271	0	0	0.0	0
chr13	106721660	0	0	0.0	0
chr13	106751118	0	0	0.0	0
chr13	106758093	0	0	0.0	0
chr13	106769807	0	0	0.0	0
chr13	106830666	0	0	0.0	0
chr13	106970097	0	0	0.0	0
chr13	107227439	0	0	0.0	0
chr13	107399238	0	0	0.0	0
chr13	107445638	0	0	0.0	0
chr13	107571698	0	0	0.0	0
chr13	107924349	0	0	0.0	0
chr13	107994692	0	1	0.0112	0
chr13	108216908	0	0	0.0	0
chr13	108218222	0	0	0.0	0
chr13	108302232	0	0	0.0	0
chr13	108396249	0	0	0.0	0
chr13	108409160	0	0	0.0	0
chr13	108448655	0	0	0.0	0
chr13	108498402	0	0	0.0	0
chr13	108548321	0	0	0.0	0
chr13	108644315	0	0	0.0	0
chr13	108697382	0	0	0.0	0
chr13	108815493	0	0	0.0	0
chr13	108845970	0	0	0.0	0
chr13	108903889	0	0	0.0	0
chr13	109132939	0	0	0.0	0
chr13	109158546	0	0	0.0	0
chr13	109273048	0	0	0.0	0
chr13	109680606	0	0	0.0	0
chr13	109732683	0	0	0.0	0
chr13	109740698	0	0	0.0	0
chr13	109910797	0	0	0.0	0
chr13	109925508	0	0	0.0	0
chr13	110010136	0	0	0.0	0
chr13	110096698	0	0	0.0	0
chr13	110116682	0	0	0.0	0
chr13	110218783	0	0	0.0	0
chr13	110241896	0	0	0.0	0
chr13	110266312	0	0	0.0	0
chr13	110354959	0	0	0.0	0
chr13	110398443	0	0	0.0	0
chr13	110411249	0	0	0.0	0
chr13	110431747	0	0	0.0	0
chr13	110440005	0	0	0.0	0
chr13	110527734	0	0	0.0	0
chr13	110625540	0	0	0.0	0
chr13	110775814	0	0	0.0	0
chr13	110807726	0	0	0.0	0
chr13	110853168	0	0	0.0	0
chr13	110888250	0	0	0.0	0
chr13	110936276	0	0	0.0	0
chr13	110977729	0	0	0.0	0
chr13	111076151	0	0	0.0	0
chr13	111097058	0	0	0.0	0
chr13	111152916	0	0	0.0	0
chr13	111302840	0	0	0.0	0
chr13	111334493	0	0	0.0	0
chr13	111366204	0	0	0.0	0
chr13	111390219	0	0	0.0	0
chr13	111453260	0	0	0.0	0
chr13	111459049	0	0	0.0	0
chr13	111472464	0	0	0.0	0
chr13	111474584	0	0	0.0	0
chr13	111491868	0	0	0.0	0
chr13	111524613	0	0	0.0	0
chr13	111543322	0	0	0.0	0
chr13	111571832	0	0	0.0	0
chr13	111671660	0	0	0.0	0
chr13	111680958	0	0	0.0	0
chr13	111756574	0	0	0.0	0
chr13	111765851	0	0	0.0	0
chr13	111853490	0	0	0.0	0
chr13	111860823	0	0	0.0	0
chr13	111861650	0	0	0.0	0
chr13	111903714	0	0	0.0	0
chr13	111973383	0	0	0.0	0
chr13	112020075	0	0	0.0	0
chr13	112120382	0	0	0.0	0
chr13	112159104	0	0	0.0	0
chr13	112166952	0	0	0.0	0
chr13	112183134	0	0	0.0	0
chr13	112184344	0	0	0.0	0
chr13	112202541	0	0	0.0	0
chr13	112209025	0	0	0.0	0
chr13	112396821	0	0	0.0	0
chr13	112446399	0	0	0.0	0
chr13	112496351	0	0	0.0	0
chr13	112555949	0	0	0.0	0
chr13	112596129	0	0	0.0	0
chr13	112624109	0	0	0.0	0
chr13	112627405	0	0	0.0	0
chr13	112752149	0	0	0.0	0
chr13	112859567	0	0	0.0	0
chr13	112880679	0	0	0.0	0
chr13	112982701	0	0	0.0	0
chr13	113027355	0	0	0.0	0
chr13	113167984	0	0	0.0	0
chr13	113188364	0	0	0.0	0
chr13	113215310	0	0	0.0	0
chr13	113216116	0	0	0.0	0
chr13	113294071	0	0	0.0	0
chr13	113306737	0	0	0.0	0
chr13	113345500	0	0	0.0	0
chr13	113371947	0	0	0.0	0
chr13	113442801	0	0	0.0	0
chr13	113585435	0	1	0.0196	0
chr13	113595262	0	0	0.0	0
chr13	113660194	0	0	0.0	0
chr13	113792887	0	0	0.0	0
chr13	113832235	0	0	0.0	0
chr13	113833819	0	0	0.0	0
chr13	113835559	0	0	0.0	0
chr13	113842840	0	0	0.0	0
chr13	113918442	0	0	0.0	0
chr13	114009086	0	0	0.0	0
chr13	114024400	0	0	0.0	0
chr13	114051406	0	1	0.0213	0
chr13	114268457	0	0	0.0	0
chr13_KI270838v1_alt	19667	0	0	0.0	0
chr13_KI270839v1_alt	145386	0	0	0.0	0
chr13_KI270840v1_alt	51337	0	0	0.0	0
chr13_KI270843v1_alt	87001	0	0	0.0	0
chr14	16099627	0	0	0.0	0
chr14	16100366	1	35	0.2713	1
chr14	16102328	0	0	0.0	0
chr14	16120631	0	0	0.0	0
chr14	16171413	0	0	0.0	0
chr14	16229043	0	0	0.0	0
chr14	16232471	0	0	0.0	0
chr14	16235900	0	0	0.0	0
chr14	16242749	0	0	0.0	0
chr14	16246175	0	0	0.0	0
chr14	16249604	0	0	0.0	0
chr14	16253030	0	0	0.0	0
chr14	16259879	0	0	0.0	0
chr14	16263307	0	0	0.0	0
chr14	16266734	0	0	0.0	0
chr14	16270160	0	0	0.0	0
chr14	16273585	0	0	0.0	0
chr14	16280437	0	0	0.0	0
chr14	16284990	0	0	0.0	0
chr14	16291841	0	0	0.0	0
chr14	16298690	0	0	0.0	0
chr14	16302115	0	0	0.0	0
chr14	16308965	0	0	0.0	0
chr14	16315816	0	0	0.0	0
chr14	16319241	0	0	0.0	0
chr14	16322666	0	0	0.0	0
chr14	16326092	0	0	0.0	0
chr14	16332942	0	0	0.0	0
chr14	16336366	0	0	0.0	0
chr14	16339790	0	0	0.0	0
chr14	16343215	0	0	0.0	0
chr14	18239790	0	0	0.0	0
chr14	18243882	0	0	0.0	0
chr14	18247123	0	0	0.0	0
chr14	18299403	0	0	0.0	0
chr14	18589026	0	0	0.0	0
chr14	19055490	0	0	0.0	0
chr14	19080453	0	0	0.0	0
chr14	19112558	0	0	0.0	0
chr14	19287432	0	0	0.0	0
chr14	19344535	0	0	0.0	0
chr14	20197643	0	0	0.0	0
chr14	20409517	0	0	0.0	0
chr14	20459498	0	0	0.0	0
chr14	20473930	0	0	0.0	0
chr14	20495272	0	0	0.0	0
chr14	20550244	0	0	0.0	0
chr14	20660844	0	0	0.0	0
chr14	20681906	0	0	0.0	0
chr14	20965527	0	0	0.0	0
chr14	20967623	0	0	0.0	0
chr14	21016821	0	0	0.0	0
chr14	21065340	0	0	0.0	0
chr14	21587428	0	0	0.0	0
chr14	21642429	0	0	0.0	0
chr14	21768407	0	0	0.0	0
chr14	21871164	0	0	0.0	0
chr14	21935298	0	0	0.0	0
chr14	21958678	0	0	0.0	0
chr14	21974833	0	0	0.0	0
chr14	22014008	0	0	0.0	0
chr14	22128331	0	0	0.0	0
chr14	22313720	0	0	0.0	0
chr14	22320848	0	0	0.0	0
chr14	22547668	0	0	0.0	0
chr14	22556992	0	0	0.0	0
chr14	22606948	0	0	0.0	0
chr14	22610878	0	0	0.0	0
chr14	22620903	0	0	0.0	0
chr14	22656261	0	0	0.0	0
chr14	22665502	1	3	0.04	1
chr14	22872264	0	0	0.0	0
chr14	22917976	0	0	0.0	0
chr14	23046327	0	0	0.0	0
chr14	23379371	0	0	0.0	0
chr14	23423795	0	0	0.0	0
chr14	23476531	0	0	0.0	0
chr14	23562508	0	0	0.0	0
chr14	23612416	0	0	0.0	0
chr14	23692345	0	0	0.0	0
chr14	23706168	0	0	0.0	0
chr14	23929104	0	0	0.0	0
chr14	24065579	0	0	0.0	0
chr14	24102461	0	0	0.0	0
chr14	24182343	0	0	0.0	0
chr14	24197366	0	0	0.0	0
chr14	24338204	0	0	0.0	0
chr14	24340920	0	0	0.0	0
chr14	24366897	0	0	0.0	0
chr14	24406329	0	0	0.0	0
chr14	24411106	0	0	0.0	0
chr14	24442193	0	0	0.0	0
chr14	24473475	0	0	0.0	0
chr14	24574771	0	0	0.0	0
chr14	24654420	0	0	0.0	0
chr14	24768745	0	0	0.0	0
chr14	24788462	0	0	0.0	0
chr14	24850293	0	0	0.0	0
chr14	24945773	0	0	0.0	0
chr14	24984857	0	0	0.0	0
chr14	25128007	0	0	0.0	0
chr14	25167952	0	0	0.0	0
chr14	25179210	0	0	0.0	0
chr14	25269007	0	0	0.0	0
chr14	25387074	0	0	0.0	0
chr14	25571020	0	0	0.0	0
chr14	25617120	0	0	0.0	0
chr14	25626190	0	0	0.0	0
chr14	25776601	0	0	0.0	0
chr14	25902915	0	0	0.0	0
chr14	25944730	0	0	0.0	0
chr14	25979452	0	0	0.0	0
chr14	26049849	0	0	0.0	0
chr14	26066552	0	0	0.0	0
chr14	26134680	0	0	0.0	0
chr14	26236813	0	0	0.0	0
chr14	26280341	0	0	0.0	0
chr14	26281736	0	0	0.0	0
chr14	26574576	0	0	0.0	0
chr14	26952243	0	0	0.0	0
chr14	27021894	0	0	0.0	0
chr14	27384489	0	0	0.0	0
chr14	27449083	0	0	0.0	0
chr14	27626744	0	0	0.0	0
chr14	27629480	0	0	0.0	0
chr14	27950138	0	0	0.0	0
chr14	28324404	0	0	0.0	0
chr14	28473349	0	0	0.0	0
chr14	28535672	0	0	0.0	0
chr14	28543625	0	0	0.0	0
chr14	28756961	0	0	0.0	0
chr14	28841721	0	0	0.0	0
chr14	28886379	0	1	0.04	0
chr14	28905805	0	0	0.0	0
chr14	28916081	0	0	0.0	0
chr14	29008954	0	0	0.0	0
chr14	29155512	0	0	0.0	0
chr14	29202095	0	0	0.0	0
chr14	29394653	0	0	0.0	0
chr14	29442090	0	0	0.0	0
chr14	29500712	0	0	0.0	0
chr14	29909380	0	0	0.0	0
chr14	29960678	0	0	0.0	0
chr14	30081032	0	0	0.0	0
chr14	30114062	0	0	0.0	0
chr14	30138687	0	0	0.0	0
chr14	30160959	0	0	0.0	0
chr14	30204013	0	0	0.0	0
chr14	30568981	0	0	0.0	0
chr14	30633676	0	0	0.0	0
chr14	30716657	0	0	0.0	0
chr14	30739821	0	0	0.0	0
chr14	30743268	0	0	0.0	0
chr14	31009988	0	0	0.0	0
chr14	31072415	0	0	0.0	0
chr14	31209405	0	0	0.0	0
chr14	31494703	0	0	0.0	0
chr14	31610162	0	0	0.0	0
chr14	31900135	0	0	0.0	0
chr14	31913066	0	0	0.0	0
chr14	32273001	0	0	0.0	0
chr14	32322573	0	0	0.0	0
chr14	32412580	0	0	0.0	0
chr14	32453214	0	0	0.0	0
chr14	32473784	0	0	0.0	0
chr14	32588705	0	0	0.0	0
chr14	32651104	0	0	0.0	0
chr14	32658074	0	0	0.0	0
chr14	32907279	0	0	0.0	0
chr14	32992443	0	0	0.0	0
chr14	33135914	0	0	0.0	0
chr14	33348039	0	0	0.0	0
chr14	33364281	0	0	0.0	0
chr14	33457302	0	0	0.0	0
chr14	33563169	0	0	0.0	0
chr14	33584346	0	0	0.0	0
chr14	33821055	0	0	0.0	0
chr14	34049675	0	0	0.0	0
chr14	34081081	0	0	0.0	0
chr14	34126435	0	0	0.0	0
chr14	34337705	0	0	0.0	0
chr14	34688971	0	0	0.0	0
chr14	34878401	0	0	0.0	0
chr14	34959395	0	0	0.0	0
chr14	35093740	0	0	0.0	0
chr14	35118561	0	0	0.0	0
chr14	35122300	0	0	0.0	0
chr14	35367320	0	0	0.0	0
chr14	35615216	0	0	0.0	0
chr14	35711365	0	0	0.0	0
chr14	35768766	0	0	0.0	0
chr14	35815857	0	0	0.0	0
chr14	35829627	0	0	0.0	0
chr14	35844057	0	0	0.0	0
chr14	35918580	0	0	0.0	0
chr14	36037745	0	0	0.0	0
chr14	36054949	0	0	0.0	0
chr14	36162079	0	0	0.0	0
chr14	36174705	0	0	0.0	0
chr14	36500553	0	0	0.0	0
chr14	36634326	0	0	0.0	0
chr14	36676244	0	0	0.0	0
chr14	36737023	0	0	0.0	0
chr14	36838182	0	0	0.0	0
chr14	36841516	0	0	0.0	0
chr14	36897817	0	0	0.0	0
chr14	36936223	0	0	0.0	0
chr14	36950954	0	0	0.0	0
chr14	37086381	0	0	0.0	0
chr14	37120944	0	0	0.0	0
chr14	37174175	0	2	0.0299	0
chr14	37203466	0	0	0.0	0
chr14	37417918	0	0	0.0	0
chr14	37492809	0	0	0.0	0
chr14	37618692	0	0	0.0	0
chr14	37628234	0	0	0.0	0
chr14	37821330	0	0	0.0	0
chr14	38028904	0	0	0.0	0
chr14	38501822	0	0	0.0	0
chr14	38922540	0	0	0.0	0
chr14	39141545	0	0	0.0	0
chr14	39377224	1	12	0.1446	1
chr14	39463102	0	0	0.0	0
chr14	39537301	0	0	0.0	0
chr14	39656751	0	0	0.0	0
chr14	39971408	0	0	0.0	0
chr14	40007405	0	0	0.0	0
chr14	40253209	0	0	0.0	0
chr14	40445245	0	0	0.0	0
chr14	40550106	0	0	0.0	0
chr14	40558414	0	0	0.0	0
chr14	40627886	0	0	0.0	0
chr14	40654302	0	0	0.0	0
chr14	40663525	0	0	0.0	0
chr14	40667498	0	0	0.0	0
chr14	40866588	0	0	0.0	0
chr14	41104596	0	0	0.0	0
chr14	41276626	0	0	0.0	0
chr14	41521946	0	0	0.0	0
chr14	41652064	0	0	0.0	0
chr14	41690339	0	0	0.0	0
chr14	41760384	0	0	0.0	0
chr14	41772942	0	0	0.0	0
chr14	41796750	0	0	0.0	0
chr14	42052567	0	0	0.0	0
chr14	42076294	0	0	0.0	0
chr14	42148551	0	0	0.0	0
chr14	42233727	0	0	0.0	0
chr14	42303015	0	0	0.0	0
chr14	42503982	0	0	0.0	0
chr14	42617228	0	0	0.0	0
chr14	42868184	0	0	0.0	0
chr14	42922889	0	0	0.0	0
chr14	42949706	0	0	0.0	0
chr14	43209363	0	0	0.0	0
chr14	43288144	0	0	0.0	0
chr14	43405347	0	0	0.0	0
chr14	43542280	0	0	0.0	0
chr14	43577202	0	0	0.0	0
chr14	43615427	0	0	0.0	0
chr14	43858999	0	1	0.0167	0
chr14	43936693	0	0	0.0	0
chr14	44075371	0	0	0.0	0
chr14	44232676	0	0	0.0	0
chr14	44405979	0	0	0.0	0
chr14	44521373	0	0	0.0	0
chr14	44547629	0	0	0.0	0
chr14	44558991	0	1	0.0179	0
chr14	44560705	0	0	0.0	0
chr14	44604929	0	0	0.0	0
chr14	44626059	0	0	0.0	0
chr14	44659823	0	0	0.0	0
chr14	44668195	0	0	0.0	0
chr14	44744803	0	0	0.0	0
chr14	44964144	0	0	0.0	0
chr14	45084311	0	0	0.0	0
chr14	45354216	0	0	0.0	0
chr14	45391977	0	0	0.0	0
chr14	45603913	0	0	0.0	0
chr14	45672820	0	0	0.0	0
chr14	45731253	0	0	0.0	0
chr14	45755919	0	0	0.0	0
chr14	45939955	0	0	0.0	0
chr14	45979087	0	0	0.0	0
chr14	46123591	0	0	0.0	0
chr14	46205249	1	38	0.8636	1
chr14	46235453	0	0	0.0	0
chr14	46263278	0	1	0.0256	0
chr14	46438778	0	0	0.0	0
chr14	46691974	0	0	0.0	0
chr14	46692640	0	0	0.0	0
chr14	46853354	0	0	0.0	0
chr14	46860161	0	0	0.0	0
chr14	47435579	0	1	0.0133	0
chr14	47445433	0	0	0.0	0
chr14	47651858	0	0	0.0	0
chr14	47665929	0	0	0.0	0
chr14	47673333	0	0	0.0	0
chr14	47684677	0	0	0.0	0
chr14	48236289	0	0	0.0	0
chr14	48356896	0	0	0.0	0
chr14	48727953	0	0	0.0	0
chr14	48738625	0	0	0.0	0
chr14	48902647	0	0	0.0	0
chr14	49054934	0	0	0.0	0
chr14	49062608	0	0	0.0	0
chr14	49276006	0	0	0.0	0
chr14	49299621	0	0	0.0	0
chr14	49511654	0	0	0.0	0
chr14	49879974	0	0	0.0	0
chr14	49980648	0	0	0.0	0
chr14	49998161	0	0	0.0	0
chr14	50097564	0	0	0.0	0
chr14	50304981	0	0	0.0	0
chr14	50390268	0	0	0.0	0
chr14	50574379	0	0	0.0	0
chr14	50916736	0	0	0.0	0
chr14	50954475	0	0	0.0	0
chr14	51141623	0	0	0.0	0
chr14	51287402	0	0	0.0	0
chr14	51300407	0	0	0.0	0
chr14	51356072	0	0	0.0	0
chr14	51394011	0	0	0.0	0
chr14	51411521	0	0	0.0	0
chr14	51567267	0	0	0.0	0
chr14	51570103	0	0	0.0	0
chr14	51639193	0	0	0.0	0
chr14	51719039	0	0	0.0	0
chr14	51818780	0	0	0.0	0
chr14	51819534	0	0	0.0	0
chr14	51844460	0	0	0.0	0
chr14	51897563	0	0	0.0	0
chr14	51997216	0	0	0.0	0
chr14	52051220	0	0	0.0	0
chr14	53002306	0	0	0.0	0
chr14	53054448	0	0	0.0	0
chr14	53089816	0	1	0.0256	0
chr14	53114012	0	0	0.0	0
chr14	53217528	0	0	0.0	0
chr14	53263654	0	0	0.0	0
chr14	53271794	0	0	0.0	0
chr14	53354620	0	0	0.0	0
chr14	53693772	0	0	0.0	0
chr14	53854381	0	0	0.0	0
chr14	53873975	0	0	0.0	0
chr14	54196763	0	0	0.0	0
chr14	54240319	0	0	0.0	0
chr14	54255678	0	0	0.0	0
chr14	54277776	0	0	0.0	0
chr14	54378713	0	0	0.0	0
chr14	54462819	0	0	0.0	0
chr14	54554729	0	0	0.0	0
chr14	54645224	0	0	0.0	0
chr14	54708448	0	0	0.0	0
chr14	54782698	0	0	0.0	0
chr14	54849700	0	0	0.0	0
chr14	54891040	0	0	0.0	0
chr14	54902155	0	0	0.0	0
chr14	54979523	0	0	0.0	0
chr14	55015446	0	0	0.0	0
chr14	55273144	0	0	0.0	0
chr14	55359325	0	0	0.0	0
chr14	55439546	0	0	0.0	0
chr14	55697705	0	0	0.0	0
chr14	55713186	0	0	0.0	0
chr14	55849443	0	0	0.0	0
chr14	55865901	0	0	0.0	0
chr14	55901108	0	0	0.0	0
chr14	56074421	0	0	0.0	0
chr14	56202061	0	0	0.0	0
chr14	56214507	0	0	0.0	0
chr14	56319716	0	0	0.0	0
chr14	56432583	0	0	0.0	0
chr14	56455654	0	0	0.0	0
chr14	56542775	0	0	0.0	0
chr14	56547495	0	0	0.0	0
chr14	56720456	0	0	0.0	0
chr14	56844247	0	0	0.0	0
chr14	56909733	0	0	0.0	0
chr14	57024605	0	0	0.0	0
chr14	57061247	0	0	0.0	0
chr14	57084920	0	0	0.0	0
chr14	57246257	0	0	0.0	0
chr14	57419280	0	0	0.0	0
chr14	57544379	0	0	0.0	0
chr14	57637594	0	0	0.0	0
chr14	57740181	0	0	0.0	0
chr14	57798169	0	1	0.0357	0
chr14	57799792	0	0	0.0	0
chr14	57803657	0	0	0.0	0
chr14	58020709	0	0	0.0	0
chr14	58123211	0	0	0.0	0
chr14	58160276	0	0	0.0	0
chr14	58300127	0	0	0.0	0
chr14	58301617	0	0	0.0	0
chr14	58318803	0	0	0.0	0
chr14	58330079	0	0	0.0	0
chr14	58346045	0	0	0.0	0
chr14	58407616	0	0	0.0	0
chr14	58521104	0	0	0.0	0
chr14	58525853	0	0	0.0	0
chr14	58744321	0	0	0.0	0
chr14	58749078	0	0	0.0	0
chr14	58983982	0	0	0.0	0
chr14	59061292	0	0	0.0	0
chr14	59089924	0	0	0.0	0
chr14	59094623	0	0	0.0	0
chr14	59191775	0	0	0.0	0
chr14	59329006	0	0	0.0	0
chr14	59536019	0	0	0.0	0
chr14	59544528	0	0	0.0	0
chr14	59704223	0	0	0.0	0
chr14	59768168	0	0	0.0	0
chr14	59939346	0	0	0.0	0
chr14	59964060	0	0	0.0	0
chr14	60051312	0	0	0.0	0
chr14	60220527	0	0	0.0	0
chr14	60244363	0	0	0.0	0
chr14	60316545	0	0	0.0	0
chr14	60470362	0	0	0.0	0
chr14	60533888	0	0	0.0	0
chr14	60629106	0	0	0.0	0
chr14	60641013	0	0	0.0	0
chr14	60681444	0	0	0.0	0
chr14	60685318	0	0	0.0	0
chr14	61048130	0	0	0.0	0
chr14	61142230	0	0	0.0	0
chr14	61145380	0	0	0.0	0
chr14	61272713	0	0	0.0	0
chr14	61340927	0	0	0.0	0
chr14	61357689	0	0	0.0	0
chr14	61534148	0	0	0.0	0
chr14	61889182	0	0	0.0	0
chr14	61918415	0	0	0.0	0
chr14	62036314	0	0	0.0	0
chr14	62066854	0	0	0.0	0
chr14	62207466	0	0	0.0	0
chr14	62213445	0	0	0.0	0
chr14	62630451	0	0	0.0	0
chr14	62774756	0	0	0.0	0
chr14	62860871	0	1	0.0263	0
chr14	62920341	0	0	0.0	0
chr14	62929488	0	0	0.0	0
chr14	63010559	0	0	0.0	0
chr14	63051881	0	2	0.0351	0
chr14	63144266	0	0	0.0	0
chr14	63437440	0	0	0.0	0
chr14	63533488	0	0	0.0	0
chr14	63563127	0	0	0.0	0
chr14	63756471	0	0	0.0	0
chr14	63846689	0	1	0.0233	0
chr14	63902023	0	0	0.0	0
chr14	64019756	0	0	0.0	0
chr14	64280639	0	0	0.0	0
chr14	64454890	0	0	0.0	0
chr14	64535488	0	0	0.0	0
chr14	64655925	0	0	0.0	0
chr14	64697965	0	0	0.0	0
chr14	64717284	0	0	0.0	0
chr14	64753197	0	0	0.0	0
chr14	64826307	0	0	0.0	0
chr14	64828230	0	0	0.0	0
chr14	64945681	0	0	0.0	0
chr14	64976846	0	0	0.0	0
chr14	65140681	0	0	0.0	0
chr14	65244704	0	0	0.0	0
chr14	65538253	0	0	0.0	0
chr14	65653200	0	0	0.0	0
chr14	65728531	0	0	0.0	0
chr14	65750333	0	0	0.0	0
chr14	65766704	0	0	0.0	0
chr14	65954813	0	0	0.0	0
chr14	65992953	0	0	0.0	0
chr14	66020773	0	0	0.0	0
chr14	66108621	0	0	0.0	0
chr14	66206777	0	0	0.0	0
chr14	66225439	0	0	0.0	0
chr14	66482095	0	0	0.0	0
chr14	66523846	0	0	0.0	0
chr14	66530317	0	0	0.0	0
chr14	66832764	0	0	0.0	0
chr14	67073162	0	0	0.0	0
chr14	67113083	0	0	0.0	0
chr14	67165695	0	0	0.0	0
chr14	67172584	0	0	0.0	0
chr14	67200001	0	1	0.0161	0
chr14	67263825	1	34	0.4533	1
chr14	67324850	0	0	0.0	0
chr14	67517392	0	0	0.0	0
chr14	67570082	0	0	0.0	0
chr14	67624799	0	0	0.0	0
chr14	67756696	0	0	0.0	0
chr14	67808075	0	0	0.0	0
chr14	67913512	0	0	0.0	0
chr14	68208934	0	0	0.0	0
chr14	68236155	0	0	0.0	0
chr14	68298277	0	0	0.0	0
chr14	68451024	0	0	0.0	0
chr14	68612158	0	0	0.0	0
chr14	68657897	0	0	0.0	0
chr14	68702346	0	0	0.0	0
chr14	68711661	0	1	0.0112	0
chr14	68767347	0	0	0.0	0
chr14	68898687	0	0	0.0	0
chr14	68959146	0	0	0.0	0
chr14	69085042	0	0	0.0	0
chr14	69093250	0	0	0.0	0
chr14	69177121	0	0	0.0	0
chr14	69245129	0	0	0.0	0
chr14	69658645	0	0	0.0	0
chr14	69818069	0	0	0.0	0
chr14	69827506	0	0	0.0	0
chr14	69873771	0	0	0.0	0
chr14	70115050	0	0	0.0	0
chr14	70145022	0	0	0.0	0
chr14	70218025	0	0	0.0	0
chr14	70287409	0	0	0.0	0
chr14	70443681	0	0	0.0	0
chr14	70502181	0	0	0.0	0
chr14	70528548	0	0	0.0	0
chr14	70546295	0	0	0.0	0
chr14	70717202	0	0	0.0	0
chr14	70718587	0	0	0.0	0
chr14	70720982	0	0	0.0	0
chr14	70753783	0	0	0.0	0
chr14	70840545	0	0	0.0	0
chr14	70968214	0	0	0.0	0
chr14	71030413	0	0	0.0	0
chr14	71044248	0	0	0.0	0
chr14	71054962	0	0	0.0	0
chr14	71084717	0	0	0.0	0
chr14	71135345	0	0	0.0	0
chr14	71203592	0	0	0.0	0
chr14	71212982	0	0	0.0	0
chr14	71261770	0	0	0.0	0
chr14	71484496	0	0	0.0	0
chr14	71573622	0	0	0.0	0
chr14	71630521	0	0	0.0	0
chr14	71693906	0	0	0.0	0
chr14	71749628	0	0	0.0	0
chr14	71824785	0	0	0.0	0
chr14	71834842	0	2	0.0317	0
chr14	72056246	0	0	0.0	0
chr14	72130305	0	0	0.0	0
chr14	72160545	0	0	0.0	0
chr14	72166602	0	0	0.0	0
chr14	72189318	0	0	0.0	0
chr14	72255345	0	0	0.0	0
chr14	72332747	0	0	0.0	0
chr14	72404374	0	0	0.0	0
chr14	72439888	0	0	0.0	0
chr14	72452257	0	0	0.0	0
chr14	72536807	0	1	0.0135	0
chr14	72551697	0	0	0.0	0
chr14	72556969	0	0	0.0	0
chr14	72647156	0	0	0.0	0
chr14	72808650	0	0	0.0	0
chr14	72809891	0	0	0.0	0
chr14	72852795	0	0	0.0	0
chr14	72925175	0	0	0.0	0
chr14	72936628	0	0	0.0	0
chr14	73031572	0	0	0.0	0
chr14	73329557	0	0	0.0	0
chr14	73363465	0	0	0.0	0
chr14	73410156	0	0	0.0	0
chr14	73512286	0	0	0.0	0
chr14	73589945	0	0	0.0	0
chr14	73747793	0	0	0.0	0
chr14	74084808	0	0	0.0	0
chr14	74403815	0	0	0.0	0
chr14	74406334	0	0	0.0	0
chr14	74461349	0	0	0.0	0
chr14	74480268	0	0	0.0	0
chr14	74594215	0	0	0.0	0
chr14	74600277	0	0	0.0	0
chr14	74616759	0	0	0.0	0
chr14	74829710	0	0	0.0	0
chr14	74942564	0	0	0.0	0
chr14	75259320	0	0	0.0	0
chr14	75266737	0	0	0.0	0
chr14	75381282	0	0	0.0	0
chr14	75419645	0	0	0.0	0
chr14	75499280	0	0	0.0	0
chr14	75522410	0	0	0.0	0
chr14	75569753	0	0	0.0	0
chr14	75612502	0	0	0.0	0
chr14	75740643	0	0	0.0	0
chr14	75955602	0	0	0.0	0
chr14	76172256	0	0	0.0	0
chr14	76211040	0	0	0.0	0
chr14	76227257	0	0	0.0	0
chr14	76445106	0	0	0.0	0
chr14	76491786	0	0	0.0	0
chr14	76498886	0	0	0.0	0
chr14	76536208	0	0	0.0	0
chr14	76692656	0	0	0.0	0
chr14	76825446	0	0	0.0	0
chr14	76967983	0	0	0.0	0
chr14	77011552	0	0	0.0	0
chr14	77013802	0	0	0.0	0
chr14	77090014	0	0	0.0	0
chr14	77251829	0	0	0.0	0
chr14	77253339	0	0	0.0	0
chr14	77380729	0	0	0.0	0
chr14	77399732	0	0	0.0	0
chr14	77737747	0	0	0.0	0
chr14	78035917	0	0	0.0	0
chr14	78191480	0	0	0.0	0
chr14	78240852	0	0	0.0	0
chr14	78425486	0	0	0.0	0
chr14	78444843	0	0	0.0	0
chr14	78450383	0	1	0.0182	0
chr14	78587149	0	0	0.0	0
chr14	78773406	0	0	0.0	0
chr14	78910129	0	0	0.0	0
chr14	78949432	0	0	0.0	0
chr14	79033372	0	0	0.0	0
chr14	79285538	0	0	0.0	0
chr14	79294835	0	0	0.0	0
chr14	79388172	0	0	0.0	0
chr14	79504243	0	0	0.0	0
chr14	80189688	0	0	0.0	0
chr14	80200984	0	0	0.0	0
chr14	80203767	0	0	0.0	0
chr14	80284819	0	0	0.0	0
chr14	80322210	0	0	0.0	0
chr14	80339275	0	0	0.0	0
chr14	80377142	0	0	0.0	0
chr14	80463695	0	0	0.0	0
chr14	80548526	0	0	0.0	0
chr14	81072211	0	0	0.0	0
chr14	81085741	0	0	0.0	0
chr14	81093979	0	0	0.0	0
chr14	81330286	0	0	0.0	0
chr14	81446857	0	0	0.0	0
chr14	81482964	0	0	0.0	0
chr14	81540969	0	0	0.0	0
chr14	81673245	0	0	0.0	0
chr14	81810437	0	0	0.0	0
chr14	81832752	0	0	0.0	0
chr14	81843643	0	1	0.02	0
chr14	81870960	0	0	0.0	0
chr14	82202278	0	0	0.0	0
chr14	82264022	0	0	0.0	0
chr14	82440212	0	0	0.0	0
chr14	82551823	0	0	0.0	0
chr14	82569745	0	0	0.0	0
chr14	82623766	0	0	0.0	0
chr14	82743095	0	0	0.0	0
chr14	82852902	0	0	0.0	0
chr14	82872280	0	0	0.0	0
chr14	83189620	0	0	0.0	0
chr14	83320669	0	0	0.0	0
chr14	83646215	0	0	0.0	0
chr14	83719278	0	0	0.0	0
chr14	84088896	0	0	0.0	0
chr14	84479371	0	0	0.0	0
chr14	84768434	0	0	0.0	0
chr14	84833135	0	0	0.0	0
chr14	85036834	0	0	0.0	0
chr14	85227069	0	0	0.0	0
chr14	85380797	0	0	0.0	0
chr14	85477177	0	0	0.0	0
chr14	85608139	0	0	0.0	0
chr14	85614485	0	0	0.0	0
chr14	85706298	0	0	0.0	0
chr14	85776977	0	0	0.0	0
chr14	85784139	0	0	0.0	0
chr14	85813912	0	0	0.0	0
chr14	86094497	0	0	0.0	0
chr14	86237945	0	0	0.0	0
chr14	86297851	0	0	0.0	0
chr14	86528577	0	0	0.0	0
chr14	86530856	0	0	0.0	0
chr14	86563161	0	0	0.0	0
chr14	86571292	0	0	0.0	0
chr14	86579210	0	0	0.0	0
chr14	86590756	0	0	0.0	0
chr14	86857286	0	0	0.0	0
chr14	86903434	0	0	0.0	0
chr14	86999373	0	0	0.0	0
chr14	87082709	0	0	0.0	0
chr14	87136604	0	0	0.0	0
chr14	87256986	0	0	0.0	0
chr14	87320640	0	0	0.0	0
chr14	87560102	0	0	0.0	0
chr14	87600242	0	0	0.0	0
chr14	87633221	0	0	0.0	0
chr14	87639731	0	0	0.0	0
chr14	87696648	0	0	0.0	0
chr14	87702697	0	1	0.025	0
chr14	87705212	0	0	0.0	0
chr14	87732434	0	0	0.0	0
chr14	87869006	0	1	0.0238	0
chr14	87958773	0	0	0.0	0
chr14	88001889	2	49	0.98	1
chr14	88150630	0	0	0.0	0
chr14	88153889	0	0	0.0	0
chr14	88298626	0	0	0.0	0
chr14	88336862	0	0	0.0	0
chr14	88403735	0	0	0.0	0
chr14	88404874	0	0	0.0	0
chr14	88411241	0	0	0.0	0
chr14	88452720	0	0	0.0	0
chr14	88718207	0	0	0.0	0
chr14	88789971	0	0	0.0	0
chr14	88891045	0	0	0.0	0
chr14	88902066	0	0	0.0	0
chr14	89030679	0	0	0.0	0
chr14	89036992	0	0	0.0	0
chr14	89056626	0	0	0.0	0
chr14	89104694	0	0	0.0	0
chr14	89123410	0	0	0.0	0
chr14	89175895	0	0	0.0	0
chr14	89253685	0	0	0.0	0
chr14	89330399	0	0	0.0	0
chr14	89618138	0	0	0.0	0
chr14	89705122	0	0	0.0	0
chr14	89871798	0	0	0.0	0
chr14	89974569	0	0	0.0	0
chr14	89976390	0	0	0.0	0
chr14	90010523	0	0	0.0	0
chr14	90135738	0	0	0.0	0
chr14	90302732	0	0	0.0	0
chr14	90690095	0	0	0.0	0
chr14	91083278	0	0	0.0	0
chr14	91088113	0	0	0.0	0
chr14	91197624	0	0	0.0	0
chr14	91203584	0	0	0.0	0
chr14	91218806	0	0	0.0	0
chr14	91219467	0	0	0.0	0
chr14	91224494	0	0	0.0	0
chr14	91232057	0	0	0.0	0
chr14	91248588	0	0	0.0	0
chr14	91283860	0	0	0.0	0
chr14	91296071	0	0	0.0	0
chr14	91299517	0	0	0.0	0
chr14	91300525	0	0	0.0	0
chr14	91358306	0	0	0.0	0
chr14	91430205	0	0	0.0	0
chr14	91623281	0	0	0.0	0
chr14	91819760	0	0	0.0	0
chr14	91891247	0	0	0.0	0
chr14	92066378	0	0	0.0	0
chr14	92318727	0	0	0.0	0
chr14	92368776	0	0	0.0	0
chr14	92372445	0	0	0.0	0
chr14	92387734	0	0	0.0	0
chr14	92428416	0	0	0.0	0
chr14	92511029	0	0	0.0	0
chr14	92587675	0	0	0.0	0
chr14	92616037	0	0	0.0	0
chr14	92795926	0	0	0.0	0
chr14	92861316	0	0	0.0	0
chr14	92940196	0	0	0.0	0
chr14	92946996	0	0	0.0	0
chr14	93179717	0	0	0.0	0
chr14	93183170	0	0	0.0	0
chr14	93361484	1	60	0.6593	1
chr14	93433532	1	4	0.0494	1
chr14	93599846	0	0	0.0	0
chr14	93653853	0	0	0.0	0
chr14	93698747	0	0	0.0	0
chr14	93724219	0	0	0.0	0
chr14	93727618	0	0	0.0	0
chr14	93841444	0	0	0.0	0
chr14	93876418	0	0	0.0	0
chr14	93893120	0	0	0.0	0
chr14	93977388	0	0	0.0	0
chr14	94094757	0	0	0.0	0
chr14	94225728	0	0	0.0	0
chr14	94289156	0	0	0.0	0
chr14	94645990	0	0	0.0	0
chr14	94729003	0	0	0.0	0
chr14	94751113	0	0	0.0	0
chr14	94825323	0	0	0.0	0
chr14	94829160	0	0	0.0	0
chr14	94837551	0	0	0.0	0
chr14	94862222	0	0	0.0	0
chr14	94914395	0	0	0.0	0
chr14	94972353	0	0	0.0	0
chr14	95072646	0	0	0.0	0
chr14	95085567	0	0	0.0	0
chr14	95101916	0	0	0.0	0
chr14	95149590	0	0	0.0	0
chr14	95185894	0	0	0.0	0
chr14	95210994	0	0	0.0	0
chr14	95234288	0	0	0.0	0
chr14	95261773	0	0	0.0	0
chr14	95370838	0	0	0.0	0
chr14	95475279	0	0	0.0	0
chr14	95512973	0	0	0.0	0
chr14	95629075	0	0	0.0	0
chr14	95862613	0	0	0.0	0
chr14	95864836	0	0	0.0	0
chr14	95877392	0	0	0.0	0
chr14	95925066	0	0	0.0	0
chr14	96059834	0	0	0.0	0
chr14	96135186	0	0	0.0	0
chr14	96220161	0	0	0.0	0
chr14	96234255	0	0	0.0	0
chr14	96246234	0	0	0.0	0
chr14	96347612	0	0	0.0	0
chr14	96437439	0	0	0.0	0
chr14	96569886	0	0	0.0	0
chr14	96617017	0	0	0.0	0
chr14	96656856	0	0	0.0	0
chr14	96684192	0	0	0.0	0
chr14	96697165	0	0	0.0	0
chr14	97185530	0	0	0.0	0
chr14	97221168	0	0	0.0	0
chr14	97278467	0	0	0.0	0
chr14	97375903	0	0	0.0	0
chr14	97469563	0	0	0.0	0
chr14	97502114	0	0	0.0	0
chr14	97530062	0	0	0.0	0
chr14	97597316	0	0	0.0	0
chr14	97635374	0	0	0.0	0
chr14	97672727	0	0	0.0	0
chr14	97769571	0	0	0.0	0
chr14	97796698	0	0	0.0	0
chr14	97826386	0	0	0.0	0
chr14	97836657	0	0	0.0	0
chr14	97878347	0	0	0.0	0
chr14	97996923	0	0	0.0	0
chr14	98063144	0	0	0.0	0
chr14	98150356	0	0	0.0	0
chr14	98258666	0	0	0.0	0
chr14	98273686	0	0	0.0	0
chr14	98295636	0	0	0.0	0
chr14	98424797	0	0	0.0	0
chr14	98449723	0	0	0.0	0
chr14	98522102	0	0	0.0	0
chr14	98633063	0	0	0.0	0
chr14	98707564	0	0	0.0	0
chr14	98721253	0	0	0.0	0
chr14	98816659	0	0	0.0	0
chr14	99016991	0	0	0.0	0
chr14	99031653	0	0	0.0	0
chr14	99134746	0	1	0.0132	0
chr14	99140679	0	0	0.0	0
chr14	99205810	0	0	0.0	0
chr14	99317413	0	0	0.0	0
chr14	99358739	0	0	0.0	0
chr14	99565935	0	0	0.0	0
chr14	99690383	0	0	0.0	0
chr14	99755681	0	0	0.0	0
chr14	99780158	0	0	0.0	0
chr14	100295911	0	0	0.0	0
chr14	100296180	0	0	0.0	0
chr14	100384930	0	0	0.0	0
chr14	100399836	0	0	0.0	0
chr14	100417666	0	0	0.0	0
chr14	100555774	0	0	0.0	0
chr14	100602716	0	0	0.0	0
chr14	100671768	0	0	0.0	0
chr14	100681387	0	0	0.0	0
chr14	100724976	0	0	0.0	0
chr14	100765280	0	0	0.0	0
chr14	100808938	0	0	0.0	0
chr14	100899394	0	0	0.0	0
chr14	101062500	0	1	0.0192	0
chr14	101070261	0	0	0.0	0
chr14	101179972	0	0	0.0	0
chr14	101192231	0	0	0.0	0
chr14	101301210	0	0	0.0	0
chr14	101323965	0	0	0.0	0
chr14	101331936	0	0	0.0	0
chr14	101341264	0	0	0.0	0
chr14	101362985	0	0	0.0	0
chr14	101388467	0	0	0.0	0
chr14	101446291	0	0	0.0	0
chr14	101493462	0	0	0.0	0
chr14	101580496	0	0	0.0	0
chr14	101587050	0	0	0.0	0
chr14	101636413	0	0	0.0	0
chr14	101689452	0	0	0.0	0
chr14	101799372	0	0	0.0	0
chr14	101819321	0	0	0.0	0
chr14	101934906	0	0	0.0	0
chr14	101985800	0	0	0.0	0
chr14	102169426	0	0	0.0	0
chr14	102296490	0	0	0.0	0
chr14	102298057	0	1	0.0189	0
chr14	102411234	0	0	0.0	0
chr14	102411852	0	0	0.0	0
chr14	102538083	0	0	0.0	0
chr14	102583785	0	0	0.0	0
chr14	102717860	0	0	0.0	0
chr14	102776755	1	30	0.4348	1
chr14	102800454	0	0	0.0	0
chr14	102933666	0	0	0.0	0
chr14	103017887	0	0	0.0	0
chr14	103091769	0	0	0.0	0
chr14	103093792	0	0	0.0	0
chr14	103234567	0	0	0.0	0
chr14	103373081	0	0	0.0	0
chr14	103500883	0	0	0.0	0
chr14	103523128	0	0	0.0	0
chr14	103554405	0	0	0.0	0
chr14	103587416	0	0	0.0	0
chr14	103651773	0	0	0.0	0
chr14	103663678	0	0	0.0	0
chr14	103676159	0	0	0.0	0
chr14	103723135	0	0	0.0	0
chr14	103759382	0	0	0.0	0
chr14	103858708	0	0	0.0	0
chr14	103972602	0	0	0.0	0
chr14	104054703	0	0	0.0	0
chr14	104160035	0	0	0.0	0
chr14	104182753	0	0	0.0	0
chr14	104201405	0	0	0.0	0
chr14	104201528	0	0	0.0	0
chr14	104209745	0	0	0.0	0
chr14	104212776	0	0	0.0	0
chr14	104223188	0	0	0.0	0
chr14	104352793	0	1	0.013	0
chr14	104423725	0	0	0.0	0
chr14	104434233	0	1	0.0175	0
chr14	104633253	0	0	0.0	0
chr14	104692674	0	0	0.0	0
chr14	104703654	0	0	0.0	0
chr14	104708656	0	0	0.0	0
chr14	104790444	0	0	0.0	0
chr14	104808691	0	0	0.0	0
chr14	104967310	0	0	0.0	0
chr14	105032991	0	0	0.0	0
chr14	105043662	0	0	0.0	0
chr14	105084285	0	1	0.0139	0
chr14	105118437	0	0	0.0	0
chr14	105159265	0	0	0.0	0
chr14	105214276	0	0	0.0	0
chr14	105228787	0	0	0.0	0
chr14	105264238	0	0	0.0	0
chr14	105305985	0	0	0.0	0
chr14	105327488	0	0	0.0	0
chr14	105352453	0	0	0.0	0
chr14	105412381	0	0	0.0	0
chr14	105466911	0	0	0.0	0
chr14	105527919	0	0	0.0	0
chr14	105551112	0	0	0.0	0
chr14	105599151	0	0	0.0	0
chr14	105607192	0	0	0.0	0
chr14	105619400	0	0	0.0	0
chr14	105638646	0	0	0.0	0
chr14	105662308	0	0	0.0	0
chr14	105720879	0	0	0.0	0
chr14	105735433	0	0	0.0	0
chr14	105751602	0	0	0.0	0
chr14	105763590	0	0	0.0	0
chr14	105783202	0	0	0.0	0
chr14	105811356	0	0	0.0	0
chr14	105918502	0	0	0.0	0
chr14	105920907	0	0	0.0	0
chr14	106038008	0	0	0.0	0
chr14	106158700	0	0	0.0	0
chr14	106184076	0	0	0.0	0
chr14	106239220	0	0	0.0	0
chr14	106650902	0	0	0.0	0
chr14	106734009	0	0	0.0	0
chr14	106806262	0	0	0.0	0
chr14	106871696	0	0	0.0	0
chr14_GL000194v1_random	11224	0	0	0.0	0
chr14_GL000194v1_random	14289	0	0	0.0	0
chr14_GL000194v1_random	22972	0	0	0.0	0
chr14_KI270722v1_random	81667	0	0	0.0	0
chr14_KI270725v1_random	21991	0	0	0.0	0
chr14_KI270725v1_random	59892	0	0	0.0	0
chr14_KI270846v1_alt	18110	0	0	0.0	0
chr14_KI270846v1_alt	74960	0	0	0.0	0
chr14_KI270846v1_alt	87168	0	0	0.0	0
chr14_KI270846v1_alt	106414	0	0	0.0	0
chr14_KI270846v1_alt	130076	0	0	0.0	0
chr14_KI270846v1_alt	203201	0	0	0.0	0
chr14_KI270846v1_alt	219370	0	0	0.0	0
chr14_KI270846v1_alt	231358	0	0	0.0	0
chr14_KI270846v1_alt	250970	0	0	0.0	0
chr14_KI270846v1_alt	279125	0	0	0.0	0
chr14_KI270846v1_alt	386271	0	0	0.0	0
chr14_KI270846v1_alt	388676	0	0	0.0	0
chr14_KI270846v1_alt	626469	0	0	0.0	0
chr14_KI270846v1_alt	651844	0	0	0.0	0
chr14_KI270846v1_alt	1225687	0	0	0.0	0
chr14_KI270847v1_alt	54758	0	0	0.0	0
chr14_KI270847v1_alt	61557	0	0	0.0	0
chr14_KI270847v1_alt	294278	0	0	0.0	0
chr14_KI270847v1_alt	297732	0	0	0.0	0
chr14_KI270847v1_alt	548093	0	0	0.0	0
chr14_KI270847v1_alt	714408	0	0	0.0	0
chr14_KI270847v1_alt	768414	0	0	0.0	0
chr14_KI270847v1_alt	813309	0	0	0.0	0
chr14_KI270847v1_alt	956005	0	0	0.0	0
chr14_KI270847v1_alt	990980	0	0	0.0	0
chr14_KI270847v1_alt	1209319	0	0	0.0	0
chr14_KI270847v1_alt	1340290	0	0	0.0	0
chr14_KI270847v1_alt	1403717	0	0	0.0	0
chr15	17027602	0	0	0.0	0
chr15	17034743	0	0	0.0	0
chr15	17081558	0	0	0.0	0
chr15	17082708	1	5	0.1064	1
chr15	17083413	1	11	0.1549	1
chr15	19798525	0	0	0.0	0
chr15	19804327	0	0	0.0	0
chr15	19971982	0	0	0.0	0
chr15	20011417	0	0	0.0	0
chr15	20119636	0	0	0.0	0
chr15	20124754	0	0	0.0	0
chr15	20165006	0	0	0.0	0
chr15	20191781	0	0	0.0	0
chr15	20241328	0	0	0.0	0
chr15	20328800	0	0	0.0	0
chr15	20416763	0	0	0.0	0
chr15	20620512	0	0	0.0	0
chr15	20629382	0	0	0.0	0
chr15	20674750	0	0	0.0	0
chr15	20763172	0	0	0.0	0
chr15	20770436	0	0	0.0	0
chr15	21018064	0	0	0.0	0
chr15	21126174	0	0	0.0	0
chr15	21131290	0	0	0.0	0
chr15	21171540	0	0	0.0	0
chr15	21243717	0	0	0.0	0
chr15	21332245	0	0	0.0	0
chr15	21339523	0	0	0.0	0
chr15	22269337	0	0	0.0	0
chr15	22371006	0	0	0.0	0
chr15	22600710	0	0	0.0	0
chr15	22816000	0	0	0.0	0
chr15	22895840	0	0	0.0	0
chr15	22942522	0	0	0.0	0
chr15	23014689	0	0	0.0	0
chr15	23420770	0	0	0.0	0
chr15	23495678	0	0	0.0	0
chr15	23636556	0	0	0.0	0
chr15	23709279	0	0	0.0	0
chr15	23800473	0	0	0.0	0
chr15	23874228	0	0	0.0	0
chr15	23929981	0	0	0.0	0
chr15	23930339	0	0	0.0	0
chr15	23931440	0	0	0.0	0
chr15	23975370	0	0	0.0	0
chr15	24004895	0	0	0.0	0
chr15	24013470	0	0	0.0	0
chr15	24139538	0	0	0.0	0
chr15	24163661	0	0	0.0	0
chr15	24167698	0	0	0.0	0
chr15	24420897	0	1	0.0149	0
chr15	24530500	0	0	0.0	0
chr15	24555866	0	0	0.0	0
chr15	24709612	0	0	0.0	0
chr15	24768368	0	0	0.0	0
chr15	24804144	0	0	0.0	0
chr15	24949541	0	0	0.0	0
chr15	25079296	0	0	0.0	0
chr15	25188965	0	0	0.0	0
chr15	25243289	0	0	0.0	0
chr15	25389645	0	0	0.0	0
chr15	25630782	0	0	0.0	0
chr15	25650761	0	0	0.0	0
chr15	25679512	0	0	0.0	0
chr15	25702289	0	0	0.0	0
chr15	25809900	0	0	0.0	0
chr15	25837522	0	0	0.0	0
chr15	25875924	0	0	0.0	0
chr15	25986585	0	0	0.0	0
chr15	26110825	0	0	0.0	0
chr15	26164124	0	0	0.0	0
chr15	26495931	0	0	0.0	0
chr15	26550635	0	0	0.0	0
chr15	26622233	0	0	0.0	0
chr15	26913507	0	0	0.0	0
chr15	26976203	0	0	0.0	0
chr15	27018584	0	0	0.0	0
chr15	27036375	0	0	0.0	0
chr15	27223812	0	0	0.0	0
chr15	27255317	0	0	0.0	0
chr15	27418975	0	0	0.0	0
chr15	27598389	0	0	0.0	0
chr15	27628234	0	0	0.0	0
chr15	27631889	0	0	0.0	0
chr15	27748261	0	0	0.0	0
chr15	28015231	0	0	0.0	0
chr15	28695125	0	0	0.0	0
chr15	28851029	0	0	0.0	0
chr15	28870316	0	0	0.0	0
chr15	28921706	0	0	0.0	0
chr15	28977510	0	1	0.0167	0
chr15	29002846	0	0	0.0	0
chr15	29122573	0	0	0.0	0
chr15	29200064	0	0	0.0	0
chr15	29485308	0	0	0.0	0
chr15	29681462	0	0	0.0	0
chr15	29755403	0	0	0.0	0
chr15	29767443	0	0	0.0	0
chr15	30000497	0	0	0.0	0
chr15	30022757	0	0	0.0	0
chr15	30178178	0	0	0.0	0
chr15	30324452	0	0	0.0	0
chr15	30523311	0	0	0.0	0
chr15	30755562	0	0	0.0	0
chr15	30802337	0	0	0.0	0
chr15	30895105	0	0	0.0	0
chr15	30935888	0	0	0.0	0
chr15	31075521	0	0	0.0	0
chr15	31089354	0	0	0.0	0
chr15	31105840	0	0	0.0	0
chr15	31353226	0	0	0.0	0
chr15	31355998	0	0	0.0	0
chr15	31389931	0	0	0.0	0
chr15	31397663	0	0	0.0	0
chr15	31412904	0	0	0.0	0
chr15	31650186	0	0	0.0	0
chr15	31657999	0	0	0.0	0
chr15	31674303	0	0	0.0	0
chr15	31759176	0	0	0.0	0
chr15	31806985	0	0	0.0	0
chr15	32021294	0	0	0.0	0
chr15	32206101	0	0	0.0	0
chr15	32360490	0	0	0.0	0
chr15	32484356	0	0	0.0	0
chr15	32690494	0	0	0.0	0
chr15	32903920	0	0	0.0	0
chr15	33033124	1	36	0.4932	1
chr15	33232623	1	35	0.9211	1
chr15	33344072	0	0	0.0	0
chr15	33526752	0	0	0.0	0
chr15	33542225	0	0	0.0	0
chr15	33640235	0	0	0.0	0
chr15	33673979	0	0	0.0	0
chr15	33798425	0	0	0.0	0
chr15	33857142	0	0	0.0	0
chr15	33870140	0	0	0.0	0
chr15	34048219	0	0	0.0	0
chr15	34048483	0	0	0.0	0
chr15	34292756	0	0	0.0	0
chr15	34338227	0	0	0.0	0
chr15	34364076	0	0	0.0	0
chr15	34468940	1	29	0.4754	1
chr15	34652767	0	0	0.0	0
chr15	34738701	0	0	0.0	0
chr15	35135399	0	0	0.0	0
chr15	35268377	0	0	0.0	0
chr15	35393131	0	0	0.0	0
chr15	35438425	0	0	0.0	0
chr15	35595401	0	0	0.0	0
chr15	35942860	0	1	0.0149	0
chr15	35979933	0	0	0.0	0
chr15	36002148	0	0	0.0	0
chr15	36207404	0	0	0.0	0
chr15	36210771	0	0	0.0	0
chr15	36325486	0	0	0.0	0
chr15	36502997	0	0	0.0	0
chr15	36528348	0	0	0.0	0
chr15	36743490	0	0	0.0	0
chr15	36754748	0	0	0.0	0
chr15	36950152	0	0	0.0	0
chr15	37248469	0	0	0.0	0
chr15	37329082	0	0	0.0	0
chr15	37629825	0	0	0.0	0
chr15	37652155	0	0	0.0	0
chr15	37679595	0	0	0.0	0
chr15	37812552	0	0	0.0	0
chr15	37902748	0	0	0.0	0
chr15	37981479	0	0	0.0	0
chr15	38115221	0	0	0.0	0
chr15	38141976	0	0	0.0	0
chr15	38574998	0	0	0.0	0
chr15	38606781	0	0	0.0	0
chr15	38690207	0	0	0.0	0
chr15	38712662	1	26	0.4	1
chr15	38747607	0	0	0.0	0
chr15	38778903	0	0	0.0	0
chr15	38803342	0	0	0.0	0
chr15	38806115	0	0	0.0	0
chr15	38860160	0	0	0.0	0
chr15	39035465	0	0	0.0	0
chr15	39113090	0	0	0.0	0
chr15	39176877	0	0	0.0	0
chr15	39299662	0	0	0.0	0
chr15	39302733	0	0	0.0	0
chr15	39404008	0	0	0.0	0
chr15	39429072	0	0	0.0	0
chr15	39534703	0	0	0.0	0
chr15	39588118	0	0	0.0	0
chr15	39786394	0	0	0.0	0
chr15	39811257	0	0	0.0	0
chr15	39845992	0	0	0.0	0
chr15	39892189	0	0	0.0	0
chr15	39978954	0	0	0.0	0
chr15	40016466	0	0	0.0	0
chr15	40087171	0	0	0.0	0
chr15	40107896	0	1	0.0182	0
chr15	40138437	0	0	0.0	0
chr15	40302582	0	0	0.0	0
chr15	40387582	0	1	0.0294	0
chr15	40432008	0	0	0.0	0
chr15	40453819	0	0	0.0	0
chr15	40467275	0	0	0.0	0
chr15	40470195	0	0	0.0	0
chr15	40471776	0	0	0.0	0
chr15	40549571	0	0	0.0	0
chr15	40567318	0	0	0.0	0
chr15	40664591	0	0	0.0	0
chr15	40770453	0	0	0.0	0
chr15	40814574	0	0	0.0	0
chr15	40826153	0	0	0.0	0
chr15	40956932	0	0	0.0	0
chr15	40963217	0	0	0.0	0
chr15	41042856	0	0	0.0	0
chr15	41269838	0	0	0.0	0
chr15	41411513	0	0	0.0	0
chr15	41442100	0	0	0.0	0
chr15	41499270	0	1	0.0233	0
chr15	41564751	0	0	0.0	0
chr15	41740246	0	0	0.0	0
chr15	41843555	0	1	0.0175	0
chr15	41845361	0	0	0.0	0
chr15	41847656	0	0	0.0	0
chr15	41855237	0	0	0.0	0
chr15	41969628	0	0	0.0	0
chr15	41982549	0	0	0.0	0
chr15	42156691	0	0	0.0	0
chr15	42163329	0	0	0.0	0
chr15	42301646	0	0	0.0	0
chr15	42576392	0	0	0.0	0
chr15	42638310	0	0	0.0	0
chr15	42640939	0	0	0.0	0
chr15	42722187	0	0	0.0	0
chr15	42874138	0	0	0.0	0
chr15	42928214	0	0	0.0	0
chr15	42950341	0	0	0.0	0
chr15	43103141	0	0	0.0	0
chr15	43163028	0	0	0.0	0
chr15	43275097	0	0	0.0	0
chr15	43483892	0	0	0.0	0
chr15	43500926	0	0	0.0	0
chr15	43521716	0	0	0.0	0
chr15	43556793	0	0	0.0	0
chr15	43764858	0	0	0.0	0
chr15	43789897	0	0	0.0	0
chr15	43978813	0	0	0.0	0
chr15	44319110	0	0	0.0	0
chr15	44354766	0	0	0.0	0
chr15	44572566	0	0	0.0	0
chr15	44597615	0	0	0.0	0
chr15	44711600	0	0	0.0	0
chr15	44715512	0	0	0.0	0
chr15	44816060	0	0	0.0	0
chr15	44895831	0	0	0.0	0
chr15	45027854	0	0	0.0	0
chr15	45140984	0	0	0.0	0
chr15	45160235	0	0	0.0	0
chr15	45262553	0	0	0.0	0
chr15	45369373	0	0	0.0	0
chr15	45919541	0	0	0.0	0
chr15	45921645	0	0	0.0	0
chr15	45955188	0	0	0.0	0
chr15	46103067	0	0	0.0	0
chr15	46133022	0	0	0.0	0
chr15	46208802	0	0	0.0	0
chr15	46228215	0	0	0.0	0
chr15	46370765	0	0	0.0	0
chr15	46431010	0	0	0.0	0
chr15	46527976	0	0	0.0	0
chr15	46533096	0	0	0.0	0
chr15	46681072	0	0	0.0	0
chr15	46704072	0	0	0.0	0
chr15	46808974	0	0	0.0	0
chr15	46843821	0	0	0.0	0
chr15	46963675	0	0	0.0	0
chr15	47236981	0	0	0.0	0
chr15	47270334	0	0	0.0	0
chr15	47275062	0	0	0.0	0
chr15	47328247	0	0	0.0	0
chr15	47397238	0	0	0.0	0
chr15	47470522	0	0	0.0	0
chr15	47588813	0	0	0.0	0
chr15	47603944	0	0	0.0	0
chr15	47687699	0	0	0.0	0
chr15	47731515	0	0	0.0	0
chr15	47736946	0	0	0.0	0
chr15	47785436	0	0	0.0	0
chr15	47796975	0	0	0.0	0
chr15	48091819	0	0	0.0	0
chr15	48208574	0	0	0.0	0
chr15	48261447	0	0	0.0	0
chr15	48387016	0	0	0.0	0
chr15	48455055	0	0	0.0	0
chr15	48466100	0	0	0.0	0
chr15	48523046	0	0	0.0	0
chr15	48524467	0	0	0.0	0
chr15	48526887	0	0	0.0	0
chr15	48530495	0	0	0.0	0
chr15	48588898	0	0	0.0	0
chr15	48633813	0	0	0.0	0
chr15	48752433	0	0	0.0	0
chr15	48884066	0	0	0.0	0
chr15	49133249	0	0	0.0	0
chr15	49141191	0	0	0.0	0
chr15	49201212	0	0	0.0	0
chr15	49422093	0	1	0.037	0
chr15	49721748	0	0	0.0	0
chr15	49742247	0	0	0.0	0
chr15	49966413	0	0	0.0	0
chr15	49981121	0	0	0.0	0
chr15	50026038	0	0	0.0	0
chr15	50508288	0	0	0.0	0
chr15	50533226	0	0	0.0	0
chr15	50658460	0	0	0.0	0
chr15	50707413	0	0	0.0	0
chr15	50746828	0	0	0.0	0
chr15	50884824	0	0	0.0	0
chr15	50987723	0	0	0.0	0
chr15	51098449	0	0	0.0	0
chr15	51136970	0	0	0.0	0
chr15	51211465	0	0	0.0	0
chr15	51225074	0	0	0.0	0
chr15	51317196	0	0	0.0	0
chr15	51321071	0	0	0.0	0
chr15	51383508	0	0	0.0	0
chr15	51448978	0	0	0.0	0
chr15	51473719	0	0	0.0	0
chr15	51502158	0	0	0.0	0
chr15	51691248	0	0	0.0	0
chr15	51693062	0	0	0.0	0
chr15	51711435	0	0	0.0	0
chr15	51753585	0	0	0.0	0
chr15	52150342	0	0	0.0	0
chr15	52282014	0	0	0.0	0
chr15	52336673	0	0	0.0	0
chr15	52436882	0	0	0.0	0
chr15	52552620	1	7	0.5385	1
chr15	52623133	1	27	0.3857	1
chr15	52673128	0	0	0.0	0
chr15	52695407	0	0	0.0	0
chr15	52709773	0	0	0.0	0
chr15	52937784	0	0	0.0	0
chr15	53076750	0	0	0.0	0
chr15	53195777	0	0	0.0	0
chr15	53442438	0	0	0.0	0
chr15	53462825	0	1	0.0141	0
chr15	53527182	0	0	0.0	0
chr15	53749019	0	0	0.0	0
chr15	53845083	0	0	0.0	0
chr15	53845610	0	1	0.0208	0
chr15	53963404	0	0	0.0	0
chr15	54373396	0	0	0.0	0
chr15	54386712	0	0	0.0	0
chr15	54664723	0	0	0.0	0
chr15	54720958	0	0	0.0	0
chr15	54727591	0	0	0.0	0
chr15	54801699	0	0	0.0	0
chr15	55044104	0	0	0.0	0
chr15	55191452	1	3	0.05	1
chr15	55203727	0	0	0.0	0
chr15	55254663	0	0	0.0	0
chr15	55309608	0	0	0.0	0
chr15	55375266	0	0	0.0	0
chr15	55533921	0	0	0.0	0
chr15	55572930	0	0	0.0	0
chr15	55599713	0	0	0.0	0
chr15	55860645	0	0	0.0	0
chr15	56005822	1	17	0.4048	1
chr15	56126080	0	0	0.0	0
chr15	56217333	0	0	0.0	0
chr15	56287188	0	0	0.0	0
chr15	57148275	0	0	0.0	0
chr15	57271331	0	0	0.0	0
chr15	57351599	0	0	0.0	0
chr15	57439211	0	0	0.0	0
chr15	57501844	0	0	0.0	0
chr15	57503651	0	0	0.0	0
chr15	57549355	0	0	0.0	0
chr15	57665458	0	0	0.0	0
chr15	57676175	0	0	0.0	0
chr15	57761370	0	0	0.0	0
chr15	57819894	0	0	0.0	0
chr15	57855541	0	0	0.0	0
chr15	57857583	0	0	0.0	0
chr15	57879895	0	0	0.0	0
chr15	58097679	0	0	0.0	0
chr15	58170184	0	0	0.0	0
chr15	58449128	0	0	0.0	0
chr15	58584405	0	0	0.0	0
chr15	58588254	0	0	0.0	0
chr15	58741738	0	0	0.0	0
chr15	58784896	0	0	0.0	0
chr15	58936132	0	0	0.0	0
chr15	59010663	0	0	0.0	0
chr15	59154906	0	0	0.0	0
chr15	59160538	0	0	0.0	0
chr15	59227099	0	0	0.0	0
chr15	59333916	0	0	0.0	0
chr15	59390499	0	0	0.0	0
chr15	59393200	0	0	0.0	0
chr15	59431060	0	0	0.0	0
chr15	59434730	0	0	0.0	0
chr15	59621246	0	0	0.0	0
chr15	59871840	0	0	0.0	0
chr15	59886140	0	0	0.0	0
chr15	59892259	0	0	0.0	0
chr15	59919691	0	0	0.0	0
chr15	60098537	0	0	0.0	0
chr15	60194484	0	0	0.0	0
chr15	60229050	0	0	0.0	0
chr15	60233053	0	0	0.0	0
chr15	60427678	0	0	0.0	0
chr15	60512427	0	0	0.0	0
chr15	60525865	0	0	0.0	0
chr15	60553110	0	0	0.0	0
chr15	60770575	0	0	0.0	0
chr15	60783332	0	0	0.0	0
chr15	60825228	0	0	0.0	0
chr15	60875903	0	0	0.0	0
chr15	61102624	0	0	0.0	0
chr15	61201251	0	0	0.0	0
chr15	61405563	0	0	0.0	0
chr15	61415044	0	0	0.0	0
chr15	61576746	0	0	0.0	0
chr15	61777433	0	0	0.0	0
chr15	61780167	0	0	0.0	0
chr15	61821728	0	0	0.0	0
chr15	61965271	0	0	0.0	0
chr15	62111354	0	0	0.0	0
chr15	62158804	0	0	0.0	0
chr15	62249734	0	0	0.0	0
chr15	62411109	0	0	0.0	0
chr15	62436596	0	0	0.0	0
chr15	62550210	0	0	0.0	0
chr15	62607602	0	0	0.0	0
chr15	62625046	0	0	0.0	0
chr15	62625202	0	0	0.0	0
chr15	62838675	0	0	0.0	0
chr15	62850712	0	0	0.0	0
chr15	62897234	0	0	0.0	0
chr15	62978145	0	0	0.0	0
chr15	63091890	0	0	0.0	0
chr15	63236525	0	0	0.0	0
chr15	63385486	0	0	0.0	0
chr15	63417459	0	1	0.025	0
chr15	63420236	0	0	0.0	0
chr15	63435377	0	0	0.0	0
chr15	63694305	0	0	0.0	0
chr15	63816934	0	0	0.0	0
chr15	63868448	0	0	0.0	0
chr15	64044613	0	0	0.0	0
chr15	64375539	0	0	0.0	0
chr15	64562143	0	0	0.0	0
chr15	64730303	0	0	0.0	0
chr15	64838824	0	0	0.0	0
chr15	64897525	0	0	0.0	0
chr15	65196326	0	0	0.0	0
chr15	65426787	0	0	0.0	0
chr15	65497017	0	0	0.0	0
chr15	65553605	0	0	0.0	0
chr15	65628086	0	0	0.0	0
chr15	65791588	0	0	0.0	0
chr15	65815169	0	0	0.0	0
chr15	65851423	0	0	0.0	0
chr15	65943933	0	0	0.0	0
chr15	65961803	0	0	0.0	0
chr15	65995539	0	0	0.0	0
chr15	65996928	0	0	0.0	0
chr15	66013155	0	0	0.0	0
chr15	66310806	0	0	0.0	0
chr15	66398743	0	0	0.0	0
chr15	66517640	0	0	0.0	0
chr15	66643838	0	0	0.0	0
chr15	66685154	0	0	0.0	0
chr15	66716618	0	0	0.0	0
chr15	66717590	0	0	0.0	0
chr15	66783250	0	0	0.0	0
chr15	66968333	0	0	0.0	0
chr15	66975036	0	0	0.0	0
chr15	66996676	0	0	0.0	0
chr15	67044289	0	0	0.0	0
chr15	67146481	0	0	0.0	0
chr15	67242513	0	0	0.0	0
chr15	67289563	0	0	0.0	0
chr15	67453508	0	0	0.0	0
chr15	67485479	0	0	0.0	0
chr15	67579005	0	0	0.0	0
chr15	67693889	0	0	0.0	0
chr15	67804195	0	0	0.0	0
chr15	68193020	0	0	0.0	0
chr15	68252598	0	0	0.0	0
chr15	68317579	0	0	0.0	0
chr15	68340849	0	0	0.0	0
chr15	68342421	0	0	0.0	0
chr15	68491361	0	0	0.0	0
chr15	68510815	0	0	0.0	0
chr15	68512051	0	0	0.0	0
chr15	68628881	0	0	0.0	0
chr15	68641769	0	0	0.0	0
chr15	68645398	0	0	0.0	0
chr15	68745427	0	0	0.0	0
chr15	68755547	0	0	0.0	0
chr15	68781429	0	0	0.0	0
chr15	68812311	0	0	0.0	0
chr15	68865405	0	0	0.0	0
chr15	68879559	0	0	0.0	0
chr15	69032231	0	0	0.0	0
chr15	69106390	0	0	0.0	0
chr15	69349283	0	0	0.0	0
chr15	69393674	0	1	0.0256	0
chr15	69530878	0	0	0.0	0
chr15	69551303	0	0	0.0	0
chr15	69747529	0	0	0.0	0
chr15	69757720	0	0	0.0	0
chr15	69821757	0	0	0.0	0
chr15	69864841	0	0	0.0	0
chr15	69922226	0	0	0.0	0
chr15	69952457	0	0	0.0	0
chr15	70002006	0	1	0.0185	0
chr15	70104156	0	0	0.0	0
chr15	70186944	0	0	0.0	0
chr15	70246040	0	0	0.0	0
chr15	70247858	0	0	0.0	0
chr15	70254174	0	0	0.0	0
chr15	70318732	0	0	0.0	0
chr15	70459865	0	0	0.0	0
chr15	70491572	0	0	0.0	0
chr15	70492286	0	0	0.0	0
chr15	70506338	0	0	0.0	0
chr15	70703916	0	0	0.0	0
chr15	70757927	0	0	0.0	0
chr15	70791319	0	0	0.0	0
chr15	70825521	0	0	0.0	0
chr15	71099587	0	0	0.0	0
chr15	71581082	0	0	0.0	0
chr15	71594586	0	0	0.0	0
chr15	71732101	0	0	0.0	0
chr15	71739469	0	0	0.0	0
chr15	72036403	0	0	0.0	0
chr15	72078580	0	0	0.0	0
chr15	72164208	0	0	0.0	0
chr15	72175986	0	0	0.0	0
chr15	72272861	0	0	0.0	0
chr15	72281106	0	0	0.0	0
chr15	72354517	0	0	0.0	0
chr15	72387788	0	0	0.0	0
chr15	72406007	0	0	0.0	0
chr15	72752702	0	0	0.0	0
chr15	72824571	0	0	0.0	0
chr15	72899127	0	0	0.0	0
chr15	72961318	0	0	0.0	0
chr15	72962602	0	0	0.0	0
chr15	73155332	0	0	0.0	0
chr15	73337855	0	0	0.0	0
chr15	73370503	0	1	0.0154	0
chr15	73411081	0	1	0.0345	0
chr15	73546248	0	0	0.0	0
chr15	73584572	0	0	0.0	0
chr15	73739786	0	0	0.0	0
chr15	73799811	0	0	0.0	0
chr15	73929643	0	0	0.0	0
chr15	74148611	0	0	0.0	0
chr15	74283420	0	0	0.0	0
chr15	74305575	0	0	0.0	0
chr15	74388184	0	0	0.0	0
chr15	74613508	0	0	0.0	0
chr15	74632612	0	0	0.0	0
chr15	74690704	0	0	0.0	0
chr15	74700000	0	0	0.0	0
chr15	74711278	0	1	0.0233	0
chr15	74887131	0	1	0.027	0
chr15	74961307	0	0	0.0	0
chr15	74994111	0	0	0.0	0
chr15	75018659	0	1	0.0238	0
chr15	75022519	0	0	0.0	0
chr15	75061046	0	0	0.0	0
chr15	75142964	0	0	0.0	0
chr15	75203210	0	0	0.0	0
chr15	75234660	0	0	0.0	0
chr15	75555284	0	0	0.0	0
chr15	75619399	0	0	0.0	0
chr15	75660519	0	0	0.0	0
chr15	75696927	0	0	0.0	0
chr15	75745021	0	1	0.0238	0
chr15	75866257	0	0	0.0	0
chr15	75883083	0	0	0.0	0
chr15	75945341	0	0	0.0	0
chr15	76019202	0	0	0.0	0
chr15	76153557	0	0	0.0	0
chr15	76383789	0	0	0.0	0
chr15	76583758	0	0	0.0	0
chr15	76608300	0	0	0.0	0
chr15	76625039	0	0	0.0	0
chr15	76635532	0	0	0.0	0
chr15	76761111	0	0	0.0	0
chr15	76819467	0	0	0.0	0
chr15	76829818	0	0	0.0	0
chr15	76888028	0	0	0.0	0
chr15	76975946	0	0	0.0	0
chr15	76990553	0	0	0.0	0
chr15	77096783	0	0	0.0	0
chr15	77112365	0	0	0.0	0
chr15	77286303	0	0	0.0	0
chr15	77348151	0	0	0.0	0
chr15	77464231	0	0	0.0	0
chr15	77473881	0	0	0.0	0
chr15	77573446	0	0	0.0	0
chr15	77698976	0	0	0.0	0
chr15	77890355	0	0	0.0	0
chr15	77906264	0	0	0.0	0
chr15	77912051	0	0	0.0	0
chr15	77995344	0	0	0.0	0
chr15	78082240	0	0	0.0	0
chr15	78209393	0	0	0.0	0
chr15	78238226	1	23	0.5227	1
chr15	78309643	0	0	0.0	0
chr15	78499834	0	0	0.0	0
chr15	78601450	0	0	0.0	0
chr15	78618525	0	0	0.0	0
chr15	78619600	0	0	0.0	0
chr15	78622192	0	0	0.0	0
chr15	78774092	0	0	0.0	0
chr15	78790979	0	0	0.0	0
chr15	78791230	0	0	0.0	0
chr15	78850480	0	0	0.0	0
chr15	78979440	0	1	0.0147	0
chr15	79042388	0	0	0.0	0
chr15	79049437	0	0	0.0	0
chr15	79158208	0	0	0.0	0
chr15	79206232	0	1	0.0185	0
chr15	79265521	0	0	0.0	0
chr15	79417230	0	0	0.0	0
chr15	79482234	0	0	0.0	0
chr15	79518662	0	0	0.0	0
chr15	79636057	0	0	0.0	0
chr15	79672717	0	0	0.0	0
chr15	79724766	0	0	0.0	0
chr15	79732254	0	0	0.0	0
chr15	79754560	0	0	0.0	0
chr15	79780528	0	0	0.0	0
chr15	79889760	0	0	0.0	0
chr15	79923637	0	0	0.0	0
chr15	80342912	0	0	0.0	0
chr15	80415123	0	0	0.0	0
chr15	80518915	0	0	0.0	0
chr15	80615904	0	0	0.0	0
chr15	80847540	0	0	0.0	0
chr15	80895253	0	0	0.0	0
chr15	81157370	0	0	0.0	0
chr15	81268528	0	0	0.0	0
chr15	81279526	0	0	0.0	0
chr15	81281610	0	0	0.0	0
chr15	81300168	0	0	0.0	0
chr15	81359573	0	2	0.0294	0
chr15	81591391	1	9	0.1607	1
chr15	81777062	0	0	0.0	0
chr15	81857760	0	0	0.0	0
chr15	81878710	0	1	0.0323	0
chr15	82032571	0	0	0.0	0
chr15	82354747	0	0	0.0	0
chr15	82514294	0	0	0.0	0
chr15	82546748	0	0	0.0	0
chr15	82572941	0	0	0.0	0
chr15	82588640	0	0	0.0	0
chr15	82662060	0	0	0.0	0
chr15	82668072	0	0	0.0	0
chr15	82726676	0	0	0.0	0
chr15	82786357	0	0	0.0	0
chr15	82798095	0	0	0.0	0
chr15	83009600	0	0	0.0	0
chr15	83094244	0	0	0.0	0
chr15	83327824	0	0	0.0	0
chr15	83529360	0	0	0.0	0
chr15	83698671	0	0	0.0	0
chr15	83797798	0	0	0.0	0
chr15	83820798	0	0	0.0	0
chr15	83918905	0	0	0.0	0
chr15	83961660	0	0	0.0	0
chr15	83963299	0	0	0.0	0
chr15	83975767	0	0	0.0	0
chr15	84105463	0	0	0.0	0
chr15	84156495	0	0	0.0	0
chr15	84157262	0	0	0.0	0
chr15	84230480	0	0	0.0	0
chr15	84345051	0	0	0.0	0
chr15	84443103	0	0	0.0	0
chr15	84552247	0	0	0.0	0
chr15	84681993	0	0	0.0	0
chr15	84706955	0	0	0.0	0
chr15	84749216	0	0	0.0	0
chr15	84772284	0	0	0.0	0
chr15	84891315	0	0	0.0	0
chr15	84922035	0	0	0.0	0
chr15	84998199	0	0	0.0	0
chr15	85006392	0	0	0.0	0
chr15	85137598	0	0	0.0	0
chr15	85235107	0	0	0.0	0
chr15	85277820	0	0	0.0	0
chr15	85326985	0	0	0.0	0
chr15	85344345	0	0	0.0	0
chr15	85380188	0	0	0.0	0
chr15	85390449	0	0	0.0	0
chr15	85432631	0	0	0.0	0
chr15	85508608	0	0	0.0	0
chr15	85562218	0	0	0.0	0
chr15	85571477	0	0	0.0	0
chr15	85605730	0	0	0.0	0
chr15	85631731	0	0	0.0	0
chr15	85736659	0	0	0.0	0
chr15	85766072	0	0	0.0	0
chr15	85769054	0	0	0.0	0
chr15	85870515	0	0	0.0	0
chr15	85914592	0	0	0.0	0
chr15	86104086	0	0	0.0	0
chr15	86219114	0	0	0.0	0
chr15	86247776	0	0	0.0	0
chr15	86264742	0	0	0.0	0
chr15	86467343	0	0	0.0	0
chr15	86518085	0	0	0.0	0
chr15	86644290	0	0	0.0	0
chr15	86692102	0	0	0.0	0
chr15	86888658	0	0	0.0	0
chr15	87085827	0	0	0.0	0
chr15	87315600	0	1	0.0244	0
chr15	87721432	0	0	0.0	0
chr15	87725319	0	0	0.0	0
chr15	87961764	0	0	0.0	0
chr15	87966368	0	0	0.0	0
chr15	88134070	0	0	0.0	0
chr15	88170173	0	0	0.0	0
chr15	88279374	0	0	0.0	0
chr15	88347604	0	0	0.0	0
chr15	88523137	0	0	0.0	0
chr15	88531154	0	0	0.0	0
chr15	88832394	0	0	0.0	0
chr15	88842074	0	0	0.0	0
chr15	89019747	0	0	0.0	0
chr15	89239738	0	0	0.0	0
chr15	89280448	0	0	0.0	0
chr15	89366150	0	0	0.0	0
chr15	89416297	0	0	0.0	0
chr15	89486866	0	0	0.0	0
chr15	89644445	0	0	0.0	0
chr15	89713774	0	0	0.0	0
chr15	89753393	0	0	0.0	0
chr15	89817498	0	0	0.0	0
chr15	89818576	0	0	0.0	0
chr15	90036331	0	0	0.0	0
chr15	90074153	0	0	0.0	0
chr15	90116338	0	0	0.0	0
chr15	90230785	0	0	0.0	0
chr15	90231614	0	0	0.0	0
chr15	90361134	0	0	0.0	0
chr15	90551143	0	0	0.0	0
chr15	90627402	0	0	0.0	0
chr15	90779749	0	0	0.0	0
chr15	90880359	0	0	0.0	0
chr15	90938624	0	0	0.0	0
chr15	91028106	0	0	0.0	0
chr15	91071279	0	0	0.0	0
chr15	91181175	0	0	0.0	0
chr15	91247152	0	0	0.0	0
chr15	91274954	0	0	0.0	0
chr15	91415050	0	0	0.0	0
chr15	91528765	0	0	0.0	0
chr15	91634149	0	0	0.0	0
chr15	91795605	0	0	0.0	0
chr15	91901969	0	0	0.0	0
chr15	92014539	0	0	0.0	0
chr15	92048582	0	0	0.0	0
chr15	92075340	0	0	0.0	0
chr15	92182603	0	0	0.0	0
chr15	92183786	0	0	0.0	0
chr15	92188028	0	0	0.0	0
chr15	92308100	0	0	0.0	0
chr15	92592714	0	0	0.0	0
chr15	92636603	0	0	0.0	0
chr15	92644396	0	0	0.0	0
chr15	92672682	0	0	0.0	0
chr15	92796814	0	0	0.0	0
chr15	92939594	0	0	0.0	0
chr15	92942978	0	0	0.0	0
chr15	93073204	0	0	0.0	0
chr15	93277237	0	0	0.0	0
chr15	93414296	0	0	0.0	0
chr15	93415773	0	0	0.0	0
chr15	93451081	0	0	0.0	0
chr15	93470339	0	0	0.0	0
chr15	93622116	0	0	0.0	0
chr15	93654034	0	0	0.0	0
chr15	93690252	0	0	0.0	0
chr15	93778365	0	1	0.0175	0
chr15	93820866	0	0	0.0	0
chr15	93909571	0	1	0.0323	0
chr15	93998603	0	0	0.0	0
chr15	94037219	0	0	0.0	0
chr15	94091144	0	0	0.0	0
chr15	94144974	0	0	0.0	0
chr15	94159443	0	0	0.0	0
chr15	94169924	0	0	0.0	0
chr15	94242015	0	0	0.0	0
chr15	94302618	0	0	0.0	0
chr15	94463341	0	0	0.0	0
chr15	94548252	1	37	0.7255	1
chr15	94639282	0	0	0.0	0
chr15	95062161	0	0	0.0	0
chr15	95067824	0	0	0.0	0
chr15	95132963	0	0	0.0	0
chr15	95243176	0	0	0.0	0
chr15	95308307	0	0	0.0	0
chr15	95347339	0	0	0.0	0
chr15	95400385	0	0	0.0	0
chr15	95562084	0	0	0.0	0
chr15	95598052	0	0	0.0	0
chr15	95625408	0	0	0.0	0
chr15	95645394	0	0	0.0	0
chr15	95749452	0	0	0.0	0
chr15	95819996	0	0	0.0	0
chr15	95839924	0	0	0.0	0
chr15	95911241	0	0	0.0	0
chr15	96226806	0	0	0.0	0
chr15	96246433	0	0	0.0	0
chr15	96378618	0	0	0.0	0
chr15	96396773	0	0	0.0	0
chr15	96431314	0	0	0.0	0
chr15	96556754	0	0	0.0	0
chr15	96603548	0	0	0.0	0
chr15	96760798	0	0	0.0	0
chr15	96805923	0	0	0.0	0
chr15	96951842	0	0	0.0	0
chr15	96964196	0	0	0.0	0
chr15	97237978	0	0	0.0	0
chr15	97321969	0	0	0.0	0
chr15	97468307	0	0	0.0	0
chr15	97572746	0	0	0.0	0
chr15	97756341	0	0	0.0	0
chr15	97793594	0	0	0.0	0
chr15	97918063	0	0	0.0	0
chr15	97957510	0	0	0.0	0
chr15	98103226	0	0	0.0	0
chr15	98146158	0	0	0.0	0
chr15	98491188	0	0	0.0	0
chr15	98604182	0	0	0.0	0
chr15	98639547	0	0	0.0	0
chr15	98758385	0	0	0.0	0
chr15	98795840	0	0	0.0	0
chr15	98825967	0	0	0.0	0
chr15	98829172	0	0	0.0	0
chr15	98882262	0	0	0.0	0
chr15	98944474	0	0	0.0	0
chr15	99005797	0	0	0.0	0
chr15	99058000	0	0	0.0	0
chr15	99132620	0	0	0.0	0
chr15	99183061	0	0	0.0	0
chr15	99383797	0	0	0.0	0
chr15	99471601	0	0	0.0	0
chr15	99524488	0	0	0.0	0
chr15	99573666	0	0	0.0	0
chr15	99749392	0	0	0.0	0
chr15	99846507	0	1	0.0196	0
chr15	99932043	0	0	0.0	0
chr15	99976266	0	0	0.0	0
chr15	100006152	0	0	0.0	0
chr15	100064302	0	0	0.0	0
chr15	100169618	0	0	0.0	0
chr15	100196135	0	0	0.0	0
chr15	100224952	0	0	0.0	0
chr15	100234446	0	0	0.0	0
chr15	100251157	0	0	0.0	0
chr15	100270711	0	0	0.0	0
chr15	100297973	0	0	0.0	0
chr15	100332898	0	0	0.0	0
chr15	100580117	0	0	0.0	0
chr15	100646682	0	0	0.0	0
chr15	100732844	0	0	0.0	0
chr15	100761815	0	0	0.0	0
chr15	100847520	0	0	0.0	0
chr15	100884532	0	0	0.0	0
chr15	101037412	0	0	0.0	0
chr15	101041743	0	0	0.0	0
chr15	101135201	0	0	0.0	0
chr15	101234067	0	0	0.0	0
chr15	101265932	0	0	0.0	0
chr15	101307627	0	0	0.0	0
chr15	101314563	0	0	0.0	0
chr15	101314672	0	0	0.0	0
chr15	101351174	0	0	0.0	0
chr15	101369710	0	0	0.0	0
chr15	101392122	0	0	0.0	0
chr15	101432379	0	0	0.0	0
chr15	101465311	1	72	0.8889	1
chr15	101501334	0	0	0.0	0
chr15	101503147	0	0	0.0	0
chr15	101521638	0	0	0.0	0
chr15	101527943	0	0	0.0	0
chr15	101546606	0	0	0.0	0
chr15	101775961	0	0	0.0	0
chr15_GL383555v2_alt	53621	0	0	0.0	0
chr15_GL383555v2_alt	87357	0	0	0.0	0
chr15_GL383555v2_alt	88746	0	0	0.0	0
chr15_KI270727v1_random	59515	0	0	0.0	0
chr15_KI270727v1_random	66739	0	0	0.0	0
chr15_KI270848v1_alt	39553	0	0	0.0	0
chr15_KI270849v1_alt	34949	0	0	0.0	0
chr15_KI270849v1_alt	38858	0	0	0.0	0
chr15_KI270849v1_alt	140394	0	0	0.0	0
chr15_KI270849v1_alt	185670	0	0	0.0	0
chr15_KI270849v1_alt	227694	0	0	0.0	0
chr15_KI270850v1_alt	64807	0	0	0.0	0
chr15_KI270850v1_alt	143807	0	0	0.0	0
chr15_KI270850v1_alt	303626	0	0	0.0	0
chr15_KI270850v1_alt	335852	0	0	0.0	0
chr15_KI270850v1_alt	377746	0	0	0.0	0
chr15_KI270851v1_alt	15497	0	0	0.0	0
chr15_KI270851v1_alt	245046	0	0	0.0	0
chr15_KI270852v1_alt	1627	0	0	0.0	0
chr15_KI270852v1_alt	90266	0	0	0.0	0
chr15_KI270852v1_alt	97490	0	0	0.0	0
chr15_KI270905v1_alt	970913	0	0	0.0	0
chr15_KI270905v1_alt	1196661	0	0	0.0	0
chr15_KI270905v1_alt	1252459	0	0	0.0	0
chr15_KI270905v1_alt	1277795	0	0	0.0	0
chr15_KI270905v1_alt	1475627	0	0	0.0	0
chr15_KI270905v1_alt	1760804	0	0	0.0	0
chr15_KI270905v1_alt	2051572	0	0	0.0	0
chr15_KI270905v1_alt	2285687	0	0	0.0	0
chr15_KI270905v1_alt	2307966	0	0	0.0	0
chr15_KI270905v1_alt	2463127	0	0	0.0	0
chr15_KI270905v1_alt	2609392	0	0	0.0	0
chr15_KI270905v1_alt	3041287	0	0	0.0	0
chr15_KI270905v1_alt	3088047	0	0	0.0	0
chr15_KI270905v1_alt	3180833	0	0	0.0	0
chr15_KI270905v1_alt	3361266	0	0	0.0	0
chr15_KI270905v1_alt	3375101	0	0	0.0	0
chr15_KI270905v1_alt	3391575	0	0	0.0	0
chr15_KI270905v1_alt	3639044	0	0	0.0	0
chr15_KI270905v1_alt	3641815	0	0	0.0	0
chr15_KI270905v1_alt	3675768	0	0	0.0	0
chr15_KI270905v1_alt	3683492	0	0	0.0	0
chr15_KI270905v1_alt	3935338	0	0	0.0	0
chr15_KI270905v1_alt	3943147	0	0	0.0	0
chr15_KI270905v1_alt	3959451	0	0	0.0	0
chr15_KI270905v1_alt	4491780	0	0	0.0	0
chr15_KI270905v1_alt	4699465	0	0	0.0	0
chr15_KI270905v1_alt	4905089	0	0	0.0	0
chr15_KI270905v1_alt	5118405	0	0	0.0	0
chr16	74394	0	0	0.0	0
chr16	84544	0	0	0.0	0
chr16	109380	0	0	0.0	0
chr16	149286	0	0	0.0	0
chr16	276573	0	0	0.0	0
chr16	317998	0	0	0.0	0
chr16	391376	0	0	0.0	0
chr16	427405	0	0	0.0	0
chr16	659509	0	0	0.0	0
chr16	688200	0	0	0.0	0
chr16	698409	0	0	0.0	0
chr16	729945	0	0	0.0	0
chr16	732190	0	0	0.0	0
chr16	911938	0	0	0.0	0
chr16	966232	0	0	0.0	0
chr16	984543	0	0	0.0	0
chr16	1048273	0	0	0.0	0
chr16	1075529	0	0	0.0	0
chr16	1284003	0	0	0.0	0
chr16	1315980	0	0	0.0	0
chr16	1332387	0	0	0.0	0
chr16	1358540	0	0	0.0	0
chr16	1368828	0	0	0.0	0
chr16	1428553	0	0	0.0	0
chr16	1469443	0	0	0.0	0
chr16	1577106	0	0	0.0	0
chr16	1661187	0	0	0.0	0
chr16	1745328	0	0	0.0	0
chr16	1902992	0	0	0.0	0
chr16	1987097	1	43	0.4943	1
chr16	2000084	0	0	0.0	0
chr16	2033444	0	0	0.0	0
chr16	2092013	0	0	0.0	0
chr16	2154870	0	0	0.0	0
chr16	2225266	0	0	0.0	0
chr16	2275105	0	0	0.0	0
chr16	2284236	0	0	0.0	0
chr16	2299739	0	0	0.0	0
chr16	2323806	0	0	0.0	0
chr16	2329782	0	0	0.0	0
chr16	2393039	0	0	0.0	0
chr16	2422547	0	0	0.0	0
chr16	2464072	0	0	0.0	0
chr16	2591931	0	0	0.0	0
chr16	2777498	0	0	0.0	0
chr16	2882616	0	0	0.0	0
chr16	2883438	0	0	0.0	0
chr16	2920197	0	0	0.0	0
chr16	3017576	0	0	0.0	0
chr16	3056231	0	0	0.0	0
chr16	3068070	0	0	0.0	0
chr16	3076076	0	0	0.0	0
chr16	3087672	0	0	0.0	0
chr16	3171560	0	0	0.0	0
chr16	3175965	0	0	0.0	0
chr16	3204110	0	0	0.0	0
chr16	3255859	0	0	0.0	0
chr16	3405441	0	0	0.0	0
chr16	3448930	0	0	0.0	0
chr16	3561602	0	0	0.0	0
chr16	3567229	0	0	0.0	0
chr16	3569631	0	0	0.0	0
chr16	3569659	0	0	0.0	0
chr16	3787753	0	1	0.0222	0
chr16	3858130	0	0	0.0	0
chr16	3893941	0	0	0.0	0
chr16	3966331	0	0	0.0	0
chr16	3978025	0	0	0.0	0
chr16	3992763	0	1	0.0164	0
chr16	3999750	0	0	0.0	0
chr16	4005015	0	0	0.0	0
chr16	4059788	0	0	0.0	0
chr16	4087292	0	0	0.0	0
chr16	4110104	0	0	0.0	0
chr16	4111223	0	0	0.0	0
chr16	4115442	0	0	0.0	0
chr16	4123773	0	0	0.0	0
chr16	4146651	0	0	0.0	0
chr16	4196322	0	1	0.0244	0
chr16	4263692	0	0	0.0	0
chr16	4269569	0	0	0.0	0
chr16	4388576	0	0	0.0	0
chr16	4419131	0	0	0.0	0
chr16	4441481	0	0	0.0	0
chr16	4451456	0	0	0.0	0
chr16	4645279	0	0	0.0	0
chr16	4672308	0	0	0.0	0
chr16	4692932	0	0	0.0	0
chr16	4698137	0	1	0.0123	0
chr16	4902579	0	0	0.0	0
chr16	4911395	0	0	0.0	0
chr16	4973517	0	0	0.0	0
chr16	5078684	0	0	0.0	0
chr16	5093706	0	0	0.0	0
chr16	5224262	0	0	0.0	0
chr16	5317061	0	0	0.0	0
chr16	5391703	0	0	0.0	0
chr16	5435270	0	0	0.0	0
chr16	5462044	0	0	0.0	0
chr16	5508754	0	0	0.0	0
chr16	5519344	0	0	0.0	0
chr16	5605254	0	0	0.0	0
chr16	5635405	0	0	0.0	0
chr16	5638285	0	0	0.0	0
chr16	5648410	0	0	0.0	0
chr16	5659645	0	0	0.0	0
chr16	5750149	0	0	0.0	0
chr16	5820907	0	0	0.0	0
chr16	5836487	0	0	0.0	0
chr16	5950018	0	0	0.0	0
chr16	6009961	0	0	0.0	0
chr16	6050935	0	0	0.0	0
chr16	6061134	0	0	0.0	0
chr16	6143680	0	0	0.0	0
chr16	6186517	0	0	0.0	0
chr16	6234576	0	0	0.0	0
chr16	6235877	0	0	0.0	0
chr16	6329716	0	0	0.0	0
chr16	6410099	0	0	0.0	0
chr16	6518426	0	0	0.0	0
chr16	6611408	0	0	0.0	0
chr16	6612531	0	0	0.0	0
chr16	6730935	0	0	0.0	0
chr16	6956914	0	0	0.0	0
chr16	6958176	0	0	0.0	0
chr16	6960673	0	0	0.0	0
chr16	7058961	0	0	0.0	0
chr16	7068850	0	0	0.0	0
chr16	7194818	0	0	0.0	0
chr16	7312952	0	0	0.0	0
chr16	7396419	0	0	0.0	0
chr16	7482600	0	0	0.0	0
chr16	7536378	0	0	0.0	0
chr16	7649012	0	0	0.0	0
chr16	7667158	0	0	0.0	0
chr16	7735273	0	0	0.0	0
chr16	7855014	0	0	0.0	0
chr16	7915143	0	0	0.0	0
chr16	7924311	0	0	0.0	0
chr16	7976142	0	0	0.0	0
chr16	7978107	0	0	0.0	0
chr16	8080928	0	0	0.0	0
chr16	8102424	0	0	0.0	0
chr16	8271364	0	0	0.0	0
chr16	8332699	0	0	0.0	0
chr16	8370776	0	0	0.0	0
chr16	8392645	0	0	0.0	0
chr16	8462723	0	0	0.0	0
chr16	8496811	0	0	0.0	0
chr16	8517597	0	0	0.0	0
chr16	8560770	0	0	0.0	0
chr16	8565720	0	0	0.0	0
chr16	8628103	0	0	0.0	0
chr16	8682431	0	0	0.0	0
chr16	8714776	0	0	0.0	0
chr16	8864768	0	0	0.0	0
chr16	8897619	0	0	0.0	0
chr16	8943501	0	0	0.0	0
chr16	9125427	0	0	0.0	0
chr16	9136740	0	0	0.0	0
chr16	9217813	0	0	0.0	0
chr16	9308460	0	0	0.0	0
chr16	9551701	0	0	0.0	0
chr16	9558287	0	0	0.0	0
chr16	9810811	0	0	0.0	0
chr16	9893057	0	0	0.0	0
chr16	10099870	0	0	0.0	0
chr16	10217337	0	0	0.0	0
chr16	10226728	0	0	0.0	0
chr16	10270388	0	0	0.0	0
chr16	10308161	0	2	0.05	0
chr16	10356734	0	0	0.0	0
chr16	10391297	0	0	0.0	0
chr16	10489709	0	0	0.0	0
chr16	10525602	0	0	0.0	0
chr16	10565788	0	0	0.0	0
chr16	10598893	0	0	0.0	0
chr16	10641189	0	0	0.0	0
chr16	10812734	0	0	0.0	0
chr16	10833272	0	0	0.0	0
chr16	10837130	0	0	0.0	0
chr16	10934536	0	0	0.0	0
chr16	10970536	0	0	0.0	0
chr16	10979010	0	0	0.0	0
chr16	10990707	0	0	0.0	0
chr16	11049056	0	0	0.0	0
chr16	11293958	0	0	0.0	0
chr16	11307099	0	1	0.0154	0
chr16	11393526	0	0	0.0	0
chr16	11401046	0	0	0.0	0
chr16	11417210	0	0	0.0	0
chr16	11423670	0	0	0.0	0
chr16	11497016	0	0	0.0	0
chr16	11543763	0	0	0.0	0
chr16	11557712	0	0	0.0	0
chr16	11615936	0	0	0.0	0
chr16	11626970	0	0	0.0	0
chr16	11672995	0	0	0.0	0
chr16	11740720	0	0	0.0	0
chr16	12105787	0	0	0.0	0
chr16	12288078	0	0	0.0	0
chr16	12395858	0	0	0.0	0
chr16	12526241	0	0	0.0	0
chr16	12534709	0	0	0.0	0
chr16	12560996	0	0	0.0	0
chr16	12577231	0	0	0.0	0
chr16	12592615	0	0	0.0	0
chr16	12795721	0	0	0.0	0
chr16	12948253	0	0	0.0	0
chr16	13454021	0	0	0.0	0
chr16	13460544	0	0	0.0	0
chr16	13633203	0	0	0.0	0
chr16	13664574	0	0	0.0	0
chr16	13700294	0	0	0.0	0
chr16	13765314	0	0	0.0	0
chr16	13830027	0	0	0.0	0
chr16	13858255	0	0	0.0	0
chr16	13977441	0	0	0.0	0
chr16	14012144	0	0	0.0	0
chr16	14016833	0	0	0.0	0
chr16	14242446	0	0	0.0	0
chr16	14282043	0	1	0.02	0
chr16	14885785	0	0	0.0	0
chr16	14978907	0	0	0.0	0
chr16	15055528	0	0	0.0	0
chr16	15088241	0	0	0.0	0
chr16	15297170	0	0	0.0	0
chr16	15500160	0	0	0.0	0
chr16	15505227	0	0	0.0	0
chr16	15630742	0	0	0.0	0
chr16	15650683	0	0	0.0	0
chr16	15673197	0	1	0.0145	0
chr16	15734950	0	1	0.0213	0
chr16	15943752	0	0	0.0	0
chr16	16039358	0	0	0.0	0
chr16	16091245	0	0	0.0	0
chr16	16155010	0	0	0.0	0
chr16	16284429	0	0	0.0	0
chr16	16458895	0	0	0.0	0
chr16	16636487	0	0	0.0	0
chr16	16691157	0	0	0.0	0
chr16	16694925	0	0	0.0	0
chr16	16785518	0	0	0.0	0
chr16	16816338	0	0	0.0	0
chr16	16873408	0	0	0.0	0
chr16	17060641	0	0	0.0	0
chr16	17230390	0	0	0.0	0
chr16	17322081	0	0	0.0	0
chr16	17335621	0	0	0.0	0
chr16	17421558	0	0	0.0	0
chr16	17538532	0	0	0.0	0
chr16	17827032	0	0	0.0	0
chr16	17841355	0	0	0.0	0
chr16	17858866	0	0	0.0	0
chr16	17872625	0	0	0.0	0
chr16	17907991	0	0	0.0	0
chr16	17918445	0	0	0.0	0
chr16	17963286	0	0	0.0	0
chr16	18016547	0	0	0.0	0
chr16	18017318	0	0	0.0	0
chr16	18033386	0	0	0.0	0
chr16	18253023	0	0	0.0	0
chr16	18427708	0	0	0.0	0
chr16	18510244	0	0	0.0	0
chr16	18664269	0	0	0.0	0
chr16	18668044	0	0	0.0	0
chr16	18836086	0	0	0.0	0
chr16	18995681	0	0	0.0	0
chr16	19142916	0	0	0.0	0
chr16	19218599	0	0	0.0	0
chr16	19340061	0	0	0.0	0
chr16	19361790	0	0	0.0	0
chr16	19486802	0	0	0.0	0
chr16	19574847	0	0	0.0	0
chr16	19704931	0	0	0.0	0
chr16	19801566	0	0	0.0	0
chr16	19855960	0	0	0.0	0
chr16	20073343	0	0	0.0	0
chr16	20331262	0	0	0.0	0
chr16	20360887	0	0	0.0	0
chr16	20374836	0	0	0.0	0
chr16	20417908	0	0	0.0	0
chr16	20747862	0	0	0.0	0
chr16	20772287	0	0	0.0	0
chr16	21113083	0	0	0.0	0
chr16	21317224	0	0	0.0	0
chr16	21532045	0	0	0.0	0
chr16	21633955	0	0	0.0	0
chr16	21740113	0	0	0.0	0
chr16	21745528	0	0	0.0	0
chr16	21767090	0	0	0.0	0
chr16	21814399	0	0	0.0	0
chr16	21954518	0	1	0.0118	0
chr16	21982536	0	0	0.0	0
chr16	22073764	0	0	0.0	0
chr16	22145722	0	0	0.0	0
chr16	22188288	0	0	0.0	0
chr16	22213349	0	0	0.0	0
chr16	22213873	0	0	0.0	0
chr16	22297547	0	0	0.0	0
chr16	22345676	0	0	0.0	0
chr16	22556235	0	0	0.0	0
chr16	22561651	0	0	0.0	0
chr16	22732673	0	0	0.0	0
chr16	22755994	0	0	0.0	0
chr16	22826962	0	0	0.0	0
chr16	22837237	0	0	0.0	0
chr16	23021005	0	0	0.0	0
chr16	23054143	0	0	0.0	0
chr16	23103800	0	0	0.0	0
chr16	23158721	0	0	0.0	0
chr16	23202249	1	12	0.3333	1
chr16	23268338	0	0	0.0	0
chr16	23482692	0	0	0.0	0
chr16	23533760	0	0	0.0	0
chr16	23696687	0	0	0.0	0
chr16	23702105	0	0	0.0	0
chr16	23825919	0	0	0.0	0
chr16	23880165	0	0	0.0	0
chr16	23947379	0	0	0.0	0
chr16	24001039	0	0	0.0	0
chr16	24065845	0	0	0.0	0
chr16	24133385	0	0	0.0	0
chr16	24137659	0	0	0.0	0
chr16	24242359	0	0	0.0	0
chr16	24329201	0	0	0.0	0
chr16	24396236	0	0	0.0	0
chr16	24402006	0	0	0.0	0
chr16	24516906	0	0	0.0	0
chr16	24560830	0	0	0.0	0
chr16	24776355	0	0	0.0	0
chr16	25015836	0	0	0.0	0
chr16	25178149	0	0	0.0	0
chr16	25292550	0	0	0.0	0
chr16	25325097	0	0	0.0	0
chr16	25356472	0	0	0.0	0
chr16	25444383	0	0	0.0	0
chr16	25533792	0	0	0.0	0
chr16	25844174	0	0	0.0	0
chr16	25862626	0	0	0.0	0
chr16	25896470	0	0	0.0	0
chr16	25975383	0	0	0.0	0
chr16	26012083	0	0	0.0	0
chr16	26122813	0	0	0.0	0
chr16	26140402	0	0	0.0	0
chr16	26143469	0	0	0.0	0
chr16	26649492	0	0	0.0	0
chr16	26683833	0	0	0.0	0
chr16	26806538	0	1	0.0152	0
chr16	26888268	0	0	0.0	0
chr16	26998803	0	0	0.0	0
chr16	27036917	0	0	0.0	0
chr16	27074358	0	0	0.0	0
chr16	27201251	0	0	0.0	0
chr16	27350152	0	0	0.0	0
chr16	27361133	0	0	0.0	0
chr16	27416842	0	0	0.0	0
chr16	27478596	0	0	0.0	0
chr16	27516763	0	0	0.0	0
chr16	27623074	0	0	0.0	0
chr16	27735333	0	0	0.0	0
chr16	27829295	0	0	0.0	0
chr16	27838116	0	0	0.0	0
chr16	27921819	0	0	0.0	0
chr16	28093838	0	0	0.0	0
chr16	28108423	0	0	0.0	0
chr16	28127180	0	1	0.02	0
chr16	28208849	0	0	0.0	0
chr16	28295790	0	0	0.0	0
chr16	28494885	0	0	0.0	0
chr16	28912661	0	0	0.0	0
chr16	28976403	0	0	0.0	0
chr16	28983687	0	0	0.0	0
chr16	29082664	0	0	0.0	0
chr16	29188357	0	0	0.0	0
chr16	29230007	0	0	0.0	0
chr16	29617459	0	0	0.0	0
chr16	29877551	0	0	0.0	0
chr16	29963560	0	0	0.0	0
chr16	30094889	0	0	0.0	0
chr16	30100891	0	0	0.0	0
chr16	30482625	0	0	0.0	0
chr16	30505842	0	0	0.0	0
chr16	30519791	0	0	0.0	0
chr16	30572042	0	0	0.0	0
chr16	30784025	0	1	0.013	0
chr16	30793576	0	0	0.0	0
chr16	30886421	0	0	0.0	0
chr16	30887673	0	0	0.0	0
chr16	30906854	0	0	0.0	0
chr16	30980996	0	0	0.0	0
chr16	31094424	0	0	0.0	0
chr16	31115742	0	0	0.0	0
chr16	31134747	0	0	0.0	0
chr16	31168856	0	0	0.0	0
chr16	31383454	0	0	0.0	0
chr16	31384243	0	0	0.0	0
chr16	31505815	0	0	0.0	0
chr16	31641843	0	1	0.0227	0
chr16	31705410	0	0	0.0	0
chr16	31707210	0	0	0.0	0
chr16	31711997	0	0	0.0	0
chr16	31998544	0	0	0.0	0
chr16	32230730	0	0	0.0	0
chr16	32319830	0	0	0.0	0
chr16	32417100	0	0	0.0	0
chr16	32489581	0	0	0.0	0
chr16	32505509	0	0	0.0	0
chr16	32598471	0	0	0.0	0
chr16	32698704	0	0	0.0	0
chr16	32919679	0	0	0.0	0
chr16	32937000	0	0	0.0	0
chr16	32942081	0	0	0.0	0
chr16	33171694	0	0	0.0	0
chr16	33281774	0	0	0.0	0
chr16	33526116	0	0	0.0	0
chr16	33624682	0	0	0.0	0
chr16	33657992	0	0	0.0	0
chr16	33690760	0	0	0.0	0
chr16	33911725	0	0	0.0	0
chr16	33916818	0	0	0.0	0
chr16	33934192	0	0	0.0	0
chr16	34062061	0	1	0.0189	0
chr16	34151199	0	0	0.0	0
chr16	34153620	0	0	0.0	0
chr16	34154326	0	0	0.0	0
chr16	34226081	0	0	0.0	0
chr16	34623359	0	0	0.0	0
chr16	34624385	0	0	0.0	0
chr16	35177265	0	0	0.0	0
chr16	35253001	0	0	0.0	0
chr16	35357552	0	0	0.0	0
chr16	35391310	0	0	0.0	0
chr16	35514240	0	0	0.0	0
chr16	35531573	0	0	0.0	0
chr16	35629867	0	0	0.0	0
chr16	35664142	0	0	0.0	0
chr16	35753782	0	1	0.0204	0
chr16	35755687	0	0	0.0	0
chr16	35773698	0	0	0.0	0
chr16	35788772	0	0	0.0	0
chr16	35924874	0	0	0.0	0
chr16	46490721	0	0	0.0	0
chr16	46908904	0	0	0.0	0
chr16	46922382	0	2	0.04	0
chr16	46959600	0	0	0.0	0
chr16	47004717	0	0	0.0	0
chr16	47086249	0	0	0.0	0
chr16	47097315	0	0	0.0	0
chr16	47164996	0	0	0.0	0
chr16	47274997	0	0	0.0	0
chr16	47298672	0	0	0.0	0
chr16	47386415	0	0	0.0	0
chr16	47554387	0	0	0.0	0
chr16	47822546	0	0	0.0	0
chr16	47863931	0	0	0.0	0
chr16	47871029	0	0	0.0	0
chr16	47872504	0	0	0.0	0
chr16	47875482	0	0	0.0	0
chr16	47932794	0	0	0.0	0
chr16	47959696	0	0	0.0	0
chr16	48032333	0	0	0.0	0
chr16	48125787	0	0	0.0	0
chr16	48168368	0	0	0.0	0
chr16	48251073	0	0	0.0	0
chr16	48497406	0	0	0.0	0
chr16	48520226	0	0	0.0	0
chr16	48554952	0	0	0.0	0
chr16	48672361	0	0	0.0	0
chr16	48696383	0	0	0.0	0
chr16	48832278	0	0	0.0	0
chr16	48880616	0	0	0.0	0
chr16	48883645	0	0	0.0	0
chr16	49190226	0	0	0.0	0
chr16	49199195	0	0	0.0	0
chr16	49276478	0	0	0.0	0
chr16	49307725	0	0	0.0	0
chr16	49396607	0	0	0.0	0
chr16	49456722	0	0	0.0	0
chr16	49638735	0	0	0.0	0
chr16	49655491	0	1	0.0213	0
chr16	49680361	0	0	0.0	0
chr16	49745794	0	0	0.0	0
chr16	49750002	0	0	0.0	0
chr16	49761503	0	0	0.0	0
chr16	49787839	0	0	0.0	0
chr16	49793762	0	1	0.0179	0
chr16	49804656	0	0	0.0	0
chr16	49885640	0	0	0.0	0
chr16	49902378	0	0	0.0	0
chr16	49906574	0	0	0.0	0
chr16	49928162	0	0	0.0	0
chr16	49939764	0	0	0.0	0
chr16	50031017	0	1	0.0145	0
chr16	50056306	0	0	0.0	0
chr16	50215334	0	0	0.0	0
chr16	50259839	0	0	0.0	0
chr16	50293838	0	0	0.0	0
chr16	50294989	0	0	0.0	0
chr16	50307650	0	0	0.0	0
chr16	50401878	0	0	0.0	0
chr16	50456456	0	0	0.0	0
chr16	50476505	0	0	0.0	0
chr16	50507011	0	1	0.0204	0
chr16	50544033	0	0	0.0	0
chr16	50780968	0	0	0.0	0
chr16	50864660	0	0	0.0	0
chr16	50977577	0	0	0.0	0
chr16	50982644	0	0	0.0	0
chr16	51070250	0	0	0.0	0
chr16	51073504	0	0	0.0	0
chr16	51082776	0	0	0.0	0
chr16	51133340	0	0	0.0	0
chr16	51154661	1	4	0.0533	1
chr16	51266403	0	0	0.0	0
chr16	51266912	0	0	0.0	0
chr16	51365429	0	0	0.0	0
chr16	51394891	0	0	0.0	0
chr16	51517068	0	0	0.0	0
chr16	51621654	0	0	0.0	0
chr16	51631884	0	0	0.0	0
chr16	51747118	0	0	0.0	0
chr16	51801930	0	0	0.0	0
chr16	51815648	0	0	0.0	0
chr16	51838341	0	0	0.0	0
chr16	51877549	0	0	0.0	0
chr16	51880277	0	0	0.0	0
chr16	52070154	0	0	0.0	0
chr16	52077742	0	0	0.0	0
chr16	52080306	0	0	0.0	0
chr16	52081335	0	0	0.0	0
chr16	52081597	0	0	0.0	0
chr16	52106925	0	0	0.0	0
chr16	52268008	0	0	0.0	0
chr16	52280119	0	0	0.0	0
chr16	52310767	0	0	0.0	0
chr16	52373653	0	0	0.0	0
chr16	52382219	0	0	0.0	0
chr16	52454608	0	0	0.0	0
chr16	52471580	0	0	0.0	0
chr16	52487934	0	0	0.0	0
chr16	52512080	0	0	0.0	0
chr16	52717562	0	0	0.0	0
chr16	52730861	0	0	0.0	0
chr16	52731777	0	0	0.0	0
chr16	52742307	0	0	0.0	0
chr16	52783208	0	0	0.0	0
chr16	52949205	0	0	0.0	0
chr16	53038703	0	0	0.0	0
chr16	53092473	0	0	0.0	0
chr16	53101529	0	0	0.0	0
chr16	53128827	0	0	0.0	0
chr16	53241845	0	0	0.0	0
chr16	53247251	0	0	0.0	0
chr16	53356677	0	0	0.0	0
chr16	53357483	0	0	0.0	0
chr16	53531045	0	0	0.0	0
chr16	53565438	0	0	0.0	0
chr16	53590743	0	0	0.0	0
chr16	53602148	0	0	0.0	0
chr16	53651076	0	0	0.0	0
chr16	53879032	0	0	0.0	0
chr16	53943336	0	0	0.0	0
chr16	53979949	0	0	0.0	0
chr16	54100874	0	0	0.0	0
chr16	54131834	0	0	0.0	0
chr16	54357344	0	0	0.0	0
chr16	54361690	0	0	0.0	0
chr16	54373749	0	0	0.0	0
chr16	54466400	0	0	0.0	0
chr16	54523055	0	0	0.0	0
chr16	54545646	0	0	0.0	0
chr16	54566407	0	0	0.0	0
chr16	54612161	0	0	0.0	0
chr16	54661246	0	0	0.0	0
chr16	54662513	0	0	0.0	0
chr16	54778090	0	0	0.0	0
chr16	54791029	0	0	0.0	0
chr16	54798712	0	0	0.0	0
chr16	54800491	0	0	0.0	0
chr16	54837620	0	0	0.0	0
chr16	54854149	0	0	0.0	0
chr16	55043580	0	0	0.0	0
chr16	55132206	0	0	0.0	0
chr16	55236703	0	0	0.0	0
chr16	55344955	0	0	0.0	0
chr16	55371286	0	0	0.0	0
chr16	55393141	0	0	0.0	0
chr16	55402455	0	0	0.0	0
chr16	55466435	0	0	0.0	0
chr16	55626848	0	0	0.0	0
chr16	55703810	0	0	0.0	0
chr16	55752443	0	0	0.0	0
chr16	55876194	0	0	0.0	0
chr16	55880481	0	0	0.0	0
chr16	55919545	0	0	0.0	0
chr16	55942664	0	0	0.0	0
chr16	56115661	0	0	0.0	0
chr16	56179115	0	0	0.0	0
chr16	56201510	0	0	0.0	0
chr16	56289715	0	0	0.0	0
chr16	56331233	0	0	0.0	0
chr16	56389753	0	0	0.0	0
chr16	56607189	0	0	0.0	0
chr16	56625616	0	0	0.0	0
chr16	56733631	0	0	0.0	0
chr16	56970115	0	0	0.0	0
chr16	56986778	0	0	0.0	0
chr16	57006540	0	0	0.0	0
chr16	57037438	0	0	0.0	0
chr16	57046853	0	0	0.0	0
chr16	57066763	0	0	0.0	0
chr16	57102499	0	0	0.0	0
chr16	57140973	0	0	0.0	0
chr16	57151070	0	0	0.0	0
chr16	57161605	0	0	0.0	0
chr16	57398591	0	0	0.0	0
chr16	57460716	0	0	0.0	0
chr16	57510378	0	0	0.0	0
chr16	57642348	0	0	0.0	0
chr16	57651644	0	0	0.0	0
chr16	57652789	0	0	0.0	0
chr16	57667098	0	0	0.0	0
chr16	57754214	0	1	0.0179	0
chr16	57761738	0	0	0.0	0
chr16	57787304	0	0	0.0	0
chr16	57797494	0	0	0.0	0
chr16	57833705	0	0	0.0	0
chr16	57976071	0	0	0.0	0
chr16	57991582	0	0	0.0	0
chr16	58036733	0	0	0.0	0
chr16	58039217	0	0	0.0	0
chr16	58081410	0	0	0.0	0
chr16	58128847	1	24	0.3871	1
chr16	58218358	0	0	0.0	0
chr16	58221520	0	0	0.0	0
chr16	58232774	0	0	0.0	0
chr16	58345296	0	0	0.0	0
chr16	58397561	0	0	0.0	0
chr16	58473493	0	0	0.0	0
chr16	58507165	0	0	0.0	0
chr16	58518472	0	0	0.0	0
chr16	58538987	0	0	0.0	0
chr16	58740582	0	0	0.0	0
chr16	58753913	0	0	0.0	0
chr16	58910788	0	0	0.0	0
chr16	59294520	0	0	0.0	0
chr16	59347158	0	0	0.0	0
chr16	59353430	0	0	0.0	0
chr16	59404748	0	0	0.0	0
chr16	60294791	0	0	0.0	0
chr16	60314502	0	0	0.0	0
chr16	60320680	0	0	0.0	0
chr16	60538588	0	0	0.0	0
chr16	60927803	0	0	0.0	0
chr16	60936804	0	0	0.0	0
chr16	61469226	0	0	0.0	0
chr16	61821065	0	0	0.0	0
chr16	61925207	0	0	0.0	0
chr16	62093513	0	0	0.0	0
chr16	62190164	0	0	0.0	0
chr16	62259886	0	0	0.0	0
chr16	62412266	0	0	0.0	0
chr16	62545121	0	0	0.0	0
chr16	62545308	0	0	0.0	0
chr16	62608602	0	0	0.0	0
chr16	62623191	0	0	0.0	0
chr16	62743530	0	0	0.0	0
chr16	62889283	0	0	0.0	0
chr16	62992532	0	0	0.0	0
chr16	63282292	0	0	0.0	0
chr16	63898514	0	0	0.0	0
chr16	63901290	0	0	0.0	0
chr16	64027083	0	0	0.0	0
chr16	64134541	0	0	0.0	0
chr16	64352331	0	0	0.0	0
chr16	64392815	0	0	0.0	0
chr16	64435354	0	0	0.0	0
chr16	64570527	0	0	0.0	0
chr16	64663190	0	0	0.0	0
chr16	64830405	0	0	0.0	0
chr16	64847337	0	0	0.0	0
chr16	64905186	0	0	0.0	0
chr16	65069971	0	0	0.0	0
chr16	65117788	0	0	0.0	0
chr16	65124402	0	0	0.0	0
chr16	65184224	0	0	0.0	0
chr16	65211370	0	0	0.0	0
chr16	65377079	0	0	0.0	0
chr16	65448587	0	1	0.0208	0
chr16	65523520	0	0	0.0	0
chr16	65538699	0	0	0.0	0
chr16	65599821	0	0	0.0	0
chr16	65636837	0	0	0.0	0
chr16	65709220	0	0	0.0	0
chr16	65766668	0	0	0.0	0
chr16	65833322	0	0	0.0	0
chr16	65967971	0	0	0.0	0
chr16	66031204	0	0	0.0	0
chr16	66036413	0	0	0.0	0
chr16	66143436	0	0	0.0	0
chr16	66338082	0	0	0.0	0
chr16	66471954	0	1	0.0175	0
chr16	66494049	0	0	0.0	0
chr16	66702994	0	0	0.0	0
chr16	66750900	0	0	0.0	0
chr16	66835379	0	0	0.0	0
chr16	66859651	0	0	0.0	0
chr16	66889390	0	0	0.0	0
chr16	66895699	0	0	0.0	0
chr16	66921873	0	0	0.0	0
chr16	67121283	0	0	0.0	0
chr16	67163706	0	0	0.0	0
chr16	67184961	0	0	0.0	0
chr16	67233521	0	0	0.0	0
chr16	67256255	0	0	0.0	0
chr16	67260562	0	0	0.0	0
chr16	67445871	0	0	0.0	0
chr16	67464372	0	0	0.0	0
chr16	67466068	0	0	0.0	0
chr16	67496041	0	0	0.0	0
chr16	67500828	0	0	0.0	0
chr16	67549990	0	0	0.0	0
chr16	67558875	0	0	0.0	0
chr16	67592001	0	0	0.0	0
chr16	67602599	0	0	0.0	0
chr16	67666312	0	0	0.0	0
chr16	67730324	0	0	0.0	0
chr16	67774259	0	0	0.0	0
chr16	67807915	0	0	0.0	0
chr16	67843574	0	0	0.0	0
chr16	67925575	0	0	0.0	0
chr16	67937400	0	0	0.0	0
chr16	68104745	0	0	0.0	0
chr16	68187451	0	0	0.0	0
chr16	68206740	0	0	0.0	0
chr16	68276560	0	0	0.0	0
chr16	68310069	0	0	0.0	0
chr16	68386694	0	0	0.0	0
chr16	68474852	0	0	0.0	0
chr16	68480590	0	0	0.0	0
chr16	68552425	0	0	0.0	0
chr16	68611380	0	0	0.0	0
chr16	68629779	0	0	0.0	0
chr16	68678796	0	0	0.0	0
chr16	68691719	0	0	0.0	0
chr16	68721495	0	0	0.0	0
chr16	69139751	0	0	0.0	0
chr16	69302587	0	0	0.0	0
chr16	69411437	0	0	0.0	0
chr16	69604711	0	0	0.0	0
chr16	69681993	0	0	0.0	0
chr16	69920650	0	0	0.0	0
chr16	70062082	0	0	0.0	0
chr16	70601984	0	0	0.0	0
chr16	70644679	0	1	0.0286	0
chr16	70644691	0	0	0.0	0
chr16	70740421	0	0	0.0	0
chr16	70786894	0	0	0.0	0
chr16	70886461	0	0	0.0	0
chr16	70936929	0	0	0.0	0
chr16	71077245	0	0	0.0	0
chr16	71121227	0	0	0.0	0
chr16	71201571	0	0	0.0	0
chr16	71250674	0	0	0.0	0
chr16	71481984	0	0	0.0	0
chr16	71510465	0	0	0.0	0
chr16	71780227	0	0	0.0	0
chr16	71857734	0	0	0.0	0
chr16	71942710	0	0	0.0	0
chr16	72245799	0	1	0.0127	0
chr16	72372225	0	1	0.0233	0
chr16	72779628	0	0	0.0	0
chr16	72780362	0	0	0.0	0
chr16	72842037	0	0	0.0	0
chr16	72861209	0	0	0.0	0
chr16	72926742	0	0	0.0	0
chr16	72997960	0	0	0.0	0
chr16	73011245	0	0	0.0	0
chr16	73035829	0	0	0.0	0
chr16	73133183	0	0	0.0	0
chr16	73288076	0	0	0.0	0
chr16	73302050	0	1	0.0152	0
chr16	73403267	0	0	0.0	0
chr16	73415720	0	0	0.0	0
chr16	73465706	0	0	0.0	0
chr16	73561888	0	0	0.0	0
chr16	73590447	0	0	0.0	0
chr16	73744673	0	0	0.0	0
chr16	73870248	0	0	0.0	0
chr16	73890311	0	0	0.0	0
chr16	73975954	0	0	0.0	0
chr16	73997018	0	0	0.0	0
chr16	74020283	0	0	0.0	0
chr16	74055264	0	0	0.0	0
chr16	74120618	0	0	0.0	0
chr16	74197036	0	0	0.0	0
chr16	74271130	0	1	0.0222	0
chr16	74457530	0	0	0.0	0
chr16	74466166	0	0	0.0	0
chr16	74505487	0	0	0.0	0
chr16	74513496	0	0	0.0	0
chr16	74525235	0	0	0.0	0
chr16	74584634	0	0	0.0	0
chr16	74691215	0	0	0.0	0
chr16	74733297	0	0	0.0	0
chr16	74824699	0	0	0.0	0
chr16	74834513	0	0	0.0	0
chr16	74870304	0	0	0.0	0
chr16	75031957	0	0	0.0	0
chr16	75110993	0	0	0.0	0
chr16	75145438	0	0	0.0	0
chr16	75192664	0	0	0.0	0
chr16	75240407	0	0	0.0	0
chr16	75345964	0	0	0.0	0
chr16	75429007	1	34	0.4857	1
chr16	75497265	0	0	0.0	0
chr16	75511383	0	0	0.0	0
chr16	75570218	0	0	0.0	0
chr16	75744435	0	0	0.0	0
chr16	75838416	0	0	0.0	0
chr16	76049156	0	0	0.0	0
chr16	76121827	0	0	0.0	0
chr16	76170473	0	0	0.0	0
chr16	76381985	0	0	0.0	0
chr16	76447196	0	0	0.0	0
chr16	76545274	0	0	0.0	0
chr16	76605175	0	0	0.0	0
chr16	76801051	0	0	0.0	0
chr16	76834114	0	0	0.0	0
chr16	76937087	0	0	0.0	0
chr16	77214488	0	0	0.0	0
chr16	77499562	0	0	0.0	0
chr16	77504211	0	0	0.0	0
chr16	77695977	0	0	0.0	0
chr16	77737330	0	0	0.0	0
chr16	77754810	0	0	0.0	0
chr16	77884509	0	0	0.0	0
chr16	77888144	0	0	0.0	0
chr16	77959088	0	0	0.0	0
chr16	77968401	0	0	0.0	0
chr16	77986355	0	0	0.0	0
chr16	78065801	0	0	0.0	0
chr16	78121373	0	0	0.0	0
chr16	78130610	0	0	0.0	0
chr16	78147401	0	0	0.0	0
chr16	78151265	0	0	0.0	0
chr16	78324567	0	0	0.0	0
chr16	78349341	0	0	0.0	0
chr16	78424851	0	0	0.0	0
chr16	78513008	0	0	0.0	0
chr16	78565764	0	0	0.0	0
chr16	78595258	0	0	0.0	0
chr16	78610636	0	0	0.0	0
chr16	78637783	0	0	0.0	0
chr16	78843331	0	0	0.0	0
chr16	78906265	0	0	0.0	0
chr16	78913516	0	0	0.0	0
chr16	78924078	0	0	0.0	0
chr16	79025208	0	0	0.0	0
chr16	79154283	0	0	0.0	0
chr16	79154709	0	0	0.0	0
chr16	79435631	0	0	0.0	0
chr16	79479243	0	0	0.0	0
chr16	79481891	0	0	0.0	0
chr16	79509182	0	1	0.012	0
chr16	79541623	0	0	0.0	0
chr16	79581468	0	0	0.0	0
chr16	79590060	0	0	0.0	0
chr16	79630603	0	0	0.0	0
chr16	79647357	0	0	0.0	0
chr16	79872016	0	0	0.0	0
chr16	79904491	0	0	0.0	0
chr16	79933003	0	0	0.0	0
chr16	80039364	0	0	0.0	0
chr16	80071007	0	0	0.0	0
chr16	80119588	0	0	0.0	0
chr16	80206697	0	0	0.0	0
chr16	80221274	0	0	0.0	0
chr16	80264836	0	1	0.0156	0
chr16	80387183	0	0	0.0	0
chr16	80403166	0	0	0.0	0
chr16	80550394	0	0	0.0	0
chr16	80570350	0	0	0.0	0
chr16	80736474	0	0	0.0	0
chr16	80779790	0	0	0.0	0
chr16	80825010	0	0	0.0	0
chr16	81136109	0	0	0.0	0
chr16	81166308	0	0	0.0	0
chr16	81306769	0	0	0.0	0
chr16	81340486	0	0	0.0	0
chr16	81374086	0	0	0.0	0
chr16	81384675	0	0	0.0	0
chr16	81413590	0	0	0.0	0
chr16	81562193	0	0	0.0	0
chr16	81582839	0	0	0.0	0
chr16	81701783	0	0	0.0	0
chr16	81702948	0	0	0.0	0
chr16	81715762	0	0	0.0	0
chr16	81761674	0	0	0.0	0
chr16	81799265	0	0	0.0	0
chr16	81821652	0	0	0.0	0
chr16	81838388	0	0	0.0	0
chr16	81903233	0	0	0.0	0
chr16	81939407	0	0	0.0	0
chr16	81995705	0	0	0.0	0
chr16	82049210	0	0	0.0	0
chr16	82146555	0	0	0.0	0
chr16	82189040	0	0	0.0	0
chr16	82208713	0	0	0.0	0
chr16	82531860	0	0	0.0	0
chr16	82562039	0	0	0.0	0
chr16	82594476	0	0	0.0	0
chr16	82652020	0	0	0.0	0
chr16	82688908	0	0	0.0	0
chr16	82724853	0	0	0.0	0
chr16	82803169	0	0	0.0	0
chr16	82888121	0	0	0.0	0
chr16	83148506	0	0	0.0	0
chr16	83185627	0	0	0.0	0
chr16	83212408	0	0	0.0	0
chr16	83219648	0	0	0.0	0
chr16	83233888	0	0	0.0	0
chr16	83261219	0	0	0.0	0
chr16	83267719	0	0	0.0	0
chr16	83316569	0	0	0.0	0
chr16	83320018	0	0	0.0	0
chr16	83470305	0	0	0.0	0
chr16	83515604	0	0	0.0	0
chr16	83548637	0	0	0.0	0
chr16	83792616	0	0	0.0	0
chr16	83812895	0	0	0.0	0
chr16	83848683	0	0	0.0	0
chr16	83869828	0	0	0.0	0
chr16	83912536	0	0	0.0	0
chr16	83936341	0	0	0.0	0
chr16	83954953	0	0	0.0	0
chr16	84009054	0	0	0.0	0
chr16	84180417	0	0	0.0	0
chr16	84215846	0	0	0.0	0
chr16	84222782	0	0	0.0	0
chr16	84249743	0	1	0.0222	0
chr16	84417547	0	0	0.0	0
chr16	84465203	0	0	0.0	0
chr16	84489969	0	0	0.0	0
chr16	84546985	0	0	0.0	0
chr16	84608474	0	0	0.0	0
chr16	84609470	0	0	0.0	0
chr16	84648358	0	0	0.0	0
chr16	84752809	0	0	0.0	0
chr16	84874752	0	1	0.0115	0
chr16	84889076	0	0	0.0	0
chr16	84918450	0	0	0.0	0
chr16	84958499	0	0	0.0	0
chr16	85019007	0	0	0.0	0
chr16	85030187	0	0	0.0	0
chr16	85045700	0	0	0.0	0
chr16	85302929	0	0	0.0	0
chr16	85448504	0	0	0.0	0
chr16	85515728	0	0	0.0	0
chr16	85523129	0	0	0.0	0
chr16	85577204	0	0	0.0	0
chr16	85695642	0	0	0.0	0
chr16	85739407	0	0	0.0	0
chr16	85745269	0	0	0.0	0
chr16	85753045	0	0	0.0	0
chr16	85779115	0	0	0.0	0
chr16	85947017	0	0	0.0	0
chr16	85959682	0	0	0.0	0
chr16	86064436	0	0	0.0	0
chr16	86129846	0	0	0.0	0
chr16	86156469	0	0	0.0	0
chr16	86177871	0	0	0.0	0
chr16	86187313	0	0	0.0	0
chr16	86378036	0	0	0.0	0
chr16	86408675	0	0	0.0	0
chr16	86453943	0	0	0.0	0
chr16	86465067	0	0	0.0	0
chr16	86467603	0	0	0.0	0
chr16	86602181	0	0	0.0	0
chr16	86627721	0	0	0.0	0
chr16	86656351	0	0	0.0	0
chr16	86672129	0	0	0.0	0
chr16	86902684	0	0	0.0	0
chr16	86905404	0	0	0.0	0
chr16	86929506	0	0	0.0	0
chr16	86963749	0	0	0.0	0
chr16	87068903	0	0	0.0	0
chr16	87147935	0	0	0.0	0
chr16	87167519	0	0	0.0	0
chr16	87174305	0	0	0.0	0
chr16	87186175	0	0	0.0	0
chr16	87344612	0	1	0.0152	0
chr16	87421011	0	0	0.0	0
chr16	87421466	0	0	0.0	0
chr16	87447814	0	0	0.0	0
chr16	87508731	0	0	0.0	0
chr16	87618054	0	0	0.0	0
chr16	87624568	0	0	0.0	0
chr16	87668747	0	0	0.0	0
chr16	87671637	0	0	0.0	0
chr16	87738128	0	0	0.0	0
chr16	87845944	0	0	0.0	0
chr16	87972333	0	0	0.0	0
chr16	88107574	0	0	0.0	0
chr16	88133278	0	0	0.0	0
chr16	88154399	0	0	0.0	0
chr16	88451408	0	0	0.0	0
chr16	88487534	0	0	0.0	0
chr16	88494376	0	0	0.0	0
chr16	88590401	0	0	0.0	0
chr16	88635826	0	1	0.0133	0
chr16	88653203	0	0	0.0	0
chr16	88661520	0	0	0.0	0
chr16	88663297	0	0	0.0	0
chr16	88708507	0	0	0.0	0
chr16	88751983	0	0	0.0	0
chr16	88987132	0	0	0.0	0
chr16	89025470	0	0	0.0	0
chr16	89058642	0	0	0.0	0
chr16	89100961	0	0	0.0	0
chr16	89104319	0	0	0.0	0
chr16	89131964	0	0	0.0	0
chr16	89192359	0	1	0.0204	0
chr16	89227745	0	0	0.0	0
chr16	89373960	0	0	0.0	0
chr16	89388733	0	0	0.0	0
chr16	89675102	0	0	0.0	0
chr16	89765872	0	0	0.0	0
chr16	89817917	0	0	0.0	0
chr16	89911748	0	0	0.0	0
chr16	90057592	0	0	0.0	0
chr16	90203624	0	0	0.0	0
chr16_GL383556v1_alt	100111	0	0	0.0	0
chr16_KI270728v1_random	100194	0	0	0.0	0
chr16_KI270728v1_random	197961	0	0	0.0	0
chr16_KI270728v1_random	309275	0	0	0.0	0
chr16_KI270728v1_random	321849	0	0	0.0	0
chr16_KI270728v1_random	324317	0	0	0.0	0
chr16_KI270728v1_random	327427	0	0	0.0	0
chr16_KI270728v1_random	342233	0	0	0.0	0
chr16_KI270728v1_random	412536	0	0	0.0	0
chr16_KI270728v1_random	552403	0	0	0.0	0
chr16_KI270728v1_random	582434	0	0	0.0	0
chr16_KI270728v1_random	595008	0	0	0.0	0
chr16_KI270728v1_random	597476	0	0	0.0	0
chr16_KI270728v1_random	600586	0	0	0.0	0
chr16_KI270728v1_random	615392	0	0	0.0	0
chr16_KI270728v1_random	733867	0	0	0.0	0
chr16_KI270728v1_random	736977	0	0	0.0	0
chr16_KI270728v1_random	739444	0	0	0.0	0
chr16_KI270728v1_random	752018	0	0	0.0	0
chr16_KI270728v1_random	782049	0	0	0.0	0
chr16_KI270728v1_random	857675	0	0	0.0	0
chr16_KI270728v1_random	959052	0	0	0.0	0
chr16_KI270728v1_random	1198666	0	0	0.0	0
chr16_KI270728v1_random	1203758	0	0	0.0	0
chr16_KI270728v1_random	1538939	0	0	0.0	0
chr16_KI270728v1_random	1734082	0	0	0.0	0
chr16_KI270728v1_random	1767496	0	0	0.0	0
chr16_KI270728v1_random	1826401	0	0	0.0	0
chr16_KI270853v1_alt	581429	0	0	0.0	0
chr16_KI270853v1_alt	614152	0	0	0.0	0
chr16_KI270853v1_alt	690766	0	0	0.0	0
chr16_KI270853v1_alt	818256	0	0	0.0	0
chr16_KI270853v1_alt	901127	0	0	0.0	0
chr16_KI270853v1_alt	1288754	0	0	0.0	0
chr16_KI270853v1_alt	1308694	0	0	0.0	0
chr16_KI270853v1_alt	1331207	0	0	0.0	0
chr16_KI270853v1_alt	1392960	0	0	0.0	0
chr16_KI270853v1_alt	1749102	0	0	0.0	0
chr16_KI270853v1_alt	1812937	0	0	0.0	0
chr16_KI270853v1_alt	1942436	0	0	0.0	0
chr16_KI270853v1_alt	2352081	0	0	0.0	0
chr16_KI270853v1_alt	2355848	0	0	0.0	0
chr16_KI270853v1_alt	2446437	0	0	0.0	0
chr16_KI270855v1_alt	153779	0	0	0.0	0
chr16_KI270856v1_alt	33122	0	0	0.0	0
chr17	172680	0	0	0.0	0
chr17	194928	0	0	0.0	0
chr17	235950	0	0	0.0	0
chr17	292882	0	0	0.0	0
chr17	293127	0	0	0.0	0
chr17	330118	0	0	0.0	0
chr17	374953	0	0	0.0	0
chr17	443222	0	0	0.0	0
chr17	501073	0	0	0.0	0
chr17	501528	0	0	0.0	0
chr17	660702	3	27	0.3553	1
chr17	665702	0	0	0.0	0
chr17	676609	0	0	0.0	0
chr17	862815	0	0	0.0	0
chr17	878282	0	0	0.0	0
chr17	889454	0	0	0.0	0
chr17	936648	0	0	0.0	0
chr17	1007941	0	0	0.0	0
chr17	1016852	0	0	0.0	0
chr17	1017864	0	0	0.0	0
chr17	1196955	0	0	0.0	0
chr17	1304490	0	0	0.0	0
chr17	1375094	0	0	0.0	0
chr17	1408330	0	0	0.0	0
chr17	1426489	0	0	0.0	0
chr17	1470486	0	0	0.0	0
chr17	1498729	0	0	0.0	0
chr17	1642575	0	0	0.0	0
chr17	1816157	0	0	0.0	0
chr17	1870637	0	0	0.0	0
chr17	1994267	0	0	0.0	0
chr17	1996228	0	0	0.0	0
chr17	2176552	0	0	0.0	0
chr17	2309954	0	0	0.0	0
chr17	2376786	0	0	0.0	0
chr17	2379492	0	0	0.0	0
chr17	2419507	0	0	0.0	0
chr17	2459759	0	0	0.0	0
chr17	2613567	0	0	0.0	0
chr17	2652538	0	0	0.0	0
chr17	2709005	0	0	0.0	0
chr17	2710800	0	0	0.0	0
chr17	2991681	0	0	0.0	0
chr17	3013523	0	0	0.0	0
chr17	3056494	0	0	0.0	0
chr17	3247788	0	0	0.0	0
chr17	3290408	0	0	0.0	0
chr17	3324641	0	0	0.0	0
chr17	3379306	0	0	0.0	0
chr17	3476055	0	0	0.0	0
chr17	3516231	0	0	0.0	0
chr17	3526706	0	1	0.012	0
chr17	3662693	0	0	0.0	0
chr17	3727827	0	0	0.0	0
chr17	3754958	0	0	0.0	0
chr17	3762424	0	0	0.0	0
chr17	3777441	0	0	0.0	0
chr17	3798582	0	0	0.0	0
chr17	3889062	0	0	0.0	0
chr17	3898183	0	0	0.0	0
chr17	3907403	0	0	0.0	0
chr17	3923726	0	0	0.0	0
chr17	4210325	0	0	0.0	0
chr17	4214450	0	0	0.0	0
chr17	4259713	0	0	0.0	0
chr17	4264539	0	0	0.0	0
chr17	4328022	0	0	0.0	0
chr17	4402677	0	0	0.0	0
chr17	4427158	0	0	0.0	0
chr17	4467490	0	0	0.0	0
chr17	4473762	0	0	0.0	0
chr17	4567100	0	0	0.0	0
chr17	4575103	0	0	0.0	0
chr17	4801514	0	0	0.0	0
chr17	4982817	0	0	0.0	0
chr17	5088857	0	0	0.0	0
chr17	5129467	0	1	0.0185	0
chr17	5132628	0	0	0.0	0
chr17	5180589	0	0	0.0	0
chr17	5232516	0	0	0.0	0
chr17	5528185	0	0	0.0	0
chr17	5556198	0	0	0.0	0
chr17	5933270	0	0	0.0	0
chr17	6014281	0	0	0.0	0
chr17	6017367	0	0	0.0	0
chr17	6061156	0	0	0.0	0
chr17	6145750	0	0	0.0	0
chr17	6158274	0	0	0.0	0
chr17	6273203	0	0	0.0	0
chr17	6307497	0	0	0.0	0
chr17	6417851	0	0	0.0	0
chr17	6429277	0	0	0.0	0
chr17	6542081	0	0	0.0	0
chr17	6697637	0	0	0.0	0
chr17	6727382	0	1	0.0222	0
chr17	6740430	0	0	0.0	0
chr17	6880964	0	0	0.0	0
chr17	7186968	0	0	0.0	0
chr17	7220965	0	0	0.0	0
chr17	7244171	0	0	0.0	0
chr17	7292742	0	0	0.0	0
chr17	7447801	0	0	0.0	0
chr17	7525346	0	0	0.0	0
chr17	7577786	0	0	0.0	0
chr17	7674183	0	0	0.0	0
chr17	7834521	0	0	0.0	0
chr17	7836328	0	0	0.0	0
chr17	7850279	0	0	0.0	0
chr17	7888094	0	0	0.0	0
chr17	7893743	0	0	0.0	0
chr17	7931716	0	0	0.0	0
chr17	7937151	0	0	0.0	0
chr17	7969668	0	0	0.0	0
chr17	8223773	0	0	0.0	0
chr17	8330652	0	0	0.0	0
chr17	8331402	0	0	0.0	0
chr17	8340476	0	0	0.0	0
chr17	8468459	0	0	0.0	0
chr17	8600178	0	1	0.0222	0
chr17	8718085	0	0	0.0	0
chr17	8796224	0	0	0.0	0
chr17	8879846	0	0	0.0	0
chr17	9020634	0	0	0.0	0
chr17	9028264	0	0	0.0	0
chr17	9057477	0	0	0.0	0
chr17	9078852	0	0	0.0	0
chr17	9084481	0	0	0.0	0
chr17	9085630	0	0	0.0	0
chr17	9139546	0	0	0.0	0
chr17	9175769	0	0	0.0	0
chr17	9195490	0	0	0.0	0
chr17	9196985	0	0	0.0	0
chr17	9576412	0	0	0.0	0
chr17	9963797	0	0	0.0	0
chr17	10116213	0	0	0.0	0
chr17	10161474	0	0	0.0	0
chr17	10223803	0	0	0.0	0
chr17	10389231	0	0	0.0	0
chr17	10521505	0	0	0.0	0
chr17	10640299	0	0	0.0	0
chr17	10704061	0	0	0.0	0
chr17	10718784	0	0	0.0	0
chr17	10720888	0	0	0.0	0
chr17	10757123	0	0	0.0	0
chr17	10772409	0	0	0.0	0
chr17	10790610	0	0	0.0	0
chr17	10815628	0	0	0.0	0
chr17	10859560	0	0	0.0	0
chr17	10888372	0	0	0.0	0
chr17	10918665	0	0	0.0	0
chr17	10982857	0	0	0.0	0
chr17	11099598	0	0	0.0	0
chr17	11575733	0	0	0.0	0
chr17	11584887	0	0	0.0	0
chr17	11626385	0	0	0.0	0
chr17	11700213	0	0	0.0	0
chr17	11721864	0	0	0.0	0
chr17	11788779	0	0	0.0	0
chr17	11834534	0	0	0.0	0
chr17	11853164	0	0	0.0	0
chr17	11928395	0	0	0.0	0
chr17	11964629	0	0	0.0	0
chr17	12044988	0	0	0.0	0
chr17	12095695	0	0	0.0	0
chr17	12273677	0	0	0.0	0
chr17	12368681	0	0	0.0	0
chr17	12491619	0	0	0.0	0
chr17	12554617	0	0	0.0	0
chr17	12641674	0	0	0.0	0
chr17	12682734	0	0	0.0	0
chr17	12717911	0	0	0.0	0
chr17	12754486	0	0	0.0	0
chr17	12827824	0	0	0.0	0
chr17	12886099	0	0	0.0	0
chr17	12896814	0	0	0.0	0
chr17	12948261	0	0	0.0	0
chr17	12971789	0	0	0.0	0
chr17	13135805	0	0	0.0	0
chr17	13276244	0	0	0.0	0
chr17	13418978	0	0	0.0	0
chr17	13492398	0	0	0.0	0
chr17	13500483	0	0	0.0	0
chr17	13555299	0	0	0.0	0
chr17	13609057	0	0	0.0	0
chr17	13653973	0	0	0.0	0
chr17	13667952	0	0	0.0	0
chr17	13674744	0	0	0.0	0
chr17	13715656	0	0	0.0	0
chr17	13789111	0	0	0.0	0
chr17	13819645	0	0	0.0	0
chr17	13873151	0	0	0.0	0
chr17	13997116	0	0	0.0	0
chr17	14056094	0	0	0.0	0
chr17	14101074	0	0	0.0	0
chr17	14141297	0	0	0.0	0
chr17	14157678	0	0	0.0	0
chr17	14244252	0	0	0.0	0
chr17	14261867	0	0	0.0	0
chr17	14303680	0	0	0.0	0
chr17	14482794	0	0	0.0	0
chr17	14598059	0	0	0.0	0
chr17	14684707	0	0	0.0	0
chr17	14708380	0	0	0.0	0
chr17	14773047	0	0	0.0	0
chr17	14952680	1	15	0.3659	1
chr17	14972208	0	0	0.0	0
chr17	15223972	0	0	0.0	0
chr17	15364931	0	0	0.0	0
chr17	15399410	0	0	0.0	0
chr17	15455669	0	0	0.0	0
chr17	15963231	0	0	0.0	0
chr17	15970782	0	0	0.0	0
chr17	15998208	0	0	0.0	0
chr17	16454617	0	0	0.0	0
chr17	16783746	0	0	0.0	0
chr17	16873343	0	0	0.0	0
chr17	17003184	0	0	0.0	0
chr17	17017021	0	0	0.0	0
chr17	17201295	0	0	0.0	0
chr17	17204366	0	0	0.0	0
chr17	17222441	0	0	0.0	0
chr17	17259210	0	0	0.0	0
chr17	17283220	0	0	0.0	0
chr17	17719946	0	0	0.0	0
chr17	17747469	0	0	0.0	0
chr17	17840962	0	0	0.0	0
chr17	17921538	0	0	0.0	0
chr17	17978168	0	0	0.0	0
chr17	17996670	0	0	0.0	0
chr17	18125240	0	0	0.0	0
chr17	18150260	0	0	0.0	0
chr17	18155829	0	0	0.0	0
chr17	18291102	0	0	0.0	0
chr17	18327748	0	0	0.0	0
chr17	18392578	0	0	0.0	0
chr17	18484147	0	0	0.0	0
chr17	18704723	0	0	0.0	0
chr17	18774386	0	0	0.0	0
chr17	19075807	0	0	0.0	0
chr17	19176398	0	0	0.0	0
chr17	19201864	0	0	0.0	0
chr17	19263132	0	1	0.0149	0
chr17	19332166	0	0	0.0	0
chr17	19412258	0	0	0.0	0
chr17	19525587	0	0	0.0	0
chr17	19749457	0	0	0.0	0
chr17	19978603	0	0	0.0	0
chr17	20067404	0	0	0.0	0
chr17	20282651	0	0	0.0	0
chr17	20287605	0	0	0.0	0
chr17	20460172	0	0	0.0	0
chr17	20551866	0	0	0.0	0
chr17	20765403	0	0	0.0	0
chr17	20775586	0	0	0.0	0
chr17	20804159	0	0	0.0	0
chr17	20852576	0	0	0.0	0
chr17	20969802	0	0	0.0	0
chr17	21061201	0	0	0.0	0
chr17	21106742	0	0	0.0	0
chr17	21123045	0	0	0.0	0
chr17	21169680	0	0	0.0	0
chr17	21262550	0	0	0.0	0
chr17	21318452	0	0	0.0	0
chr17	21572976	0	0	0.0	0
chr17	21723275	0	0	0.0	0
chr17	21769525	0	0	0.0	0
chr17	21877325	0	0	0.0	0
chr17	21891748	0	0	0.0	0
chr17	21893571	0	0	0.0	0
chr17	21903033	0	0	0.0	0
chr17	21910466	0	0	0.0	0
chr17	22141235	0	0	0.0	0
chr17	22188140	0	0	0.0	0
chr17	22211270	0	0	0.0	0
chr17	22328733	0	0	0.0	0
chr17	22433170	0	0	0.0	0
chr17	22437597	0	1	0.0192	0
chr17	22442385	0	0	0.0	0
chr17	22620380	0	0	0.0	0
chr17	26640677	0	0	0.0	0
chr17	26679170	0	0	0.0	0
chr17	26802147	0	0	0.0	0
chr17	26860601	0	0	0.0	0
chr17	26879734	0	1	0.0233	0
chr17	26879929	0	0	0.0	0
chr17	27061663	0	0	0.0	0
chr17	27082965	0	0	0.0	0
chr17	27124241	0	0	0.0	0
chr17	27238836	0	0	0.0	0
chr17	27406356	0	0	0.0	0
chr17	27408092	0	0	0.0	0
chr17	27540591	0	0	0.0	0
chr17	27577525	0	0	0.0	0
chr17	27604127	0	0	0.0	0
chr17	27606672	0	0	0.0	0
chr17	27638536	0	0	0.0	0
chr17	27645260	0	0	0.0	0
chr17	27746405	0	0	0.0	0
chr17	27752795	0	0	0.0	0
chr17	27772214	0	0	0.0	0
chr17	27922638	0	0	0.0	0
chr17	27951281	0	0	0.0	0
chr17	28031401	0	0	0.0	0
chr17	28160727	0	0	0.0	0
chr17	28162563	0	0	0.0	0
chr17	28182070	0	0	0.0	0
chr17	28217229	0	0	0.0	0
chr17	28282946	0	0	0.0	0
chr17	28327727	0	0	0.0	0
chr17	28411528	0	0	0.0	0
chr17	28451185	0	0	0.0	0
chr17	28511763	0	0	0.0	0
chr17	28704681	0	0	0.0	0
chr17	28766611	0	0	0.0	0
chr17	28816668	0	0	0.0	0
chr17	28896216	0	0	0.0	0
chr17	28955557	0	0	0.0	0
chr17	29123232	0	0	0.0	0
chr17	29182583	0	0	0.0	0
chr17	29210686	0	0	0.0	0
chr17	29270274	0	0	0.0	0
chr17	29303707	0	0	0.0	0
chr17	29496927	0	0	0.0	0
chr17	29560009	0	0	0.0	0
chr17	29623968	0	0	0.0	0
chr17	29642826	0	0	0.0	0
chr17	29645059	0	0	0.0	0
chr17	29648630	0	0	0.0	0
chr17	29716471	0	0	0.0	0
chr17	29755489	0	0	0.0	0
chr17	29789364	0	0	0.0	0
chr17	29797654	0	0	0.0	0
chr17	29812661	0	0	0.0	0
chr17	30046704	0	0	0.0	0
chr17	30090215	0	0	0.0	0
chr17	30232305	0	0	0.0	0
chr17	30436664	0	0	0.0	0
chr17	30486274	0	0	0.0	0
chr17	30497109	0	0	0.0	0
chr17	30890810	0	1	0.0185	0
chr17	30920284	0	0	0.0	0
chr17	30937878	0	0	0.0	0
chr17	31076152	0	0	0.0	0
chr17	31281535	0	0	0.0	0
chr17	31379352	1	14	0.3684	1
chr17	31381756	0	0	0.0	0
chr17	31390859	0	0	0.0	0
chr17	31425786	0	0	0.0	0
chr17	31465482	0	0	0.0	0
chr17	31479163	0	0	0.0	0
chr17	31513028	0	0	0.0	0
chr17	31870287	0	0	0.0	0
chr17	31904941	0	0	0.0	0
chr17	32003125	0	0	0.0	0
chr17	32018576	0	0	0.0	0
chr17	32171900	0	0	0.0	0
chr17	32197518	0	0	0.0	0
chr17	32294995	0	0	0.0	0
chr17	32434023	0	0	0.0	0
chr17	32454831	0	0	0.0	0
chr17	32504350	0	0	0.0	0
chr17	32801544	0	0	0.0	0
chr17	32971753	0	0	0.0	0
chr17	33021891	0	0	0.0	0
chr17	33284633	0	0	0.0	0
chr17	33509165	0	0	0.0	0
chr17	33572315	1	33	0.4286	1
chr17	33575082	0	0	0.0	0
chr17	33633373	0	0	0.0	0
chr17	33740558	0	0	0.0	0
chr17	33851428	0	0	0.0	0
chr17	34011717	0	0	0.0	0
chr17	34068133	0	0	0.0	0
chr17	34090940	0	0	0.0	0
chr17	34170541	0	0	0.0	0
chr17	34171404	0	0	0.0	0
chr17	34353088	0	0	0.0	0
chr17	34540648	0	0	0.0	0
chr17	34574859	0	0	0.0	0
chr17	34601884	0	0	0.0	0
chr17	34724145	0	0	0.0	0
chr17	34861895	0	0	0.0	0
chr17	34866388	0	0	0.0	0
chr17	35133324	0	0	0.0	0
chr17	35282681	0	0	0.0	0
chr17	35425058	0	0	0.0	0
chr17	35444696	0	0	0.0	0
chr17	35516611	0	0	0.0	0
chr17	35536933	0	0	0.0	0
chr17	35599213	0	1	0.0286	0
chr17	35612794	0	0	0.0	0
chr17	35740252	0	0	0.0	0
chr17	35748180	0	0	0.0	0
chr17	35919943	0	0	0.0	0
chr17	36063493	0	0	0.0	0
chr17	36184608	0	0	0.0	0
chr17	36249311	0	0	0.0	0
chr17	36284903	0	0	0.0	0
chr17	36373203	0	0	0.0	0
chr17	36395892	0	0	0.0	0
chr17	36424284	0	0	0.0	0
chr17	36460392	0	1	0.0233	0
chr17	36596932	0	0	0.0	0
chr17	36611325	0	0	0.0	0
chr17	36679540	0	0	0.0	0
chr17	36727308	0	0	0.0	0
chr17	36797979	0	0	0.0	0
chr17	37009023	0	0	0.0	0
chr17	37051083	0	0	0.0	0
chr17	37070446	0	0	0.0	0
chr17	37241169	0	2	0.0308	0
chr17	37276090	0	0	0.0	0
chr17	37362346	0	0	0.0	0
chr17	37567433	0	0	0.0	0
chr17	37609259	0	0	0.0	0
chr17	37645788	0	0	0.0	0
chr17	37649640	0	0	0.0	0
chr17	37733493	0	1	0.0213	0
chr17	37792219	0	0	0.0	0
chr17	37795533	0	0	0.0	0
chr17	37817976	0	0	0.0	0
chr17	37826343	0	0	0.0	0
chr17	37917001	0	0	0.0	0
chr17	37973827	0	0	0.0	0
chr17	38053365	0	0	0.0	0
chr17	38088989	0	0	0.0	0
chr17	38231553	0	0	0.0	0
chr17	38324082	0	0	0.0	0
chr17	38337827	0	0	0.0	0
chr17	38400788	0	0	0.0	0
chr17	38431384	0	0	0.0	0
chr17	38454561	0	0	0.0	0
chr17	38471860	0	0	0.0	0
chr17	38494199	0	0	0.0	0
chr17	38589104	0	0	0.0	0
chr17	38677375	0	0	0.0	0
chr17	38786210	0	0	0.0	0
chr17	38796914	0	0	0.0	0
chr17	38956990	0	0	0.0	0
chr17	39104986	0	0	0.0	0
chr17	39131041	0	0	0.0	0
chr17	39131920	0	0	0.0	0
chr17	39269094	0	0	0.0	0
chr17	39399424	0	0	0.0	0
chr17	39584086	0	0	0.0	0
chr17	39628222	0	0	0.0	0
chr17	39643623	0	0	0.0	0
chr17	39651937	0	0	0.0	0
chr17	39687427	0	0	0.0	0
chr17	39906004	0	0	0.0	0
chr17	39917121	0	0	0.0	0
chr17	39990652	0	0	0.0	0
chr17	40051239	0	0	0.0	0
chr17	40075304	0	0	0.0	0
chr17	40092643	0	0	0.0	0
chr17	40327170	0	0	0.0	0
chr17	40541519	0	0	0.0	0
chr17	40686144	0	0	0.0	0
chr17	40773410	0	0	0.0	0
chr17	40938871	0	0	0.0	0
chr17	41312560	0	0	0.0	0
chr17	41393858	0	0	0.0	0
chr17	41443765	0	0	0.0	0
chr17	41480692	0	0	0.0	0
chr17	41570146	0	0	0.0	0
chr17	41581718	0	0	0.0	0
chr17	41607889	0	0	0.0	0
chr17	41611351	0	0	0.0	0
chr17	41719450	0	0	0.0	0
chr17	41802098	0	0	0.0	0
chr17	41906968	0	0	0.0	0
chr17	41922881	0	0	0.0	0
chr17	41967478	0	0	0.0	0
chr17	41976874	0	0	0.0	0
chr17	42075238	0	0	0.0	0
chr17	42087296	0	0	0.0	0
chr17	42113966	0	0	0.0	0
chr17	42134721	0	0	0.0	0
chr17	42276659	0	0	0.0	0
chr17	42322508	0	0	0.0	0
chr17	42359583	0	0	0.0	0
chr17	42516857	0	0	0.0	0
chr17	42558560	0	0	0.0	0
chr17	42622089	0	0	0.0	0
chr17	42628583	0	0	0.0	0
chr17	42685825	0	0	0.0	0
chr17	42712417	0	0	0.0	0
chr17	42720439	0	0	0.0	0
chr17	43395389	0	0	0.0	0
chr17	43550443	0	0	0.0	0
chr17	43617213	0	1	0.0294	0
chr17	43666119	0	0	0.0	0
chr17	43748662	0	0	0.0	0
chr17	43757651	0	0	0.0	0
chr17	43772219	0	0	0.0	0
chr17	43792417	0	0	0.0	0
chr17	44001959	0	0	0.0	0
chr17	44072007	0	0	0.0	0
chr17	44106159	0	0	0.0	0
chr17	44213604	0	0	0.0	0
chr17	44261242	0	0	0.0	0
chr17	44328467	0	0	0.0	0
chr17	44329032	0	0	0.0	0
chr17	44775348	0	0	0.0	0
chr17	44804813	0	0	0.0	0
chr17	44956204	0	0	0.0	0
chr17	45098812	0	0	0.0	0
chr17	45226103	0	0	0.0	0
chr17	45238561	0	0	0.0	0
chr17	45265195	0	0	0.0	0
chr17	45314828	0	0	0.0	0
chr17	45340458	0	0	0.0	0
chr17	45361224	0	0	0.0	0
chr17	45380724	0	0	0.0	0
chr17	45454254	0	0	0.0	0
chr17	45552884	0	0	0.0	0
chr17	45653515	0	0	0.0	0
chr17	45749571	0	0	0.0	0
chr17	45793244	0	0	0.0	0
chr17	45821126	0	0	0.0	0
chr17	46011051	0	0	0.0	0
chr17	46113178	0	0	0.0	0
chr17	46292592	0	0	0.0	0
chr17	46510166	0	0	0.0	0
chr17	46773306	0	0	0.0	0
chr17	46816904	0	0	0.0	0
chr17	46834280	0	0	0.0	0
chr17	46847630	0	0	0.0	0
chr17	46849763	0	0	0.0	0
chr17	46865347	0	0	0.0	0
chr17	46940887	0	0	0.0	0
chr17	47014653	0	0	0.0	0
chr17	47344770	0	0	0.0	0
chr17	47388249	0	1	0.0147	0
chr17	47494281	0	0	0.0	0
chr17	47557006	0	0	0.0	0
chr17	47649170	0	0	0.0	0
chr17	47713481	0	0	0.0	0
chr17	47743985	0	0	0.0	0
chr17	47877430	0	0	0.0	0
chr17	47880989	0	0	0.0	0
chr17	47904189	0	0	0.0	0
chr17	48098822	0	1	0.0147	0
chr17	48128475	0	0	0.0	0
chr17	48468046	0	0	0.0	0
chr17	48876271	1	73	0.9733	1
chr17	48902461	0	0	0.0	0
chr17	48975956	0	0	0.0	0
chr17	49106801	0	0	0.0	0
chr17	49456286	0	0	0.0	0
chr17	49581471	0	0	0.0	0
chr17	49706557	0	0	0.0	0
chr17	49707037	0	0	0.0	0
chr17	49826955	0	0	0.0	0
chr17	49852717	0	0	0.0	0
chr17	49979932	0	0	0.0	0
chr17	49985285	0	1	0.0357	0
chr17	49992990	0	0	0.0	0
chr17	50098242	0	0	0.0	0
chr17	50106934	0	0	0.0	0
chr17	50361899	0	0	0.0	0
chr17	50366267	0	0	0.0	0
chr17	50403450	0	0	0.0	0
chr17	50503224	0	0	0.0	0
chr17	50573917	0	0	0.0	0
chr17	50575911	0	0	0.0	0
chr17	50578132	0	0	0.0	0
chr17	50594713	0	0	0.0	0
chr17	50609780	0	0	0.0	0
chr17	50726847	0	0	0.0	0
chr17	50799480	0	0	0.0	0
chr17	50861553	0	0	0.0	0
chr17	50866432	0	0	0.0	0
chr17	50917273	0	0	0.0	0
chr17	50919781	0	0	0.0	0
chr17	51104103	0	0	0.0	0
chr17	51136505	0	0	0.0	0
chr17	51401843	0	0	0.0	0
chr17	51446147	0	0	0.0	0
chr17	51447265	0	0	0.0	0
chr17	51586205	0	0	0.0	0
chr17	51594146	0	0	0.0	0
chr17	51669116	0	0	0.0	0
chr17	51841481	0	0	0.0	0
chr17	52019543	0	0	0.0	0
chr17	52035870	0	0	0.0	0
chr17	52128488	0	0	0.0	0
chr17	52140539	0	0	0.0	0
chr17	52233817	0	0	0.0	0
chr17	52417971	0	0	0.0	0
chr17	52481417	0	0	0.0	0
chr17	52580704	0	0	0.0	0
chr17	52621411	0	0	0.0	0
chr17	52741408	0	0	0.0	0
chr17	52920242	0	0	0.0	0
chr17	52997121	0	0	0.0	0
chr17	53033502	0	0	0.0	0
chr17	53105143	0	0	0.0	0
chr17	53124830	0	0	0.0	0
chr17	53185696	0	0	0.0	0
chr17	53632760	0	0	0.0	0
chr17	53723555	0	0	0.0	0
chr17	53832882	0	0	0.0	0
chr17	54072924	0	0	0.0	0
chr17	54144206	0	0	0.0	0
chr17	54221794	0	0	0.0	0
chr17	54228145	0	0	0.0	0
chr17	54274142	0	0	0.0	0
chr17	54554250	0	0	0.0	0
chr17	54797132	0	0	0.0	0
chr17	54913768	0	0	0.0	0
chr17	55018289	0	0	0.0	0
chr17	55108278	0	0	0.0	0
chr17	55350790	0	0	0.0	0
chr17	55457787	0	0	0.0	0
chr17	55685448	0	0	0.0	0
chr17	55898246	0	0	0.0	0
chr17	55922436	0	0	0.0	0
chr17	55930271	0	0	0.0	0
chr17	56022567	0	0	0.0	0
chr17	56109478	0	0	0.0	0
chr17	56171419	0	0	0.0	0
chr17	56294321	0	0	0.0	0
chr17	56462660	0	0	0.0	0
chr17	56475652	0	0	0.0	0
chr17	56732037	0	0	0.0	0
chr17	57136837	0	0	0.0	0
chr17	57200747	0	0	0.0	0
chr17	57235553	0	0	0.0	0
chr17	57456914	0	0	0.0	0
chr17	57561741	0	0	0.0	0
chr17	57589883	0	0	0.0	0
chr17	57631260	0	0	0.0	0
chr17	57638528	0	0	0.0	0
chr17	57642513	0	0	0.0	0
chr17	57816200	0	0	0.0	0
chr17	57835300	0	0	0.0	0
chr17	57935790	0	0	0.0	0
chr17	58033451	0	0	0.0	0
chr17	58040612	0	0	0.0	0
chr17	58054511	0	0	0.0	0
chr17	58292580	0	0	0.0	0
chr17	58302017	0	0	0.0	0
chr17	58494528	0	0	0.0	0
chr17	58602212	0	0	0.0	0
chr17	58671801	0	0	0.0	0
chr17	58842469	0	0	0.0	0
chr17	58851564	0	0	0.0	0
chr17	58873150	0	0	0.0	0
chr17	59154742	0	0	0.0	0
chr17	59170895	0	0	0.0	0
chr17	59641186	0	0	0.0	0
chr17	59740651	0	0	0.0	0
chr17	59836918	0	0	0.0	0
chr17	59881089	0	0	0.0	0
chr17	60036382	0	0	0.0	0
chr17	60663939	0	0	0.0	0
chr17	60779806	0	0	0.0	0
chr17	60792209	0	0	0.0	0
chr17	60805333	0	0	0.0	0
chr17	60824610	0	0	0.0	0
chr17	60950418	0	0	0.0	0
chr17	61229034	0	0	0.0	0
chr17	61377136	0	0	0.0	0
chr17	61495658	0	0	0.0	0
chr17	61499885	0	0	0.0	0
chr17	61650962	0	0	0.0	0
chr17	61991376	0	0	0.0	0
chr17	62260378	0	0	0.0	0
chr17	62504449	0	0	0.0	0
chr17	62622896	0	0	0.0	0
chr17	62752065	0	0	0.0	0
chr17	62765032	0	0	0.0	0
chr17	62770483	0	0	0.0	0
chr17	62822981	0	0	0.0	0
chr17	63040954	0	0	0.0	0
chr17	63189719	0	0	0.0	0
chr17	63530035	0	0	0.0	0
chr17	63548469	0	0	0.0	0
chr17	63591631	0	0	0.0	0
chr17	63613911	0	0	0.0	0
chr17	63666191	0	0	0.0	0
chr17	63899328	0	0	0.0	0
chr17	63916979	0	0	0.0	0
chr17	63949463	0	0	0.0	0
chr17	63989048	0	1	0.0169	0
chr17	64180954	0	0	0.0	0
chr17	64247959	0	0	0.0	0
chr17	64262152	0	0	0.0	0
chr17	64399913	0	0	0.0	0
chr17	64442487	0	0	0.0	0
chr17	64762242	0	0	0.0	0
chr17	64800731	0	0	0.0	0
chr17	64858998	0	0	0.0	0
chr17	64899795	0	0	0.0	0
chr17	64992538	0	0	0.0	0
chr17	65002342	0	0	0.0	0
chr17	65038542	0	0	0.0	0
chr17	65185867	0	0	0.0	0
chr17	65187689	0	0	0.0	0
chr17	65246480	1	34	0.4857	1
chr17	65274869	0	0	0.0	0
chr17	65290391	0	1	0.0143	0
chr17	65314829	0	0	0.0	0
chr17	65335677	0	0	0.0	0
chr17	65342398	0	0	0.0	0
chr17	65493101	0	0	0.0	0
chr17	65514196	0	0	0.0	0
chr17	65626696	0	0	0.0	0
chr17	65722749	0	0	0.0	0
chr17	65746301	0	0	0.0	0
chr17	65994590	0	0	0.0	0
chr17	66154272	0	0	0.0	0
chr17	66170258	0	0	0.0	0
chr17	66390828	0	1	0.0227	0
chr17	66498159	0	0	0.0	0
chr17	66583192	0	0	0.0	0
chr17	66757261	0	0	0.0	0
chr17	66795635	0	0	0.0	0
chr17	66812645	0	0	0.0	0
chr17	66883184	0	0	0.0	0
chr17	67032550	0	0	0.0	0
chr17	67047325	0	0	0.0	0
chr17	67371196	0	0	0.0	0
chr17	67510822	0	1	0.0238	0
chr17	67546527	0	0	0.0	0
chr17	67559028	0	0	0.0	0
chr17	67903151	0	0	0.0	0
chr17	68074295	0	2	0.4	0
chr17	68092530	0	0	0.0	0
chr17	68162570	0	0	0.0	0
chr17	68189417	0	0	0.0	0
chr17	68249014	0	0	0.0	0
chr17	68338158	1	28	0.3889	1
chr17	68512448	0	0	0.0	0
chr17	68543266	0	0	0.0	0
chr17	68656573	0	0	0.0	0
chr17	68666932	0	0	0.0	0
chr17	68761764	0	0	0.0	0
chr17	68878464	0	0	0.0	0
chr17	68880801	0	0	0.0	0
chr17	68948137	0	0	0.0	0
chr17	68993342	0	0	0.0	0
chr17	69105146	0	0	0.0	0
chr17	69224723	0	0	0.0	0
chr17	69233977	0	0	0.0	0
chr17	69543409	0	0	0.0	0
chr17	69596774	0	0	0.0	0
chr17	69630533	0	0	0.0	0
chr17	69708809	0	0	0.0	0
chr17	69716065	0	0	0.0	0
chr17	69752653	0	0	0.0	0
chr17	69798995	0	0	0.0	0
chr17	69965858	0	0	0.0	0
chr17	70087633	0	0	0.0	0
chr17	70163500	0	0	0.0	0
chr17	70345784	0	0	0.0	0
chr17	70359095	0	0	0.0	0
chr17	70471389	0	0	0.0	0
chr17	70669085	0	0	0.0	0
chr17	70810411	0	0	0.0	0
chr17	70814677	0	0	0.0	0
chr17	71033531	0	0	0.0	0
chr17	71102035	0	0	0.0	0
chr17	71201013	0	0	0.0	0
chr17	71316780	0	0	0.0	0
chr17	71336650	0	0	0.0	0
chr17	71478394	0	0	0.0	0
chr17	71549745	0	0	0.0	0
chr17	71724288	0	0	0.0	0
chr17	71771749	0	0	0.0	0
chr17	71828506	0	0	0.0	0
chr17	71848342	0	0	0.0	0
chr17	71859491	0	1	0.0192	0
chr17	72027301	0	0	0.0	0
chr17	72097166	0	0	0.0	0
chr17	72114867	0	0	0.0	0
chr17	72190969	0	0	0.0	0
chr17	72237282	0	0	0.0	0
chr17	72363370	0	0	0.0	0
chr17	72366014	0	0	0.0	0
chr17	72591881	0	0	0.0	0
chr17	72616131	0	0	0.0	0
chr17	72642441	0	0	0.0	0
chr17	72750081	0	0	0.0	0
chr17	72778694	0	0	0.0	0
chr17	72843911	0	0	0.0	0
chr17	72914541	0	0	0.0	0
chr17	72941463	0	0	0.0	0
chr17	72951548	0	0	0.0	0
chr17	72960906	0	0	0.0	0
chr17	72999654	0	0	0.0	0
chr17	73096220	0	0	0.0	0
chr17	73105314	0	0	0.0	0
chr17	73145530	0	0	0.0	0
chr17	73301550	0	0	0.0	0
chr17	73352485	0	0	0.0	0
chr17	73432189	0	0	0.0	0
chr17	73437781	0	0	0.0	0
chr17	73535778	0	0	0.0	0
chr17	73562515	0	0	0.0	0
chr17	73720426	0	0	0.0	0
chr17	73723963	0	0	0.0	0
chr17	73729139	0	0	0.0	0
chr17	73765676	0	0	0.0	0
chr17	73805669	0	0	0.0	0
chr17	73906843	0	0	0.0	0
chr17	73964843	0	0	0.0	0
chr17	73977969	0	0	0.0	0
chr17	73992848	0	0	0.0	0
chr17	74105246	0	0	0.0	0
chr17	74126614	0	0	0.0	0
chr17	74257006	0	0	0.0	0
chr17	74275934	0	0	0.0	0
chr17	74288985	0	0	0.0	0
chr17	74396706	0	0	0.0	0
chr17	74479530	0	0	0.0	0
chr17	74611530	0	0	0.0	0
chr17	74642446	0	0	0.0	0
chr17	74720063	0	0	0.0	0
chr17	74735686	0	0	0.0	0
chr17	74753595	0	0	0.0	0
chr17	74841659	0	0	0.0	0
chr17	74959611	0	0	0.0	0
chr17	74988081	0	0	0.0	0
chr17	75200913	0	0	0.0	0
chr17	75219404	0	0	0.0	0
chr17	75223159	0	0	0.0	0
chr17	75387242	0	0	0.0	0
chr17	75405543	0	0	0.0	0
chr17	75531202	0	0	0.0	0
chr17	75564431	0	0	0.0	0
chr17	75624338	0	0	0.0	0
chr17	75703370	0	0	0.0	0
chr17	75753751	0	0	0.0	0
chr17	75861887	0	0	0.0	0
chr17	75890855	0	0	0.0	0
chr17	75904905	0	0	0.0	0
chr17	75959728	0	0	0.0	0
chr17	76094520	0	0	0.0	0
chr17	76330602	0	0	0.0	0
chr17	76405428	0	0	0.0	0
chr17	76431948	0	0	0.0	0
chr17	76512442	0	0	0.0	0
chr17	76531809	0	0	0.0	0
chr17	76584985	0	0	0.0	0
chr17	76599167	0	0	0.0	0
chr17	76662208	0	0	0.0	0
chr17	76684899	0	0	0.0	0
chr17	76685388	0	0	0.0	0
chr17	76699536	0	0	0.0	0
chr17	76731031	0	1	0.0182	0
chr17	76768284	2	8	0.1923	1
chr17	76919070	0	0	0.0	0
chr17	77053402	0	0	0.0	0
chr17	77069952	0	0	0.0	0
chr17	77091792	1	8	0.127	1
chr17	77270611	0	0	0.0	0
chr17	77292413	0	0	0.0	0
chr17	77326639	0	0	0.0	0
chr17	77438336	0	0	0.0	0
chr17	77471637	0	0	0.0	0
chr17	77550125	0	0	0.0	0
chr17	77566046	0	0	0.0	0
chr17	77655752	0	0	0.0	0
chr17	77726261	0	0	0.0	0
chr17	77727758	0	0	0.0	0
chr17	77737909	0	0	0.0	0
chr17	77739365	0	0	0.0	0
chr17	77752017	0	0	0.0	0
chr17	77771602	0	0	0.0	0
chr17	77934473	0	0	0.0	0
chr17	77985289	0	0	0.0	0
chr17	78141015	0	0	0.0	0
chr17	78154943	0	0	0.0	0
chr17	78269149	0	0	0.0	0
chr17	78272500	0	0	0.0	0
chr17	78302267	0	0	0.0	0
chr17	78396433	0	0	0.0	0
chr17	78463214	0	0	0.0	0
chr17	78484628	0	0	0.0	0
chr17	78564740	0	0	0.0	0
chr17	78582474	0	0	0.0	0
chr17	78607646	0	0	0.0	0
chr17	78749521	0	0	0.0	0
chr17	78796095	0	1	0.0189	0
chr17	78840961	0	0	0.0	0
chr17	78892604	0	0	0.0	0
chr17	78917804	0	0	0.0	0
chr17	78940458	0	0	0.0	0
chr17	78970311	0	0	0.0	0
chr17	78973345	0	0	0.0	0
chr17	78974866	0	1	0.0135	0
chr17	79184263	0	0	0.0	0
chr17	79207564	0	0	0.0	0
chr17	79244636	0	0	0.0	0
chr17	79252826	0	1	0.0109	0
chr17	79302341	0	0	0.0	0
chr17	79321967	0	0	0.0	0
chr17	79386525	0	0	0.0	0
chr17	79459009	0	0	0.0	0
chr17	79477951	0	0	0.0	0
chr17	79517894	0	0	0.0	0
chr17	79531107	0	0	0.0	0
chr17	79559031	0	0	0.0	0
chr17	79801632	0	0	0.0	0
chr17	79820147	0	0	0.0	0
chr17	79833835	0	0	0.0	0
chr17	79851347	0	0	0.0	0
chr17	79930258	0	0	0.0	0
chr17	79935249	0	1	0.0189	0
chr17	79942894	0	0	0.0	0
chr17	80003369	0	0	0.0	0
chr17	80102764	0	0	0.0	0
chr17	80116074	0	0	0.0	0
chr17	80141799	0	0	0.0	0
chr17	80259108	0	0	0.0	0
chr17	80410711	0	0	0.0	0
chr17	80422464	0	0	0.0	0
chr17	80447269	0	0	0.0	0
chr17	80495596	0	0	0.0	0
chr17	80522146	0	0	0.0	0
chr17	80540042	0	0	0.0	0
chr17	80790616	0	0	0.0	0
chr17	80970670	0	0	0.0	0
chr17	80989507	0	0	0.0	0
chr17	81130285	0	0	0.0	0
chr17	81179252	0	0	0.0	0
chr17	81217760	0	0	0.0	0
chr17	81236901	0	0	0.0	0
chr17	81263322	0	0	0.0	0
chr17	81298826	0	0	0.0	0
chr17	81299786	0	0	0.0	0
chr17	81308942	0	0	0.0	0
chr17	81317914	0	0	0.0	0
chr17	81444617	0	0	0.0	0
chr17	81455559	0	0	0.0	0
chr17	81551144	0	0	0.0	0
chr17	81589018	0	0	0.0	0
chr17	81636746	0	0	0.0	0
chr17	81679934	0	0	0.0	0
chr17	81741741	0	0	0.0	0
chr17	81971701	0	0	0.0	0
chr17	82003646	0	0	0.0	0
chr17	82041454	0	1	0.0294	0
chr17	82094475	0	0	0.0	0
chr17	82096066	0	0	0.0	0
chr17	82156604	0	0	0.0	0
chr17	82168011	0	0	0.0	0
chr17	82174551	0	0	0.0	0
chr17	82175893	0	0	0.0	0
chr17	82218947	0	0	0.0	0
chr17	82242179	0	0	0.0	0
chr17	82595652	0	0	0.0	0
chr17	82704092	0	0	0.0	0
chr17	82712106	0	0	0.0	0
chr17	82740396	2	10	0.3704	1
chr17	82748575	0	0	0.0	0
chr17	82793988	0	0	0.0	0
chr17	82822446	0	0	0.0	0
chr17	82855815	0	0	0.0	0
chr17	82904481	0	0	0.0	0
chr17	83050809	2	33	0.6226	1
chr17	83153595	0	0	0.0	0
chr17	83212327	0	0	0.0	0
chr17	83219759	0	0	0.0	0
chr17	83221191	0	0	0.0	0
chr17_GL000205v2_random	172844	0	0	0.0	0
chr17_GL000258v2_alt	5331	0	0	0.0	0
chr17_GL000258v2_alt	30960	0	0	0.0	0
chr17_GL000258v2_alt	71228	0	0	0.0	0
chr17_GL000258v2_alt	241207	0	0	0.0	0
chr17_GL000258v2_alt	459142	0	0	0.0	0
chr17_GL000258v2_alt	673517	0	0	0.0	0
chr17_GL000258v2_alt	777583	0	0	0.0	0
chr17_GL000258v2_alt	921918	0	0	0.0	0
chr17_GL000258v2_alt	967065	0	0	0.0	0
chr17_GL000258v2_alt	994926	0	0	0.0	0
chr17_GL000258v2_alt	1038544	0	0	0.0	0
chr17_GL000258v2_alt	1134443	0	0	0.0	0
chr17_GL000258v2_alt	1496262	0	0	0.0	0
chr17_GL383563v3_alt	186223	0	0	0.0	0
chr17_GL383563v3_alt	186473	0	0	0.0	0
chr17_GL383563v3_alt	186773	0	0	0.0	0
chr17_GL383563v3_alt	187223	0	0	0.0	0
chr17_GL383563v3_alt	187523	0	0	0.0	0
chr17_GL383563v3_alt	301553	0	0	0.0	0
chr17_GL383563v3_alt	348006	0	0	0.0	0
chr17_GL383564v2_alt	39104	0	0	0.0	0
chr17_GL383565v1_alt	39506	0	0	0.0	0
chr17_GL383566v1_alt	61504	0	0	0.0	0
chr17_GL383566v1_alt	83306	0	0	0.0	0
chr17_JH159146v1_alt	88139	0	0	0.0	0
chr17_KI270729v1_random	6291	0	0	0.0	0
chr17_KI270729v1_random	258818	0	0	0.0	0
chr17_KI270729v1_random	261737	0	0	0.0	0
chr17_KI270730v1_random	59558	0	0	0.0	0
chr17_KI270730v1_random	62477	0	0	0.0	0
chr17_KI270730v1_random	83476	1	44	0.4037	1
chr17_KI270730v1_random	90643	1	3	0.06	1
chr17_KI270730v1_random	95826	0	0	0.0	0
chr17_KI270730v1_random	106811	1	22	0.6471	1
chr17_KI270857v1_alt	154475	0	0	0.0	0
chr17_KI270857v1_alt	298380	0	0	0.0	0
chr17_KI270857v1_alt	419512	0	0	0.0	0
chr17_KI270857v1_alt	484214	0	0	0.0	0
chr17_KI270857v1_alt	608106	0	0	0.0	0
chr17_KI270857v1_alt	630795	0	0	0.0	0
chr17_KI270857v1_alt	659187	0	0	0.0	0
chr17_KI270857v1_alt	695296	0	0	0.0	0
chr17_KI270857v1_alt	832425	0	0	0.0	0
chr17_KI270857v1_alt	846829	0	0	0.0	0
chr17_KI270857v1_alt	915037	0	0	0.0	0
chr17_KI270857v1_alt	962681	0	0	0.0	0
chr17_KI270857v1_alt	1477149	0	0	0.0	0
chr17_KI270857v1_alt	1512048	0	0	0.0	0
chr17_KI270857v1_alt	1598354	0	0	0.0	0
chr17_KI270857v1_alt	1806600	0	0	0.0	0
chr17_KI270857v1_alt	1884881	0	0	0.0	0
chr17_KI270857v1_alt	2031255	0	0	0.0	0
chr17_KI270857v1_alt	2034570	0	0	0.0	0
chr17_KI270857v1_alt	2056664	0	0	0.0	0
chr17_KI270857v1_alt	2155612	0	0	0.0	0
chr17_KI270857v1_alt	2212447	0	0	0.0	0
chr17_KI270857v1_alt	2359029	0	0	0.0	0
chr17_KI270857v1_alt	2372774	0	0	0.0	0
chr17_KI270857v1_alt	2466692	0	0	0.0	0
chr17_KI270857v1_alt	2489870	0	0	0.0	0
chr17_KI270857v1_alt	2529507	0	0	0.0	0
chr17_KI270857v1_alt	2624422	0	0	0.0	0
chr17_KI270857v1_alt	2712694	0	0	0.0	0
chr17_KI270857v1_alt	2821528	0	0	0.0	0
chr17_KI270857v1_alt	2832232	0	0	0.0	0
chr17_KI270859v1_alt	10588	0	0	0.0	0
chr17_KI270859v1_alt	87560	0	0	0.0	0
chr17_KI270860v1_alt	52131	0	0	0.0	0
chr17_KI270861v1_alt	72603	0	0	0.0	0
chr17_KI270862v1_alt	56099	0	0	0.0	0
chr17_KI270862v1_alt	246516	0	0	0.0	0
chr17_KI270862v1_alt	350356	0	0	0.0	0
chr17_KI270862v1_alt	368514	0	0	0.0	0
chr17_KI270907v1_alt	27686	0	0	0.0	0
chr17_KI270907v1_alt	72519	0	0	0.0	0
chr17_KI270908v1_alt	5331	0	0	0.0	0
chr17_KI270908v1_alt	30960	0	0	0.0	0
chr17_KI270908v1_alt	71226	0	0	0.0	0
chr17_KI270908v1_alt	255022	0	0	0.0	0
chr17_KI270908v1_alt	355644	0	0	0.0	0
chr17_KI270908v1_alt	451668	0	0	0.0	0
chr17_KI270908v1_alt	495354	0	0	0.0	0
chr17_KI270908v1_alt	523247	0	0	0.0	0
chr17_KI270908v1_alt	713170	0	0	0.0	0
chr17_KI270908v1_alt	815275	0	0	0.0	0
chr17_KI270908v1_alt	1029858	0	0	0.0	0
chr17_KI270908v1_alt	1369178	0	0	0.0	0
chr17_KI270908v1_alt	1384763	0	0	0.0	0
chr17_KI270909v1_alt	17589	0	0	0.0	0
chr17_KI270909v1_alt	138718	0	0	0.0	0
chr17_KI270909v1_alt	203491	0	0	0.0	0
chr17_KI270909v1_alt	226780	0	0	0.0	0
chr17_KI270909v1_alt	240307	0	0	0.0	0
chr17_KI270909v1_alt	305053	0	0	0.0	0
chr17_KI270910v1_alt	56099	0	0	0.0	0
chr18	26222	0	0	0.0	0
chr18	49138	0	0	0.0	0
chr18	156370	0	0	0.0	0
chr18	182884	0	0	0.0	0
chr18	218376	0	0	0.0	0
chr18	388808	0	0	0.0	0
chr18	415740	0	0	0.0	0
chr18	453081	0	0	0.0	0
chr18	477830	0	0	0.0	0
chr18	628400	0	0	0.0	0
chr18	659019	0	0	0.0	0
chr18	867608	0	0	0.0	0
chr18	883583	0	0	0.0	0
chr18	925081	0	0	0.0	0
chr18	955027	0	0	0.0	0
chr18	1035048	0	0	0.0	0
chr18	1071945	0	0	0.0	0
chr18	1127823	0	0	0.0	0
chr18	1157158	0	0	0.0	0
chr18	1198730	0	0	0.0	0
chr18	1250913	0	0	0.0	0
chr18	1308825	0	0	0.0	0
chr18	1417057	0	0	0.0	0
chr18	1482232	0	0	0.0	0
chr18	1858602	0	0	0.0	0
chr18	1954911	0	0	0.0	0
chr18	2045118	0	0	0.0	0
chr18	2111620	0	0	0.0	0
chr18	2125915	0	0	0.0	0
chr18	2185503	0	0	0.0	0
chr18	2285509	0	0	0.0	0
chr18	2468483	0	0	0.0	0
chr18	2597918	0	0	0.0	0
chr18	2765631	0	0	0.0	0
chr18	2855298	0	0	0.0	0
chr18	2876242	0	0	0.0	0
chr18	2920090	0	0	0.0	0
chr18	3044312	0	0	0.0	0
chr18	3116069	0	0	0.0	0
chr18	3148605	0	0	0.0	0
chr18	3219535	0	1	0.0167	0
chr18	3283016	0	0	0.0	0
chr18	3338314	0	0	0.0	0
chr18	3350447	0	0	0.0	0
chr18	3393315	0	0	0.0	0
chr18	3399221	0	0	0.0	0
chr18	3684461	0	0	0.0	0
chr18	3827158	0	0	0.0	0
chr18	3870742	0	0	0.0	0
chr18	4043786	0	0	0.0	0
chr18	4116967	0	0	0.0	0
chr18	4479613	0	0	0.0	0
chr18	4652633	0	0	0.0	0
chr18	5192788	0	0	0.0	0
chr18	5199574	0	0	0.0	0
chr18	5471389	0	0	0.0	0
chr18	5615644	0	0	0.0	0
chr18	5617000	0	0	0.0	0
chr18	5716190	0	1	0.0141	0
chr18	5769843	0	0	0.0	0
chr18	5937423	0	0	0.0	0
chr18	6080309	0	0	0.0	0
chr18	6086277	0	0	0.0	0
chr18	6224884	0	0	0.0	0
chr18	6526042	0	0	0.0	0
chr18	6573284	0	0	0.0	0
chr18	6670303	0	0	0.0	0
chr18	6770745	0	1	0.0263	0
chr18	6955063	0	0	0.0	0
chr18	6967639	0	0	0.0	0
chr18	6973738	0	0	0.0	0
chr18	7361005	0	0	0.0	0
chr18	7634464	0	1	0.0143	0
chr18	8191910	0	1	0.0192	0
chr18	8314983	0	0	0.0	0
chr18	8466441	0	0	0.0	0
chr18	8469714	0	0	0.0	0
chr18	8548699	0	0	0.0	0
chr18	8583699	0	0	0.0	0
chr18	8636184	0	0	0.0	0
chr18	8644069	0	0	0.0	0
chr18	8841504	0	0	0.0	0
chr18	8882330	0	1	0.0185	0
chr18	9041322	0	0	0.0	0
chr18	9206835	0	0	0.0	0
chr18	9285713	0	0	0.0	0
chr18	9438424	0	0	0.0	0
chr18	9477424	0	0	0.0	0
chr18	9540700	0	0	0.0	0
chr18	9677052	0	0	0.0	0
chr18	9766329	0	0	0.0	0
chr18	9869455	0	0	0.0	0
chr18	9943814	0	1	0.0833	0
chr18	10159570	0	0	0.0	0
chr18	10196598	0	0	0.0	0
chr18	10196954	0	0	0.0	0
chr18	10213810	0	0	0.0	0
chr18	10372327	0	0	0.0	0
chr18	10468649	0	0	0.0	0
chr18	10473025	0	0	0.0	0
chr18	10723917	0	0	0.0	0
chr18	10739476	0	0	0.0	0
chr18	10758285	0	0	0.0	0
chr18	11039479	0	0	0.0	0
chr18	11129970	0	0	0.0	0
chr18	11166500	0	0	0.0	0
chr18	11286840	0	0	0.0	0
chr18	11516835	0	0	0.0	0
chr18	11550843	0	0	0.0	0
chr18	11577067	0	0	0.0	0
chr18	12012451	0	0	0.0	0
chr18	12063181	0	0	0.0	0
chr18	12376201	0	0	0.0	0
chr18	12460055	0	0	0.0	0
chr18	12758749	0	0	0.0	0
chr18	12768263	0	0	0.0	0
chr18	12789342	0	0	0.0	0
chr18	12900248	0	0	0.0	0
chr18	12938403	0	0	0.0	0
chr18	12947069	0	0	0.0	0
chr18	13118955	0	0	0.0	0
chr18	13125486	0	0	0.0	0
chr18	13134699	0	0	0.0	0
chr18	13299476	0	0	0.0	0
chr18	13302623	0	0	0.0	0
chr18	13321069	0	0	0.0	0
chr18	13390332	0	0	0.0	0
chr18	13395968	0	0	0.0	0
chr18	13446788	0	0	0.0	0
chr18	13509379	0	0	0.0	0
chr18	13550616	0	0	0.0	0
chr18	13554919	0	0	0.0	0
chr18	13566834	0	0	0.0	0
chr18	13567290	0	0	0.0	0
chr18	13589624	0	0	0.0	0
chr18	13594447	0	0	0.0	0
chr18	13601710	0	0	0.0	0
chr18	13620532	0	0	0.0	0
chr18	13721646	0	0	0.0	0
chr18	13817568	0	0	0.0	0
chr18	13863106	0	0	0.0	0
chr18	13888682	0	0	0.0	0
chr18	14025949	0	0	0.0	0
chr18	14028678	0	0	0.0	0
chr18	14036778	0	0	0.0	0
chr18	14090074	0	0	0.0	0
chr18	14126863	0	0	0.0	0
chr18	14267850	0	0	0.0	0
chr18	14295357	0	0	0.0	0
chr18	14308155	0	0	0.0	0
chr18	14329457	0	0	0.0	0
chr18	14670773	0	0	0.0	0
chr18	15002596	0	0	0.0	0
chr18	15147518	0	0	0.0	0
chr18	15311846	0	1	0.0127	0
chr18	15364488	0	0	0.0	0
chr18	15389338	0	0	0.0	0
chr18	15406424	0	0	0.0	0
chr18	15410184	0	0	0.0	0
chr18	20976118	0	0	0.0	0
chr18	20998098	0	0	0.0	0
chr18	21067694	0	0	0.0	0
chr18	21244607	0	0	0.0	0
chr18	21291111	0	0	0.0	0
chr18	21596907	0	0	0.0	0
chr18	21603035	0	0	0.0	0
chr18	21615372	0	0	0.0	0
chr18	21652811	0	0	0.0	0
chr18	21780168	0	0	0.0	0
chr18	22430315	0	0	0.0	0
chr18	22517641	0	0	0.0	0
chr18	22559607	0	0	0.0	0
chr18	22592751	0	0	0.0	0
chr18	22685915	0	0	0.0	0
chr18	22696069	0	0	0.0	0
chr18	22871503	0	0	0.0	0
chr18	22872618	0	0	0.0	0
chr18	23060400	0	0	0.0	0
chr18	23076799	0	0	0.0	0
chr18	23077828	0	0	0.0	0
chr18	23114793	0	0	0.0	0
chr18	23161576	0	0	0.0	0
chr18	23267195	0	0	0.0	0
chr18	23295910	0	0	0.0	0
chr18	23317319	0	0	0.0	0
chr18	23393880	0	0	0.0	0
chr18	23434020	0	0	0.0	0
chr18	23479024	0	0	0.0	0
chr18	23489720	0	0	0.0	0
chr18	23665832	0	0	0.0	0
chr18	23702080	0	0	0.0	0
chr18	23790524	0	0	0.0	0
chr18	23830519	0	0	0.0	0
chr18	24284182	0	0	0.0	0
chr18	24329247	0	0	0.0	0
chr18	24400146	0	0	0.0	0
chr18	24486603	0	0	0.0	0
chr18	24534251	0	0	0.0	0
chr18	24538906	0	0	0.0	0
chr18	24564445	0	0	0.0	0
chr18	24729823	0	0	0.0	0
chr18	24808086	0	0	0.0	0
chr18	25037103	0	0	0.0	0
chr18	25037997	0	0	0.0	0
chr18	25059702	0	0	0.0	0
chr18	25086908	0	0	0.0	0
chr18	25139513	0	0	0.0	0
chr18	25337887	0	0	0.0	0
chr18	25380378	0	0	0.0	0
chr18	25499048	0	0	0.0	0
chr18	25610505	0	0	0.0	0
chr18	25619054	0	0	0.0	0
chr18	25713109	0	0	0.0	0
chr18	25830923	0	0	0.0	0
chr18	26031853	0	0	0.0	0
chr18	26206493	0	0	0.0	0
chr18	26360661	0	0	0.0	0
chr18	26451280	0	0	0.0	0
chr18	26571077	0	0	0.0	0
chr18	26683315	0	0	0.0	0
chr18	26742738	0	0	0.0	0
chr18	26868052	0	0	0.0	0
chr18	26923577	0	0	0.0	0
chr18	27324128	0	0	0.0	0
chr18	27331392	0	0	0.0	0
chr18	27570836	0	0	0.0	0
chr18	27595948	0	0	0.0	0
chr18	27618650	0	0	0.0	0
chr18	27660130	0	0	0.0	0
chr18	27710108	0	0	0.0	0
chr18	27838508	0	0	0.0	0
chr18	27953825	0	0	0.0	0
chr18	27978917	0	0	0.0	0
chr18	28077463	0	0	0.0	0
chr18	28377721	0	0	0.0	0
chr18	28576444	0	0	0.0	0
chr18	28578540	0	0	0.0	0
chr18	28865391	0	0	0.0	0
chr18	28917319	0	0	0.0	0
chr18	29053633	0	0	0.0	0
chr18	29398918	0	0	0.0	0
chr18	29704051	0	0	0.0	0
chr18	29750936	0	0	0.0	0
chr18	29790093	0	0	0.0	0
chr18	29827623	0	0	0.0	0
chr18	29937176	0	0	0.0	0
chr18	30081672	0	0	0.0	0
chr18	30180882	0	0	0.0	0
chr18	30245283	0	0	0.0	0
chr18	30366336	0	0	0.0	0
chr18	30370779	0	0	0.0	0
chr18	30389430	0	1	0.0169	0
chr18	30428051	0	0	0.0	0
chr18	30440778	0	0	0.0	0
chr18	30541607	0	0	0.0	0
chr18	30555309	0	0	0.0	0
chr18	30673129	0	0	0.0	0
chr18	30784726	0	0	0.0	0
chr18	30853394	0	0	0.0	0
chr18	30879472	0	0	0.0	0
chr18	30880031	0	0	0.0	0
chr18	31008088	0	0	0.0	0
chr18	31074785	0	0	0.0	0
chr18	31225029	0	0	0.0	0
chr18	31227823	0	0	0.0	0
chr18	31485046	0	1	0.0128	0
chr18	31487971	0	0	0.0	0
chr18	31559919	0	0	0.0	0
chr18	31936117	0	0	0.0	0
chr18	31950408	0	0	0.0	0
chr18	31956418	0	0	0.0	0
chr18	32126380	0	0	0.0	0
chr18	32167529	0	0	0.0	0
chr18	32244006	0	0	0.0	0
chr18	32753454	0	0	0.0	0
chr18	32773437	0	0	0.0	0
chr18	32789083	0	0	0.0	0
chr18	32905633	0	0	0.0	0
chr18	32907763	0	0	0.0	0
chr18	32915580	0	0	0.0	0
chr18	33038691	0	0	0.0	0
chr18	33317262	0	0	0.0	0
chr18	33491048	0	0	0.0	0
chr18	33495545	0	0	0.0	0
chr18	33675067	0	0	0.0	0
chr18	33838182	0	0	0.0	0
chr18	33884043	0	0	0.0	0
chr18	33890924	0	0	0.0	0
chr18	33891413	0	0	0.0	0
chr18	33952442	0	0	0.0	0
chr18	33995223	0	0	0.0	0
chr18	34279368	0	0	0.0	0
chr18	34297142	0	0	0.0	0
chr18	34359150	0	0	0.0	0
chr18	34360387	0	0	0.0	0
chr18	34397976	0	0	0.0	0
chr18	34602635	0	0	0.0	0
chr18	34767724	1	56	0.8358	1
chr18	34890373	0	0	0.0	0
chr18	35126980	0	0	0.0	0
chr18	35184803	0	0	0.0	0
chr18	35215363	0	0	0.0	0
chr18	35241127	0	0	0.0	0
chr18	35280166	0	0	0.0	0
chr18	35290474	0	0	0.0	0
chr18	35376787	0	0	0.0	0
chr18	35385314	0	0	0.0	0
chr18	35497972	0	0	0.0	0
chr18	35706713	0	0	0.0	0
chr18	35715301	0	0	0.0	0
chr18	35973253	0	0	0.0	0
chr18	36032496	0	0	0.0	0
chr18	36039842	0	1	0.0175	0
chr18	36045024	0	0	0.0	0
chr18	36101589	0	0	0.0	0
chr18	36176792	0	0	0.0	0
chr18	36316036	0	0	0.0	0
chr18	36409988	0	0	0.0	0
chr18	36441205	0	0	0.0	0
chr18	36441575	0	0	0.0	0
chr18	36635844	0	0	0.0	0
chr18	36773676	0	0	0.0	0
chr18	36798146	0	0	0.0	0
chr18	36895872	0	0	0.0	0
chr18	37112721	0	0	0.0	0
chr18	37218358	0	0	0.0	0
chr18	37265578	0	0	0.0	0
chr18	37304014	0	0	0.0	0
chr18	37326656	0	0	0.0	0
chr18	37341282	0	0	0.0	0
chr18	37378169	0	0	0.0	0
chr18	37395951	0	0	0.0	0
chr18	37457944	0	0	0.0	0
chr18	37517863	0	0	0.0	0
chr18	37542995	0	0	0.0	0
chr18	37569077	0	0	0.0	0
chr18	37850305	0	0	0.0	0
chr18	37856100	0	0	0.0	0
chr18	37970627	0	0	0.0	0
chr18	38049524	0	0	0.0	0
chr18	38224959	0	0	0.0	0
chr18	38507196	0	0	0.0	0
chr18	39014692	0	0	0.0	0
chr18	39273760	0	0	0.0	0
chr18	39408171	0	0	0.0	0
chr18	39495661	0	0	0.0	0
chr18	39658326	0	0	0.0	0
chr18	39681469	0	0	0.0	0
chr18	39873751	0	0	0.0	0
chr18	40274830	0	0	0.0	0
chr18	40475862	0	1	0.0154	0
chr18	40799348	0	0	0.0	0
chr18	40856157	0	0	0.0	0
chr18	40985602	0	0	0.0	0
chr18	41144378	0	0	0.0	0
chr18	41228032	0	0	0.0	0
chr18	41228763	0	1	0.0278	0
chr18	41370678	0	0	0.0	0
chr18	41616951	0	0	0.0	0
chr18	41654848	0	0	0.0	0
chr18	41748885	0	0	0.0	0
chr18	41879839	0	0	0.0	0
chr18	41933822	0	0	0.0	0
chr18	42365348	0	0	0.0	0
chr18	42451627	0	0	0.0	0
chr18	42509202	0	0	0.0	0
chr18	42525063	0	0	0.0	0
chr18	42600676	0	0	0.0	0
chr18	42755083	0	0	0.0	0
chr18	42881181	0	0	0.0	0
chr18	42956248	0	0	0.0	0
chr18	43091234	0	0	0.0	0
chr18	43137215	0	0	0.0	0
chr18	43220549	0	0	0.0	0
chr18	43512549	0	0	0.0	0
chr18	43791712	0	0	0.0	0
chr18	43911436	0	0	0.0	0
chr18	44046559	0	0	0.0	0
chr18	44344369	0	0	0.0	0
chr18	44349946	0	0	0.0	0
chr18	44391977	0	0	0.0	0
chr18	44779016	0	0	0.0	0
chr18	44833426	0	0	0.0	0
chr18	44959823	0	0	0.0	0
chr18	44970213	0	0	0.0	0
chr18	44981768	0	0	0.0	0
chr18	45158877	0	0	0.0	0
chr18	45203012	0	0	0.0	0
chr18	45418552	0	0	0.0	0
chr18	45453304	0	0	0.0	0
chr18	45781597	0	0	0.0	0
chr18	45826769	0	0	0.0	0
chr18	45829786	0	0	0.0	0
chr18	46118831	0	0	0.0	0
chr18	46144708	0	0	0.0	0
chr18	46182421	0	0	0.0	0
chr18	46265704	0	0	0.0	0
chr18	46340156	0	0	0.0	0
chr18	46355299	0	0	0.0	0
chr18	46399689	0	0	0.0	0
chr18	46682472	0	1	0.0238	0
chr18	47051637	0	0	0.0	0
chr18	47201722	0	0	0.0	0
chr18	47209881	0	0	0.0	0
chr18	47328506	0	0	0.0	0
chr18	47383369	0	0	0.0	0
chr18	47391096	0	0	0.0	0
chr18	47396890	0	0	0.0	0
chr18	47417573	0	0	0.0	0
chr18	47532150	0	0	0.0	0
chr18	47651094	0	0	0.0	0
chr18	47767936	0	0	0.0	0
chr18	47773715	0	0	0.0	0
chr18	47795533	0	0	0.0	0
chr18	47953875	0	0	0.0	0
chr18	47991708	0	0	0.0	0
chr18	48035521	0	0	0.0	0
chr18	48035881	0	0	0.0	0
chr18	48131152	0	0	0.0	0
chr18	48148600	0	0	0.0	0
chr18	48190460	0	0	0.0	0
chr18	48205539	0	0	0.0	0
chr18	48245734	0	0	0.0	0
chr18	48385934	0	0	0.0	0
chr18	48412509	0	0	0.0	0
chr18	48442789	0	0	0.0	0
chr18	48581462	0	0	0.0	0
chr18	48628328	0	0	0.0	0
chr18	48663740	0	0	0.0	0
chr18	48674488	0	0	0.0	0
chr18	48730921	0	0	0.0	0
chr18	48824299	0	0	0.0	0
chr18	48869416	0	0	0.0	0
chr18	48871250	0	0	0.0	0
chr18	48978549	0	0	0.0	0
chr18	48995481	0	0	0.0	0
chr18	49003835	0	0	0.0	0
chr18	49349930	0	0	0.0	0
chr18	49446649	0	0	0.0	0
chr18	49488167	0	0	0.0	0
chr18	49589170	0	0	0.0	0
chr18	49700967	0	0	0.0	0
chr18	49708314	0	0	0.0	0
chr18	49751483	0	0	0.0	0
chr18	49757301	0	0	0.0	0
chr18	49819698	0	0	0.0	0
chr18	50006301	0	0	0.0	0
chr18	50130755	0	0	0.0	0
chr18	50198409	0	0	0.0	0
chr18	50230307	0	0	0.0	0
chr18	50295574	0	0	0.0	0
chr18	50543030	0	0	0.0	0
chr18	50716940	0	0	0.0	0
chr18	50729696	0	0	0.0	0
chr18	50750863	0	0	0.0	0
chr18	50775095	0	0	0.0	0
chr18	50966536	0	0	0.0	0
chr18	51017345	0	0	0.0	0
chr18	51194289	0	0	0.0	0
chr18	51586348	0	0	0.0	0
chr18	51658718	0	0	0.0	0
chr18	51720042	0	0	0.0	0
chr18	52049294	0	0	0.0	0
chr18	52133566	0	0	0.0	0
chr18	52156454	0	0	0.0	0
chr18	52216307	0	0	0.0	0
chr18	52380740	0	0	0.0	0
chr18	52424264	0	0	0.0	0
chr18	52633405	0	0	0.0	0
chr18	52668905	0	0	0.0	0
chr18	52707546	0	0	0.0	0
chr18	52709112	0	1	0.02	0
chr18	52821854	0	0	0.0	0
chr18	52842683	0	0	0.0	0
chr18	52958099	0	0	0.0	0
chr18	52972286	0	0	0.0	0
chr18	52983319	0	0	0.0	0
chr18	53150613	0	0	0.0	0
chr18	53400214	0	0	0.0	0
chr18	53496303	0	0	0.0	0
chr18	53641665	0	0	0.0	0
chr18	53676633	1	5	0.2174	1
chr18	53722019	0	0	0.0	0
chr18	53821748	0	0	0.0	0
chr18	53882283	0	0	0.0	0
chr18	53898853	0	0	0.0	0
chr18	53934451	0	0	0.0	0
chr18	54029837	0	0	0.0	0
chr18	54059418	0	0	0.0	0
chr18	54200836	0	0	0.0	0
chr18	54219629	0	0	0.0	0
chr18	54346114	0	0	0.0	0
chr18	54457675	0	0	0.0	0
chr18	54463566	0	0	0.0	0
chr18	54595551	0	0	0.0	0
chr18	54597830	0	0	0.0	0
chr18	55143674	0	0	0.0	0
chr18	55161555	0	1	0.0238	0
chr18	55171496	0	0	0.0	0
chr18	55265384	0	0	0.0	0
chr18	55521628	0	0	0.0	0
chr18	55560961	0	0	0.0	0
chr18	55605895	0	0	0.0	0
chr18	55697494	0	0	0.0	0
chr18	55973412	0	1	0.0167	0
chr18	56010955	0	0	0.0	0
chr18	56106075	0	0	0.0	0
chr18	56275076	0	0	0.0	0
chr18	56291379	0	0	0.0	0
chr18	56292468	0	0	0.0	0
chr18	56313077	0	0	0.0	0
chr18	56495769	0	1	0.0233	0
chr18	56635596	0	0	0.0	0
chr18	56681067	0	0	0.0	0
chr18	56696033	0	0	0.0	0
chr18	56843567	0	0	0.0	0
chr18	56860040	0	0	0.0	0
chr18	56861515	0	0	0.0	0
chr18	56909016	0	1	0.0196	0
chr18	56932516	0	0	0.0	0
chr18	56982266	0	0	0.0	0
chr18	57254890	0	0	0.0	0
chr18	57315014	0	0	0.0	0
chr18	57480648	0	0	0.0	0
chr18	57599628	0	0	0.0	0
chr18	57712974	0	0	0.0	0
chr18	57760444	0	0	0.0	0
chr18	57942270	0	0	0.0	0
chr18	57996734	0	0	0.0	0
chr18	58059353	0	0	0.0	0
chr18	58123090	0	0	0.0	0
chr18	58140954	0	0	0.0	0
chr18	58184649	0	0	0.0	0
chr18	58191750	0	0	0.0	0
chr18	58242629	0	0	0.0	0
chr18	58273001	0	0	0.0	0
chr18	58291283	0	0	0.0	0
chr18	58302286	0	0	0.0	0
chr18	58309849	0	0	0.0	0
chr18	58324480	0	0	0.0	0
chr18	58371436	0	0	0.0	0
chr18	58387320	0	0	0.0	0
chr18	58405228	0	0	0.0	0
chr18	58406315	0	0	0.0	0
chr18	58440853	0	0	0.0	0
chr18	58557297	0	0	0.0	0
chr18	58827169	0	0	0.0	0
chr18	58955148	0	0	0.0	0
chr18	59069665	0	0	0.0	0
chr18	59141734	0	0	0.0	0
chr18	59297662	0	0	0.0	0
chr18	59418761	0	0	0.0	0
chr18	59499542	0	0	0.0	0
chr18	59650988	0	0	0.0	0
chr18	59653617	0	0	0.0	0
chr18	59660988	1	32	0.4706	1
chr18	59792328	0	0	0.0	0
chr18	59873588	0	0	0.0	0
chr18	60010608	0	0	0.0	0
chr18	60142926	0	0	0.0	0
chr18	60594046	0	0	0.0	0
chr18	60606909	0	0	0.0	0
chr18	60866945	0	0	0.0	0
chr18	61047123	0	0	0.0	0
chr18	61389847	0	0	0.0	0
chr18	61394767	0	0	0.0	0
chr18	61481103	0	0	0.0	0
chr18	61688322	0	0	0.0	0
chr18	61696945	0	0	0.0	0
chr18	61754845	0	0	0.0	0
chr18	61783791	0	0	0.0	0
chr18	61855511	0	0	0.0	0
chr18	61950970	0	0	0.0	0
chr18	61959928	0	2	0.0526	0
chr18	62208065	0	0	0.0	0
chr18	62252965	0	0	0.0	0
chr18	62292676	0	0	0.0	0
chr18	62383183	0	0	0.0	0
chr18	62392143	0	0	0.0	0
chr18	62689788	0	0	0.0	0
chr18	62735172	0	0	0.0	0
chr18	62803732	0	0	0.0	0
chr18	62959424	0	0	0.0	0
chr18	62987817	0	0	0.0	0
chr18	62996321	0	0	0.0	0
chr18	63030716	0	0	0.0	0
chr18	63044903	0	0	0.0	0
chr18	63062514	0	0	0.0	0
chr18	63080390	0	0	0.0	0
chr18	63100621	0	0	0.0	0
chr18	63154279	0	0	0.0	0
chr18	63255968	0	1	0.0286	0
chr18	63297137	0	0	0.0	0
chr18	63661298	0	0	0.0	0
chr18	63846083	0	0	0.0	0
chr18	64043343	0	0	0.0	0
chr18	64069446	0	1	0.0182	0
chr18	64418460	0	1	0.0182	0
chr18	64589336	0	0	0.0	0
chr18	64593283	0	0	0.0	0
chr18	64629832	0	0	0.0	0
chr18	64635635	0	0	0.0	0
chr18	64840926	0	0	0.0	0
chr18	64931502	0	0	0.0	0
chr18	65084747	0	0	0.0	0
chr18	65102223	0	0	0.0	0
chr18	65127268	0	0	0.0	0
chr18	65136387	0	0	0.0	0
chr18	65146490	0	0	0.0	0
chr18	65272689	0	0	0.0	0
chr18	65441578	0	0	0.0	0
chr18	65642950	0	0	0.0	0
chr18	65679772	0	0	0.0	0
chr18	65850748	0	0	0.0	0
chr18	65903556	0	0	0.0	0
chr18	65931227	0	0	0.0	0
chr18	65934161	0	0	0.0	0
chr18	66218516	0	0	0.0	0
chr18	66252946	0	0	0.0	0
chr18	66279213	0	0	0.0	0
chr18	66529905	0	0	0.0	0
chr18	68289008	0	0	0.0	0
chr18	68329556	0	0	0.0	0
chr18	68490284	0	0	0.0	0
chr18	68522988	0	0	0.0	0
chr18	68707271	0	0	0.0	0
chr18	68944125	0	0	0.0	0
chr18	68966927	0	0	0.0	0
chr18	69517323	0	0	0.0	0
chr18	69586818	0	0	0.0	0
chr18	69704254	0	0	0.0	0
chr18	69836733	0	0	0.0	0
chr18	69895965	0	0	0.0	0
chr18	70104779	0	0	0.0	0
chr18	70110855	0	0	0.0	0
chr18	70144613	0	0	0.0	0
chr18	70180212	0	0	0.0	0
chr18	70292915	0	0	0.0	0
chr18	70492429	0	0	0.0	0
chr18	70829194	0	0	0.0	0
chr18	70936120	0	0	0.0	0
chr18	71041597	0	0	0.0	0
chr18	71110492	0	0	0.0	0
chr18	71195075	0	0	0.0	0
chr18	71355014	0	0	0.0	0
chr18	71405479	0	0	0.0	0
chr18	71440455	0	0	0.0	0
chr18	71481115	0	0	0.0	0
chr18	71482245	0	0	0.0	0
chr18	71482879	0	0	0.0	0
chr18	71642646	0	0	0.0	0
chr18	71772831	0	0	0.0	0
chr18	71797651	0	0	0.0	0
chr18	71849407	0	0	0.0	0
chr18	71858810	0	0	0.0	0
chr18	72055368	0	0	0.0	0
chr18	72142602	0	0	0.0	0
chr18	72201757	0	0	0.0	0
chr18	72316896	0	0	0.0	0
chr18	72328379	0	0	0.0	0
chr18	72379144	0	0	0.0	0
chr18	72428247	0	0	0.0	0
chr18	72535603	0	0	0.0	0
chr18	72863624	0	1	0.02	0
chr18	72923010	0	0	0.0	0
chr18	73174814	0	0	0.0	0
chr18	73255521	0	0	0.0	0
chr18	73409493	0	0	0.0	0
chr18	73695287	0	0	0.0	0
chr18	73949766	0	0	0.0	0
chr18	73961239	0	0	0.0	0
chr18	74228386	0	0	0.0	0
chr18	74391968	0	0	0.0	0
chr18	74415361	0	0	0.0	0
chr18	74428903	0	0	0.0	0
chr18	74435338	0	0	0.0	0
chr18	74545033	0	0	0.0	0
chr18	74873633	0	0	0.0	0
chr18	75027524	0	0	0.0	0
chr18	75063999	0	0	0.0	0
chr18	75075407	0	0	0.0	0
chr18	75098368	0	1	0.0278	0
chr18	75112962	0	0	0.0	0
chr18	75201707	0	0	0.0	0
chr18	75221012	0	0	0.0	0
chr18	75360665	0	0	0.0	0
chr18	75373170	0	0	0.0	0
chr18	75383861	0	0	0.0	0
chr18	75540639	0	0	0.0	0
chr18	75608093	0	0	0.0	0
chr18	75754850	0	0	0.0	0
chr18	75771201	0	0	0.0	0
chr18	75826425	0	0	0.0	0
chr18	75978576	0	0	0.0	0
chr18	76134139	0	0	0.0	0
chr18	76144023	0	0	0.0	0
chr18	76169793	0	0	0.0	0
chr18	76203599	0	0	0.0	0
chr18	76307326	0	0	0.0	0
chr18	76312812	0	0	0.0	0
chr18	76399996	0	0	0.0	0
chr18	76432741	0	0	0.0	0
chr18	76434319	0	0	0.0	0
chr18	76455481	0	0	0.0	0
chr18	76557584	0	0	0.0	0
chr18	76585162	0	0	0.0	0
chr18	76601528	0	0	0.0	0
chr18	76616748	0	0	0.0	0
chr18	76637976	0	0	0.0	0
chr18	76644467	0	0	0.0	0
chr18	76691320	1	36	1.0	1
chr18	76772346	0	0	0.0	0
chr18	76795233	0	0	0.0	0
chr18	76977522	0	0	0.0	0
chr18	77077473	0	0	0.0	0
chr18	77090853	0	0	0.0	0
chr18	77093253	0	0	0.0	0
chr18	77134503	0	0	0.0	0
chr18	77144109	0	0	0.0	0
chr18	77831382	0	0	0.0	0
chr18	77837254	0	0	0.0	0
chr18	77857935	0	0	0.0	0
chr18	77892890	0	0	0.0	0
chr18	78168906	0	0	0.0	0
chr18	78176859	0	0	0.0	0
chr18	78232136	0	0	0.0	0
chr18	78464386	0	0	0.0	0
chr18	78474425	0	1	0.0139	0
chr18	78475771	0	0	0.0	0
chr18	78479206	0	0	0.0	0
chr18	78601067	0	0	0.0	0
chr18	78601220	0	0	0.0	0
chr18	78658355	0	1	0.0119	0
chr18	78660281	0	0	0.0	0
chr18	78705986	0	0	0.0	0
chr18	78719967	0	0	0.0	0
chr18	78896142	0	0	0.0	0
chr18	78935850	0	0	0.0	0
chr18	79057312	0	0	0.0	0
chr18	79132141	0	0	0.0	0
chr18	79162766	0	0	0.0	0
chr18	79393461	0	0	0.0	0
chr18	79435895	0	0	0.0	0
chr18	79442705	0	0	0.0	0
chr18	79526975	0	0	0.0	0
chr18	79527779	0	0	0.0	0
chr18	79549878	0	0	0.0	0
chr18	79584173	0	0	0.0	0
chr18	79657424	0	0	0.0	0
chr18	79657593	0	0	0.0	0
chr18	79690488	0	0	0.0	0
chr18	79715569	0	0	0.0	0
chr18	79727789	0	0	0.0	0
chr18	79756078	0	0	0.0	0
chr18	79814149	0	0	0.0	0
chr18	79817246	0	0	0.0	0
chr18	79905591	0	0	0.0	0
chr18	79939775	0	0	0.0	0
chr18	80094022	0	0	0.0	0
chr18	80107476	0	0	0.0	0
chr18	80150347	0	0	0.0	0
chr18_GL383567v1_alt	3381	0	0	0.0	0
chr18_GL383567v1_alt	258069	0	0	0.0	0
chr18_GL383569v1_alt	107600	0	0	0.0	0
chr18_GL383570v1_alt	101601	0	0	0.0	0
chr18_GL383572v1_alt	964	0	0	0.0	0
chr18_KI270863v1_alt	100056	0	0	0.0	0
chr18_KI270911v1_alt	964	0	0	0.0	0
chr18_KI270912v1_alt	107600	0	0	0.0	0
chr18_KI270912v1_alt	168017	0	0	0.0	0
chr19	257261	0	0	0.0	0
chr19	281159	0	0	0.0	0
chr19	293715	0	0	0.0	0
chr19	318378	0	0	0.0	0
chr19	459652	0	2	0.0107	0
chr19	601602	0	0	0.0	0
chr19	610397	0	0	0.0	0
chr19	676383	0	0	0.0	0
chr19	723431	0	0	0.0	0
chr19	898726	0	0	0.0	0
chr19	909847	0	0	0.0	0
chr19	912695	0	0	0.0	0
chr19	949022	0	0	0.0	0
chr19	957173	0	0	0.0	0
chr19	1007374	0	0	0.0	0
chr19	1013470	0	0	0.0	0
chr19	1106090	0	0	0.0	0
chr19	1182190	0	1	0.0156	0
chr19	1190368	0	1	0.0167	0
chr19	1288732	0	0	0.0	0
chr19	1567572	0	0	0.0	0
chr19	1599358	0	0	0.0	0
chr19	1645416	0	0	0.0	0
chr19	1650755	0	1	0.0125	0
chr19	1653823	0	0	0.0	0
chr19	1751350	0	0	0.0	0
chr19	1828453	0	0	0.0	0
chr19	1832248	0	0	0.0	0
chr19	1839461	0	0	0.0	0
chr19	1847436	0	0	0.0	0
chr19	1923886	0	0	0.0	0
chr19	2005539	0	0	0.0	0
chr19	2072807	0	0	0.0	0
chr19	2124112	0	0	0.0	0
chr19	2188408	0	0	0.0	0
chr19	2247650	0	0	0.0	0
chr19	2248389	0	0	0.0	0
chr19	2287827	0	0	0.0	0
chr19	2309603	0	0	0.0	0
chr19	2340330	0	0	0.0	0
chr19	2357011	0	0	0.0	0
chr19	2357748	0	0	0.0	0
chr19	2468637	0	0	0.0	0
chr19	2549550	0	0	0.0	0
chr19	2586208	0	0	0.0	0
chr19	2658467	0	0	0.0	0
chr19	2673183	0	0	0.0	0
chr19	2713165	0	0	0.0	0
chr19	2777224	0	0	0.0	0
chr19	3084815	0	0	0.0	0
chr19	3153344	0	0	0.0	0
chr19	3203674	0	0	0.0	0
chr19	3357151	0	0	0.0	0
chr19	3484782	1	4	0.0571	1
chr19	3520578	0	0	0.0	0
chr19	3522126	0	0	0.0	0
chr19	3600336	0	0	0.0	0
chr19	3613779	0	0	0.0	0
chr19	3670338	0	0	0.0	0
chr19	3752521	0	0	0.0	0
chr19	3754054	0	0	0.0	0
chr19	3805758	0	0	0.0	0
chr19	3821870	0	0	0.0	0
chr19	3840057	0	0	0.0	0
chr19	3928576	0	0	0.0	0
chr19	3931463	0	0	0.0	0
chr19	3964879	0	0	0.0	0
chr19	4025112	0	0	0.0	0
chr19	4062550	0	0	0.0	0
chr19	4069538	0	0	0.0	0
chr19	4135898	0	0	0.0	0
chr19	4437442	0	0	0.0	0
chr19	4479208	0	0	0.0	0
chr19	4521734	0	0	0.0	0
chr19	4547231	0	0	0.0	0
chr19	4673936	0	0	0.0	0
chr19	4675737	0	0	0.0	0
chr19	4676997	0	0	0.0	0
chr19	4717925	0	0	0.0	0
chr19	4721537	0	0	0.0	0
chr19	4806241	0	0	0.0	0
chr19	4807293	0	0	0.0	0
chr19	4811076	0	0	0.0	0
chr19	4937960	0	0	0.0	0
chr19	4943440	0	0	0.0	0
chr19	5064753	0	0	0.0	0
chr19	5209367	0	0	0.0	0
chr19	5257351	0	0	0.0	0
chr19	5435868	0	0	0.0	0
chr19	5443458	0	0	0.0	0
chr19	5477506	0	0	0.0	0
chr19	5537911	0	0	0.0	0
chr19	5584747	0	0	0.0	0
chr19	5619128	0	0	0.0	0
chr19	5658450	0	0	0.0	0
chr19	5724324	0	0	0.0	0
chr19	5780787	0	0	0.0	0
chr19	5806689	0	0	0.0	0
chr19	5842143	0	0	0.0	0
chr19	5877295	0	0	0.0	0
chr19	5974171	0	0	0.0	0
chr19	6013900	0	0	0.0	0
chr19	6021818	0	0	0.0	0
chr19	6105353	0	0	0.0	0
chr19	6213122	0	1	0.0133	0
chr19	6213662	0	0	0.0	0
chr19	6250465	0	0	0.0	0
chr19	6326219	0	0	0.0	0
chr19	6326753	0	0	0.0	0
chr19	6376064	0	0	0.0	0
chr19	6416917	0	0	0.0	0
chr19	6713453	0	0	0.0	0
chr19	6833232	0	0	0.0	0
chr19	6957781	0	0	0.0	0
chr19	6959211	0	0	0.0	0
chr19	7110444	0	0	0.0	0
chr19	7211745	0	0	0.0	0
chr19	7319243	0	0	0.0	0
chr19	7334425	0	0	0.0	0
chr19	7418154	0	0	0.0	0
chr19	7482736	0	0	0.0	0
chr19	7514577	0	0	0.0	0
chr19	7530132	0	1	0.0556	0
chr19	7562830	0	0	0.0	0
chr19	7748535	0	0	0.0	0
chr19	7777298	0	0	0.0	0
chr19	7811180	0	0	0.0	0
chr19	7890325	0	0	0.0	0
chr19	7900117	0	0	0.0	0
chr19	8008828	0	0	0.0	0
chr19	8127740	0	0	0.0	0
chr19	8167626	0	0	0.0	0
chr19	8207599	0	0	0.0	0
chr19	8334575	0	0	0.0	0
chr19	8374023	0	0	0.0	0
chr19	8375433	0	0	0.0	0
chr19	8396993	0	0	0.0	0
chr19	8409507	0	0	0.0	0
chr19	8604989	0	0	0.0	0
chr19	8612259	0	0	0.0	0
chr19	8615118	0	0	0.0	0
chr19	8820604	1	41	0.8039	1
chr19	8892912	0	0	0.0	0
chr19	8900020	0	0	0.0	0
chr19	8903217	0	0	0.0	0
chr19	8906029	0	0	0.0	0
chr19	8908647	0	0	0.0	0
chr19	8913506	0	0	0.0	0
chr19	8916588	0	0	0.0	0
chr19	8998536	0	0	0.0	0
chr19	9176035	0	0	0.0	0
chr19	9225132	0	0	0.0	0
chr19	9319189	0	0	0.0	0
chr19	9425567	0	0	0.0	0
chr19	9442700	0	0	0.0	0
chr19	9454449	0	0	0.0	0
chr19	9630601	0	0	0.0	0
chr19	9717398	0	0	0.0	0
chr19	9726864	0	0	0.0	0
chr19	9742990	0	0	0.0	0
chr19	9891926	0	0	0.0	0
chr19	9949089	0	0	0.0	0
chr19	9970300	0	1	0.0625	0
chr19	10043714	0	0	0.0	0
chr19	10125172	0	0	0.0	0
chr19	10243772	0	0	0.0	0
chr19	10337842	0	0	0.0	0
chr19	10346569	0	0	0.0	0
chr19	10386895	0	0	0.0	0
chr19	10464668	0	0	0.0	0
chr19	10579892	0	0	0.0	0
chr19	10649537	0	0	0.0	0
chr19	10681118	0	0	0.0	0
chr19	10730693	0	0	0.0	0
chr19	10815382	0	0	0.0	0
chr19	10835305	0	0	0.0	0
chr19	10947612	0	0	0.0	0
chr19	11484087	0	0	0.0	0
chr19	11530180	1	35	0.4861	1
chr19	11552860	0	0	0.0	0
chr19	11559616	0	0	0.0	0
chr19	11647686	0	0	0.0	0
chr19	11781695	0	0	0.0	0
chr19	11906555	0	0	0.0	0
chr19	12103720	0	0	0.0	0
chr19	12264565	0	0	0.0	0
chr19	12392569	0	0	0.0	0
chr19	12397130	0	0	0.0	0
chr19	12432343	0	0	0.0	0
chr19	12593895	0	0	0.0	0
chr19	12731768	0	0	0.0	0
chr19	12836675	0	0	0.0	0
chr19	12978027	0	0	0.0	0
chr19	12985342	0	0	0.0	0
chr19	13212359	0	0	0.0	0
chr19	13459710	0	0	0.0	0
chr19	13681052	0	0	0.0	0
chr19	13719820	0	0	0.0	0
chr19	13957455	0	0	0.0	0
chr19	14017976	0	0	0.0	0
chr19	14136744	0	0	0.0	0
chr19	14337848	0	0	0.0	0
chr19	14408296	0	0	0.0	0
chr19	14430948	0	0	0.0	0
chr19	14469488	0	0	0.0	0
chr19	14495071	0	0	0.0	0
chr19	14505560	0	0	0.0	0
chr19	14532146	0	0	0.0	0
chr19	14656588	0	0	0.0	0
chr19	14701140	0	0	0.0	0
chr19	14826751	0	0	0.0	0
chr19	14827585	0	0	0.0	0
chr19	14845601	0	0	0.0	0
chr19	14880699	0	0	0.0	0
chr19	14925181	0	0	0.0	0
chr19	14927769	0	0	0.0	0
chr19	15101581	0	0	0.0	0
chr19	15108572	0	0	0.0	0
chr19	15113574	0	0	0.0	0
chr19	15117894	0	0	0.0	0
chr19	15231178	0	0	0.0	0
chr19	15285626	0	0	0.0	0
chr19	15287666	0	0	0.0	0
chr19	15392430	0	0	0.0	0
chr19	15425400	0	0	0.0	0
chr19	15476015	0	0	0.0	0
chr19	15532923	0	0	0.0	0
chr19	15538294	0	0	0.0	0
chr19	15716006	0	0	0.0	0
chr19	15719181	0	0	0.0	0
chr19	15738029	0	0	0.0	0
chr19	15782708	0	0	0.0	0
chr19	16062328	0	0	0.0	0
chr19	16139604	0	0	0.0	0
chr19	16178727	1	76	0.987	1
chr19	16280928	0	0	0.0	0
chr19	16384713	0	0	0.0	0
chr19	16405707	0	0	0.0	0
chr19	16415581	0	0	0.0	0
chr19	16430996	0	0	0.0	0
chr19	16602820	0	0	0.0	0
chr19	16615504	0	0	0.0	0
chr19	16634994	0	0	0.0	0
chr19	16722108	1	27	0.3699	1
chr19	16779429	0	0	0.0	0
chr19	17151788	0	0	0.0	0
chr19	17231916	0	0	0.0	0
chr19	17276599	0	0	0.0	0
chr19	17311873	0	0	0.0	0
chr19	17339204	0	0	0.0	0
chr19	17387152	0	0	0.0	0
chr19	17415323	0	0	0.0	0
chr19	17798098	0	0	0.0	0
chr19	17957781	0	0	0.0	0
chr19	18073848	0	0	0.0	0
chr19	18183633	0	0	0.0	0
chr19	18213786	0	0	0.0	0
chr19	18227516	0	0	0.0	0
chr19	18275255	0	0	0.0	0
chr19	18310565	0	0	0.0	0
chr19	18379130	0	0	0.0	0
chr19	18391931	0	0	0.0	0
chr19	18396790	0	0	0.0	0
chr19	18432594	0	0	0.0	0
chr19	18489209	0	0	0.0	0
chr19	18530035	0	0	0.0	0
chr19	18599606	0	0	0.0	0
chr19	18684455	0	0	0.0	0
chr19	18711993	0	0	0.0	0
chr19	18719084	0	1	0.0143	0
chr19	18741552	0	0	0.0	0
chr19	18773326	0	0	0.0	0
chr19	18931364	0	0	0.0	0
chr19	18955843	0	0	0.0	0
chr19	18989453	0	0	0.0	0
chr19	19181825	0	0	0.0	0
chr19	19257577	0	0	0.0	0
chr19	19423135	0	0	0.0	0
chr19	19477914	0	0	0.0	0
chr19	19542624	0	0	0.0	0
chr19	19762682	0	0	0.0	0
chr19	19963723	0	0	0.0	0
chr19	20058586	0	0	0.0	0
chr19	20151621	0	0	0.0	0
chr19	20206779	0	0	0.0	0
chr19	20211186	0	0	0.0	0
chr19	20378323	0	0	0.0	0
chr19	20392101	0	0	0.0	0
chr19	20472933	0	0	0.0	0
chr19	20483297	0	0	0.0	0
chr19	20504222	0	0	0.0	0
chr19	20633068	0	0	0.0	0
chr19	20651587	0	0	0.0	0
chr19	20753677	0	0	0.0	0
chr19	20808577	0	0	0.0	0
chr19	20900719	0	0	0.0	0
chr19	20970295	0	0	0.0	0
chr19	20982297	0	0	0.0	0
chr19	20988483	0	0	0.0	0
chr19	21009486	0	0	0.0	0
chr19	21360330	0	0	0.0	0
chr19	21392779	0	0	0.0	0
chr19	21430627	0	0	0.0	0
chr19	21513463	0	0	0.0	0
chr19	21672835	0	0	0.0	0
chr19	21800385	0	0	0.0	0
chr19	21927110	0	0	0.0	0
chr19	22069001	0	0	0.0	0
chr19	22109852	0	0	0.0	0
chr19	22133220	0	0	0.0	0
chr19	22343764	0	0	0.0	0
chr19	22554920	0	0	0.0	0
chr19	22605597	0	0	0.0	0
chr19	22607890	0	0	0.0	0
chr19	22726446	0	0	0.0	0
chr19	22992147	0	0	0.0	0
chr19	23011750	0	0	0.0	0
chr19	23474977	0	0	0.0	0
chr19	23567507	0	0	0.0	0
chr19	23621196	0	0	0.0	0
chr19	23650145	0	0	0.0	0
chr19	23677000	0	1	0.0204	0
chr19	23866650	0	0	0.0	0
chr19	23972697	0	0	0.0	0
chr19	24298083	0	0	0.0	0
chr19	24346170	0	0	0.0	0
chr19	24375754	0	0	0.0	0
chr19	27372838	0	0	0.0	0
chr19	27562290	0	0	0.0	0
chr19	27751849	0	0	0.0	0
chr19	27759520	0	0	0.0	0
chr19	27843179	0	0	0.0	0
chr19	27844055	0	0	0.0	0
chr19	27925231	0	0	0.0	0
chr19	27934543	0	0	0.0	0
chr19	28047695	0	0	0.0	0
chr19	28058740	0	0	0.0	0
chr19	28151261	0	0	0.0	0
chr19	28224963	0	0	0.0	0
chr19	28244730	0	0	0.0	0
chr19	28295527	0	0	0.0	0
chr19	28327972	0	0	0.0	0
chr19	28436968	0	0	0.0	0
chr19	28637339	0	0	0.0	0
chr19	28704087	0	0	0.0	0
chr19	28770381	0	0	0.0	0
chr19	28931103	0	0	0.0	0
chr19	29293178	0	0	0.0	0
chr19	29402071	0	0	0.0	0
chr19	29523293	0	0	0.0	0
chr19	29529707	0	0	0.0	0
chr19	29643048	1	27	0.375	1
chr19	29867765	0	0	0.0	0
chr19	29882829	0	0	0.0	0
chr19	29903840	0	0	0.0	0
chr19	30065372	0	0	0.0	0
chr19	30066946	0	0	0.0	0
chr19	30151427	0	0	0.0	0
chr19	30161804	0	0	0.0	0
chr19	30163556	0	0	0.0	0
chr19	30256774	0	0	0.0	0
chr19	30264632	0	0	0.0	0
chr19	30352993	0	0	0.0	0
chr19	30367739	0	0	0.0	0
chr19	30368523	0	0	0.0	0
chr19	30372838	1	17	0.3617	1
chr19	30379083	0	0	0.0	0
chr19	30455458	0	0	0.0	0
chr19	30571928	0	0	0.0	0
chr19	30626135	0	0	0.0	0
chr19	30630390	2	29	0.6098	1
chr19	30709108	0	0	0.0	0
chr19	30742239	0	0	0.0	0
chr19	30742324	0	0	0.0	0
chr19	30757826	0	0	0.0	0
chr19	30771208	0	0	0.0	0
chr19	30895827	0	0	0.0	0
chr19	31070535	0	0	0.0	0
chr19	31128419	0	0	0.0	0
chr19	31128462	0	0	0.0	0
chr19	31385116	0	0	0.0	0
chr19	31468445	0	0	0.0	0
chr19	31499036	0	0	0.0	0
chr19	31504697	0	0	0.0	0
chr19	31551183	0	1	0.0154	0
chr19	31646614	0	0	0.0	0
chr19	31696200	0	1	0.013	0
chr19	31757005	0	0	0.0	0
chr19	31772310	0	0	0.0	0
chr19	31915505	0	0	0.0	0
chr19	32032081	0	0	0.0	0
chr19	32068797	0	0	0.0	0
chr19	32161400	0	0	0.0	0
chr19	32211610	0	0	0.0	0
chr19	32327137	0	0	0.0	0
chr19	32383403	0	0	0.0	0
chr19	32510699	0	0	0.0	0
chr19	32620037	0	0	0.0	0
chr19	32673636	0	0	0.0	0
chr19	32809064	0	0	0.0	0
chr19	32868545	0	0	0.0	0
chr19	32972067	0	0	0.0	0
chr19	33022209	0	0	0.0	0
chr19	33087400	0	0	0.0	0
chr19	33121580	0	0	0.0	0
chr19	33164706	0	0	0.0	0
chr19	33394676	0	0	0.0	0
chr19	33397647	0	0	0.0	0
chr19	33438981	0	0	0.0	0
chr19	33472342	0	0	0.0	0
chr19	33514936	0	0	0.0	0
chr19	33905662	0	0	0.0	0
chr19	33916741	0	0	0.0	0
chr19	34051407	0	0	0.0	0
chr19	34061410	0	0	0.0	0
chr19	34119661	0	0	0.0	0
chr19	34249703	0	1	0.0122	0
chr19	34261643	0	0	0.0	0
chr19	34277179	0	0	0.0	0
chr19	34349150	0	0	0.0	0
chr19	34505620	0	1	0.0182	0
chr19	34553172	0	0	0.0	0
chr19	34561281	0	0	0.0	0
chr19	34597418	0	0	0.0	0
chr19	34620756	0	0	0.0	0
chr19	34648151	0	0	0.0	0
chr19	34694582	0	0	0.0	0
chr19	34884130	0	0	0.0	0
chr19	34887806	0	0	0.0	0
chr19	34979402	0	0	0.0	0
chr19	35010032	0	0	0.0	0
chr19	35026287	0	0	0.0	0
chr19	35038828	0	0	0.0	0
chr19	35101525	0	0	0.0	0
chr19	35138424	0	0	0.0	0
chr19	35194794	0	0	0.0	0
chr19	35247284	0	0	0.0	0
chr19	35278578	0	0	0.0	0
chr19	35322203	0	0	0.0	0
chr19	35383408	0	0	0.0	0
chr19	35428236	0	0	0.0	0
chr19	35459273	0	0	0.0	0
chr19	35515642	0	0	0.0	0
chr19	35541537	0	0	0.0	0
chr19	35571146	0	0	0.0	0
chr19	35587474	0	0	0.0	0
chr19	35613034	0	0	0.0	0
chr19	35643617	0	0	0.0	0
chr19	35788040	0	0	0.0	0
chr19	35874832	0	0	0.0	0
chr19	35881600	0	0	0.0	0
chr19	35983050	0	0	0.0	0
chr19	36492218	0	0	0.0	0
chr19	36984747	0	0	0.0	0
chr19	37075500	0	0	0.0	0
chr19	37356326	0	0	0.0	0
chr19	37454061	0	0	0.0	0
chr19	38008490	0	0	0.0	0
chr19	38076534	0	0	0.0	0
chr19	38165495	0	0	0.0	0
chr19	38286288	0	0	0.0	0
chr19	38436251	0	0	0.0	0
chr19	38481254	0	0	0.0	0
chr19	38494520	0	0	0.0	0
chr19	38543950	0	0	0.0	0
chr19	38650269	0	0	0.0	0
chr19	38746868	0	0	0.0	0
chr19	38812751	0	0	0.0	0
chr19	38815121	0	0	0.0	0
chr19	38821865	0	0	0.0	0
chr19	38924645	0	0	0.0	0
chr19	39086399	0	0	0.0	0
chr19	39177203	0	0	0.0	0
chr19	39222432	0	0	0.0	0
chr19	39296603	0	0	0.0	0
chr19	39318167	0	0	0.0	0
chr19	39323287	0	0	0.0	0
chr19	39383036	0	0	0.0	0
chr19	39503826	0	0	0.0	0
chr19	39532173	0	0	0.0	0
chr19	39584379	0	0	0.0	0
chr19	39640157	0	0	0.0	0
chr19	39649589	0	0	0.0	0
chr19	39675673	1	41	0.4881	1
chr19	39681701	0	0	0.0	0
chr19	39681999	0	0	0.0	0
chr19	39746983	0	0	0.0	0
chr19	40209142	0	0	0.0	0
chr19	40239356	0	0	0.0	0
chr19	40582465	0	0	0.0	0
chr19	40617158	0	0	0.0	0
chr19	40701098	0	0	0.0	0
chr19	40772049	0	0	0.0	0
chr19	40780635	0	0	0.0	0
chr19	40788170	0	0	0.0	0
chr19	40794836	0	0	0.0	0
chr19	40800409	0	0	0.0	0
chr19	40949144	0	0	0.0	0
chr19	41229348	0	0	0.0	0
chr19	41242157	0	0	0.0	0
chr19	41429378	0	0	0.0	0
chr19	41467450	0	0	0.0	0
chr19	41590427	0	0	0.0	0
chr19	41603415	0	0	0.0	0
chr19	41652881	0	0	0.0	0
chr19	41790986	0	0	0.0	0
chr19	42001149	0	0	0.0	0
chr19	42021167	0	0	0.0	0
chr19	42042965	0	0	0.0	0
chr19	42045983	0	0	0.0	0
chr19	42146972	0	0	0.0	0
chr19	42169519	0	0	0.0	0
chr19	42198918	0	0	0.0	0
chr19	42226094	0	1	0.0123	0
chr19	42289678	0	0	0.0	0
chr19	42356139	0	0	0.0	0
chr19	42506139	0	0	0.0	0
chr19	42523464	0	0	0.0	0
chr19	42539830	0	0	0.0	0
chr19	42560086	0	0	0.0	0
chr19	42579315	0	0	0.0	0
chr19	42583212	0	0	0.0	0
chr19	42632585	0	0	0.0	0
chr19	42758114	0	0	0.0	0
chr19	42762895	0	0	0.0	0
chr19	42784086	0	0	0.0	0
chr19	42800669	0	0	0.0	0
chr19	42851239	0	0	0.0	0
chr19	42871566	0	0	0.0	0
chr19	42910378	0	0	0.0	0
chr19	42939471	0	0	0.0	0
chr19	42956210	0	0	0.0	0
chr19	43027045	0	0	0.0	0
chr19	43140369	0	0	0.0	0
chr19	43419654	0	0	0.0	0
chr19	43501705	0	0	0.0	0
chr19	43639044	0	0	0.0	0
chr19	43659655	0	0	0.0	0
chr19	43692345	0	0	0.0	0
chr19	43916478	0	0	0.0	0
chr19	43944368	0	0	0.0	0
chr19	44028244	0	0	0.0	0
chr19	44061133	0	0	0.0	0
chr19	44197344	0	0	0.0	0
chr19	44241335	0	0	0.0	0
chr19	44264493	0	0	0.0	0
chr19	44343847	0	0	0.0	0
chr19	44497753	0	0	0.0	0
chr19	44537992	0	0	0.0	0
chr19	44670180	0	0	0.0	0
chr19	44881577	0	0	0.0	0
chr19	44914241	0	0	0.0	0
chr19	44939823	0	0	0.0	0
chr19	44955509	0	0	0.0	0
chr19	45058163	0	0	0.0	0
chr19	45105432	0	0	0.0	0
chr19	45118432	0	0	0.0	0
chr19	45145960	0	0	0.0	0
chr19	45182425	0	0	0.0	0
chr19	45210717	0	0	0.0	0
chr19	45273646	0	0	0.0	0
chr19	45287069	0	0	0.0	0
chr19	45392201	0	0	0.0	0
chr19	45462867	0	0	0.0	0
chr19	45551516	0	0	0.0	0
chr19	45705687	0	0	0.0	0
chr19	45733716	0	0	0.0	0
chr19	45767709	0	0	0.0	0
chr19	45774924	0	0	0.0	0
chr19	45794917	0	0	0.0	0
chr19	45804335	0	0	0.0	0
chr19	45808706	0	0	0.0	0
chr19	45816257	0	0	0.0	0
chr19	45851988	0	0	0.0	0
chr19	45976896	0	0	0.0	0
chr19	46022978	0	0	0.0	0
chr19	46053532	0	0	0.0	0
chr19	46199428	0	0	0.0	0
chr19	46426827	0	0	0.0	0
chr19	46550679	0	1	0.0118	0
chr19	46638536	0	1	0.0227	0
chr19	46780224	0	0	0.0	0
chr19	46819270	0	0	0.0	0
chr19	46843784	0	0	0.0	0
chr19	46854628	0	0	0.0	0
chr19	46855071	2	5	0.1667	1
chr19	46976592	0	0	0.0	0
chr19	46993179	0	0	0.0	0
chr19	47032851	0	0	0.0	0
chr19	47272595	0	0	0.0	0
chr19	47416585	0	0	0.0	0
chr19	47421851	0	0	0.0	0
chr19	47424243	0	0	0.0	0
chr19	47477235	0	0	0.0	0
chr19	47487274	0	0	0.0	0
chr19	47640289	0	0	0.0	0
chr19	47663145	0	0	0.0	0
chr19	47679738	0	0	0.0	0
chr19	47721635	0	0	0.0	0
chr19	47780748	0	0	0.0	0
chr19	47781379	0	0	0.0	0
chr19	47802542	0	0	0.0	0
chr19	47903042	0	0	0.0	0
chr19	48005096	0	0	0.0	0
chr19	48039511	0	0	0.0	0
chr19	48112063	0	0	0.0	0
chr19	48165394	0	0	0.0	0
chr19	48200984	0	0	0.0	0
chr19	48297070	0	0	0.0	0
chr19	48504678	0	0	0.0	0
chr19	48510125	0	0	0.0	0
chr19	48606599	0	0	0.0	0
chr19	48680509	0	0	0.0	0
chr19	48703454	0	1	0.0145	0
chr19	48703727	0	0	0.0	0
chr19	48782007	0	0	0.0	0
chr19	48845608	0	0	0.0	0
chr19	48864952	0	0	0.0	0
chr19	48895404	0	0	0.0	0
chr19	48979254	0	0	0.0	0
chr19	48999968	0	0	0.0	0
chr19	49001552	0	0	0.0	0
chr19	49158392	0	0	0.0	0
chr19	49225709	0	0	0.0	0
chr19	49256797	0	0	0.0	0
chr19	49285578	0	0	0.0	0
chr19	49355160	0	0	0.0	0
chr19	49355378	0	0	0.0	0
chr19	49365792	0	0	0.0	0
chr19	49486590	0	0	0.0	0
chr19	49527243	0	0	0.0	0
chr19	49571648	0	0	0.0	0
chr19	49683839	0	0	0.0	0
chr19	49735761	0	0	0.0	0
chr19	49768244	0	0	0.0	0
chr19	49812565	0	0	0.0	0
chr19	49915397	0	0	0.0	0
chr19	49940038	0	0	0.0	0
chr19	49968930	0	0	0.0	0
chr19	49973610	0	0	0.0	0
chr19	49979475	0	0	0.0	0
chr19	50194293	0	0	0.0	0
chr19	50209342	0	0	0.0	0
chr19	50235897	0	0	0.0	0
chr19	50325872	0	0	0.0	0
chr19	50354301	0	0	0.0	0
chr19	50360374	0	0	0.0	0
chr19	50397852	0	0	0.0	0
chr19	50407287	0	0	0.0	0
chr19	50455828	0	0	0.0	0
chr19	50627437	0	0	0.0	0
chr19	50792766	0	0	0.0	0
chr19	50851247	0	0	0.0	0
chr19	50860215	0	0	0.0	0
chr19	50912188	0	0	0.0	0
chr19	50996241	0	0	0.0	0
chr19	51106981	0	0	0.0	0
chr19	51168195	0	0	0.0	0
chr19	51179085	0	0	0.0	0
chr19	51188117	0	0	0.0	0
chr19	51210465	0	0	0.0	0
chr19	51211898	0	0	0.0	0
chr19	51468622	0	0	0.0	0
chr19	51530853	0	0	0.0	0
chr19	51546838	0	0	0.0	0
chr19	51556127	0	0	0.0	0
chr19	51669469	0	0	0.0	0
chr19	51677087	0	0	0.0	0
chr19	51727104	0	0	0.0	0
chr19	51736998	0	0	0.0	0
chr19	51739553	0	0	0.0	0
chr19	51761973	0	0	0.0	0
chr19	51789099	0	0	0.0	0
chr19	51796332	0	0	0.0	0
chr19	51818786	0	0	0.0	0
chr19	51942450	0	0	0.0	0
chr19	51956549	0	0	0.0	0
chr19	52001824	0	0	0.0	0
chr19	52118560	0	0	0.0	0
chr19	52128276	0	0	0.0	0
chr19	52209978	0	0	0.0	0
chr19	52223810	0	0	0.0	0
chr19	52254596	0	0	0.0	0
chr19	52400653	0	0	0.0	0
chr19	52539972	0	0	0.0	0
chr19	52549238	0	0	0.0	0
chr19	52556683	0	0	0.0	0
chr19	52579007	0	0	0.0	0
chr19	52640611	0	0	0.0	0
chr19	52763330	0	0	0.0	0
chr19	52935293	0	0	0.0	0
chr19	52977212	0	0	0.0	0
chr19	53075487	0	0	0.0	0
chr19	53228672	0	0	0.0	0
chr19	53252833	0	0	0.0	0
chr19	53274146	0	0	0.0	0
chr19	53339592	0	0	0.0	0
chr19	53343803	0	0	0.0	0
chr19	53392754	0	0	0.0	0
chr19	53570624	0	0	0.0	0
chr19	53666894	0	0	0.0	0
chr19	53669378	0	0	0.0	0
chr19	53769376	1	5	0.0714	1
chr19	53885727	0	0	0.0	0
chr19	53934158	0	0	0.0	0
chr19	53956797	0	0	0.0	0
chr19	53993092	0	0	0.0	0
chr19	54157146	0	0	0.0	0
chr19	54158109	0	0	0.0	0
chr19	54294459	0	0	0.0	0
chr19	54312430	0	0	0.0	0
chr19	54377185	0	0	0.0	0
chr19	54434135	0	0	0.0	0
chr19	54459352	0	0	0.0	0
chr19	54505155	0	0	0.0	0
chr19	54537134	0	0	0.0	0
chr19	54571685	0	0	0.0	0
chr19	54600418	0	0	0.0	0
chr19	54613507	0	0	0.0	0
chr19	54836705	0	0	0.0	0
chr19	54947252	0	0	0.0	0
chr19	55149389	0	0	0.0	0
chr19	55214018	0	0	0.0	0
chr19	55281378	0	0	0.0	0
chr19	55312110	0	0	0.0	0
chr19	55343965	0	0	0.0	0
chr19	55351213	0	0	0.0	0
chr19	55359085	0	0	0.0	0
chr19	55395366	0	0	0.0	0
chr19	55631230	0	0	0.0	0
chr19	55820267	0	0	0.0	0
chr19	56027640	0	0	0.0	0
chr19	56115175	0	0	0.0	0
chr19	56118902	0	0	0.0	0
chr19	56132768	0	0	0.0	0
chr19	56347526	0	0	0.0	0
chr19	56351359	0	1	0.0189	0
chr19	56354213	0	0	0.0	0
chr19	56395123	0	0	0.0	0
chr19	56574742	0	0	0.0	0
chr19	56645612	0	0	0.0	0
chr19	56734944	0	0	0.0	0
chr19	56982014	0	0	0.0	0
chr19	57068734	0	0	0.0	0
chr19	57204990	0	0	0.0	0
chr19	57278118	0	0	0.0	0
chr19	57444096	0	0	0.0	0
chr19	57444651	0	0	0.0	0
chr19	57501193	0	0	0.0	0
chr19	57570105	0	0	0.0	0
chr19	57680778	0	0	0.0	0
chr19	57691451	0	0	0.0	0
chr19	57812519	0	0	0.0	0
chr19	57824483	0	0	0.0	0
chr19	58057807	0	0	0.0	0
chr19	58091674	0	0	0.0	0
chr19	58129871	0	0	0.0	0
chr19	58318722	0	0	0.0	0
chr19	58389356	0	0	0.0	0
chr19	58432759	0	0	0.0	0
chr19	58562767	0	0	0.0	0
chr19	58566629	0	0	0.0	0
chr19_GL383573v1_alt	90536	0	0	0.0	0
chr19_GL383573v1_alt	145533	0	0	0.0	0
chr19_GL383573v1_alt	243995	0	0	0.0	0
chr19_GL383573v1_alt	313570	0	0	0.0	0
chr19_GL383573v1_alt	331758	0	0	0.0	0
chr19_GL383574v1_alt	104617	0	0	0.0	0
chr19_GL383574v1_alt	132092	0	0	0.0	0
chr19_GL383575v2_alt	34056	0	0	0.0	0
chr19_GL383575v2_alt	161575	0	0	0.0	0
chr19_GL383576v1_alt	175653	0	0	0.0	0
chr19_GL949746v1_alt	131996	0	0	0.0	0
chr19_GL949746v1_alt	163478	0	0	0.0	0
chr19_GL949746v1_alt	269197	0	0	0.0	0
chr19_GL949746v1_alt	365866	0	0	0.0	0
chr19_GL949746v1_alt	506808	0	0	0.0	0
chr19_GL949746v1_alt	519897	0	0	0.0	0
chr19_GL949746v1_alt	850648	0	0	0.0	0
chr19_GL949747v2_alt	131997	0	0	0.0	0
chr19_GL949747v2_alt	163649	0	0	0.0	0
chr19_GL949747v2_alt	269077	0	0	0.0	0
chr19_GL949747v2_alt	592452	0	0	0.0	0
chr19_GL949748v2_alt	131997	0	0	0.0	0
chr19_GL949748v2_alt	163649	0	0	0.0	0
chr19_GL949748v2_alt	927236	0	0	0.0	0
chr19_GL949749v2_alt	131997	0	0	0.0	0
chr19_GL949749v2_alt	163649	0	0	0.0	0
chr19_GL949749v2_alt	954773	0	0	0.0	0
chr19_GL949750v2_alt	131997	0	0	0.0	0
chr19_GL949750v2_alt	163649	0	0	0.0	0
chr19_GL949750v2_alt	929322	0	0	0.0	0
chr19_GL949751v2_alt	131997	0	0	0.0	0
chr19_GL949751v2_alt	163649	0	0	0.0	0
chr19_GL949751v2_alt	865615	0	0	0.0	0
chr19_GL949752v1_alt	131997	0	0	0.0	0
chr19_GL949752v1_alt	163645	0	0	0.0	0
chr19_GL949752v1_alt	364039	0	0	0.0	0
chr19_GL949752v1_alt	505302	0	0	0.0	0
chr19_GL949752v1_alt	518392	0	0	0.0	0
chr19_GL949752v1_alt	851607	0	0	0.0	0
chr19_GL949753v2_alt	131997	0	0	0.0	0
chr19_GL949753v2_alt	163649	0	0	0.0	0
chr19_GL949753v2_alt	269452	0	0	0.0	0
chr19_GL949753v2_alt	659411	0	0	0.0	0
chr19_KI270867v1_alt	29148	0	0	0.0	0
chr19_KI270867v1_alt	91574	0	0	0.0	0
chr19_KI270891v1_alt	32373	0	0	0.0	0
chr19_KI270938v1_alt	131997	0	0	0.0	0
chr19_KI270938v1_alt	163649	0	0	0.0	0
chr19_KI270938v1_alt	269425	0	0	0.0	0
chr19_KI270938v1_alt	441645	0	0	0.0	0
chr19_KI270938v1_alt	582997	0	0	0.0	0
chr19_KI270938v1_alt	596087	0	0	0.0	0
chr19_KI270938v1_alt	929732	0	0	0.0	0
chr1_GL383518v1_alt	170016	0	0	0.0	0
chr1_GL383519v1_alt	63135	0	0	0.0	0
chr1_GL383520v2_alt	285002	0	0	0.0	0
chr1_KI270706v1_random	151978	0	0	0.0	0
chr1_KI270707v1_random	26958	0	0	0.0	0
chr1_KI270708v1_random	48811	0	0	0.0	0
chr1_KI270712v1_random	78083	0	0	0.0	0
chr1_KI270712v1_random	108669	0	0	0.0	0
chr1_KI270713v1_random	1556	0	0	0.0	0
chr1_KI270759v1_alt	160304	0	0	0.0	0
chr1_KI270759v1_alt	177940	0	0	0.0	0
chr1_KI270761v1_alt	141256	0	0	0.0	0
chr1_KI270762v1_alt	3190	0	0	0.0	0
chr1_KI270762v1_alt	25747	0	0	0.0	0
chr1_KI270762v1_alt	93609	0	0	0.0	0
chr1_KI270763v1_alt	34170	0	0	0.0	0
chr1_KI270763v1_alt	335361	0	0	0.0	0
chr1_KI270763v1_alt	340271	0	0	0.0	0
chr1_KI270763v1_alt	532220	0	0	0.0	0
chr1_KI270763v1_alt	740299	0	0	0.0	0
chr1_KI270766v1_alt	16168	0	0	0.0	0
chr1_KI270892v1_alt	137634	0	0	0.0	0
chr2	94375	0	0	0.0	0
chr2	245350	0	0	0.0	0
chr2	266549	0	0	0.0	0
chr2	311156	0	0	0.0	0
chr2	356560	0	0	0.0	0
chr2	396100	0	0	0.0	0
chr2	560219	0	0	0.0	0
chr2	646588	0	0	0.0	0
chr2	690233	0	0	0.0	0
chr2	758423	0	0	0.0	0
chr2	778108	0	0	0.0	0
chr2	867425	0	0	0.0	0
chr2	960173	0	0	0.0	0
chr2	996759	0	0	0.0	0
chr2	1018824	0	0	0.0	0
chr2	1052954	0	0	0.0	0
chr2	1077149	0	0	0.0	0
chr2	1123618	0	0	0.0	0
chr2	1156690	0	0	0.0	0
chr2	1453390	0	0	0.0	0
chr2	1461820	0	0	0.0	0
chr2	1618101	0	0	0.0	0
chr2	1680963	0	0	0.0	0
chr2	1703139	1	3	1.0	1
chr2	1703546	0	0	0.0	0
chr2	1703863	0	0	0.0	0
chr2	1704138	0	0	0.0	0
chr2	1704666	0	2	0.0488	0
chr2	1759315	0	0	0.0	0
chr2	1798834	0	0	0.0	0
chr2	1950843	0	0	0.0	0
chr2	2178864	0	0	0.0	0
chr2	2395464	0	0	0.0	0
chr2	2461580	0	0	0.0	0
chr2	2512593	0	0	0.0	0
chr2	2562745	0	0	0.0	0
chr2	2563219	0	0	0.0	0
chr2	2563793	0	0	0.0	0
chr2	2656964	0	0	0.0	0
chr2	2675686	0	0	0.0	0
chr2	2741399	0	0	0.0	0
chr2	2762117	0	0	0.0	0
chr2	2765644	0	0	0.0	0
chr2	2776745	0	0	0.0	0
chr2	2837010	0	0	0.0	0
chr2	2846050	0	0	0.0	0
chr2	2873648	0	0	0.0	0
chr2	2879026	0	0	0.0	0
chr2	2919850	0	0	0.0	0
chr2	3080507	0	0	0.0	0
chr2	3132921	0	1	0.0278	0
chr2	3140106	0	0	0.0	0
chr2	3189459	0	0	0.0	0
chr2	3209116	0	0	0.0	0
chr2	3309812	0	0	0.0	0
chr2	3339100	0	0	0.0	0
chr2	3384880	0	0	0.0	0
chr2	3429561	0	0	0.0	0
chr2	3430772	0	0	0.0	0
chr2	3827748	0	0	0.0	0
chr2	3899182	0	0	0.0	0
chr2	4072486	0	0	0.0	0
chr2	4109479	0	0	0.0	0
chr2	4140259	0	0	0.0	0
chr2	4351822	0	0	0.0	0
chr2	4589029	0	0	0.0	0
chr2	4658872	0	0	0.0	0
chr2	4678025	0	0	0.0	0
chr2	4684410	0	0	0.0	0
chr2	4746861	0	0	0.0	0
chr2	4765206	0	0	0.0	0
chr2	4844607	0	0	0.0	0
chr2	4884591	0	0	0.0	0
chr2	4985388	0	0	0.0	0
chr2	5090415	0	1	0.027	0
chr2	5460272	0	0	0.0	0
chr2	5526840	0	0	0.0	0
chr2	5695729	0	0	0.0	0
chr2	5889264	0	0	0.0	0
chr2	5903433	0	0	0.0	0
chr2	5950004	0	0	0.0	0
chr2	6254755	0	0	0.0	0
chr2	6283811	0	0	0.0	0
chr2	6497333	0	0	0.0	0
chr2	6556680	0	0	0.0	0
chr2	6640562	0	0	0.0	0
chr2	6721924	0	0	0.0	0
chr2	6761176	0	0	0.0	0
chr2	6779394	0	0	0.0	0
chr2	6940211	0	0	0.0	0
chr2	6961658	0	0	0.0	0
chr2	7010494	0	0	0.0	0
chr2	7032797	0	0	0.0	0
chr2	7033963	0	0	0.0	0
chr2	7205411	0	0	0.0	0
chr2	7440559	0	0	0.0	0
chr2	7581697	0	0	0.0	0
chr2	7586144	0	0	0.0	0
chr2	7674686	0	0	0.0	0
chr2	7683011	0	0	0.0	0
chr2	7781892	0	0	0.0	0
chr2	7782808	0	0	0.0	0
chr2	7850173	0	0	0.0	0
chr2	7948543	0	0	0.0	0
chr2	8066000	0	0	0.0	0
chr2	8229698	0	0	0.0	0
chr2	8298512	0	0	0.0	0
chr2	8315334	0	0	0.0	0
chr2	8332580	0	0	0.0	0
chr2	8377241	0	0	0.0	0
chr2	8488037	0	0	0.0	0
chr2	8534061	0	0	0.0	0
chr2	8545963	0	0	0.0	0
chr2	8605805	0	0	0.0	0
chr2	8639527	0	0	0.0	0
chr2	8644603	0	0	0.0	0
chr2	8682250	0	0	0.0	0
chr2	8694039	0	0	0.0	0
chr2	8764298	0	0	0.0	0
chr2	8765173	0	0	0.0	0
chr2	8767481	0	0	0.0	0
chr2	8852098	0	0	0.0	0
chr2	8898373	0	0	0.0	0
chr2	8899190	0	0	0.0	0
chr2	8957439	0	0	0.0	0
chr2	9039195	0	0	0.0	0
chr2	9124327	0	0	0.0	0
chr2	9146847	0	0	0.0	0
chr2	9222955	0	0	0.0	0
chr2	9268873	0	0	0.0	0
chr2	9462848	0	0	0.0	0
chr2	9529207	0	0	0.0	0
chr2	9531325	0	0	0.0	0
chr2	9574062	0	0	0.0	0
chr2	9593578	0	0	0.0	0
chr2	9605915	0	0	0.0	0
chr2	9653506	0	0	0.0	0
chr2	9776261	0	0	0.0	0
chr2	9944278	0	0	0.0	0
chr2	9980063	0	0	0.0	0
chr2	9994122	0	0	0.0	0
chr2	10044610	0	0	0.0	0
chr2	10139939	0	0	0.0	0
chr2	10191038	0	0	0.0	0
chr2	10240680	0	0	0.0	0
chr2	10307144	0	0	0.0	0
chr2	10369792	0	0	0.0	0
chr2	10391550	0	0	0.0	0
chr2	10402783	0	0	0.0	0
chr2	10407512	0	0	0.0	0
chr2	10463080	0	0	0.0	0
chr2	10775920	0	0	0.0	0
chr2	10811085	0	0	0.0	0
chr2	10874338	0	0	0.0	0
chr2	10934102	0	0	0.0	0
chr2	10992184	1	11	0.1429	1
chr2	11138552	0	0	0.0	0
chr2	11147482	0	0	0.0	0
chr2	11395484	0	0	0.0	0
chr2	11474223	0	0	0.0	0
chr2	11492758	0	0	0.0	0
chr2	11506706	0	0	0.0	0
chr2	11635120	0	0	0.0	0
chr2	11788258	0	0	0.0	0
chr2	11842372	0	0	0.0	0
chr2	11855022	0	0	0.0	0
chr2	11928469	0	0	0.0	0
chr2	12033977	0	0	0.0	0
chr2	12410866	0	0	0.0	0
chr2	12567381	0	0	0.0	0
chr2	12636306	0	0	0.0	0
chr2	12729125	0	0	0.0	0
chr2	12729686	0	0	0.0	0
chr2	12775331	0	0	0.0	0
chr2	12803111	0	0	0.0	0
chr2	12875478	0	0	0.0	0
chr2	12901563	0	0	0.0	0
chr2	12948413	0	0	0.0	0
chr2	13177111	0	0	0.0	0
chr2	13307550	0	0	0.0	0
chr2	13338971	0	0	0.0	0
chr2	13456624	0	0	0.0	0
chr2	13712812	0	0	0.0	0
chr2	13803487	0	0	0.0	0
chr2	13899450	0	0	0.0	0
chr2	13930493	0	0	0.0	0
chr2	14082411	0	0	0.0	0
chr2	14092712	1	9	0.3462	1
chr2	14344009	0	0	0.0	0
chr2	14422226	0	0	0.0	0
chr2	14577010	1	71	0.8765	1
chr2	14614036	0	0	0.0	0
chr2	14676600	0	0	0.0	0
chr2	14808544	0	0	0.0	0
chr2	14814526	0	0	0.0	0
chr2	14872683	0	0	0.0	0
chr2	14873478	0	0	0.0	0
chr2	15036438	0	0	0.0	0
chr2	15125686	0	0	0.0	0
chr2	15246836	0	0	0.0	0
chr2	15280027	0	0	0.0	0
chr2	15340222	0	0	0.0	0
chr2	15498451	0	0	0.0	0
chr2	15604711	0	0	0.0	0
chr2	15802092	0	0	0.0	0
chr2	15838575	0	0	0.0	0
chr2	15840335	0	0	0.0	0
chr2	15850085	0	0	0.0	0
chr2	15921880	0	0	0.0	0
chr2	15952851	0	0	0.0	0
chr2	15966651	0	0	0.0	0
chr2	16071940	0	0	0.0	0
chr2	16171532	0	0	0.0	0
chr2	16207329	0	0	0.0	0
chr2	16316631	0	0	0.0	0
chr2	16860573	0	0	0.0	0
chr2	16882190	0	0	0.0	0
chr2	16957794	0	0	0.0	0
chr2	16961334	0	0	0.0	0
chr2	17122922	0	0	0.0	0
chr2	17286046	0	0	0.0	0
chr2	17512770	0	0	0.0	0
chr2	17786886	0	0	0.0	0
chr2	17817783	0	0	0.0	0
chr2	17943082	0	0	0.0	0
chr2	18132901	0	0	0.0	0
chr2	18168063	0	0	0.0	0
chr2	18287146	0	0	0.0	0
chr2	18317715	0	0	0.0	0
chr2	18340695	0	0	0.0	0
chr2	18640079	0	0	0.0	0
chr2	19257273	0	0	0.0	0
chr2	19343092	0	0	0.0	0
chr2	19368604	0	0	0.0	0
chr2	19375566	0	0	0.0	0
chr2	19427095	0	0	0.0	0
chr2	19449168	0	0	0.0	0
chr2	19505117	0	0	0.0	0
chr2	19529237	0	0	0.0	0
chr2	19568330	0	0	0.0	0
chr2	19695367	0	0	0.0	0
chr2	19959521	0	0	0.0	0
chr2	20100296	0	0	0.0	0
chr2	20218873	0	0	0.0	0
chr2	20242240	0	0	0.0	0
chr2	20242852	0	0	0.0	0
chr2	20339326	1	7	0.0886	1
chr2	20458898	0	0	0.0	0
chr2	20497829	0	0	0.0	0
chr2	20593154	0	0	0.0	0
chr2	20641960	0	0	0.0	0
chr2	20651815	0	0	0.0	0
chr2	20702796	0	0	0.0	0
chr2	20798943	0	0	0.0	0
chr2	21032412	0	0	0.0	0
chr2	21060599	0	0	0.0	0
chr2	21213862	0	0	0.0	0
chr2	21315106	0	0	0.0	0
chr2	21329059	0	0	0.0	0
chr2	21355202	0	0	0.0	0
chr2	21547548	0	0	0.0	0
chr2	22604526	0	0	0.0	0
chr2	23030226	0	0	0.0	0
chr2	23135957	0	0	0.0	0
chr2	23295061	0	0	0.0	0
chr2	23346552	0	0	0.0	0
chr2	23376498	0	0	0.0	0
chr2	23384008	0	0	0.0	0
chr2	23562591	0	0	0.0	0
chr2	23583483	0	0	0.0	0
chr2	23718940	0	0	0.0	0
chr2	23728400	0	0	0.0	0
chr2	23925375	0	0	0.0	0
chr2	24019444	0	0	0.0	0
chr2	24357247	0	0	0.0	0
chr2	24359387	0	0	0.0	0
chr2	24551823	0	1	0.0256	0
chr2	24554640	0	0	0.0	0
chr2	24566912	0	0	0.0	0
chr2	24643377	0	0	0.0	0
chr2	24906567	0	0	0.0	0
chr2	24917983	0	0	0.0	0
chr2	24998150	0	0	0.0	0
chr2	25133469	0	0	0.0	0
chr2	25304917	0	0	0.0	0
chr2	25459864	0	0	0.0	0
chr2	25460971	0	0	0.0	0
chr2	25624782	0	0	0.0	0
chr2	25793871	0	0	0.0	0
chr2	25966691	0	0	0.0	0
chr2	26162225	0	0	0.0	0
chr2	26197873	0	0	0.0	0
chr2	26222045	0	0	0.0	0
chr2	26243214	0	0	0.0	0
chr2	26312695	0	0	0.0	0
chr2	26449965	0	0	0.0	0
chr2	26456991	0	0	0.0	0
chr2	26471244	0	0	0.0	0
chr2	26624135	0	0	0.0	0
chr2	26698654	0	0	0.0	0
chr2	26720918	0	0	0.0	0
chr2	26733146	0	0	0.0	0
chr2	26777575	0	0	0.0	0
chr2	26777928	0	0	0.0	0
chr2	26807513	0	0	0.0	0
chr2	27099513	0	0	0.0	0
chr2	27119509	0	0	0.0	0
chr2	27120987	0	0	0.0	0
chr2	27174184	0	0	0.0	0
chr2	27245159	0	0	0.0	0
chr2	27325015	0	0	0.0	0
chr2	27416340	0	0	0.0	0
chr2	27833656	0	0	0.0	0
chr2	27895300	0	0	0.0	0
chr2	28083026	0	0	0.0	0
chr2	28233267	0	0	0.0	0
chr2	28271329	0	0	0.0	0
chr2	28405653	0	0	0.0	0
chr2	28438740	0	0	0.0	0
chr2	28449354	0	0	0.0	0
chr2	28478489	0	0	0.0	0
chr2	28540840	0	0	0.0	0
chr2	28551077	0	0	0.0	0
chr2	28588249	0	0	0.0	0
chr2	28641225	0	0	0.0	0
chr2	28800282	0	0	0.0	0
chr2	28913046	0	0	0.0	0
chr2	28959257	0	0	0.0	0
chr2	29113906	0	0	0.0	0
chr2	29309353	0	0	0.0	0
chr2	29419104	0	0	0.0	0
chr2	29446693	0	0	0.0	0
chr2	29523738	0	0	0.0	0
chr2	29526056	0	0	0.0	0
chr2	29814009	0	0	0.0	0
chr2	29849185	0	0	0.0	0
chr2	29853550	0	0	0.0	0
chr2	29952205	0	0	0.0	0
chr2	29982778	0	0	0.0	0
chr2	30339456	0	0	0.0	0
chr2	30352887	0	0	0.0	0
chr2	30366180	0	0	0.0	0
chr2	30518794	0	0	0.0	0
chr2	30661277	0	0	0.0	0
chr2	30664500	0	0	0.0	0
chr2	30732343	0	0	0.0	0
chr2	30740354	0	0	0.0	0
chr2	30810645	0	0	0.0	0
chr2	30889360	0	0	0.0	0
chr2	30914517	0	0	0.0	0
chr2	30978110	0	0	0.0	0
chr2	30980731	0	0	0.0	0
chr2	31220480	0	0	0.0	0
chr2	31226941	0	0	0.0	0
chr2	31258646	0	0	0.0	0
chr2	31261039	0	0	0.0	0
chr2	31385056	0	0	0.0	0
chr2	31457022	0	0	0.0	0
chr2	31513362	0	0	0.0	0
chr2	31522186	0	0	0.0	0
chr2	31582798	0	0	0.0	0
chr2	31636651	0	0	0.0	0
chr2	31651836	0	0	0.0	0
chr2	31854814	0	0	0.0	0
chr2	31934730	0	0	0.0	0
chr2	32244748	0	0	0.0	0
chr2	32253551	0	0	0.0	0
chr2	32287002	0	0	0.0	0
chr2	32333974	0	0	0.0	0
chr2	32417223	0	0	0.0	0
chr2	32419249	0	0	0.0	0
chr2	32579579	0	0	0.0	0
chr2	32746794	0	0	0.0	0
chr2	32798326	0	0	0.0	0
chr2	32877537	0	0	0.0	0
chr2	32914193	0	0	0.0	0
chr2	32942856	0	0	0.0	0
chr2	32954634	0	1	0.0154	0
chr2	33009359	0	0	0.0	0
chr2	33053709	0	0	0.0	0
chr2	33117245	0	0	0.0	0
chr2	33160595	0	0	0.0	0
chr2	33305548	0	0	0.0	0
chr2	33359954	0	0	0.0	0
chr2	33467579	0	0	0.0	0
chr2	33529075	0	0	0.0	0
chr2	33700336	0	0	0.0	0
chr2	33783743	0	0	0.0	0
chr2	33822684	0	0	0.0	0
chr2	33960483	0	0	0.0	0
chr2	34127485	1	25	0.3333	1
chr2	34226590	0	0	0.0	0
chr2	34328349	0	0	0.0	0
chr2	34398903	0	0	0.0	0
chr2	34467360	0	0	0.0	0
chr2	34865782	0	0	0.0	0
chr2	34982972	0	0	0.0	0
chr2	35140984	0	0	0.0	0
chr2	35292950	0	0	0.0	0
chr2	35299925	0	0	0.0	0
chr2	35311922	0	0	0.0	0
chr2	35540698	0	0	0.0	0
chr2	35596023	0	0	0.0	0
chr2	35693708	0	0	0.0	0
chr2	35720147	0	0	0.0	0
chr2	35797665	0	0	0.0	0
chr2	36058228	0	0	0.0	0
chr2	36088677	0	0	0.0	0
chr2	36138173	0	0	0.0	0
chr2	36187527	0	0	0.0	0
chr2	36198287	0	0	0.0	0
chr2	36288474	0	0	0.0	0
chr2	36308438	0	0	0.0	0
chr2	36580755	0	0	0.0	0
chr2	36774543	0	0	0.0	0
chr2	36818598	0	0	0.0	0
chr2	36919723	0	0	0.0	0
chr2	37005673	0	0	0.0	0
chr2	37184099	0	0	0.0	0
chr2	37416023	0	0	0.0	0
chr2	37487227	0	0	0.0	0
chr2	37767747	0	0	0.0	0
chr2	37772154	0	0	0.0	0
chr2	37949615	0	0	0.0	0
chr2	38041522	0	0	0.0	0
chr2	38154636	0	0	0.0	0
chr2	38261660	0	0	0.0	0
chr2	38417546	0	0	0.0	0
chr2	38456175	0	0	0.0	0
chr2	38576011	0	0	0.0	0
chr2	38650053	0	0	0.0	0
chr2	38654792	0	0	0.0	0
chr2	38677440	0	0	0.0	0
chr2	38876137	0	0	0.0	0
chr2	39132489	0	0	0.0	0
chr2	39153544	0	0	0.0	0
chr2	39380766	0	0	0.0	0
chr2	39456442	0	0	0.0	0
chr2	39511536	0	0	0.0	0
chr2	39830848	0	0	0.0	0
chr2	39888034	0	0	0.0	0
chr2	39970618	0	0	0.0	0
chr2	40014773	0	0	0.0	0
chr2	40023200	0	0	0.0	0
chr2	40303763	0	0	0.0	0
chr2	40326873	0	0	0.0	0
chr2	40530900	0	0	0.0	0
chr2	40707886	0	0	0.0	0
chr2	41077147	0	0	0.0	0
chr2	41798231	3	21	1.0	1
chr2	41802482	0	0	0.0	0
chr2	41893928	0	0	0.0	0
chr2	41915461	0	0	0.0	0
chr2	41919475	0	0	0.0	0
chr2	41929051	0	0	0.0	0
chr2	41992439	0	0	0.0	0
chr2	42106074	0	0	0.0	0
chr2	42210187	0	0	0.0	0
chr2	42382657	0	1	0.0222	0
chr2	42524394	0	0	0.0	0
chr2	42532412	0	0	0.0	0
chr2	42552598	1	4	0.1212	1
chr2	42647082	0	0	0.0	0
chr2	42760886	0	0	0.0	0
chr2	42786902	0	0	0.0	0
chr2	42854908	0	0	0.0	0
chr2	42916065	0	0	0.0	0
chr2	43016090	0	0	0.0	0
chr2	43017879	0	0	0.0	0
chr2	43101945	0	0	0.0	0
chr2	43159176	0	0	0.0	0
chr2	43370192	0	0	0.0	0
chr2	43494387	0	0	0.0	0
chr2	43508263	0	0	0.0	0
chr2	43587348	0	0	0.0	0
chr2	43716699	0	0	0.0	0
chr2	43849957	0	0	0.0	0
chr2	44022269	0	0	0.0	0
chr2	44430832	0	0	0.0	0
chr2	44478498	0	0	0.0	0
chr2	44595254	0	0	0.0	0
chr2	44885158	0	0	0.0	0
chr2	44893969	0	0	0.0	0
chr2	44903767	0	0	0.0	0
chr2	45057789	0	0	0.0	0
chr2	45072643	0	0	0.0	0
chr2	45194166	0	0	0.0	0
chr2	45333984	0	0	0.0	0
chr2	45373500	0	0	0.0	0
chr2	45383140	0	0	0.0	0
chr2	45405014	0	0	0.0	0
chr2	45411640	0	0	0.0	0
chr2	45567755	0	0	0.0	0
chr2	45574996	0	0	0.0	0
chr2	45672695	0	0	0.0	0
chr2	45732349	0	0	0.0	0
chr2	45773327	0	0	0.0	0
chr2	45794631	0	0	0.0	0
chr2	45826178	0	0	0.0	0
chr2	45905219	0	0	0.0	0
chr2	45908838	0	0	0.0	0
chr2	46129306	0	0	0.0	0
chr2	46316937	0	0	0.0	0
chr2	46354912	0	0	0.0	0
chr2	46616675	0	0	0.0	0
chr2	46784682	0	0	0.0	0
chr2	46802895	0	0	0.0	0
chr2	46813116	0	0	0.0	0
chr2	46815388	0	0	0.0	0
chr2	46870771	0	0	0.0	0
chr2	46939640	0	0	0.0	0
chr2	47090726	0	0	0.0	0
chr2	47207616	0	0	0.0	0
chr2	47275583	0	0	0.0	0
chr2	47402662	0	0	0.0	0
chr2	47434281	0	0	0.0	0
chr2	47466983	0	0	0.0	0
chr2	47514160	0	0	0.0	0
chr2	47518970	0	0	0.0	0
chr2	47536560	0	0	0.0	0
chr2	47634387	0	0	0.0	0
chr2	47682837	0	0	0.0	0
chr2	47828209	0	0	0.0	0
chr2	47973278	0	0	0.0	0
chr2	47974371	0	0	0.0	0
chr2	48023918	0	0	0.0	0
chr2	48040618	0	0	0.0	0
chr2	48113225	0	0	0.0	0
chr2	48148256	0	0	0.0	0
chr2	48181919	0	0	0.0	0
chr2	48461013	0	0	0.0	0
chr2	48501431	0	0	0.0	0
chr2	48509880	0	0	0.0	0
chr2	48566020	0	0	0.0	0
chr2	48588804	0	0	0.0	0
chr2	48906255	0	0	0.0	0
chr2	48991364	0	0	0.0	0
chr2	49156937	0	0	0.0	0
chr2	49253623	0	0	0.0	0
chr2	49276735	0	0	0.0	0
chr2	49626686	0	0	0.0	0
chr2	50215440	0	0	0.0	0
chr2	50242209	0	0	0.0	0
chr2	50294534	0	0	0.0	0
chr2	50310279	0	0	0.0	0
chr2	50331675	0	0	0.0	0
chr2	50364549	0	0	0.0	0
chr2	50513991	0	0	0.0	0
chr2	50666060	0	0	0.0	0
chr2	50768835	0	0	0.0	0
chr2	50908569	0	0	0.0	0
chr2	51026826	0	0	0.0	0
chr2	51157760	0	0	0.0	0
chr2	51168995	0	0	0.0	0
chr2	51458547	0	0	0.0	0
chr2	51496768	0	0	0.0	0
chr2	51558648	0	0	0.0	0
chr2	51566727	0	0	0.0	0
chr2	51801611	0	0	0.0	0
chr2	52277291	0	0	0.0	0
chr2	52359460	0	0	0.0	0
chr2	52380655	0	0	0.0	0
chr2	52516545	0	0	0.0	0
chr2	52540596	0	0	0.0	0
chr2	52732824	0	0	0.0	0
chr2	52876579	0	0	0.0	0
chr2	52886383	0	0	0.0	0
chr2	52903737	0	0	0.0	0
chr2	52995276	0	0	0.0	0
chr2	52998263	0	0	0.0	0
chr2	53111239	0	0	0.0	0
chr2	53361334	0	1	0.0137	0
chr2	53391878	0	0	0.0	0
chr2	53522523	0	0	0.0	0
chr2	53686155	0	0	0.0	0
chr2	53800246	0	0	0.0	0
chr2	54000014	0	0	0.0	0
chr2	54001813	0	0	0.0	0
chr2	54277274	0	0	0.0	0
chr2	54420824	0	0	0.0	0
chr2	54455437	0	0	0.0	0
chr2	54490720	0	0	0.0	0
chr2	54593513	0	0	0.0	0
chr2	54786614	0	0	0.0	0
chr2	54838466	0	0	0.0	0
chr2	54934673	0	0	0.0	0
chr2	54939465	0	1	0.0189	0
chr2	55079205	0	0	0.0	0
chr2	55153196	0	1	0.0204	0
chr2	55163589	0	0	0.0	0
chr2	55251922	0	0	0.0	0
chr2	55261729	0	0	0.0	0
chr2	55358145	0	0	0.0	0
chr2	55377242	0	0	0.0	0
chr2	55433532	0	0	0.0	0
chr2	55477854	0	0	0.0	0
chr2	55490342	0	0	0.0	0
chr2	55804163	0	0	0.0	0
chr2	55882861	0	0	0.0	0
chr2	55909600	0	0	0.0	0
chr2	55970882	0	0	0.0	0
chr2	55977533	0	0	0.0	0
chr2	56051798	0	0	0.0	0
chr2	56065418	0	1	0.0114	0
chr2	56292689	0	0	0.0	0
chr2	56446098	0	0	0.0	0
chr2	56485293	0	0	0.0	0
chr2	56491219	0	0	0.0	0
chr2	56510912	0	0	0.0	0
chr2	56571098	0	1	0.0115	0
chr2	56575081	0	0	0.0	0
chr2	56615275	0	0	0.0	0
chr2	56736093	0	0	0.0	0
chr2	56964515	0	0	0.0	0
chr2	57083923	0	0	0.0	0
chr2	57165805	0	0	0.0	0
chr2	57204494	0	0	0.0	0
chr2	57209647	0	0	0.0	0
chr2	57532601	0	0	0.0	0
chr2	57627031	0	0	0.0	0
chr2	57684860	0	0	0.0	0
chr2	57729709	0	0	0.0	0
chr2	57783823	0	0	0.0	0
chr2	58066831	0	0	0.0	0
chr2	58143718	0	0	0.0	0
chr2	58192690	0	0	0.0	0
chr2	58511004	0	0	0.0	0
chr2	58778103	0	0	0.0	0
chr2	58854509	0	0	0.0	0
chr2	59140117	0	0	0.0	0
chr2	59231274	0	0	0.0	0
chr2	59253207	0	0	0.0	0
chr2	59402769	0	0	0.0	0
chr2	59411669	0	0	0.0	0
chr2	59772949	0	0	0.0	0
chr2	59916142	0	0	0.0	0
chr2	60055630	0	0	0.0	0
chr2	60135725	0	0	0.0	0
chr2	60218150	0	0	0.0	0
chr2	60234074	0	0	0.0	0
chr2	60307098	0	0	0.0	0
chr2	60334698	0	0	0.0	0
chr2	60361675	0	0	0.0	0
chr2	60497578	0	0	0.0	0
chr2	60638886	0	0	0.0	0
chr2	60768399	0	0	0.0	0
chr2	60820999	0	0	0.0	0
chr2	60924202	0	0	0.0	0
chr2	61022757	0	0	0.0	0
chr2	61095955	0	0	0.0	0
chr2	61148955	0	0	0.0	0
chr2	61184121	0	0	0.0	0
chr2	61270697	0	0	0.0	0
chr2	61392235	0	0	0.0	0
chr2	61417332	0	0	0.0	0
chr2	61467076	0	0	0.0	0
chr2	61615601	0	0	0.0	0
chr2	61695682	0	0	0.0	0
chr2	61853752	0	0	0.0	0
chr2	62041450	0	0	0.0	0
chr2	62135784	0	0	0.0	0
chr2	62154482	0	0	0.0	0
chr2	62162530	0	0	0.0	0
chr2	62177106	0	0	0.0	0
chr2	62406984	0	0	0.0	0
chr2	62422293	0	0	0.0	0
chr2	62465172	0	0	0.0	0
chr2	62503494	0	0	0.0	0
chr2	62575134	0	0	0.0	0
chr2	62633578	0	0	0.0	0
chr2	62784528	0	0	0.0	0
chr2	63429255	0	0	0.0	0
chr2	63470145	0	0	0.0	0
chr2	63601535	0	0	0.0	0
chr2	63725660	0	0	0.0	0
chr2	63965906	0	0	0.0	0
chr2	64119757	0	0	0.0	0
chr2	64282662	0	0	0.0	0
chr2	64426096	0	0	0.0	0
chr2	64516450	0	0	0.0	0
chr2	64543237	0	0	0.0	0
chr2	64575507	0	0	0.0	0
chr2	64903357	0	0	0.0	0
chr2	64984148	0	0	0.0	0
chr2	65160854	0	1	0.0312	0
chr2	65442086	0	0	0.0	0
chr2	65494145	0	0	0.0	0
chr2	65550682	0	0	0.0	0
chr2	65664324	0	0	0.0	0
chr2	65750464	0	0	0.0	0
chr2	65756563	0	0	0.0	0
chr2	65890245	0	0	0.0	0
chr2	65985412	0	0	0.0	0
chr2	66127845	0	0	0.0	0
chr2	66146681	0	0	0.0	0
chr2	66240466	0	0	0.0	0
chr2	66455581	0	0	0.0	0
chr2	66862291	0	0	0.0	0
chr2	67005774	0	0	0.0	0
chr2	67043934	0	0	0.0	0
chr2	67386464	0	0	0.0	0
chr2	67393171	0	0	0.0	0
chr2	67491994	0	0	0.0	0
chr2	67568472	0	0	0.0	0
chr2	67670057	0	0	0.0	0
chr2	67750526	0	0	0.0	0
chr2	67752752	0	0	0.0	0
chr2	68122939	0	1	0.025	0
chr2	68405489	0	0	0.0	0
chr2	68425519	0	0	0.0	0
chr2	68428295	0	0	0.0	0
chr2	68432233	0	0	0.0	0
chr2	68433545	0	0	0.0	0
chr2	68447229	0	0	0.0	0
chr2	68586158	0	0	0.0	0
chr2	68701985	0	0	0.0	0
chr2	68739201	0	0	0.0	0
chr2	68745824	0	0	0.0	0
chr2	68785710	0	0	0.0	0
chr2	68799328	0	0	0.0	0
chr2	68925011	0	0	0.0	0
chr2	68998518	0	0	0.0	0
chr2	69080183	0	0	0.0	0
chr2	69423117	0	0	0.0	0
chr2	69447199	0	0	0.0	0
chr2	69500905	0	0	0.0	0
chr2	69588416	0	0	0.0	0
chr2	69622409	0	0	0.0	0
chr2	69715532	0	0	0.0	0
chr2	69720649	0	0	0.0	0
chr2	69789704	0	0	0.0	0
chr2	69870006	0	0	0.0	0
chr2	69949057	0	0	0.0	0
chr2	69980113	0	0	0.0	0
chr2	69993355	0	0	0.0	0
chr2	70027041	0	0	0.0	0
chr2	70130142	0	1	0.0147	0
chr2	70362810	0	0	0.0	0
chr2	70392937	0	0	0.0	0
chr2	70464459	0	0	0.0	0
chr2	70486856	0	0	0.0	0
chr2	70657620	0	0	0.0	0
chr2	70682369	0	0	0.0	0
chr2	70710338	0	0	0.0	0
chr2	70851568	0	0	0.0	0
chr2	70920598	0	0	0.0	0
chr2	70965815	0	0	0.0	0
chr2	71020753	0	0	0.0	0
chr2	71176243	0	0	0.0	0
chr2	71201102	0	0	0.0	0
chr2	71211873	0	0	0.0	0
chr2	71435447	0	0	0.0	0
chr2	71504467	0	0	0.0	0
chr2	71522949	0	0	0.0	0
chr2	71545534	0	0	0.0	0
chr2	71604790	0	0	0.0	0
chr2	71606310	0	0	0.0	0
chr2	71636086	0	0	0.0	0
chr2	71734579	0	0	0.0	0
chr2	71873731	0	0	0.0	0
chr2	72013907	0	0	0.0	0
chr2	72037419	0	0	0.0	0
chr2	72107355	0	0	0.0	0
chr2	72137264	0	1	0.0238	0
chr2	72217715	0	0	0.0	0
chr2	72326591	0	0	0.0	0
chr2	72668338	0	0	0.0	0
chr2	72753684	0	0	0.0	0
chr2	72781188	0	0	0.0	0
chr2	72942715	0	0	0.0	0
chr2	72954175	0	0	0.0	0
chr2	73051561	0	0	0.0	0
chr2	73079200	0	0	0.0	0
chr2	73096629	0	0	0.0	0
chr2	73111803	0	0	0.0	0
chr2	73322642	0	0	0.0	0
chr2	73388839	0	0	0.0	0
chr2	73552187	0	0	0.0	0
chr2	73595779	0	0	0.0	0
chr2	73634583	0	0	0.0	0
chr2	73654823	0	0	0.0	0
chr2	73694543	0	0	0.0	0
chr2	73782933	0	0	0.0	0
chr2	73846560	0	0	0.0	0
chr2	73889202	0	0	0.0	0
chr2	73920198	0	0	0.0	0
chr2	74074780	0	0	0.0	0
chr2	74144378	0	1	0.0189	0
chr2	74154381	0	0	0.0	0
chr2	74191555	0	0	0.0	0
chr2	74271820	0	0	0.0	0
chr2	74344629	0	0	0.0	0
chr2	74388742	0	0	0.0	0
chr2	74415786	0	0	0.0	0
chr2	74417688	0	0	0.0	0
chr2	74424589	0	0	0.0	0
chr2	74479235	0	0	0.0	0
chr2	74480729	0	0	0.0	0
chr2	74631869	0	0	0.0	0
chr2	74677288	0	0	0.0	0
chr2	74778936	0	0	0.0	0
chr2	74813731	0	0	0.0	0
chr2	75019978	0	0	0.0	0
chr2	75050555	0	0	0.0	0
chr2	75125549	0	0	0.0	0
chr2	75154909	0	0	0.0	0
chr2	75180429	0	0	0.0	0
chr2	75198834	0	0	0.0	0
chr2	75374200	0	0	0.0	0
chr2	75488193	0	0	0.0	0
chr2	75682062	0	0	0.0	0
chr2	75805403	0	0	0.0	0
chr2	75948467	0	0	0.0	0
chr2	76077729	0	0	0.0	0
chr2	76139582	0	0	0.0	0
chr2	76149865	0	1	0.0208	0
chr2	76544832	0	0	0.0	0
chr2	76663287	0	0	0.0	0
chr2	77328596	0	0	0.0	0
chr2	77543351	0	0	0.0	0
chr2	77559489	0	0	0.0	0
chr2	77626427	0	0	0.0	0
chr2	78041912	0	0	0.0	0
chr2	78122923	0	0	0.0	0
chr2	78125319	0	0	0.0	0
chr2	78669730	0	0	0.0	0
chr2	78677411	0	0	0.0	0
chr2	78681181	0	0	0.0	0
chr2	78768765	0	0	0.0	0
chr2	78889385	0	0	0.0	0
chr2	79053572	0	0	0.0	0
chr2	79304031	0	0	0.0	0
chr2	79368754	0	0	0.0	0
chr2	79481930	0	0	0.0	0
chr2	79482862	0	0	0.0	0
chr2	79499146	0	0	0.0	0
chr2	79546237	0	0	0.0	0
chr2	79629474	0	0	0.0	0
chr2	79653549	0	0	0.0	0
chr2	79696648	0	0	0.0	0
chr2	79869293	0	0	0.0	0
chr2	80102773	0	0	0.0	0
chr2	80178019	0	1	0.0208	0
chr2	80403486	0	0	0.0	0
chr2	80526934	0	1	0.013	0
chr2	80575694	0	0	0.0	0
chr2	80815993	0	0	0.0	0
chr2	80968749	0	0	0.0	0
chr2	81206385	0	0	0.0	0
chr2	81242731	0	0	0.0	0
chr2	81300107	0	0	0.0	0
chr2	81302707	0	0	0.0	0
chr2	81658430	0	0	0.0	0
chr2	81858255	0	0	0.0	0
chr2	81926499	0	0	0.0	0
chr2	82188942	0	0	0.0	0
chr2	82387664	1	31	0.4429	1
chr2	82470844	0	0	0.0	0
chr2	82624704	0	0	0.0	0
chr2	82657317	0	0	0.0	0
chr2	82673896	0	0	0.0	0
chr2	82689861	0	0	0.0	0
chr2	82692877	0	0	0.0	0
chr2	82845709	0	0	0.0	0
chr2	83084394	0	0	0.0	0
chr2	83088301	0	0	0.0	0
chr2	83264390	0	0	0.0	0
chr2	83293488	0	0	0.0	0
chr2	83346024	0	0	0.0	0
chr2	83447736	0	0	0.0	0
chr2	83595019	0	0	0.0	0
chr2	83868576	0	0	0.0	0
chr2	83913400	0	0	0.0	0
chr2	83977031	0	0	0.0	0
chr2	84131094	0	0	0.0	0
chr2	84131646	0	0	0.0	0
chr2	84325173	0	0	0.0	0
chr2	84345301	0	0	0.0	0
chr2	84348914	0	0	0.0	0
chr2	84415429	0	0	0.0	0
chr2	84452405	0	0	0.0	0
chr2	84495256	0	0	0.0	0
chr2	84523897	0	0	0.0	0
chr2	84576756	0	0	0.0	0
chr2	84726629	0	0	0.0	0
chr2	84790165	0	0	0.0	0
chr2	84932607	0	0	0.0	0
chr2	84977687	0	0	0.0	0
chr2	84982044	0	0	0.0	0
chr2	85058446	0	0	0.0	0
chr2	85109904	0	0	0.0	0
chr2	85143872	0	0	0.0	0
chr2	85184808	0	0	0.0	0
chr2	85217071	0	0	0.0	0
chr2	85235296	0	0	0.0	0
chr2	85282883	0	0	0.0	0
chr2	85374010	0	0	0.0	0
chr2	85398217	0	0	0.0	0
chr2	85551149	0	0	0.0	0
chr2	85558430	0	0	0.0	0
chr2	85604099	0	0	0.0	0
chr2	85678704	0	0	0.0	0
chr2	85682518	0	1	0.025	0
chr2	85835359	0	0	0.0	0
chr2	85888593	0	0	0.0	0
chr2	86134085	0	0	0.0	0
chr2	86148901	0	0	0.0	0
chr2	86326950	0	0	0.0	0
chr2	86361226	1	18	0.4091	1
chr2	86403546	0	0	0.0	0
chr2	86436047	0	0	0.0	0
chr2	86645200	0	0	0.0	0
chr2	87112523	0	0	0.0	0
chr2	87255425	0	0	0.0	0
chr2	87262693	0	0	0.0	0
chr2	87345932	0	0	0.0	0
chr2	87377961	0	0	0.0	0
chr2	87574985	0	0	0.0	0
chr2	87634821	0	0	0.0	0
chr2	87920605	0	0	0.0	0
chr2	88026217	0	0	0.0	0
chr2	88041978	0	0	0.0	0
chr2	88103193	0	0	0.0	0
chr2	88202300	0	0	0.0	0
chr2	88353075	0	0	0.0	0
chr2	88480726	0	0	0.0	0
chr2	88640651	0	0	0.0	0
chr2	88733177	0	0	0.0	0
chr2	88764241	0	0	0.0	0
chr2	88868642	0	0	0.0	0
chr2	88880815	0	0	0.0	0
chr2	88891182	0	0	0.0	0
chr2	88917391	0	0	0.0	0
chr2	88970555	0	0	0.0	0
chr2	88992676	0	0	0.0	0
chr2	89302898	0	0	0.0	0
chr2	89304980	0	0	0.0	0
chr2	89568538	0	0	0.0	0
chr2	89821022	0	0	0.0	0
chr2	89877486	0	0	0.0	0
chr2	90075972	0	0	0.0	0
chr2	90242276	0	0	0.0	0
chr2	90269988	0	0	0.0	0
chr2	91546793	0	0	0.0	0
chr2	91642890	0	0	0.0	0
chr2	91675321	0	0	0.0	0
chr2	91873599	0	0	0.0	0
chr2	91902181	0	0	0.0	0
chr2	92008272	0	0	0.0	0
chr2	94191870	0	0	0.0	0
chr2	94239036	0	0	0.0	0
chr2	94535009	0	0	0.0	0
chr2	94535689	0	0	0.0	0
chr2	94582425	0	0	0.0	0
chr2	94608733	0	0	0.0	0
chr2	94613205	0	0	0.0	0
chr2	94669694	0	0	0.0	0
chr2	94698439	0	0	0.0	0
chr2	94732287	0	0	0.0	0
chr2	94769064	0	1	0.0119	0
chr2	94786664	0	0	0.0	0
chr2	95015564	0	0	0.0	0
chr2	95016888	0	0	0.0	0
chr2	95206761	0	1	0.0122	0
chr2	95228003	0	0	0.0	0
chr2	95240934	0	0	0.0	0
chr2	95342874	0	0	0.0	0
chr2	95678658	0	0	0.0	0
chr2	95698327	0	0	0.0	0
chr2	95755301	0	0	0.0	0
chr2	95829700	0	0	0.0	0
chr2	95835105	0	0	0.0	0
chr2	95861781	0	0	0.0	0
chr2	96070956	0	0	0.0	0
chr2	96152302	0	0	0.0	0
chr2	96307533	0	0	0.0	0
chr2	96497745	0	0	0.0	0
chr2	96527226	0	0	0.0	0
chr2	96572376	0	0	0.0	0
chr2	96575171	0	0	0.0	0
chr2	96593034	0	0	0.0	0
chr2	96608951	0	0	0.0	0
chr2	96646295	0	0	0.0	0
chr2	96762321	0	0	0.0	0
chr2	96817422	0	0	0.0	0
chr2	96930382	0	0	0.0	0
chr2	96958580	0	0	0.0	0
chr2	97239537	0	0	0.0	0
chr2	97266646	0	0	0.0	0
chr2	97306119	0	0	0.0	0
chr2	97402383	0	0	0.0	0
chr2	97490547	1	14	0.4	1
chr2	97517660	0	0	0.0	0
chr2	97626779	0	0	0.0	0
chr2	97656316	0	0	0.0	0
chr2	97714271	0	0	0.0	0
chr2	97789080	0	1	0.0139	0
chr2	97809196	0	0	0.0	0
chr2	98029449	0	0	0.0	0
chr2	98042357	0	0	0.0	0
chr2	98058522	0	0	0.0	0
chr2	98187364	0	0	0.0	0
chr2	98217869	0	0	0.0	0
chr2	98359417	0	0	0.0	0
chr2	98400830	0	0	0.0	0
chr2	98550598	0	0	0.0	0
chr2	98572331	0	0	0.0	0
chr2	98576348	0	0	0.0	0
chr2	98809739	0	0	0.0	0
chr2	98903281	0	0	0.0	0
chr2	99250707	0	0	0.0	0
chr2	99278036	0	0	0.0	0
chr2	99377674	0	0	0.0	0
chr2	99430729	0	0	0.0	0
chr2	99484089	0	0	0.0	0
chr2	99952902	0	0	0.0	0
chr2	100092262	0	0	0.0	0
chr2	100201404	0	0	0.0	0
chr2	100218696	0	0	0.0	0
chr2	100257712	0	0	0.0	0
chr2	100270706	0	0	0.0	0
chr2	100399197	0	1	0.0139	0
chr2	100455179	0	0	0.0	0
chr2	100584342	0	0	0.0	0
chr2	100685726	0	0	0.0	0
chr2	100757165	0	0	0.0	0
chr2	100805995	0	0	0.0	0
chr2	100886330	0	0	0.0	0
chr2	100940894	0	0	0.0	0
chr2	101019145	0	0	0.0	0
chr2	101022533	0	0	0.0	0
chr2	101142525	0	0	0.0	0
chr2	101243001	0	0	0.0	0
chr2	101324159	0	1	0.0159	0
chr2	101339378	0	0	0.0	0
chr2	101421508	0	0	0.0	0
chr2	101482924	0	0	0.0	0
chr2	101518634	0	0	0.0	0
chr2	101804597	0	0	0.0	0
chr2	101812371	0	0	0.0	0
chr2	101852473	0	0	0.0	0
chr2	101935961	0	0	0.0	0
chr2	101982080	0	0	0.0	0
chr2	102092084	0	0	0.0	0
chr2	102104465	0	0	0.0	0
chr2	102114885	0	0	0.0	0
chr2	102127325	0	0	0.0	0
chr2	102186605	0	0	0.0	0
chr2	102277144	0	0	0.0	0
chr2	102389898	0	0	0.0	0
chr2	102437226	0	0	0.0	0
chr2	102497289	0	0	0.0	0
chr2	102528608	0	0	0.0	0
chr2	102531363	0	1	0.0204	0
chr2	102536684	0	0	0.0	0
chr2	102541495	0	0	0.0	0
chr2	102553183	0	0	0.0	0
chr2	102596792	0	0	0.0	0
chr2	102673880	0	0	0.0	0
chr2	102682490	0	0	0.0	0
chr2	102759843	0	0	0.0	0
chr2	102842465	0	0	0.0	0
chr2	102865079	0	0	0.0	0
chr2	102912489	0	0	0.0	0
chr2	102996153	0	0	0.0	0
chr2	103116153	0	0	0.0	0
chr2	103201418	0	0	0.0	0
chr2	103285017	0	0	0.0	0
chr2	103631040	0	0	0.0	0
chr2	103814655	0	0	0.0	0
chr2	104182935	0	0	0.0	0
chr2	104219140	0	0	0.0	0
chr2	104247997	0	0	0.0	0
chr2	104287177	0	0	0.0	0
chr2	104392475	0	0	0.0	0
chr2	104433935	0	0	0.0	0
chr2	104480766	0	0	0.0	0
chr2	104517769	0	0	0.0	0
chr2	104652665	0	0	0.0	0
chr2	104762272	0	0	0.0	0
chr2	104864893	0	0	0.0	0
chr2	105075258	0	0	0.0	0
chr2	105218905	0	0	0.0	0
chr2	105339579	0	0	0.0	0
chr2	105572304	0	0	0.0	0
chr2	105688677	0	0	0.0	0
chr2	105993171	0	0	0.0	0
chr2	106053274	0	0	0.0	0
chr2	106100816	0	0	0.0	0
chr2	106140329	0	0	0.0	0
chr2	106192137	0	0	0.0	0
chr2	106210884	0	0	0.0	0
chr2	106584785	0	0	0.0	0
chr2	106661680	0	1	0.0132	0
chr2	106909296	0	0	0.0	0
chr2	106950029	0	0	0.0	0
chr2	106991675	0	0	0.0	0
chr2	107000048	0	0	0.0	0
chr2	107089979	0	0	0.0	0
chr2	107096678	0	0	0.0	0
chr2	107256254	0	0	0.0	0
chr2	107277341	0	0	0.0	0
chr2	107336142	0	0	0.0	0
chr2	107500024	0	0	0.0	0
chr2	107800846	0	0	0.0	0
chr2	108043431	0	1	0.0179	0
chr2	108084011	0	0	0.0	0
chr2	108604362	0	0	0.0	0
chr2	108611636	0	1	0.0161	0
chr2	108777241	0	0	0.0	0
chr2	108906785	0	0	0.0	0
chr2	108929446	0	0	0.0	0
chr2	109024273	0	0	0.0	0
chr2	109098131	0	0	0.0	0
chr2	109118963	0	0	0.0	0
chr2	109155042	0	0	0.0	0
chr2	109165403	0	0	0.0	0
chr2	109220474	0	0	0.0	0
chr2	109258760	0	0	0.0	0
chr2	109336518	0	0	0.0	0
chr2	109340748	0	0	0.0	0
chr2	109381053	0	0	0.0	0
chr2	109655693	0	0	0.0	0
chr2	109725186	0	0	0.0	0
chr2	109755453	0	0	0.0	0
chr2	109772922	0	0	0.0	0
chr2	109781967	0	0	0.0	0
chr2	109786310	0	0	0.0	0
chr2	109790146	0	0	0.0	0
chr2	109889398	0	0	0.0	0
chr2	109951507	0	0	0.0	0
chr2	110050828	0	0	0.0	0
chr2	110094854	0	0	0.0	0
chr2	110249466	0	0	0.0	0
chr2	110276535	0	0	0.0	0
chr2	110320638	0	0	0.0	0
chr2	110419988	0	0	0.0	0
chr2	110482109	0	0	0.0	0
chr2	110581345	0	0	0.0	0
chr2	110585181	0	0	0.0	0
chr2	110589524	0	0	0.0	0
chr2	110598564	0	0	0.0	0
chr2	110616043	0	0	0.0	0
chr2	110771429	0	0	0.0	0
chr2	110806864	0	0	0.0	0
chr2	110828389	0	0	0.0	0
chr2	111044406	0	0	0.0	0
chr2	111097564	0	0	0.0	0
chr2	111316025	0	0	0.0	0
chr2	111375832	1	13	0.2	1
chr2	111606165	0	0	0.0	0
chr2	111675158	0	0	0.0	0
chr2	111716519	0	0	0.0	0
chr2	112044816	0	0	0.0	0
chr2	112166532	0	0	0.0	0
chr2	112190279	0	0	0.0	0
chr2	112209808	0	0	0.0	0
chr2	112253469	0	0	0.0	0
chr2	112343651	0	0	0.0	0
chr2	112791186	0	0	0.0	0
chr2	112836002	0	0	0.0	0
chr2	112868429	0	0	0.0	0
chr2	112895917	0	0	0.0	0
chr2	113069248	0	0	0.0	0
chr2	113073077	0	0	0.0	0
chr2	113320888	0	0	0.0	0
chr2	113471645	0	0	0.0	0
chr2	113547611	0	0	0.0	0
chr2	113828850	0	0	0.0	0
chr2	113852638	0	0	0.0	0
chr2	113886926	0	0	0.0	0
chr2	114201235	0	0	0.0	0
chr2	114313702	0	0	0.0	0
chr2	114354979	0	0	0.0	0
chr2	114473006	0	0	0.0	0
chr2	114495914	0	0	0.0	0
chr2	114548006	0	0	0.0	0
chr2	114562820	0	0	0.0	0
chr2	114845607	0	0	0.0	0
chr2	114962854	0	0	0.0	0
chr2	115225880	0	0	0.0	0
chr2	115266597	0	0	0.0	0
chr2	115440937	0	0	0.0	0
chr2	115550522	0	0	0.0	0
chr2	115551104	0	0	0.0	0
chr2	115626679	0	0	0.0	0
chr2	115677213	0	0	0.0	0
chr2	115686984	0	0	0.0	0
chr2	115812928	0	0	0.0	0
chr2	116065634	0	0	0.0	0
chr2	116252533	0	0	0.0	0
chr2	116260020	0	1	0.0238	0
chr2	116296105	0	0	0.0	0
chr2	116299205	0	0	0.0	0
chr2	116385183	0	0	0.0	0
chr2	116390721	0	0	0.0	0
chr2	116413719	0	0	0.0	0
chr2	116428803	0	0	0.0	0
chr2	116545067	0	0	0.0	0
chr2	116576090	0	0	0.0	0
chr2	116662335	0	0	0.0	0
chr2	116727991	0	0	0.0	0
chr2	117030143	0	0	0.0	0
chr2	117039366	0	0	0.0	0
chr2	117300035	0	0	0.0	0
chr2	117472802	0	0	0.0	0
chr2	117544649	0	0	0.0	0
chr2	117571818	0	0	0.0	0
chr2	117572187	0	0	0.0	0
chr2	117721312	0	0	0.0	0
chr2	117800186	0	0	0.0	0
chr2	117802158	0	0	0.0	0
chr2	117828977	0	0	0.0	0
chr2	117854232	0	0	0.0	0
chr2	117972563	0	0	0.0	0
chr2	118089791	0	0	0.0	0
chr2	118090620	0	0	0.0	0
chr2	118109127	0	0	0.0	0
chr2	118121398	0	0	0.0	0
chr2	118236818	0	0	0.0	0
chr2	118279542	0	0	0.0	0
chr2	118386192	0	0	0.0	0
chr2	118426860	0	0	0.0	0
chr2	118495864	0	0	0.0	0
chr2	118656082	0	0	0.0	0
chr2	118785619	0	0	0.0	0
chr2	118882350	0	0	0.0	0
chr2	118979546	0	0	0.0	0
chr2	118992963	0	0	0.0	0
chr2	119247947	0	0	0.0	0
chr2	119379853	0	0	0.0	0
chr2	119387956	0	0	0.0	0
chr2	119447952	0	0	0.0	0
chr2	119488213	0	0	0.0	0
chr2	119517823	0	0	0.0	0
chr2	119543624	0	0	0.0	0
chr2	119660086	0	0	0.0	0
chr2	119740675	0	0	0.0	0
chr2	119914323	0	0	0.0	0
chr2	119971221	0	0	0.0	0
chr2	120059588	0	0	0.0	0
chr2	120188973	0	0	0.0	0
chr2	120232416	0	0	0.0	0
chr2	120237708	0	0	0.0	0
chr2	120480374	0	0	0.0	0
chr2	120512063	0	0	0.0	0
chr2	120517931	0	0	0.0	0
chr2	120522388	0	0	0.0	0
chr2	120558238	0	0	0.0	0
chr2	120604084	0	0	0.0	0
chr2	120632409	0	0	0.0	0
chr2	120657236	0	0	0.0	0
chr2	120771492	0	0	0.0	0
chr2	120777629	0	0	0.0	0
chr2	120781222	0	0	0.0	0
chr2	120784577	0	0	0.0	0
chr2	120813263	0	0	0.0	0
chr2	120847826	0	0	0.0	0
chr2	120873641	0	0	0.0	0
chr2	120942710	0	0	0.0	0
chr2	121150645	0	1	0.0115	0
chr2	121178455	0	0	0.0	0
chr2	121232502	0	0	0.0	0
chr2	121296578	0	0	0.0	0
chr2	121355812	0	0	0.0	0
chr2	121455333	0	0	0.0	0
chr2	121641569	0	0	0.0	0
chr2	121705699	0	0	0.0	0
chr2	121711233	0	0	0.0	0
chr2	121760728	0	0	0.0	0
chr2	121808913	0	0	0.0	0
chr2	121820137	0	0	0.0	0
chr2	121870987	0	0	0.0	0
chr2	121877411	0	0	0.0	0
chr2	121884193	0	0	0.0	0
chr2	121895068	0	0	0.0	0
chr2	121922287	0	1	0.0141	0
chr2	122102859	0	0	0.0	0
chr2	122195581	0	0	0.0	0
chr2	122290834	0	0	0.0	0
chr2	122373078	0	0	0.0	0
chr2	122562594	0	0	0.0	0
chr2	122772369	0	0	0.0	0
chr2	123052912	0	0	0.0	0
chr2	123206295	0	1	0.0217	0
chr2	123404440	0	0	0.0	0
chr2	123434052	0	1	0.0152	0
chr2	123548750	0	0	0.0	0
chr2	123580891	0	0	0.0	0
chr2	123742404	0	0	0.0	0
chr2	123803862	0	0	0.0	0
chr2	123893539	0	0	0.0	0
chr2	123908059	0	0	0.0	0
chr2	123982904	0	0	0.0	0
chr2	124123754	0	0	0.0	0
chr2	124132819	0	0	0.0	0
chr2	124287320	0	0	0.0	0
chr2	124468854	0	0	0.0	0
chr2	124565038	0	0	0.0	0
chr2	124626849	0	0	0.0	0
chr2	124633465	0	0	0.0	0
chr2	124741276	0	0	0.0	0
chr2	124763782	0	0	0.0	0
chr2	124896022	0	0	0.0	0
chr2	124914227	0	0	0.0	0
chr2	125002783	0	0	0.0	0
chr2	125393469	0	0	0.0	0
chr2	125444578	0	0	0.0	0
chr2	125680761	0	0	0.0	0
chr2	125770563	0	0	0.0	0
chr2	126085721	0	0	0.0	0
chr2	126095598	0	0	0.0	0
chr2	126237747	0	0	0.0	0
chr2	126326884	0	0	0.0	0
chr2	126373479	0	0	0.0	0
chr2	126786201	0	0	0.0	0
chr2	126803838	0	0	0.0	0
chr2	126819513	0	0	0.0	0
chr2	127059840	0	0	0.0	0
chr2	127070125	0	0	0.0	0
chr2	127098015	0	0	0.0	0
chr2	127143655	0	0	0.0	0
chr2	127162458	0	0	0.0	0
chr2	127390244	0	0	0.0	0
chr2	127405835	0	0	0.0	0
chr2	127469412	0	0	0.0	0
chr2	127512099	0	0	0.0	0
chr2	127646605	0	0	0.0	0
chr2	127818652	0	0	0.0	0
chr2	128169538	0	0	0.0	0
chr2	128340477	0	0	0.0	0
chr2	128447918	0	0	0.0	0
chr2	128457092	0	0	0.0	0
chr2	128508980	0	0	0.0	0
chr2	128559660	0	1	0.0185	0
chr2	128627295	0	0	0.0	0
chr2	128659936	0	0	0.0	0
chr2	128734878	0	0	0.0	0
chr2	128735206	0	0	0.0	0
chr2	128755294	0	1	0.0217	0
chr2	128833385	0	0	0.0	0
chr2	129004522	0	0	0.0	0
chr2	129070962	0	0	0.0	0
chr2	129074886	0	0	0.0	0
chr2	129145801	0	0	0.0	0
chr2	129187090	0	0	0.0	0
chr2	129230147	0	0	0.0	0
chr2	129322125	0	0	0.0	0
chr2	129369079	0	0	0.0	0
chr2	129577480	0	0	0.0	0
chr2	129773679	0	0	0.0	0
chr2	129823395	0	0	0.0	0
chr2	129825878	0	0	0.0	0
chr2	129901617	0	0	0.0	0
chr2	130098877	0	0	0.0	0
chr2	130164537	0	0	0.0	0
chr2	130174650	0	0	0.0	0
chr2	130178420	0	0	0.0	0
chr2	130356666	0	0	0.0	0
chr2	130487440	0	0	0.0	0
chr2	130633249	0	0	0.0	0
chr2	130798112	0	0	0.0	0
chr2	130916498	0	0	0.0	0
chr2	130925540	0	0	0.0	0
chr2	130999247	0	1	0.0179	0
chr2	131073414	0	1	0.0152	0
chr2	131197727	0	0	0.0	0
chr2	131240037	0	0	0.0	0
chr2	131499219	0	0	0.0	0
chr2	131508446	0	0	0.0	0
chr2	131782720	0	0	0.0	0
chr2	131832768	0	0	0.0	0
chr2	131992143	0	0	0.0	0
chr2	132143302	0	0	0.0	0
chr2	132224279	0	0	0.0	0
chr2	132229766	0	0	0.0	0
chr2	132354162	0	0	0.0	0
chr2	132393170	0	0	0.0	0
chr2	132429427	0	0	0.0	0
chr2	132513756	0	0	0.0	0
chr2	132650397	0	0	0.0	0
chr2	132678335	0	0	0.0	0
chr2	132696517	0	0	0.0	0
chr2	132868487	0	0	0.0	0
chr2	132915182	0	0	0.0	0
chr2	132948735	0	0	0.0	0
chr2	132959363	0	0	0.0	0
chr2	133014565	0	0	0.0	0
chr2	133054800	0	0	0.0	0
chr2	133070980	0	0	0.0	0
chr2	133110371	0	0	0.0	0
chr2	133119119	0	0	0.0	0
chr2	133264820	0	0	0.0	0
chr2	133425905	0	0	0.0	0
chr2	133573401	0	0	0.0	0
chr2	133599449	0	0	0.0	0
chr2	133601319	0	0	0.0	0
chr2	133604733	0	0	0.0	0
chr2	133693924	0	0	0.0	0
chr2	133785681	0	0	0.0	0
chr2	134043952	0	0	0.0	0
chr2	134073142	0	0	0.0	0
chr2	134078162	0	0	0.0	0
chr2	134150747	0	0	0.0	0
chr2	134485933	0	0	0.0	0
chr2	134579556	0	1	0.013	0
chr2	134704385	0	0	0.0	0
chr2	134751799	0	0	0.0	0
chr2	134762231	0	0	0.0	0
chr2	134818686	0	0	0.0	0
chr2	134819767	0	0	0.0	0
chr2	134907065	0	0	0.0	0
chr2	134908144	0	0	0.0	0
chr2	134909983	0	0	0.0	0
chr2	135158604	0	0	0.0	0
chr2	135333491	0	0	0.0	0
chr2	135538875	0	0	0.0	0
chr2	135553167	0	0	0.0	0
chr2	135816672	0	0	0.0	0
chr2	135876606	0	0	0.0	0
chr2	136614508	0	0	0.0	0
chr2	136622815	0	0	0.0	0
chr2	136751133	0	0	0.0	0
chr2	136782210	0	0	0.0	0
chr2	136803805	0	0	0.0	0
chr2	136823873	0	0	0.0	0
chr2	136875179	0	0	0.0	0
chr2	137075869	0	0	0.0	0
chr2	137099518	0	0	0.0	0
chr2	137099900	0	0	0.0	0
chr2	137111125	0	0	0.0	0
chr2	137185109	0	0	0.0	0
chr2	137408780	0	0	0.0	0
chr2	137707764	0	0	0.0	0
chr2	137978034	0	0	0.0	0
chr2	138017127	0	0	0.0	0
chr2	138091437	0	0	0.0	0
chr2	138170223	0	0	0.0	0
chr2	138234607	0	0	0.0	0
chr2	138331187	0	0	0.0	0
chr2	138351584	0	0	0.0	0
chr2	138652115	0	0	0.0	0
chr2	138663891	0	0	0.0	0
chr2	138711776	0	0	0.0	0
chr2	138732792	0	0	0.0	0
chr2	138796791	0	0	0.0	0
chr2	138834091	0	0	0.0	0
chr2	139013629	0	0	0.0	0
chr2	139166626	0	0	0.0	0
chr2	139406587	0	0	0.0	0
chr2	139781724	0	0	0.0	0
chr2	140011715	0	0	0.0	0
chr2	140298648	0	0	0.0	0
chr2	140390968	0	0	0.0	0
chr2	140498629	0	0	0.0	0
chr2	140690685	0	0	0.0	0
chr2	140700394	0	0	0.0	0
chr2	140804044	0	1	0.0233	0
chr2	141038395	0	0	0.0	0
chr2	141128393	0	0	0.0	0
chr2	141453427	0	0	0.0	0
chr2	141457154	0	0	0.0	0
chr2	141463748	0	0	0.0	0
chr2	141579463	0	0	0.0	0
chr2	141662043	0	0	0.0	0
chr2	141764605	0	0	0.0	0
chr2	141781170	0	0	0.0	0
chr2	141903233	0	0	0.0	0
chr2	142246751	0	0	0.0	0
chr2	142296057	0	0	0.0	0
chr2	142469386	0	0	0.0	0
chr2	142655148	0	0	0.0	0
chr2	142728729	0	0	0.0	0
chr2	142813555	0	0	0.0	0
chr2	143021680	0	0	0.0	0
chr2	143060557	0	1	0.0182	0
chr2	143062451	0	0	0.0	0
chr2	143173554	0	0	0.0	0
chr2	143208006	0	0	0.0	0
chr2	143247923	0	0	0.0	0
chr2	143649342	0	0	0.0	0
chr2	143783559	0	0	0.0	0
chr2	143843691	0	0	0.0	0
chr2	143868794	0	0	0.0	0
chr2	144099156	0	0	0.0	0
chr2	144147613	0	0	0.0	0
chr2	144288277	0	0	0.0	0
chr2	144306520	0	0	0.0	0
chr2	144399463	0	0	0.0	0
chr2	144429934	0	0	0.0	0
chr2	144436537	0	0	0.0	0
chr2	144690810	0	0	0.0	0
chr2	144703446	0	0	0.0	0
chr2	144785570	0	0	0.0	0
chr2	145051101	0	0	0.0	0
chr2	145054267	0	1	0.0156	0
chr2	145129112	0	0	0.0	0
chr2	145163936	0	0	0.0	0
chr2	145292185	0	0	0.0	0
chr2	145399731	0	0	0.0	0
chr2	145416885	0	0	0.0	0
chr2	145449915	0	0	0.0	0
chr2	145482322	0	0	0.0	0
chr2	145560448	1	5	0.0725	1
chr2	145570969	0	0	0.0	0
chr2	145642600	0	0	0.0	0
chr2	145856363	0	0	0.0	0
chr2	145960587	0	0	0.0	0
chr2	146013798	0	0	0.0	0
chr2	146137829	0	0	0.0	0
chr2	146222576	0	0	0.0	0
chr2	146380222	0	0	0.0	0
chr2	146399695	0	0	0.0	0
chr2	146720091	0	0	0.0	0
chr2	147129457	0	0	0.0	0
chr2	147225476	0	0	0.0	0
chr2	147257394	0	0	0.0	0
chr2	147280209	0	0	0.0	0
chr2	147382474	0	0	0.0	0
chr2	147410151	0	0	0.0	0
chr2	147586329	0	0	0.0	0
chr2	147620238	0	0	0.0	0
chr2	147707994	0	0	0.0	0
chr2	147825178	0	0	0.0	0
chr2	147889161	0	0	0.0	0
chr2	147963720	0	0	0.0	0
chr2	148087168	0	0	0.0	0
chr2	148184274	0	0	0.0	0
chr2	148268717	0	0	0.0	0
chr2	148343388	0	0	0.0	0
chr2	148375928	0	0	0.0	0
chr2	148422284	0	0	0.0	0
chr2	148470716	0	0	0.0	0
chr2	148511221	0	0	0.0	0
chr2	148525548	0	0	0.0	0
chr2	148710910	0	0	0.0	0
chr2	149164439	0	0	0.0	0
chr2	149442717	0	0	0.0	0
chr2	149493693	0	0	0.0	0
chr2	149501065	0	0	0.0	0
chr2	149763595	0	0	0.0	0
chr2	149848092	0	0	0.0	0
chr2	149956209	0	0	0.0	0
chr2	150124693	0	0	0.0	0
chr2	150147630	0	0	0.0	0
chr2	150193025	0	0	0.0	0
chr2	150265478	0	1	0.0455	0
chr2	150311586	0	0	0.0	0
chr2	150319444	0	0	0.0	0
chr2	150332366	0	0	0.0	0
chr2	150350186	0	0	0.0	0
chr2	150362825	0	0	0.0	0
chr2	150675958	0	0	0.0	0
chr2	150688070	0	0	0.0	0
chr2	150719926	0	0	0.0	0
chr2	150980788	0	0	0.0	0
chr2	150982269	0	0	0.0	0
chr2	151001840	0	0	0.0	0
chr2	151163081	0	0	0.0	0
chr2	151261392	0	0	0.0	0
chr2	151574067	0	0	0.0	0
chr2	151575591	0	0	0.0	0
chr2	151629337	0	0	0.0	0
chr2	151754688	0	0	0.0	0
chr2	152079039	0	0	0.0	0
chr2	152257732	0	0	0.0	0
chr2	152279194	0	0	0.0	0
chr2	152339262	1	13	0.2549	1
chr2	152896169	0	0	0.0	0
chr2	152922264	0	0	0.0	0
chr2	152956951	0	0	0.0	0
chr2	152996589	0	0	0.0	0
chr2	153207566	0	0	0.0	0
chr2	153245489	0	0	0.0	0
chr2	153328676	0	0	0.0	0
chr2	153572110	0	0	0.0	0
chr2	153593913	0	0	0.0	0
chr2	154018342	0	0	0.0	0
chr2	154078840	0	0	0.0	0
chr2	154109829	0	0	0.0	0
chr2	154345484	0	0	0.0	0
chr2	154375505	0	0	0.0	0
chr2	154541099	0	0	0.0	0
chr2	154712585	0	0	0.0	0
chr2	154785905	0	0	0.0	0
chr2	154892689	0	0	0.0	0
chr2	154909253	0	0	0.0	0
chr2	155240025	0	0	0.0	0
chr2	155416761	0	0	0.0	0
chr2	155417397	0	0	0.0	0
chr2	155592290	0	0	0.0	0
chr2	155622025	0	0	0.0	0
chr2	155644597	0	0	0.0	0
chr2	155716897	0	0	0.0	0
chr2	155748771	0	1	0.0208	0
chr2	155989587	0	0	0.0	0
chr2	156038787	0	0	0.0	0
chr2	156114392	0	0	0.0	0
chr2	156665965	0	0	0.0	0
chr2	156728072	0	0	0.0	0
chr2	156852908	0	0	0.0	0
chr2	157126261	0	0	0.0	0
chr2	157164935	0	0	0.0	0
chr2	157185138	0	0	0.0	0
chr2	157258590	0	0	0.0	0
chr2	157262528	0	1	0.0233	0
chr2	157358811	0	1	0.0147	0
chr2	157410356	0	0	0.0	0
chr2	157590991	0	0	0.0	0
chr2	157601660	0	0	0.0	0
chr2	157705314	0	0	0.0	0
chr2	157771933	0	0	0.0	0
chr2	157782186	0	0	0.0	0
chr2	157949584	0	0	0.0	0
chr2	158158012	0	0	0.0	0
chr2	158460473	0	0	0.0	0
chr2	158464762	0	0	0.0	0
chr2	158574760	0	0	0.0	0
chr2	158616539	0	0	0.0	0
chr2	158767297	0	0	0.0	0
chr2	158776597	0	0	0.0	0
chr2	158882541	0	0	0.0	0
chr2	159091241	0	0	0.0	0
chr2	159289064	0	0	0.0	0
chr2	159372453	0	0	0.0	0
chr2	159624544	0	0	0.0	0
chr2	159642817	0	0	0.0	0
chr2	159666350	0	0	0.0	0
chr2	159710073	0	0	0.0	0
chr2	159736772	0	0	0.0	0
chr2	159785853	0	0	0.0	0
chr2	159798346	0	0	0.0	0
chr2	159822331	0	0	0.0	0
chr2	159926566	0	0	0.0	0
chr2	159984569	0	0	0.0	0
chr2	160064219	0	0	0.0	0
chr2	160075700	0	0	0.0	0
chr2	160234517	0	0	0.0	0
chr2	160249431	0	0	0.0	0
chr2	160286996	0	0	0.0	0
chr2	160287683	0	0	0.0	0
chr2	160428551	0	0	0.0	0
chr2	160488057	0	0	0.0	0
chr2	160578175	0	0	0.0	0
chr2	160637619	0	0	0.0	0
chr2	160668510	0	0	0.0	0
chr2	160685713	0	0	0.0	0
chr2	160812206	0	0	0.0	0
chr2	160826260	0	0	0.0	0
chr2	160983872	0	0	0.0	0
chr2	161078542	0	0	0.0	0
chr2	161092822	0	0	0.0	0
chr2	161133817	0	0	0.0	0
chr2	161170651	0	0	0.0	0
chr2	161370165	0	0	0.0	0
chr2	161421819	0	0	0.0	0
chr2	161479711	0	0	0.0	0
chr2	161482085	0	0	0.0	0
chr2	161571939	0	0	0.0	0
chr2	161876669	0	0	0.0	0
chr2	161880369	0	0	0.0	0
chr2	161915097	0	0	0.0	0
chr2	161944832	0	0	0.0	0
chr2	162109508	0	0	0.0	0
chr2	162310547	0	0	0.0	0
chr2	162507506	0	0	0.0	0
chr2	162560595	0	0	0.0	0
chr2	162735302	0	0	0.0	0
chr2	162994449	0	0	0.0	0
chr2	163061667	0	0	0.0	0
chr2	163239144	0	0	0.0	0
chr2	163413884	0	0	0.0	0
chr2	163430441	0	0	0.0	0
chr2	163614002	0	0	0.0	0
chr2	164151467	0	0	0.0	0
chr2	164211263	0	0	0.0	0
chr2	164220603	0	0	0.0	0
chr2	164336635	0	0	0.0	0
chr2	164387747	0	0	0.0	0
chr2	164437230	0	0	0.0	0
chr2	164611759	0	0	0.0	0
chr2	164653773	0	0	0.0	0
chr2	164739607	0	0	0.0	0
chr2	164841024	0	0	0.0	0
chr2	165021299	0	0	0.0	0
chr2	165105260	0	0	0.0	0
chr2	165186349	0	0	0.0	0
chr2	165326821	0	0	0.0	0
chr2	165469562	0	0	0.0	0
chr2	165864533	0	0	0.0	0
chr2	166011260	0	0	0.0	0
chr2	166069022	0	0	0.0	0
chr2	166076858	3	48	0.8889	1
chr2	166511449	0	0	0.0	0
chr2	166526781	0	1	0.0152	0
chr2	166582072	0	0	0.0	0
chr2	166771657	0	0	0.0	0
chr2	167088419	0	0	0.0	0
chr2	167089720	0	0	0.0	0
chr2	167099376	0	0	0.0	0
chr2	167122368	0	0	0.0	0
chr2	167159900	0	0	0.0	0
chr2	167236388	0	0	0.0	0
chr2	167272284	1	26	0.3824	1
chr2	167436579	0	0	0.0	0
chr2	167470874	0	0	0.0	0
chr2	167500928	0	0	0.0	0
chr2	167559191	0	0	0.0	0
chr2	167597615	0	0	0.0	0
chr2	167609661	0	0	0.0	0
chr2	167726499	0	0	0.0	0
chr2	167843435	0	0	0.0	0
chr2	168170163	0	0	0.0	0
chr2	168229427	0	0	0.0	0
chr2	168328112	0	0	0.0	0
chr2	168468697	0	0	0.0	0
chr2	168817305	0	0	0.0	0
chr2	169083530	0	0	0.0	0
chr2	169105731	0	0	0.0	0
chr2	169606520	0	0	0.0	0
chr2	169673682	0	0	0.0	0
chr2	169693013	0	0	0.0	0
chr2	169704039	0	0	0.0	0
chr2	169708853	0	1	0.0118	0
chr2	169719399	0	0	0.0	0
chr2	169813765	0	0	0.0	0
chr2	169984423	0	0	0.0	0
chr2	170004270	0	0	0.0	0
chr2	170227969	0	0	0.0	0
chr2	170268210	0	0	0.0	0
chr2	170316640	0	0	0.0	0
chr2	170388431	0	0	0.0	0
chr2	170389903	0	0	0.0	0
chr2	170419523	0	0	0.0	0
chr2	170459643	0	1	0.0154	0
chr2	170500541	0	0	0.0	0
chr2	170520975	0	0	0.0	0
chr2	170563444	0	0	0.0	0
chr2	170708193	0	0	0.0	0
chr2	170826628	0	0	0.0	0
chr2	170863916	0	0	0.0	0
chr2	170920057	0	0	0.0	0
chr2	171032765	0	0	0.0	0
chr2	171069778	0	0	0.0	0
chr2	171091937	0	0	0.0	0
chr2	171149488	0	0	0.0	0
chr2	171229558	0	0	0.0	0
chr2	171384265	0	0	0.0	0
chr2	171449540	0	0	0.0	0
chr2	171562465	0	0	0.0	0
chr2	171563295	0	0	0.0	0
chr2	171570864	0	0	0.0	0
chr2	171610653	0	0	0.0	0
chr2	171812622	0	0	0.0	0
chr2	171910282	0	0	0.0	0
chr2	171912110	0	0	0.0	0
chr2	171973157	0	0	0.0	0
chr2	172005051	0	0	0.0	0
chr2	172143921	0	0	0.0	0
chr2	172192550	0	0	0.0	0
chr2	172343600	0	0	0.0	0
chr2	172908900	0	0	0.0	0
chr2	172922302	0	0	0.0	0
chr2	173003273	0	0	0.0	0
chr2	173109039	0	0	0.0	0
chr2	173333971	0	0	0.0	0
chr2	173339990	0	0	0.0	0
chr2	173377648	0	0	0.0	0
chr2	173581368	0	0	0.0	0
chr2	173721527	0	0	0.0	0
chr2	173837862	0	0	0.0	0
chr2	173860311	0	0	0.0	0
chr2	173874241	0	0	0.0	0
chr2	173908973	0	0	0.0	0
chr2	174070064	0	0	0.0	0
chr2	174296716	0	0	0.0	0
chr2	174320568	0	0	0.0	0
chr2	174446507	0	0	0.0	0
chr2	174517454	0	0	0.0	0
chr2	174601662	0	0	0.0	0
chr2	174661898	0	0	0.0	0
chr2	174709583	0	0	0.0	0
chr2	174718759	0	0	0.0	0
chr2	174778432	0	0	0.0	0
chr2	174807529	0	0	0.0	0
chr2	174837310	0	0	0.0	0
chr2	174949714	0	0	0.0	0
chr2	175023182	0	0	0.0	0
chr2	175039584	0	0	0.0	0
chr2	175270724	0	0	0.0	0
chr2	175342751	0	0	0.0	0
chr2	175379340	0	0	0.0	0
chr2	175453402	0	0	0.0	0
chr2	175552567	0	0	0.0	0
chr2	175731214	0	0	0.0	0
chr2	175811056	0	0	0.0	0
chr2	176016109	0	0	0.0	0
chr2	176056593	0	0	0.0	0
chr2	176217524	0	0	0.0	0
chr2	176292461	0	0	0.0	0
chr2	176345946	0	0	0.0	0
chr2	176473329	0	0	0.0	0
chr2	176505091	0	0	0.0	0
chr2	176878029	0	0	0.0	0
chr2	176963313	0	0	0.0	0
chr2	177008856	0	0	0.0	0
chr2	177160785	0	0	0.0	0
chr2	177220239	0	0	0.0	0
chr2	177336137	0	0	0.0	0
chr2	177338189	0	0	0.0	0
chr2	177518935	0	0	0.0	0
chr2	177548432	0	0	0.0	0
chr2	177673820	0	0	0.0	0
chr2	177708919	0	0	0.0	0
chr2	177792712	0	0	0.0	0
chr2	177836750	0	0	0.0	0
chr2	177916853	0	0	0.0	0
chr2	178155996	0	0	0.0	0
chr2	178246438	0	1	0.0182	0
chr2	178364246	0	0	0.0	0
chr2	178449080	0	0	0.0	0
chr2	178498417	0	0	0.0	0
chr2	178559779	0	0	0.0	0
chr2	178620495	0	0	0.0	0
chr2	178786837	0	0	0.0	0
chr2	178997478	0	0	0.0	0
chr2	179123235	0	0	0.0	0
chr2	179324307	0	0	0.0	0
chr2	179343171	0	0	0.0	0
chr2	179359872	0	0	0.0	0
chr2	179452182	0	0	0.0	0
chr2	179545157	0	0	0.0	0
chr2	179800720	0	0	0.0	0
chr2	179881582	0	0	0.0	0
chr2	180084088	0	0	0.0	0
chr2	180129692	0	0	0.0	0
chr2	180232998	0	0	0.0	0
chr2	180307468	0	0	0.0	0
chr2	180508681	0	0	0.0	0
chr2	180676754	0	0	0.0	0
chr2	180706515	0	0	0.0	0
chr2	180882858	0	0	0.0	0
chr2	181029881	0	0	0.0	0
chr2	181102528	0	0	0.0	0
chr2	181146031	0	0	0.0	0
chr2	181362066	0	0	0.0	0
chr2	181364107	0	0	0.0	0
chr2	181367062	0	0	0.0	0
chr2	181376324	0	0	0.0	0
chr2	181399037	0	0	0.0	0
chr2	181496966	0	0	0.0	0
chr2	181760060	0	0	0.0	0
chr2	181956066	0	0	0.0	0
chr2	182064117	0	0	0.0	0
chr2	182411539	0	0	0.0	0
chr2	182605911	0	0	0.0	0
chr2	182717228	0	0	0.0	0
chr2	182830811	0	0	0.0	0
chr2	183069549	0	0	0.0	0
chr2	183155512	0	0	0.0	0
chr2	183354623	0	0	0.0	0
chr2	183416896	0	0	0.0	0
chr2	183559310	0	0	0.0	0
chr2	183730820	0	0	0.0	0
chr2	184048630	0	1	0.0196	0
chr2	184279325	0	0	0.0	0
chr2	184433163	0	0	0.0	0
chr2	184814751	0	0	0.0	0
chr2	185092052	0	0	0.0	0
chr2	185242719	0	0	0.0	0
chr2	185275522	0	0	0.0	0
chr2	185376892	0	0	0.0	0
chr2	185629756	0	0	0.0	0
chr2	185629912	0	0	0.0	0
chr2	185737658	0	2	0.029	0
chr2	185786637	0	0	0.0	0
chr2	185944023	0	0	0.0	0
chr2	186032030	0	0	0.0	0
chr2	186090118	0	0	0.0	0
chr2	186119989	0	0	0.0	0
chr2	186231197	0	0	0.0	0
chr2	186337168	0	0	0.0	0
chr2	186533109	0	0	0.0	0
chr2	186595189	0	0	0.0	0
chr2	186657350	0	0	0.0	0
chr2	186737481	0	0	0.0	0
chr2	186812380	0	0	0.0	0
chr2	186820029	0	0	0.0	0
chr2	186832418	0	0	0.0	0
chr2	186863986	0	0	0.0	0
chr2	186870600	0	0	0.0	0
chr2	187115556	0	0	0.0	0
chr2	187133872	0	0	0.0	0
chr2	187538357	0	0	0.0	0
chr2	187541419	0	0	0.0	0
chr2	187651958	0	0	0.0	0
chr2	187800297	0	0	0.0	0
chr2	187993717	0	0	0.0	0
chr2	188229200	0	1	0.0263	0
chr2	188346730	0	0	0.0	0
chr2	188429802	0	0	0.0	0
chr2	188516294	0	0	0.0	0
chr2	189030315	0	0	0.0	0
chr2	189184671	0	0	0.0	0
chr2	189575607	0	0	0.0	0
chr2	189603356	0	0	0.0	0
chr2	189752547	0	0	0.0	0
chr2	189893104	0	0	0.0	0
chr2	189919129	0	0	0.0	0
chr2	190191054	0	0	0.0	0
chr2	190409031	0	0	0.0	0
chr2	190448229	0	0	0.0	0
chr2	190534295	0	0	0.0	0
chr2	190546994	0	0	0.0	0
chr2	191051682	0	0	0.0	0
chr2	191142693	0	0	0.0	0
chr2	191200990	0	0	0.0	0
chr2	191475356	0	0	0.0	0
chr2	191632540	0	0	0.0	0
chr2	191638675	0	0	0.0	0
chr2	191703891	0	0	0.0	0
chr2	191785698	0	0	0.0	0
chr2	191823581	0	0	0.0	0
chr2	192041159	0	0	0.0	0
chr2	192158446	0	0	0.0	0
chr2	192265018	0	0	0.0	0
chr2	192399761	0	0	0.0	0
chr2	192482889	0	0	0.0	0
chr2	192508343	0	0	0.0	0
chr2	192655558	0	0	0.0	0
chr2	193114072	0	0	0.0	0
chr2	193295175	0	0	0.0	0
chr2	193494759	0	0	0.0	0
chr2	193769740	0	0	0.0	0
chr2	193836152	0	0	0.0	0
chr2	193970206	0	0	0.0	0
chr2	194018497	0	0	0.0	0
chr2	194603697	0	0	0.0	0
chr2	194882033	0	0	0.0	0
chr2	195262780	0	0	0.0	0
chr2	195523331	0	0	0.0	0
chr2	195559371	0	0	0.0	0
chr2	195602899	0	0	0.0	0
chr2	195610011	0	0	0.0	0
chr2	195873057	0	0	0.0	0
chr2	195904063	0	0	0.0	0
chr2	196007979	0	0	0.0	0
chr2	196053754	0	0	0.0	0
chr2	196424466	0	0	0.0	0
chr2	196451192	0	0	0.0	0
chr2	196502712	0	0	0.0	0
chr2	196619819	0	0	0.0	0
chr2	196868597	0	0	0.0	0
chr2	196874670	0	0	0.0	0
chr2	196903285	0	0	0.0	0
chr2	196992581	0	0	0.0	0
chr2	197377796	0	0	0.0	0
chr2	197381055	0	0	0.0	0
chr2	197607329	0	0	0.0	0
chr2	197628072	0	0	0.0	0
chr2	198018523	0	0	0.0	0
chr2	198086001	0	0	0.0	0
chr2	198113743	0	0	0.0	0
chr2	198202926	0	0	0.0	0
chr2	198281309	0	0	0.0	0
chr2	198332025	0	0	0.0	0
chr2	198587319	0	0	0.0	0
chr2	198883694	0	0	0.0	0
chr2	199127491	0	0	0.0	0
chr2	199214832	0	0	0.0	0
chr2	199245962	0	0	0.0	0
chr2	199365344	0	0	0.0	0
chr2	199552159	0	0	0.0	0
chr2	199683893	0	0	0.0	0
chr2	199758976	0	0	0.0	0
chr2	200048760	0	0	0.0	0
chr2	200137474	0	0	0.0	0
chr2	200232151	0	0	0.0	0
chr2	200286429	0	0	0.0	0
chr2	200290186	0	0	0.0	0
chr2	200327530	0	0	0.0	0
chr2	200453649	0	0	0.0	0
chr2	200612396	0	0	0.0	0
chr2	200936269	0	0	0.0	0
chr2	201068812	0	0	0.0	0
chr2	201129773	0	0	0.0	0
chr2	201152638	0	0	0.0	0
chr2	201330326	0	0	0.0	0
chr2	201471567	0	0	0.0	0
chr2	201650978	0	0	0.0	0
chr2	201671360	0	0	0.0	0
chr2	201803241	0	0	0.0	0
chr2	201877526	0	0	0.0	0
chr2	201945646	0	0	0.0	0
chr2	201969823	0	0	0.0	0
chr2	201985527	0	0	0.0	0
chr2	202076789	0	0	0.0	0
chr2	202121655	0	0	0.0	0
chr2	202130589	0	0	0.0	0
chr2	202139434	0	0	0.0	0
chr2	202162161	0	0	0.0	0
chr2	202493090	0	0	0.0	0
chr2	202573872	0	0	0.0	0
chr2	202734351	0	0	0.0	0
chr2	202743142	0	0	0.0	0
chr2	203176061	0	0	0.0	0
chr2	203546373	0	0	0.0	0
chr2	203651913	0	0	0.0	0
chr2	203737006	0	0	0.0	0
chr2	203800472	0	0	0.0	0
chr2	203852059	0	0	0.0	0
chr2	203870888	0	0	0.0	0
chr2	204109646	0	0	0.0	0
chr2	204196482	0	0	0.0	0
chr2	204235018	0	0	0.0	0
chr2	204542482	0	0	0.0	0
chr2	205020041	0	0	0.0	0
chr2	205080434	0	0	0.0	0
chr2	205305418	0	0	0.0	0
chr2	205321501	0	2	0.0357	0
chr2	205615001	0	0	0.0	0
chr2	205622316	0	0	0.0	0
chr2	205852110	0	0	0.0	0
chr2	205879742	0	0	0.0	0
chr2	205882212	0	0	0.0	0
chr2	206444889	0	0	0.0	0
chr2	206672017	0	0	0.0	0
chr2	206723696	0	0	0.0	0
chr2	206762217	0	0	0.0	0
chr2	206767894	0	0	0.0	0
chr2	207055318	0	0	0.0	0
chr2	207087702	0	0	0.0	0
chr2	207291651	0	1	0.0145	0
chr2	207322757	0	0	0.0	0
chr2	207352708	0	0	0.0	0
chr2	207380500	0	0	0.0	0
chr2	207401222	0	0	0.0	0
chr2	207468012	0	1	0.0286	0
chr2	207665009	0	0	0.0	0
chr2	208014953	0	0	0.0	0
chr2	208127702	0	0	0.0	0
chr2	208406551	0	0	0.0	0
chr2	208413271	0	0	0.0	0
chr2	208458151	0	0	0.0	0
chr2	208560581	0	0	0.0	0
chr2	208587113	0	0	0.0	0
chr2	208752827	0	0	0.0	0
chr2	209051117	0	0	0.0	0
chr2	209066454	0	0	0.0	0
chr2	209087607	0	0	0.0	0
chr2	209124752	0	0	0.0	0
chr2	209179730	0	0	0.0	0
chr2	209191696	0	0	0.0	0
chr2	209242280	0	0	0.0	0
chr2	209414659	0	0	0.0	0
chr2	209498279	0	0	0.0	0
chr2	209568789	0	0	0.0	0
chr2	209585052	0	0	0.0	0
chr2	209704612	0	0	0.0	0
chr2	209728386	0	0	0.0	0
chr2	209730307	0	0	0.0	0
chr2	209734775	0	0	0.0	0
chr2	209755585	0	0	0.0	0
chr2	209957735	0	1	0.0233	0
chr2	209986829	0	0	0.0	0
chr2	210133425	0	0	0.0	0
chr2	210225036	0	0	0.0	0
chr2	210357566	0	0	0.0	0
chr2	210444130	0	0	0.0	0
chr2	210704795	0	0	0.0	0
chr2	211123727	0	0	0.0	0
chr2	211186688	0	0	0.0	0
chr2	211269616	0	0	0.0	0
chr2	211321118	0	0	0.0	0
chr2	211340853	0	0	0.0	0
chr2	211377792	0	0	0.0	0
chr2	211456355	0	0	0.0	0
chr2	211534479	0	0	0.0	0
chr2	212076721	0	0	0.0	0
chr2	212160638	0	0	0.0	0
chr2	212264110	0	0	0.0	0
chr2	212396474	0	0	0.0	0
chr2	212494809	0	0	0.0	0
chr2	212651937	0	0	0.0	0
chr2	212821667	0	0	0.0	0
chr2	212988440	0	0	0.0	0
chr2	213022049	0	0	0.0	0
chr2	213147790	0	0	0.0	0
chr2	213416578	0	0	0.0	0
chr2	213608126	0	1	0.0147	0
chr2	213609149	0	0	0.0	0
chr2	213685196	0	0	0.0	0
chr2	213790083	0	0	0.0	0
chr2	213973490	0	0	0.0	0
chr2	214034950	0	0	0.0	0
chr2	214118763	0	0	0.0	0
chr2	214371458	0	0	0.0	0
chr2	214398304	0	0	0.0	0
chr2	214537173	0	1	0.0132	0
chr2	214642550	0	0	0.0	0
chr2	214995935	0	0	0.0	0
chr2	215005694	0	0	0.0	0
chr2	215106990	0	0	0.0	0
chr2	215121689	0	0	0.0	0
chr2	215266021	0	0	0.0	0
chr2	215302904	0	0	0.0	0
chr2	215369605	0	0	0.0	0
chr2	215378069	0	0	0.0	0
chr2	215390121	0	0	0.0	0
chr2	215609578	0	0	0.0	0
chr2	215614780	0	0	0.0	0
chr2	215620738	0	0	0.0	0
chr2	215660065	0	0	0.0	0
chr2	215667048	0	0	0.0	0
chr2	215793814	0	0	0.0	0
chr2	215847637	0	0	0.0	0
chr2	215962634	0	0	0.0	0
chr2	215988685	0	0	0.0	0
chr2	216169269	0	0	0.0	0
chr2	216175403	0	0	0.0	0
chr2	216338987	0	0	0.0	0
chr2	216362455	0	0	0.0	0
chr2	216553471	0	0	0.0	0
chr2	216676778	0	0	0.0	0
chr2	216744545	0	0	0.0	0
chr2	216752390	0	0	0.0	0
chr2	216787049	0	0	0.0	0
chr2	216826590	0	0	0.0	0
chr2	216982015	0	0	0.0	0
chr2	217029565	0	0	0.0	0
chr2	217187847	0	0	0.0	0
chr2	217226002	0	0	0.0	0
chr2	217257658	0	0	0.0	0
chr2	217627288	0	0	0.0	0
chr2	217628622	0	0	0.0	0
chr2	217628787	0	0	0.0	0
chr2	217629428	0	0	0.0	0
chr2	217683320	0	0	0.0	0
chr2	217792780	0	0	0.0	0
chr2	217822667	0	0	0.0	0
chr2	217860150	0	0	0.0	0
chr2	217863351	0	0	0.0	0
chr2	217880168	0	0	0.0	0
chr2	217903815	0	0	0.0	0
chr2	218004007	0	0	0.0	0
chr2	218235465	0	0	0.0	0
chr2	218286338	0	0	0.0	0
chr2	218287874	0	0	0.0	0
chr2	218387658	0	0	0.0	0
chr2	218403340	0	0	0.0	0
chr2	218632613	0	0	0.0	0
chr2	218713310	0	0	0.0	0
chr2	218719242	0	0	0.0	0
chr2	218786240	0	0	0.0	0
chr2	218821009	0	0	0.0	0
chr2	218827044	0	0	0.0	0
chr2	218894882	0	0	0.0	0
chr2	218957447	0	0	0.0	0
chr2	218981598	0	0	0.0	0
chr2	219038356	0	0	0.0	0
chr2	219046887	0	0	0.0	0
chr2	219160825	0	0	0.0	0
chr2	219298255	0	0	0.0	0
chr2	219364643	0	0	0.0	0
chr2	219425281	0	0	0.0	0
chr2	219519972	0	0	0.0	0
chr2	219531479	0	0	0.0	0
chr2	219606306	0	0	0.0	0
chr2	219631163	0	0	0.0	0
chr2	219640645	0	0	0.0	0
chr2	219678899	0	0	0.0	0
chr2	219746717	0	0	0.0	0
chr2	219837492	0	0	0.0	0
chr2	219949674	0	0	0.0	0
chr2	219953084	0	0	0.0	0
chr2	219980450	0	0	0.0	0
chr2	220162500	0	0	0.0	0
chr2	220174753	0	0	0.0	0
chr2	220175553	0	0	0.0	0
chr2	220258435	0	0	0.0	0
chr2	220335368	0	0	0.0	0
chr2	220344863	0	0	0.0	0
chr2	220701222	0	0	0.0	0
chr2	220714316	0	0	0.0	0
chr2	220920096	0	0	0.0	0
chr2	220992306	0	0	0.0	0
chr2	220992479	0	0	0.0	0
chr2	221339691	0	0	0.0	0
chr2	221361580	0	0	0.0	0
chr2	221437629	0	0	0.0	0
chr2	221593570	0	0	0.0	0
chr2	221655861	0	0	0.0	0
chr2	222019836	2	24	0.5333	1
chr2	222054345	0	0	0.0	0
chr2	222082895	0	0	0.0	0
chr2	222189968	0	0	0.0	0
chr2	222301033	0	0	0.0	0
chr2	222333600	0	0	0.0	0
chr2	222620496	0	1	0.0145	0
chr2	222780336	0	0	0.0	0
chr2	222801950	0	0	0.0	0
chr2	222843038	0	0	0.0	0
chr2	222914865	0	0	0.0	0
chr2	222993732	0	0	0.0	0
chr2	223076371	0	0	0.0	0
chr2	223093714	0	0	0.0	0
chr2	223293493	0	0	0.0	0
chr2	223537233	0	0	0.0	0
chr2	223676335	0	0	0.0	0
chr2	223878467	0	0	0.0	0
chr2	223938945	0	0	0.0	0
chr2	223995401	0	0	0.0	0
chr2	224237545	0	0	0.0	0
chr2	224405721	0	0	0.0	0
chr2	224430448	0	0	0.0	0
chr2	224672705	0	0	0.0	0
chr2	224787917	0	0	0.0	0
chr2	224975072	0	0	0.0	0
chr2	225195952	0	0	0.0	0
chr2	225366862	0	0	0.0	0
chr2	225465642	0	0	0.0	0
chr2	225572998	0	0	0.0	0
chr2	225656501	0	0	0.0	0
chr2	225805741	0	0	0.0	0
chr2	225966859	0	0	0.0	0
chr2	225969350	0	0	0.0	0
chr2	226007746	0	0	0.0	0
chr2	226027820	0	0	0.0	0
chr2	226108118	0	0	0.0	0
chr2	226327543	0	0	0.0	0
chr2	226607624	0	0	0.0	0
chr2	226688132	0	0	0.0	0
chr2	226842994	0	0	0.0	0
chr2	226964772	0	0	0.0	0
chr2	227013946	0	0	0.0	0
chr2	227026423	0	0	0.0	0
chr2	227050739	0	0	0.0	0
chr2	227388808	0	0	0.0	0
chr2	227435442	0	0	0.0	0
chr2	227593223	0	0	0.0	0
chr2	227673316	0	1	0.0143	0
chr2	227788364	0	0	0.0	0
chr2	228103348	0	1	0.0217	0
chr2	228219381	0	0	0.0	0
chr2	228438245	0	0	0.0	0
chr2	228658199	0	0	0.0	0
chr2	228763097	0	0	0.0	0
chr2	228825887	0	0	0.0	0
chr2	228897338	0	0	0.0	0
chr2	228898141	0	0	0.0	0
chr2	228922093	0	0	0.0	0
chr2	229074688	0	0	0.0	0
chr2	229141866	1	31	0.4429	1
chr2	229175314	0	0	0.0	0
chr2	229233999	0	0	0.0	0
chr2	229335627	0	0	0.0	0
chr2	229373935	0	0	0.0	0
chr2	229381569	0	0	0.0	0
chr2	229522175	0	0	0.0	0
chr2	230117417	0	0	0.0	0
chr2	230157083	0	0	0.0	0
chr2	230342504	0	0	0.0	0
chr2	230351054	0	0	0.0	0
chr2	230377422	0	0	0.0	0
chr2	230411246	0	0	0.0	0
chr2	230635099	0	0	0.0	0
chr2	230652290	0	0	0.0	0
chr2	230690788	0	0	0.0	0
chr2	230809218	0	0	0.0	0
chr2	230853215	0	0	0.0	0
chr2	230935696	0	0	0.0	0
chr2	231183309	0	0	0.0	0
chr2	231289058	0	0	0.0	0
chr2	231581905	0	0	0.0	0
chr2	231607116	0	0	0.0	0
chr2	231638662	0	0	0.0	0
chr2	231689536	0	0	0.0	0
chr2	231701962	0	0	0.0	0
chr2	231715277	0	0	0.0	0
chr2	231890925	0	2	0.0238	0
chr2	231930036	0	0	0.0	0
chr2	231939036	0	0	0.0	0
chr2	232045342	0	0	0.0	0
chr2	232050755	0	0	0.0	0
chr2	232061647	0	0	0.0	0
chr2	232125016	0	0	0.0	0
chr2	232439194	0	0	0.0	0
chr2	232461734	0	0	0.0	0
chr2	232542307	0	0	0.0	0
chr2	232545562	0	1	0.0208	0
chr2	232640791	0	0	0.0	0
chr2	232674838	0	1	0.0222	0
chr2	232677129	0	0	0.0	0
chr2	232930239	0	0	0.0	0
chr2	233126495	0	0	0.0	0
chr2	233204396	0	0	0.0	0
chr2	233248898	0	0	0.0	0
chr2	233263320	0	0	0.0	0
chr2	233327224	0	0	0.0	0
chr2	233394505	0	0	0.0	0
chr2	233417294	0	0	0.0	0
chr2	233675131	0	0	0.0	0
chr2	233864807	0	0	0.0	0
chr2	233908492	0	0	0.0	0
chr2	233932665	0	0	0.0	0
chr2	233991408	0	0	0.0	0
chr2	234047532	0	0	0.0	0
chr2	234049470	0	0	0.0	0
chr2	234059212	0	0	0.0	0
chr2	234110902	0	0	0.0	0
chr2	234132074	0	0	0.0	0
chr2	234296311	0	0	0.0	0
chr2	234333023	0	0	0.0	0
chr2	234470177	0	0	0.0	0
chr2	234484097	0	0	0.0	0
chr2	234484364	0	0	0.0	0
chr2	234536050	0	0	0.0	0
chr2	234570618	0	0	0.0	0
chr2	234677612	0	0	0.0	0
chr2	234762135	0	0	0.0	0
chr2	234811227	0	0	0.0	0
chr2	234852355	0	0	0.0	0
chr2	234875519	0	0	0.0	0
chr2	234896288	0	0	0.0	0
chr2	234941739	0	0	0.0	0
chr2	235135309	0	0	0.0	0
chr2	235170019	0	0	0.0	0
chr2	235189971	0	0	0.0	0
chr2	235264345	0	0	0.0	0
chr2	235349400	0	0	0.0	0
chr2	235369940	0	0	0.0	0
chr2	235485095	0	0	0.0	0
chr2	235636813	0	0	0.0	0
chr2	235749980	0	0	0.0	0
chr2	235791303	0	0	0.0	0
chr2	235979650	0	1	0.0233	0
chr2	236006226	0	0	0.0	0
chr2	236015110	0	0	0.0	0
chr2	236031670	0	0	0.0	0
chr2	236079744	0	0	0.0	0
chr2	236157582	0	0	0.0	0
chr2	236295770	0	0	0.0	0
chr2	236400441	0	0	0.0	0
chr2	236513828	0	0	0.0	0
chr2	236525566	0	0	0.0	0
chr2	236571195	0	0	0.0	0
chr2	236574255	0	0	0.0	0
chr2	236606060	0	0	0.0	0
chr2	236779607	0	0	0.0	0
chr2	236851967	0	0	0.0	0
chr2	236863206	0	0	0.0	0
chr2	236890673	0	0	0.0	0
chr2	236913721	0	0	0.0	0
chr2	237063662	0	0	0.0	0
chr2	237148842	0	0	0.0	0
chr2	237183662	0	0	0.0	0
chr2	237286205	0	0	0.0	0
chr2	237298773	0	0	0.0	0
chr2	237330414	0	0	0.0	0
chr2	237340500	0	0	0.0	0
chr2	237480304	0	0	0.0	0
chr2	237515467	0	0	0.0	0
chr2	237520332	0	0	0.0	0
chr2	237534244	0	0	0.0	0
chr2	237546857	0	0	0.0	0
chr2	237550314	0	0	0.0	0
chr2	237641871	0	0	0.0	0
chr2	237909780	0	0	0.0	0
chr2	237925632	0	0	0.0	0
chr2	237961816	0	0	0.0	0
chr2	237978435	0	0	0.0	0
chr2	237992774	0	0	0.0	0
chr2	238101287	1	32	0.4571	1
chr2	238130136	0	0	0.0	0
chr2	238137179	0	1	0.0152	0
chr2	238141152	0	0	0.0	0
chr2	238206145	0	0	0.0	0
chr2	238306936	0	0	0.0	0
chr2	238314949	0	0	0.0	0
chr2	238563484	0	0	0.0	0
chr2	238624236	0	0	0.0	0
chr2	238638306	0	0	0.0	0
chr2	238652577	0	0	0.0	0
chr2	238668163	0	0	0.0	0
chr2	238784605	0	0	0.0	0
chr2	238972743	0	0	0.0	0
chr2	238974519	0	0	0.0	0
chr2	239112076	0	0	0.0	0
chr2	239121338	0	0	0.0	0
chr2	239261776	0	0	0.0	0
chr2	239376994	0	0	0.0	0
chr2	239466867	0	0	0.0	0
chr2	239475533	0	0	0.0	0
chr2	239542748	0	0	0.0	0
chr2	239720004	0	0	0.0	0
chr2	239722332	0	0	0.0	0
chr2	239745813	0	0	0.0	0
chr2	239763828	0	0	0.0	0
chr2	239798883	0	0	0.0	0
chr2	239828614	0	0	0.0	0
chr2	239858502	0	0	0.0	0
chr2	240043606	0	0	0.0	0
chr2	240060099	0	0	0.0	0
chr2	240067104	0	0	0.0	0
chr2	240117591	0	0	0.0	0
chr2	240130252	0	0	0.0	0
chr2	240155644	0	0	0.0	0
chr2	240176240	0	0	0.0	0
chr2	240231601	0	0	0.0	0
chr2	240248964	0	0	0.0	0
chr2	240273042	0	0	0.0	0
chr2	240296092	0	0	0.0	0
chr2	240326076	0	0	0.0	0
chr2	240375039	0	0	0.0	0
chr2	240391242	0	0	0.0	0
chr2	240413582	0	0	0.0	0
chr2	240451055	0	0	0.0	0
chr2	240456524	0	0	0.0	0
chr2	240622752	0	0	0.0	0
chr2	240673087	0	0	0.0	0
chr2	240701253	0	0	0.0	0
chr2	240727137	0	0	0.0	0
chr2	240729927	0	0	0.0	0
chr2	240737945	0	0	0.0	0
chr2	240769903	0	0	0.0	0
chr2	240804863	0	0	0.0	0
chr2	240818873	0	0	0.0	0
chr2	240855143	0	0	0.0	0
chr2	240963125	0	0	0.0	0
chr2	240989896	0	0	0.0	0
chr2	241025624	0	0	0.0	0
chr2	241123138	0	0	0.0	0
chr2	241143977	0	0	0.0	0
chr2	241229765	0	0	0.0	0
chr2	241233639	0	0	0.0	0
chr2	241270093	0	0	0.0	0
chr2	241307239	0	0	0.0	0
chr2	241316630	0	0	0.0	0
chr2	241362981	0	0	0.0	0
chr2	241393281	0	0	0.0	0
chr2	241407858	0	1	0.0122	0
chr2	241676625	0	0	0.0	0
chr2	241741158	0	0	0.0	0
chr2	241786747	0	0	0.0	0
chr2	241826297	0	0	0.0	0
chr2	241852776	0	0	0.0	0
chr2	241988311	0	0	0.0	0
chr2	242001633	1	35	0.7143	1
chr2	242148287	0	0	0.0	0
chr20	62185	1	4	0.0741	1
chr20	64371	0	0	0.0	0
chr20	65193	0	1	0.0135	0
chr20	115454	0	0	0.0	0
chr20	295515	0	0	0.0	0
chr20	426579	0	0	0.0	0
chr20	437254	0	0	0.0	0
chr20	441495	0	0	0.0	0
chr20	658515	0	0	0.0	0
chr20	674975	0	0	0.0	0
chr20	711216	0	0	0.0	0
chr20	742594	0	0	0.0	0
chr20	843797	0	0	0.0	0
chr20	884897	0	0	0.0	0
chr20	908407	0	0	0.0	0
chr20	938449	0	0	0.0	0
chr20	947857	0	0	0.0	0
chr20	1080994	0	0	0.0	0
chr20	1169200	0	0	0.0	0
chr20	1444303	0	0	0.0	0
chr20	1556525	0	0	0.0	0
chr20	1790642	0	0	0.0	0
chr20	1794807	0	0	0.0	0
chr20	1898806	0	0	0.0	0
chr20	1947795	0	0	0.0	0
chr20	2003042	0	0	0.0	0
chr20	2116552	0	0	0.0	0
chr20	2230286	0	0	0.0	0
chr20	2464973	0	0	0.0	0
chr20	2642817	0	0	0.0	0
chr20	2656427	0	0	0.0	0
chr20	2706982	0	0	0.0	0
chr20	2974377	0	0	0.0	0
chr20	3113770	0	0	0.0	0
chr20	3155457	0	0	0.0	0
chr20	3180269	0	0	0.0	0
chr20	3353518	0	0	0.0	0
chr20	3354248	0	0	0.0	0
chr20	3386382	0	0	0.0	0
chr20	3692615	0	0	0.0	0
chr20	3727243	0	0	0.0	0
chr20	3758746	0	0	0.0	0
chr20	3768309	0	0	0.0	0
chr20	3857831	0	0	0.0	0
chr20	3881246	0	0	0.0	0
chr20	3905760	0	0	0.0	0
chr20	3933335	0	0	0.0	0
chr20	3954978	0	0	0.0	0
chr20	4009371	0	0	0.0	0
chr20	4023991	0	0	0.0	0
chr20	4063869	0	0	0.0	0
chr20	4079472	0	0	0.0	0
chr20	4227381	0	0	0.0	0
chr20	4229074	0	0	0.0	0
chr20	4233831	0	0	0.0	0
chr20	4303581	0	0	0.0	0
chr20	4361284	0	0	0.0	0
chr20	4377076	0	0	0.0	0
chr20	4381328	0	0	0.0	0
chr20	4584717	0	0	0.0	0
chr20	4592478	0	0	0.0	0
chr20	4662614	0	0	0.0	0
chr20	4893485	0	0	0.0	0
chr20	4973144	0	1	0.0263	0
chr20	5118876	0	0	0.0	0
chr20	5133100	0	0	0.0	0
chr20	5172972	0	0	0.0	0
chr20	5294928	0	0	0.0	0
chr20	5300424	0	0	0.0	0
chr20	5318646	0	0	0.0	0
chr20	5322513	0	0	0.0	0
chr20	5722641	0	0	0.0	0
chr20	5732002	0	0	0.0	0
chr20	5749977	0	0	0.0	0
chr20	5904685	0	0	0.0	0
chr20	6247439	0	0	0.0	0
chr20	6525477	0	0	0.0	0
chr20	6575925	0	0	0.0	0
chr20	6646436	0	0	0.0	0
chr20	6680143	0	0	0.0	0
chr20	6779362	0	0	0.0	0
chr20	6881927	0	0	0.0	0
chr20	6949202	0	0	0.0	0
chr20	7045637	0	0	0.0	0
chr20	7180829	0	0	0.0	0
chr20	7192644	0	0	0.0	0
chr20	7281709	0	0	0.0	0
chr20	7346721	0	0	0.0	0
chr20	7498398	0	0	0.0	0
chr20	7754647	0	0	0.0	0
chr20	7790917	0	0	0.0	0
chr20	7802199	0	0	0.0	0
chr20	7804644	0	0	0.0	0
chr20	7995767	0	0	0.0	0
chr20	8065058	0	0	0.0	0
chr20	8104355	0	0	0.0	0
chr20	8189913	0	0	0.0	0
chr20	8260571	0	0	0.0	0
chr20	8283251	0	0	0.0	0
chr20	8553391	0	0	0.0	0
chr20	8567426	0	0	0.0	0
chr20	8682842	0	0	0.0	0
chr20	8684776	0	0	0.0	0
chr20	8925394	0	0	0.0	0
chr20	8957967	0	0	0.0	0
chr20	9056075	0	0	0.0	0
chr20	9100848	0	0	0.0	0
chr20	9389613	0	0	0.0	0
chr20	9423841	0	0	0.0	0
chr20	9469314	0	0	0.0	0
chr20	9483001	0	0	0.0	0
chr20	9528980	0	0	0.0	0
chr20	9596199	0	0	0.0	0
chr20	9791776	0	0	0.0	0
chr20	9905440	0	0	0.0	0
chr20	9905881	1	67	0.9437	1
chr20	10088598	0	0	0.0	0
chr20	10173879	0	0	0.0	0
chr20	10180066	0	0	0.0	0
chr20	10181169	0	0	0.0	0
chr20	10214656	0	0	0.0	0
chr20	10284962	0	0	0.0	0
chr20	10300151	0	0	0.0	0
chr20	10309702	0	0	0.0	0
chr20	10406240	0	0	0.0	0
chr20	10458561	0	0	0.0	0
chr20	10469343	0	0	0.0	0
chr20	10762121	0	0	0.0	0
chr20	10797052	0	0	0.0	0
chr20	10864251	0	0	0.0	0
chr20	10883705	0	0	0.0	0
chr20	11038109	0	0	0.0	0
chr20	11047888	0	0	0.0	0
chr20	11079936	0	0	0.0	0
chr20	11152631	0	0	0.0	0
chr20	11199610	0	0	0.0	0
chr20	11232109	0	0	0.0	0
chr20	11343918	0	0	0.0	0
chr20	11408834	0	0	0.0	0
chr20	11604692	0	0	0.0	0
chr20	11772092	0	0	0.0	0
chr20	11797617	0	0	0.0	0
chr20	11854916	0	0	0.0	0
chr20	11953420	0	0	0.0	0
chr20	12052215	0	0	0.0	0
chr20	12058661	0	0	0.0	0
chr20	12060557	0	0	0.0	0
chr20	12082899	0	0	0.0	0
chr20	12151353	0	0	0.0	0
chr20	12192527	3	18	0.5455	1
chr20	12200415	0	0	0.0	0
chr20	12212463	0	0	0.0	0
chr20	12261103	0	0	0.0	0
chr20	12285180	0	0	0.0	0
chr20	12305980	0	1	0.0137	0
chr20	12340754	0	0	0.0	0
chr20	12343824	0	0	0.0	0
chr20	12359727	0	0	0.0	0
chr20	12408090	0	0	0.0	0
chr20	12611331	0	0	0.0	0
chr20	12759125	0	0	0.0	0
chr20	12765161	0	0	0.0	0
chr20	13027328	0	0	0.0	0
chr20	13246526	0	0	0.0	0
chr20	13371580	0	0	0.0	0
chr20	13380947	0	0	0.0	0
chr20	13753622	0	0	0.0	0
chr20	13844466	0	0	0.0	0
chr20	13942470	0	0	0.0	0
chr20	14028292	0	0	0.0	0
chr20	14085969	0	0	0.0	0
chr20	14193576	0	0	0.0	0
chr20	14341208	0	0	0.0	0
chr20	14408605	0	0	0.0	0
chr20	14431780	0	0	0.0	0
chr20	14475882	0	0	0.0	0
chr20	14491990	0	0	0.0	0
chr20	14500247	0	0	0.0	0
chr20	14568424	0	0	0.0	0
chr20	14722511	0	0	0.0	0
chr20	14823487	0	0	0.0	0
chr20	15297627	0	0	0.0	0
chr20	15309327	0	1	0.025	0
chr20	15381794	0	0	0.0	0
chr20	15420485	0	0	0.0	0
chr20	15632508	0	0	0.0	0
chr20	15747366	0	0	0.0	0
chr20	15786631	0	0	0.0	0
chr20	15851630	0	0	0.0	0
chr20	15866838	0	0	0.0	0
chr20	15921194	0	0	0.0	0
chr20	16020358	0	0	0.0	0
chr20	16046943	0	0	0.0	0
chr20	16167684	0	0	0.0	0
chr20	16171550	0	0	0.0	0
chr20	16217151	0	0	0.0	0
chr20	16269364	0	0	0.0	0
chr20	16369944	0	0	0.0	0
chr20	16628245	0	0	0.0	0
chr20	16716269	0	0	0.0	0
chr20	16785726	0	0	0.0	0
chr20	16862872	0	0	0.0	0
chr20	16955236	0	0	0.0	0
chr20	17223988	0	0	0.0	0
chr20	17230921	0	0	0.0	0
chr20	17470848	0	0	0.0	0
chr20	17487272	0	2	0.0645	0
chr20	17526279	0	0	0.0	0
chr20	17544363	0	0	0.0	0
chr20	17570766	0	0	0.0	0
chr20	17596490	0	0	0.0	0
chr20	17605409	0	0	0.0	0
chr20	17618284	0	0	0.0	0
chr20	17769930	0	0	0.0	0
chr20	17823534	0	0	0.0	0
chr20	17833493	1	3	0.0361	1
chr20	17845381	0	0	0.0	0
chr20	17875128	0	0	0.0	0
chr20	18024676	0	0	0.0	0
chr20	18091916	0	0	0.0	0
chr20	18102456	0	0	0.0	0
chr20	18151118	0	0	0.0	0
chr20	18168963	0	0	0.0	0
chr20	18440929	0	0	0.0	0
chr20	18451899	0	0	0.0	0
chr20	18577725	0	0	0.0	0
chr20	18819604	0	0	0.0	0
chr20	18840072	0	0	0.0	0
chr20	18910636	0	0	0.0	0
chr20	18964354	0	0	0.0	0
chr20	18973786	0	0	0.0	0
chr20	19073111	0	0	0.0	0
chr20	19339830	0	0	0.0	0
chr20	19477598	0	0	0.0	0
chr20	19509432	0	0	0.0	0
chr20	19586632	0	1	0.0196	0
chr20	19587353	0	0	0.0	0
chr20	19772157	0	0	0.0	0
chr20	19784854	0	0	0.0	0
chr20	19851257	0	0	0.0	0
chr20	20035446	0	0	0.0	0
chr20	20081758	0	0	0.0	0
chr20	20134448	0	0	0.0	0
chr20	20209088	0	0	0.0	0
chr20	20284028	0	0	0.0	0
chr20	20318777	0	1	0.0143	0
chr20	20431912	0	0	0.0	0
chr20	20460325	0	0	0.0	0
chr20	20490973	0	0	0.0	0
chr20	20512727	0	0	0.0	0
chr20	20709464	0	0	0.0	0
chr20	20718241	0	0	0.0	0
chr20	20779730	0	0	0.0	0
chr20	20794488	0	0	0.0	0
chr20	20908678	0	0	0.0	0
chr20	20935952	0	0	0.0	0
chr20	21430183	0	0	0.0	0
chr20	21438363	0	0	0.0	0
chr20	21565434	0	0	0.0	0
chr20	21615990	0	0	0.0	0
chr20	21690724	0	0	0.0	0
chr20	21810028	0	0	0.0	0
chr20	21868202	0	0	0.0	0
chr20	21947910	0	0	0.0	0
chr20	21973471	0	0	0.0	0
chr20	21996182	0	0	0.0	0
chr20	22045741	0	0	0.0	0
chr20	22226392	0	0	0.0	0
chr20	22321750	0	0	0.0	0
chr20	22331943	0	0	0.0	0
chr20	22332561	0	0	0.0	0
chr20	22367867	0	0	0.0	0
chr20	22540225	0	0	0.0	0
chr20	22560261	0	0	0.0	0
chr20	22657720	0	0	0.0	0
chr20	22668159	0	0	0.0	0
chr20	22772180	0	0	0.0	0
chr20	22939380	0	0	0.0	0
chr20	22957721	0	0	0.0	0
chr20	23008204	0	0	0.0	0
chr20	23010384	0	0	0.0	0
chr20	23054284	0	0	0.0	0
chr20	23110726	0	0	0.0	0
chr20	23124039	0	0	0.0	0
chr20	23139629	0	0	0.0	0
chr20	23299037	0	0	0.0	0
chr20	23323866	0	0	0.0	0
chr20	23361475	0	0	0.0	0
chr20	23479008	0	0	0.0	0
chr20	24025501	0	0	0.0	0
chr20	24041400	0	0	0.0	0
chr20	24053228	0	0	0.0	0
chr20	24102288	0	0	0.0	0
chr20	24104066	0	0	0.0	0
chr20	24324664	0	0	0.0	0
chr20	24513007	0	0	0.0	0
chr20	24521970	0	0	0.0	0
chr20	24539591	0	0	0.0	0
chr20	24563961	0	0	0.0	0
chr20	24577486	0	0	0.0	0
chr20	24598568	0	0	0.0	0
chr20	24604862	0	0	0.0	0
chr20	24619359	0	0	0.0	0
chr20	24660984	0	0	0.0	0
chr20	24662261	0	0	0.0	0
chr20	24684465	0	0	0.0	0
chr20	24716475	0	0	0.0	0
chr20	24722646	0	0	0.0	0
chr20	24736895	0	0	0.0	0
chr20	24771722	0	0	0.0	0
chr20	24792828	0	0	0.0	0
chr20	24865859	0	0	0.0	0
chr20	24898121	0	0	0.0	0
chr20	24921190	0	0	0.0	0
chr20	25277715	0	0	0.0	0
chr20	25559549	0	0	0.0	0
chr20	25608884	1	3	0.0411	1
chr20	25668434	0	0	0.0	0
chr20	28745876	0	0	0.0	0
chr20	28809965	0	0	0.0	0
chr20	28812181	0	0	0.0	0
chr20	28833023	0	0	0.0	0
chr20	28866389	0	0	0.0	0
chr20	28898570	0	0	0.0	0
chr20	29080370	0	0	0.0	0
chr20	29254262	0	0	0.0	0
chr20	29309847	0	0	0.0	0
chr20	29561314	0	0	0.0	0
chr20	29700987	0	0	0.0	0
chr20	29722258	0	0	0.0	0
chr20	29739625	0	0	0.0	0
chr20	30145909	0	0	0.0	0
chr20	30500962	0	0	0.0	0
chr20	30586938	0	0	0.0	0
chr20	30601560	0	0	0.0	0
chr20	30639337	0	0	0.0	0
chr20	30909581	0	0	0.0	0
chr20	30911773	0	0	0.0	0
chr20	30979596	0	0	0.0	0
chr20	30981115	0	0	0.0	0
chr20	30982650	0	0	0.0	0
chr20	30984188	0	0	0.0	0
chr20	31104117	0	0	0.0	0
chr20	31164219	0	0	0.0	0
chr20	31179367	0	0	0.0	0
chr20	31222272	0	0	0.0	0
chr20	31583263	0	0	0.0	0
chr20	31608810	0	0	0.0	0
chr20	31703304	0	0	0.0	0
chr20	31786665	0	0	0.0	0
chr20	31834069	0	0	0.0	0
chr20	31834585	0	0	0.0	0
chr20	31844167	0	0	0.0	0
chr20	31935207	0	0	0.0	0
chr20	32002755	0	0	0.0	0
chr20	32035159	0	0	0.0	0
chr20	32069021	0	0	0.0	0
chr20	32179956	0	0	0.0	0
chr20	32190716	0	0	0.0	0
chr20	32230906	0	0	0.0	0
chr20	32262458	0	0	0.0	0
chr20	32450688	0	0	0.0	0
chr20	32589907	0	0	0.0	0
chr20	32641985	0	0	0.0	0
chr20	32786327	0	0	0.0	0
chr20	32906543	0	0	0.0	0
chr20	32907163	0	0	0.0	0
chr20	32981462	0	0	0.0	0
chr20	33063246	0	0	0.0	0
chr20	33097760	0	0	0.0	0
chr20	33132530	0	0	0.0	0
chr20	33413576	0	0	0.0	0
chr20	33437317	0	0	0.0	0
chr20	33614583	0	0	0.0	0
chr20	33651445	0	0	0.0	0
chr20	33875660	0	0	0.0	0
chr20	33885027	0	0	0.0	0
chr20	33931589	0	0	0.0	0
chr20	33943832	0	1	0.0182	0
chr20	33954989	0	1	0.0137	0
chr20	34146277	0	0	0.0	0
chr20	34642131	0	0	0.0	0
chr20	34646791	0	0	0.0	0
chr20	34790947	0	0	0.0	0
chr20	34828503	0	0	0.0	0
chr20	34879351	0	0	0.0	0
chr20	35124149	0	0	0.0	0
chr20	35287075	0	0	0.0	0
chr20	35326373	0	0	0.0	0
chr20	35333528	0	0	0.0	0
chr20	35480397	0	0	0.0	0
chr20	35488802	0	0	0.0	0
chr20	35565112	0	0	0.0	0
chr20	35957598	0	0	0.0	0
chr20	36154127	0	0	0.0	0
chr20	36194012	0	0	0.0	0
chr20	36208308	0	0	0.0	0
chr20	36232274	0	0	0.0	0
chr20	36386309	0	0	0.0	0
chr20	36443969	0	0	0.0	0
chr20	36580540	0	0	0.0	0
chr20	36588456	0	0	0.0	0
chr20	36591123	0	0	0.0	0
chr20	36837270	0	0	0.0	0
chr20	36956192	0	0	0.0	0
chr20	37098421	0	0	0.0	0
chr20	37188455	0	0	0.0	0
chr20	37233293	0	0	0.0	0
chr20	37269871	0	0	0.0	0
chr20	37309683	0	0	0.0	0
chr20	37335474	0	0	0.0	0
chr20	37336370	0	0	0.0	0
chr20	37528356	0	0	0.0	0
chr20	37541557	0	0	0.0	0
chr20	37568806	0	0	0.0	0
chr20	37580263	0	0	0.0	0
chr20	37737387	0	0	0.0	0
chr20	37763656	0	0	0.0	0
chr20	37828003	0	0	0.0	0
chr20	37839478	0	0	0.0	0
chr20	37890128	0	0	0.0	0
chr20	37973692	0	0	0.0	0
chr20	38155828	0	0	0.0	0
chr20	38228160	0	0	0.0	0
chr20	38230214	0	0	0.0	0
chr20	38243363	0	0	0.0	0
chr20	38291746	0	0	0.0	0
chr20	38388145	0	0	0.0	0
chr20	38436093	0	0	0.0	0
chr20	38489620	0	0	0.0	0
chr20	38630901	0	0	0.0	0
chr20	38658828	0	0	0.0	0
chr20	38733207	0	0	0.0	0
chr20	38750445	0	0	0.0	0
chr20	38769068	0	0	0.0	0
chr20	38794798	0	0	0.0	0
chr20	38807054	0	0	0.0	0
chr20	38875729	0	0	0.0	0
chr20	38882207	0	0	0.0	0
chr20	39059193	0	0	0.0	0
chr20	39116855	0	0	0.0	0
chr20	39140387	0	0	0.0	0
chr20	39547824	0	0	0.0	0
chr20	39809747	0	0	0.0	0
chr20	39915346	0	1	0.0244	0
chr20	40227294	0	0	0.0	0
chr20	40304330	0	0	0.0	0
chr20	40326638	0	0	0.0	0
chr20	40427268	0	0	0.0	0
chr20	40602069	0	0	0.0	0
chr20	40647200	0	0	0.0	0
chr20	40702017	0	0	0.0	0
chr20	41101615	0	1	0.0152	0
chr20	41135569	0	0	0.0	0
chr20	41157931	0	0	0.0	0
chr20	41218617	0	0	0.0	0
chr20	41225938	0	0	0.0	0
chr20	41233911	0	0	0.0	0
chr20	41378563	0	0	0.0	0
chr20	41498209	0	0	0.0	0
chr20	41514844	0	0	0.0	0
chr20	41619464	0	0	0.0	0
chr20	41744094	0	0	0.0	0
chr20	41789223	0	0	0.0	0
chr20	41855970	0	0	0.0	0
chr20	41867131	0	0	0.0	0
chr20	41889119	0	0	0.0	0
chr20	41954507	0	0	0.0	0
chr20	41959733	0	0	0.0	0
chr20	42074638	0	0	0.0	0
chr20	42203175	0	0	0.0	0
chr20	42262925	0	0	0.0	0
chr20	42340722	0	0	0.0	0
chr20	42356107	0	0	0.0	0
chr20	42357666	0	0	0.0	0
chr20	42368069	0	0	0.0	0
chr20	42416928	0	0	0.0	0
chr20	42545260	0	0	0.0	0
chr20	42593287	0	1	0.0189	0
chr20	42596185	0	0	0.0	0
chr20	42601641	0	0	0.0	0
chr20	42794840	0	1	0.0244	0
chr20	42898231	0	0	0.0	0
chr20	43025961	0	0	0.0	0
chr20	43112426	0	0	0.0	0
chr20	43136006	0	0	0.0	0
chr20	43152495	0	0	0.0	0
chr20	43252999	0	0	0.0	0
chr20	43268037	0	0	0.0	0
chr20	43347764	0	0	0.0	0
chr20	43449154	0	0	0.0	0
chr20	43787054	0	0	0.0	0
chr20	43876420	0	0	0.0	0
chr20	43901769	0	0	0.0	0
chr20	43971399	0	0	0.0	0
chr20	44152724	0	0	0.0	0
chr20	44177715	0	0	0.0	0
chr20	44439645	0	0	0.0	0
chr20	44439841	0	0	0.0	0
chr20	44518062	0	0	0.0	0
chr20	44522002	0	0	0.0	0
chr20	44580033	0	0	0.0	0
chr20	44716055	0	0	0.0	0
chr20	44803442	0	0	0.0	0
chr20	45013027	0	0	0.0	0
chr20	45164721	0	0	0.0	0
chr20	45257748	0	0	0.0	0
chr20	45319453	0	0	0.0	0
chr20	45353218	0	0	0.0	0
chr20	45436035	0	0	0.0	0
chr20	45461571	0	0	0.0	0
chr20	45714467	0	0	0.0	0
chr20	45736259	0	0	0.0	0
chr20	45881333	0	0	0.0	0
chr20	45882878	0	0	0.0	0
chr20	45973651	0	0	0.0	0
chr20	46106300	0	0	0.0	0
chr20	46149504	0	0	0.0	0
chr20	46254183	0	0	0.0	0
chr20	46572197	0	0	0.0	0
chr20	46575810	0	0	0.0	0
chr20	46614233	0	0	0.0	0
chr20	46670069	0	0	0.0	0
chr20	46680602	0	0	0.0	0
chr20	46752423	0	0	0.0	0
chr20	46759436	0	0	0.0	0
chr20	46851941	0	0	0.0	0
chr20	46928867	0	0	0.0	0
chr20	46939157	0	0	0.0	0
chr20	47015644	0	0	0.0	0
chr20	47303865	0	0	0.0	0
chr20	47691353	0	0	0.0	0
chr20	47803292	0	0	0.0	0
chr20	47879004	0	0	0.0	0
chr20	47937348	0	0	0.0	0
chr20	47941069	0	0	0.0	0
chr20	48092670	0	0	0.0	0
chr20	48151285	0	0	0.0	0
chr20	48156419	0	0	0.0	0
chr20	48185503	0	0	0.0	0
chr20	48199049	0	0	0.0	0
chr20	48246642	0	0	0.0	0
chr20	48352711	0	0	0.0	0
chr20	48405540	0	0	0.0	0
chr20	48506513	0	0	0.0	0
chr20	48704921	0	0	0.0	0
chr20	48789274	0	0	0.0	0
chr20	48945473	0	0	0.0	0
chr20	48987540	0	0	0.0	0
chr20	49072027	0	0	0.0	0
chr20	49151545	0	0	0.0	0
chr20	49452264	0	0	0.0	0
chr20	49519658	0	1	0.0169	0
chr20	49550195	0	0	0.0	0
chr20	49585626	0	0	0.0	0
chr20	49703982	0	0	0.0	0
chr20	49720617	0	0	0.0	0
chr20	49750319	0	0	0.0	0
chr20	49897971	0	0	0.0	0
chr20	49967131	0	0	0.0	0
chr20	50083500	0	0	0.0	0
chr20	50133905	0	0	0.0	0
chr20	50215836	0	0	0.0	0
chr20	50287742	0	0	0.0	0
chr20	50306051	0	0	0.0	0
chr20	50325757	0	0	0.0	0
chr20	50568221	0	0	0.0	0
chr20	50575681	0	0	0.0	0
chr20	50624758	0	0	0.0	0
chr20	50639026	0	0	0.0	0
chr20	50674043	0	0	0.0	0
chr20	51112811	0	0	0.0	0
chr20	51162763	0	0	0.0	0
chr20	51273125	0	0	0.0	0
chr20	51449274	0	0	0.0	0
chr20	51527377	0	0	0.0	0
chr20	51681965	0	0	0.0	0
chr20	51683758	0	0	0.0	0
chr20	52000089	0	0	0.0	0
chr20	52021236	0	0	0.0	0
chr20	52082075	0	0	0.0	0
chr20	52087046	0	0	0.0	0
chr20	52118795	0	0	0.0	0
chr20	52211254	0	0	0.0	0
chr20	52219093	0	0	0.0	0
chr20	52347186	0	0	0.0	0
chr20	52568110	0	0	0.0	0
chr20	52726425	0	0	0.0	0
chr20	52736210	0	0	0.0	0
chr20	52844550	0	0	0.0	0
chr20	52870808	0	0	0.0	0
chr20	52876335	0	0	0.0	0
chr20	52881661	0	0	0.0	0
chr20	52937759	0	0	0.0	0
chr20	52943399	0	0	0.0	0
chr20	53033534	0	0	0.0	0
chr20	53306209	0	0	0.0	0
chr20	53495966	0	1	0.0227	0
chr20	53692899	0	0	0.0	0
chr20	53779979	0	0	0.0	0
chr20	53809508	0	0	0.0	0
chr20	53924968	0	0	0.0	0
chr20	54000670	0	1	0.0263	0
chr20	54063692	0	1	0.0145	0
chr20	54065776	0	0	0.0	0
chr20	54130363	0	0	0.0	0
chr20	54231460	0	0	0.0	0
chr20	54265045	0	0	0.0	0
chr20	54467975	0	0	0.0	0
chr20	54479776	0	0	0.0	0
chr20	54480709	0	0	0.0	0
chr20	54484135	0	0	0.0	0
chr20	54547516	0	0	0.0	0
chr20	54636954	0	0	0.0	0
chr20	55187441	0	0	0.0	0
chr20	55440747	0	0	0.0	0
chr20	55500424	0	0	0.0	0
chr20	55510531	0	0	0.0	0
chr20	55511677	0	0	0.0	0
chr20	55681543	0	0	0.0	0
chr20	55982357	0	0	0.0	0
chr20	56155097	0	0	0.0	0
chr20	56270406	0	0	0.0	0
chr20	56402063	0	0	0.0	0
chr20	56443105	0	0	0.0	0
chr20	56451446	0	0	0.0	0
chr20	56571018	0	0	0.0	0
chr20	56661475	0	0	0.0	0
chr20	56689348	0	0	0.0	0
chr20	56741817	0	0	0.0	0
chr20	56747830	0	0	0.0	0
chr20	56843201	0	0	0.0	0
chr20	56856195	0	0	0.0	0
chr20	56877552	0	0	0.0	0
chr20	56885013	0	0	0.0	0
chr20	56934354	0	0	0.0	0
chr20	56938303	0	0	0.0	0
chr20	56965992	0	0	0.0	0
chr20	57069755	0	0	0.0	0
chr20	57300873	0	0	0.0	0
chr20	57384729	0	0	0.0	0
chr20	57394298	0	0	0.0	0
chr20	57436734	0	0	0.0	0
chr20	57459025	0	0	0.0	0
chr20	57567448	0	0	0.0	0
chr20	57664880	0	0	0.0	0
chr20	57678626	0	0	0.0	0
chr20	57690579	0	0	0.0	0
chr20	57703137	0	0	0.0	0
chr20	57793054	0	0	0.0	0
chr20	57799314	0	0	0.0	0
chr20	57838751	0	0	0.0	0
chr20	57850961	0	0	0.0	0
chr20	57886895	0	0	0.0	0
chr20	57896462	0	0	0.0	0
chr20	57917622	0	0	0.0	0
chr20	57982650	0	0	0.0	0
chr20	58015816	0	0	0.0	0
chr20	58021594	0	0	0.0	0
chr20	58049465	0	0	0.0	0
chr20	58059346	0	0	0.0	0
chr20	58091418	0	0	0.0	0
chr20	58113040	0	0	0.0	0
chr20	58149668	0	0	0.0	0
chr20	58287026	0	0	0.0	0
chr20	58518877	0	0	0.0	0
chr20	58566705	0	0	0.0	0
chr20	58595206	0	0	0.0	0
chr20	58823415	0	0	0.0	0
chr20	58833927	0	0	0.0	0
chr20	58932075	0	0	0.0	0
chr20	59045644	0	0	0.0	0
chr20	59067764	0	0	0.0	0
chr20	59213617	0	0	0.0	0
chr20	59264197	0	0	0.0	0
chr20	59289921	0	0	0.0	0
chr20	59529085	0	0	0.0	0
chr20	59561739	0	0	0.0	0
chr20	59587260	0	0	0.0	0
chr20	59641326	0	0	0.0	0
chr20	59667825	0	0	0.0	0
chr20	59668046	0	0	0.0	0
chr20	59803637	0	0	0.0	0
chr20	59819286	0	0	0.0	0
chr20	60076613	0	0	0.0	0
chr20	60127182	0	0	0.0	0
chr20	60135581	0	0	0.0	0
chr20	60292577	0	1	0.0204	0
chr20	60346398	0	0	0.0	0
chr20	60362877	0	0	0.0	0
chr20	60412843	0	0	0.0	0
chr20	60420026	0	0	0.0	0
chr20	60495036	0	0	0.0	0
chr20	60499859	0	0	0.0	0
chr20	60637743	0	1	0.0323	0
chr20	60664400	0	0	0.0	0
chr20	60772742	0	0	0.0	0
chr20	60804707	0	0	0.0	0
chr20	60907070	0	0	0.0	0
chr20	60919304	0	0	0.0	0
chr20	60940050	0	0	0.0	0
chr20	60952006	0	0	0.0	0
chr20	60991255	1	20	0.3846	1
chr20	61023661	0	0	0.0	0
chr20	61073625	0	0	0.0	0
chr20	61102154	0	0	0.0	0
chr20	61124112	0	0	0.0	0
chr20	61223724	0	0	0.0	0
chr20	61299596	0	0	0.0	0
chr20	61345052	0	0	0.0	0
chr20	61426145	0	0	0.0	0
chr20	61464826	0	0	0.0	0
chr20	61531982	0	0	0.0	0
chr20	61580856	0	0	0.0	0
chr20	61724335	0	0	0.0	0
chr20	61731834	0	0	0.0	0
chr20	61810914	0	0	0.0	0
chr20	61977293	0	0	0.0	0
chr20	62151334	0	0	0.0	0
chr20	62163528	0	0	0.0	0
chr20	62168855	0	0	0.0	0
chr20	62178678	0	0	0.0	0
chr20	62279006	0	0	0.0	0
chr20	62313237	0	0	0.0	0
chr20	62382333	0	0	0.0	0
chr20	62432567	0	0	0.0	0
chr20	62440316	0	0	0.0	0
chr20	62440380	0	0	0.0	0
chr20	62519397	0	1	0.0137	0
chr20	62563112	0	0	0.0	0
chr20	62576669	0	0	0.0	0
chr20	62615358	0	0	0.0	0
chr20	62639258	0	0	0.0	0
chr20	62674723	0	0	0.0	0
chr20	62710622	0	0	0.0	0
chr20	62745883	0	0	0.0	0
chr20	62797798	0	0	0.0	0
chr20	62800175	0	0	0.0	0
chr20	62839585	1	40	0.5263	1
chr20	62853612	0	0	0.0	0
chr20	62875875	0	0	0.0	0
chr20	62891344	0	0	0.0	0
chr20	62924459	0	0	0.0	0
chr20	62974819	0	0	0.0	0
chr20	63056859	1	38	0.4691	1
chr20	63059112	0	0	0.0	0
chr20	63095439	0	0	0.0	0
chr20	63096161	0	0	0.0	0
chr20	63117985	0	0	0.0	0
chr20	63183314	0	0	0.0	0
chr20	63232363	0	0	0.0	0
chr20	63232998	0	0	0.0	0
chr20	63253731	0	0	0.0	0
chr20	63278293	0	0	0.0	0
chr20	63337405	0	0	0.0	0
chr20	63347018	0	0	0.0	0
chr20	63363150	0	0	0.0	0
chr20	63425946	0	0	0.0	0
chr20	63508585	0	0	0.0	0
chr20	63524291	0	0	0.0	0
chr20	63559376	0	0	0.0	0
chr20	63674763	0	0	0.0	0
chr20	63745561	0	0	0.0	0
chr20	63800901	0	0	0.0	0
chr20	63808901	0	1	0.0213	0
chr20	63866554	0	0	0.0	0
chr20	63885317	0	0	0.0	0
chr20	63967620	0	0	0.0	0
chr20	63968592	0	0	0.0	0
chr20	63974583	0	0	0.0	0
chr20	63984545	0	0	0.0	0
chr20	64053207	0	0	0.0	0
chr20	64083657	0	0	0.0	0
chr20	64188550	0	0	0.0	0
chr20	64192449	0	0	0.0	0
chr20	64271541	0	0	0.0	0
chr20_GL383577v2_alt	74279	0	0	0.0	0
chr20_KI270870v1_alt	101039	0	0	0.0	0
chr20_KI270870v1_alt	118266	0	0	0.0	0
chr20_KI270870v1_alt	180131	0	0	0.0	0
chr20_KI270871v1_alt	11225	0	0	0.0	0
chr21	5141518	0	0	0.0	0
chr21	5143491	0	0	0.0	0
chr21	5273388	0	0	0.0	0
chr21	5327303	0	0	0.0	0
chr21	5329404	0	0	0.0	0
chr21	5534486	0	0	0.0	0
chr21	5708114	0	0	0.0	0
chr21	5728777	0	0	0.0	0
chr21	5849361	0	0	0.0	0
chr21	5983320	0	0	0.0	0
chr21	6286487	0	0	0.0	0
chr21	6447476	0	0	0.0	0
chr21	6448170	0	0	0.0	0
chr21	6702639	0	0	0.0	0
chr21	7029708	0	0	0.0	0
chr21	7140266	0	0	0.0	0
chr21	7210165	0	0	0.0	0
chr21	7257324	0	0	0.0	0
chr21	7259279	0	0	0.0	0
chr21	7411487	0	0	0.0	0
chr21	7595702	0	0	0.0	0
chr21	7616365	0	0	0.0	0
chr21	7919663	0	0	0.0	0
chr21	7924489	0	0	0.0	0
chr21	7927228	0	0	0.0	0
chr21	7942622	0	0	0.0	0
chr21	7942862	0	0	0.0	0
chr21	7943531	0	0	0.0	0
chr21	7945488	0	0	0.0	0
chr21	7945688	0	0	0.0	0
chr21	7956422	0	0	0.0	0
chr21	7968128	0	0	0.0	0
chr21	8106183	0	0	0.0	0
chr21	8126846	0	0	0.0	0
chr21	8650578	0	0	0.0	0
chr21	8682045	0	0	0.0	0
chr21	9030286	0	0	0.0	0
chr21	9033782	0	0	0.0	0
chr21	9038962	0	0	0.0	0
chr21	9246293	0	0	0.0	0
chr21	9741644	0	0	0.0	0
chr21	9911820	0	0	0.0	0
chr21	9949421	0	0	0.0	0
chr21	9980447	0	0	0.0	0
chr21	10133366	0	0	0.0	0
chr21	10345406	0	0	0.0	0
chr21	10552677	0	0	0.0	0
chr21	10603824	0	0	0.0	0
chr21	10649581	0	0	0.0	0
chr21	10657470	0	0	0.0	0
chr21	10679092	0	0	0.0	0
chr21	10687313	0	0	0.0	0
chr21	10689930	0	0	0.0	0
chr21	10693343	0	0	0.0	0
chr21	10695504	0	0	0.0	0
chr21	10700921	0	0	0.0	0
chr21	10701995	0	0	0.0	0
chr21	10703450	0	0	0.0	0
chr21	10706333	0	0	0.0	0
chr21	10706923	0	0	0.0	0
chr21	10707273	0	0	0.0	0
chr21	10708238	0	0	0.0	0
chr21	10708458	0	0	0.0	0
chr21	10709577	0	0	0.0	0
chr21	10710646	0	0	0.0	0
chr21	10719457	0	0	0.0	0
chr21	10720652	0	0	0.0	0
chr21	10721325	0	0	0.0	0
chr21	10722238	0	0	0.0	0
chr21	10722523	0	0	0.0	0
chr21	10722917	0	0	0.0	0
chr21	10723197	0	0	0.0	0
chr21	10724546	0	0	0.0	0
chr21	10726762	0	0	0.0	0
chr21	10729050	0	0	0.0	0
chr21	10736030	0	0	0.0	0
chr21	10736799	0	0	0.0	0
chr21	10917983	0	0	0.0	0
chr21	10975613	0	0	0.0	0
chr21	10979041	0	0	0.0	0
chr21	10982470	0	0	0.0	0
chr21	10989319	0	0	0.0	0
chr21	10992745	0	0	0.0	0
chr21	10996174	0	0	0.0	0
chr21	10999600	0	0	0.0	0
chr21	11006449	0	0	0.0	0
chr21	11009877	0	0	0.0	0
chr21	11013304	0	0	0.0	0
chr21	11016730	0	0	0.0	0
chr21	11020155	0	0	0.0	0
chr21	11027007	0	0	0.0	0
chr21	11031560	0	0	0.0	0
chr21	11038411	0	0	0.0	0
chr21	11045260	0	0	0.0	0
chr21	11048685	0	0	0.0	0
chr21	11055535	0	0	0.0	0
chr21	11062386	0	0	0.0	0
chr21	11065811	0	0	0.0	0
chr21	11069236	0	0	0.0	0
chr21	11072662	0	0	0.0	0
chr21	11079512	0	0	0.0	0
chr21	11082936	0	0	0.0	0
chr21	11086360	0	0	0.0	0
chr21	11089785	0	0	0.0	0
chr21	12976303	0	0	0.0	0
chr21	12976533	0	0	0.0	0
chr21	12978521	0	0	0.0	0
chr21	13003746	0	0	0.0	0
chr21	13056721	0	0	0.0	0
chr21	13130783	0	0	0.0	0
chr21	13170790	0	0	0.0	0
chr21	13901824	0	0	0.0	0
chr21	14033047	0	0	0.0	0
chr21	14082897	0	0	0.0	0
chr21	14104628	0	0	0.0	0
chr21	14107300	0	0	0.0	0
chr21	14391310	0	0	0.0	0
chr21	14484476	0	0	0.0	0
chr21	14604409	0	0	0.0	0
chr21	14675404	0	0	0.0	0
chr21	14752800	0	0	0.0	0
chr21	14775345	0	0	0.0	0
chr21	14850678	0	2	0.0282	0
chr21	14898112	0	0	0.0	0
chr21	14951908	0	0	0.0	0
chr21	15192131	0	0	0.0	0
chr21	15283921	0	0	0.0	0
chr21	15287324	0	0	0.0	0
chr21	15289322	0	0	0.0	0
chr21	15327059	0	1	0.0159	0
chr21	15377040	0	0	0.0	0
chr21	15444575	0	0	0.0	0
chr21	15886813	0	1	0.0357	0
chr21	15904224	0	0	0.0	0
chr21	17105112	0	0	0.0	0
chr21	17116080	0	0	0.0	0
chr21	17363977	0	0	0.0	0
chr21	17525396	0	0	0.0	0
chr21	17526662	0	0	0.0	0
chr21	17659169	0	0	0.0	0
chr21	17691018	0	0	0.0	0
chr21	17839650	0	0	0.0	0
chr21	18034750	0	0	0.0	0
chr21	18085512	0	0	0.0	0
chr21	18086902	0	0	0.0	0
chr21	18247548	0	0	0.0	0
chr21	18638285	0	0	0.0	0
chr21	18832669	0	0	0.0	0
chr21	18841911	0	0	0.0	0
chr21	18906687	0	0	0.0	0
chr21	18923738	0	0	0.0	0
chr21	19018145	0	0	0.0	0
chr21	19078027	0	0	0.0	0
chr21	19235811	0	0	0.0	0
chr21	19239762	0	0	0.0	0
chr21	19273932	0	0	0.0	0
chr21	19305441	0	0	0.0	0
chr21	19310169	0	0	0.0	0
chr21	19314814	0	0	0.0	0
chr21	19586888	1	36	0.75	1
chr21	19657672	0	0	0.0	0
chr21	19715455	0	0	0.0	0
chr21	19820743	0	0	0.0	0
chr21	19834035	0	0	0.0	0
chr21	19885231	0	0	0.0	0
chr21	19899528	0	0	0.0	0
chr21	20056489	0	0	0.0	0
chr21	20410021	0	0	0.0	0
chr21	20412997	0	0	0.0	0
chr21	20608545	0	1	0.0172	0
chr21	20733432	0	0	0.0	0
chr21	20902722	0	0	0.0	0
chr21	21029451	0	0	0.0	0
chr21	21456915	0	0	0.0	0
chr21	21479510	0	0	0.0	0
chr21	21574189	0	0	0.0	0
chr21	21714721	0	0	0.0	0
chr21	21726531	0	0	0.0	0
chr21	21732300	0	0	0.0	0
chr21	21937609	0	0	0.0	0
chr21	22005976	0	0	0.0	0
chr21	22201231	1	3	0.0508	1
chr21	22223758	0	0	0.0	0
chr21	22287671	0	0	0.0	0
chr21	22551393	0	0	0.0	0
chr21	22598163	0	0	0.0	0
chr21	22706074	0	0	0.0	0
chr21	23057501	0	0	0.0	0
chr21	23095307	0	0	0.0	0
chr21	23172470	0	0	0.0	0
chr21	23242933	0	0	0.0	0
chr21	23256219	0	0	0.0	0
chr21	23327549	0	0	0.0	0
chr21	23416365	0	0	0.0	0
chr21	23591717	0	0	0.0	0
chr21	23684592	0	1	0.0227	0
chr21	23747495	0	0	0.0	0
chr21	23885720	0	0	0.0	0
chr21	24439042	0	0	0.0	0
chr21	24474160	0	0	0.0	0
chr21	24638494	0	0	0.0	0
chr21	24841612	0	0	0.0	0
chr21	24881709	0	0	0.0	0
chr21	25104515	0	0	0.0	0
chr21	25372730	0	0	0.0	0
chr21	25373848	0	0	0.0	0
chr21	25549523	0	0	0.0	0
chr21	25906182	0	0	0.0	0
chr21	26022545	0	0	0.0	0
chr21	26478067	0	0	0.0	0
chr21	26538765	0	0	0.0	0
chr21	26613397	0	0	0.0	0
chr21	26758283	0	0	0.0	0
chr21	26798659	0	0	0.0	0
chr21	26846163	0	0	0.0	0
chr21	26872132	0	0	0.0	0
chr21	26882085	0	0	0.0	0
chr21	27039162	0	0	0.0	0
chr21	27076727	1	39	0.5	1
chr21	27295951	0	0	0.0	0
chr21	27421604	0	0	0.0	0
chr21	27517436	0	0	0.0	0
chr21	27530828	0	0	0.0	0
chr21	27614885	0	0	0.0	0
chr21	27736539	0	1	0.0238	0
chr21	27812962	0	0	0.0	0
chr21	27859814	0	0	0.0	0
chr21	28119753	0	0	0.0	0
chr21	28507372	0	0	0.0	0
chr21	28609252	0	0	0.0	0
chr21	28685738	0	0	0.0	0
chr21	29103349	0	0	0.0	0
chr21	29221740	0	0	0.0	0
chr21	29362639	0	0	0.0	0
chr21	29374924	0	0	0.0	0
chr21	29423680	0	1	0.0208	0
chr21	29616268	0	0	0.0	0
chr21	29655165	0	0	0.0	0
chr21	30149965	0	0	0.0	0
chr21	30164486	0	0	0.0	0
chr21	30168879	0	0	0.0	0
chr21	30306772	0	0	0.0	0
chr21	30438299	0	0	0.0	0
chr21	30577037	0	0	0.0	0
chr21	30780328	0	0	0.0	0
chr21	30879535	0	0	0.0	0
chr21	31048830	0	0	0.0	0
chr21	31054756	1	25	0.3472	1
chr21	31285644	0	0	0.0	0
chr21	31316064	0	0	0.0	0
chr21	31336974	0	0	0.0	0
chr21	31366502	0	0	0.0	0
chr21	31536730	0	1	0.0164	0
chr21	32037777	0	0	0.0	0
chr21	32169052	0	0	0.0	0
chr21	32184044	0	0	0.0	0
chr21	32238813	0	0	0.0	0
chr21	32281719	0	0	0.0	0
chr21	32296286	0	0	0.0	0
chr21	32342648	0	0	0.0	0
chr21	32445830	0	0	0.0	0
chr21	32474574	0	0	0.0	0
chr21	32606094	0	0	0.0	0
chr21	32967038	0	0	0.0	0
chr21	33026684	0	0	0.0	0
chr21	33064353	0	0	0.0	0
chr21	33735156	0	0	0.0	0
chr21	33932320	0	0	0.0	0
chr21	33986830	0	0	0.0	0
chr21	34040048	0	0	0.0	0
chr21	34100295	0	0	0.0	0
chr21	34125421	0	0	0.0	0
chr21	34224705	1	21	0.5676	1
chr21	34270661	0	0	0.0	0
chr21	34287271	0	0	0.0	0
chr21	34344593	0	0	0.0	0
chr21	34352688	1	53	0.9636	1
chr21	34527010	0	0	0.0	0
chr21	34632239	0	0	0.0	0
chr21	34672039	0	0	0.0	0
chr21	34688412	0	0	0.0	0
chr21	34697809	0	0	0.0	0
chr21	34727251	0	0	0.0	0
chr21	34924566	0	0	0.0	0
chr21	34932839	0	0	0.0	0
chr21	35068044	0	0	0.0	0
chr21	35180388	0	0	0.0	0
chr21	35201407	0	0	0.0	0
chr21	35341720	0	0	0.0	0
chr21	35347180	0	0	0.0	0
chr21	35355645	0	0	0.0	0
chr21	35385237	0	0	0.0	0
chr21	35424512	0	0	0.0	0
chr21	35431763	0	0	0.0	0
chr21	35526316	0	0	0.0	0
chr21	35559767	0	0	0.0	0
chr21	35632469	0	0	0.0	0
chr21	35637788	0	0	0.0	0
chr21	35714705	0	1	0.013	0
chr21	35966123	0	0	0.0	0
chr21	36059860	0	0	0.0	0
chr21	36100830	0	0	0.0	0
chr21	36324136	0	0	0.0	0
chr21	36326617	0	0	0.0	0
chr21	36456346	0	0	0.0	0
chr21	36549439	0	0	0.0	0
chr21	36570379	0	0	0.0	0
chr21	36685194	0	0	0.0	0
chr21	36719603	0	0	0.0	0
chr21	36841909	0	0	0.0	0
chr21	36939702	0	0	0.0	0
chr21	36975406	0	0	0.0	0
chr21	36977686	0	0	0.0	0
chr21	36994937	0	0	0.0	0
chr21	37117805	0	0	0.0	0
chr21	37167014	0	0	0.0	0
chr21	37172476	0	0	0.0	0
chr21	37201668	0	0	0.0	0
chr21	37380796	0	0	0.0	0
chr21	37407206	0	0	0.0	0
chr21	37442953	0	0	0.0	0
chr21	37453449	0	0	0.0	0
chr21	37488847	0	0	0.0	0
chr21	37576238	0	0	0.0	0
chr21	37587931	0	0	0.0	0
chr21	37618428	0	0	0.0	0
chr21	37691271	0	0	0.0	0
chr21	37728290	0	0	0.0	0
chr21	37737168	0	0	0.0	0
chr21	37801669	0	0	0.0	0
chr21	37845391	0	0	0.0	0
chr21	37861934	0	0	0.0	0
chr21	37938203	0	0	0.0	0
chr21	37956946	0	0	0.0	0
chr21	38070435	0	0	0.0	0
chr21	38152251	0	0	0.0	0
chr21	38501328	0	0	0.0	0
chr21	38560353	0	0	0.0	0
chr21	38671695	0	0	0.0	0
chr21	38702041	0	0	0.0	0
chr21	38763197	0	0	0.0	0
chr21	38828176	0	0	0.0	0
chr21	38863194	0	0	0.0	0
chr21	38934936	0	0	0.0	0
chr21	38947951	0	1	0.0103	0
chr21	38974928	0	0	0.0	0
chr21	39061997	0	0	0.0	0
chr21	39244157	0	0	0.0	0
chr21	39387597	0	0	0.0	0
chr21	39456412	0	0	0.0	0
chr21	39631539	0	0	0.0	0
chr21	39656367	0	0	0.0	0
chr21	39712629	0	0	0.0	0
chr21	39775597	0	0	0.0	0
chr21	39788000	0	0	0.0	0
chr21	39805992	0	0	0.0	0
chr21	39834203	0	0	0.0	0
chr21	39870594	0	0	0.0	0
chr21	39935573	0	0	0.0	0
chr21	39963319	0	0	0.0	0
chr21	39997149	0	0	0.0	0
chr21	40078008	0	0	0.0	0
chr21	40217647	0	0	0.0	0
chr21	40420597	0	0	0.0	0
chr21	40451650	0	0	0.0	0
chr21	40473494	0	1	0.0175	0
chr21	40486893	0	0	0.0	0
chr21	40829576	0	0	0.0	0
chr21	40908354	0	0	0.0	0
chr21	41025825	0	0	0.0	0
chr21	41062284	1	21	0.4667	1
chr21	41220504	0	0	0.0	0
chr21	41230631	0	0	0.0	0
chr21	41600814	0	0	0.0	0
chr21	41655654	0	0	0.0	0
chr21	41781775	0	0	0.0	0
chr21	41988834	0	0	0.0	0
chr21	42010298	0	0	0.0	0
chr21	42011146	0	0	0.0	0
chr21	42082710	0	0	0.0	0
chr21	42085933	0	0	0.0	0
chr21	42148642	0	0	0.0	0
chr21	42245472	0	0	0.0	0
chr21	42269268	0	0	0.0	0
chr21	42319915	0	0	0.0	0
chr21	42426125	0	0	0.0	0
chr21	42437342	0	0	0.0	0
chr21	42474749	0	0	0.0	0
chr21	42486457	0	0	0.0	0
chr21	42621800	0	0	0.0	0
chr21	42634514	0	0	0.0	0
chr21	42754784	0	1	0.0256	0
chr21	42820444	0	0	0.0	0
chr21	42863387	0	0	0.0	0
chr21	42866737	0	0	0.0	0
chr21	43019177	0	0	0.0	0
chr21	43021369	0	0	0.0	0
chr21	43034553	0	0	0.0	0
chr21	43055798	0	0	0.0	0
chr21	43056492	0	0	0.0	0
chr21	43325977	0	0	0.0	0
chr21	43328787	0	0	0.0	0
chr21	43555253	0	0	0.0	0
chr21	43669938	0	0	0.0	0
chr21	43744048	0	1	0.0208	0
chr21	43781412	0	0	0.0	0
chr21	43811289	0	0	0.0	0
chr21	43835367	0	0	0.0	0
chr21	43974496	0	0	0.0	0
chr21	44016405	0	0	0.0	0
chr21	44017028	0	0	0.0	0
chr21	44040267	0	0	0.0	0
chr21	44049564	0	0	0.0	0
chr21	44118564	0	0	0.0	0
chr21	44120537	0	0	0.0	0
chr21	44266890	0	0	0.0	0
chr21	44288393	0	0	0.0	0
chr21	44315001	0	1	0.0102	0
chr21	44328647	0	0	0.0	0
chr21	44461295	0	0	0.0	0
chr21	44467616	0	0	0.0	0
chr21	44510843	0	0	0.0	0
chr21	44514423	0	0	0.0	0
chr21	44520160	0	0	0.0	0
chr21	44539952	0	0	0.0	0
chr21	44561863	0	0	0.0	0
chr21	44582652	0	0	0.0	0
chr21	44586089	0	0	0.0	0
chr21	44766275	0	0	0.0	0
chr21	44802003	0	0	0.0	0
chr21	44807897	0	0	0.0	0
chr21	44828247	0	0	0.0	0
chr21	44851259	0	0	0.0	0
chr21	44870586	0	0	0.0	0
chr21	44888364	0	0	0.0	0
chr21	44891789	0	0	0.0	0
chr21	45049606	0	0	0.0	0
chr21	45088777	0	0	0.0	0
chr21	45104607	0	0	0.0	0
chr21	45220578	0	0	0.0	0
chr21	45278498	0	0	0.0	0
chr21	45347773	0	0	0.0	0
chr21	45349496	0	0	0.0	0
chr21	45381788	0	0	0.0	0
chr21	45386469	0	0	0.0	0
chr21	45436329	0	0	0.0	0
chr21	45466842	0	0	0.0	0
chr21	45490193	0	0	0.0	0
chr21	45529345	0	0	0.0	0
chr21	45570583	0	0	0.0	0
chr21	45582227	0	0	0.0	0
chr21	45639577	0	0	0.0	0
chr21	45652704	0	0	0.0	0
chr21	45811320	0	0	0.0	0
chr21	45828957	0	0	0.0	0
chr21	45877769	1	6	0.0769	1
chr21	45898258	0	0	0.0	0
chr21	45931532	0	0	0.0	0
chr21	46056925	0	0	0.0	0
chr21	46223477	0	0	0.0	0
chr21	46365192	0	0	0.0	0
chr21	46388285	0	0	0.0	0
chr21	46443859	0	0	0.0	0
chr21	46498500	0	0	0.0	0
chr21	46537702	0	0	0.0	0
chr21	46547064	0	0	0.0	0
chr21	46554898	0	1	0.0154	0
chr21	46557771	0	0	0.0	0
chr21_KI270873v1_alt	55475	0	0	0.0	0
chr22	10627611	0	0	0.0	0
chr22	10659194	0	0	0.0	0
chr22	11054961	0	0	0.0	0
chr22	11432331	0	0	0.0	0
chr22	11570377	0	0	0.0	0
chr22	11615490	0	0	0.0	0
chr22	11617921	0	0	0.0	0
chr22	11621459	0	0	0.0	0
chr22	11830512	0	0	0.0	0
chr22	12027912	0	0	0.0	0
chr22	12111094	0	0	0.0	0
chr22	12161841	0	0	0.0	0
chr22	12169331	0	0	0.0	0
chr22	12802202	0	0	0.0	0
chr22	13001426	0	0	0.0	0
chr22	13052208	0	0	0.0	0
chr22	13109838	0	0	0.0	0
chr22	13113266	0	0	0.0	0
chr22	13116695	0	0	0.0	0
chr22	13123544	0	0	0.0	0
chr22	13126970	0	0	0.0	0
chr22	13130399	0	0	0.0	0
chr22	13133825	0	0	0.0	0
chr22	13140674	0	0	0.0	0
chr22	13144102	0	0	0.0	0
chr22	13147529	0	0	0.0	0
chr22	13150955	0	0	0.0	0
chr22	13154380	0	0	0.0	0
chr22	13161232	0	0	0.0	0
chr22	13165785	0	0	0.0	0
chr22	13172636	0	0	0.0	0
chr22	13179485	0	0	0.0	0
chr22	13182910	0	0	0.0	0
chr22	13189760	0	0	0.0	0
chr22	13196611	0	0	0.0	0
chr22	13200036	0	0	0.0	0
chr22	13203461	0	0	0.0	0
chr22	13206887	0	0	0.0	0
chr22	13213737	0	0	0.0	0
chr22	13217161	0	0	0.0	0
chr22	13220585	0	0	0.0	0
chr22	13224010	0	0	0.0	0
chr22	15170589	0	0	0.0	0
chr22	15174680	0	0	0.0	0
chr22	15177921	0	0	0.0	0
chr22	15230193	0	0	0.0	0
chr22	15516083	0	0	0.0	0
chr22	15778110	0	0	0.0	0
chr22	15834890	0	0	0.0	0
chr22	15999836	0	0	0.0	0
chr22	16001372	0	0	0.0	0
chr22	16051636	0	0	0.0	0
chr22	16061182	0	0	0.0	0
chr22	16098552	0	0	0.0	0
chr22	16131269	0	0	0.0	0
chr22	16161383	0	0	0.0	0
chr22	16268495	0	0	0.0	0
chr22	16270033	0	0	0.0	0
chr22	16278944	0	0	0.0	0
chr22	16353687	0	0	0.0	0
chr22	16546502	0	0	0.0	0
chr22	16700419	0	0	0.0	0
chr22	16753406	0	0	0.0	0
chr22	16808381	0	0	0.0	0
chr22	16878034	0	0	0.0	0
chr22	17034569	0	1	0.0196	0
chr22	17048448	0	0	0.0	0
chr22	17092642	0	0	0.0	0
chr22	17114375	0	0	0.0	0
chr22	17247779	0	0	0.0	0
chr22	17298924	0	0	0.0	0
chr22	17590731	0	0	0.0	0
chr22	17675876	0	0	0.0	0
chr22	17785460	0	0	0.0	0
chr22	17813467	0	0	0.0	0
chr22	18155855	0	0	0.0	0
chr22	18157048	0	0	0.0	0
chr22	18538868	0	0	0.0	0
chr22	18784518	0	0	0.0	0
chr22	18951368	0	0	0.0	0
chr22	18957419	0	0	0.0	0
chr22	19044007	0	0	0.0	0
chr22	19047230	0	0	0.0	0
chr22	19104376	1	19	0.7917	1
chr22	19110370	0	0	0.0	0
chr22	19235478	0	0	0.0	0
chr22	19288219	0	0	0.0	0
chr22	19507119	0	0	0.0	0
chr22	19712171	0	0	0.0	0
chr22	19784743	0	0	0.0	0
chr22	19801028	0	0	0.0	0
chr22	19913256	0	0	0.0	0
chr22	19918757	0	0	0.0	0
chr22	19950716	0	0	0.0	0
chr22	19979425	0	0	0.0	0
chr22	19980427	0	0	0.0	0
chr22	19986444	0	0	0.0	0
chr22	20007636	0	0	0.0	0
chr22	20028376	0	0	0.0	0
chr22	20118928	0	0	0.0	0
chr22	20138746	0	0	0.0	0
chr22	20212819	0	0	0.0	0
chr22	20396976	0	0	0.0	0
chr22	20408976	0	0	0.0	0
chr22	20409055	0	0	0.0	0
chr22	20431113	0	0	0.0	0
chr22	20553386	0	0	0.0	0
chr22	20615949	0	0	0.0	0
chr22	20621944	0	0	0.0	0
chr22	20712921	0	0	0.0	0
chr22	20750665	0	0	0.0	0
chr22	20752637	0	0	0.0	0
chr22	20999089	0	0	0.0	0
chr22	21023507	0	0	0.0	0
chr22	21074658	0	0	0.0	0
chr22	21077588	0	0	0.0	0
chr22	21103121	0	0	0.0	0
chr22	21218855	0	0	0.0	0
chr22	21453431	0	0	0.0	0
chr22	21478225	0	0	0.0	0
chr22	21594030	0	0	0.0	0
chr22	21689657	0	0	0.0	0
chr22	21712219	0	0	0.0	0
chr22	21822717	2	8	0.25	1
chr22	21984122	0	0	0.0	0
chr22	22007514	0	0	0.0	0
chr22	22039884	2	41	0.9318	1
chr22	22083721	0	0	0.0	0
chr22	22243563	0	0	0.0	0
chr22	22314581	0	0	0.0	0
chr22	22317593	0	0	0.0	0
chr22	22324422	0	0	0.0	0
chr22	22406160	0	0	0.0	0
chr22	22446681	0	0	0.0	0
chr22	22579843	0	0	0.0	0
chr22	22588213	0	0	0.0	0
chr22	22664474	0	0	0.0	0
chr22	22665045	0	0	0.0	0
chr22	22679387	0	0	0.0	0
chr22	22697952	0	0	0.0	0
chr22	22701031	0	0	0.0	0
chr22	22787474	0	0	0.0	0
chr22	22792534	0	0	0.0	0
chr22	22812364	0	0	0.0	0
chr22	22822821	0	0	0.0	0
chr22	22856590	0	0	0.0	0
chr22	22927815	0	0	0.0	0
chr22	22932093	0	0	0.0	0
chr22	22934178	0	0	0.0	0
chr22	22956558	0	0	0.0	0
chr22	23033964	0	0	0.0	0
chr22	23072653	0	0	0.0	0
chr22	23102800	0	0	0.0	0
chr22	23107180	0	0	0.0	0
chr22	23153254	0	0	0.0	0
chr22	23203533	0	0	0.0	0
chr22	23223200	0	0	0.0	0
chr22	23229125	0	0	0.0	0
chr22	23234259	0	0	0.0	0
chr22	23330893	0	0	0.0	0
chr22	23363132	0	0	0.0	0
chr22	23576720	0	0	0.0	0
chr22	23634619	0	0	0.0	0
chr22	23650938	0	0	0.0	0
chr22	23686345	0	0	0.0	0
chr22	23889291	0	0	0.0	0
chr22	23911402	0	0	0.0	0
chr22	24061465	0	0	0.0	0
chr22	24063823	0	0	0.0	0
chr22	24099859	0	0	0.0	0
chr22	24166685	0	0	0.0	0
chr22	24191672	0	0	0.0	0
chr22	24434580	0	0	0.0	0
chr22	24452094	0	0	0.0	0
chr22	24503280	0	0	0.0	0
chr22	24838525	0	0	0.0	0
chr22	25051126	0	0	0.0	0
chr22	25093239	0	0	0.0	0
chr22	25165683	0	0	0.0	0
chr22	25334243	0	0	0.0	0
chr22	25352217	0	0	0.0	0
chr22	25364624	0	0	0.0	0
chr22	25489262	0	0	0.0	0
chr22	25515174	0	0	0.0	0
chr22	25618683	0	0	0.0	0
chr22	25726607	0	0	0.0	0
chr22	25727018	0	0	0.0	0
chr22	25754457	0	0	0.0	0
chr22	25770959	0	0	0.0	0
chr22	25808638	0	0	0.0	0
chr22	25835427	0	0	0.0	0
chr22	25903175	0	0	0.0	0
chr22	26008393	0	0	0.0	0
chr22	26027446	0	0	0.0	0
chr22	26040953	0	0	0.0	0
chr22	26056933	0	0	0.0	0
chr22	26073226	0	0	0.0	0
chr22	26100274	0	0	0.0	0
chr22	26138451	0	0	0.0	0
chr22	26241378	0	0	0.0	0
chr22	26260531	0	0	0.0	0
chr22	26267385	0	0	0.0	0
chr22	26373924	0	0	0.0	0
chr22	26432744	0	0	0.0	0
chr22	26567954	0	0	0.0	0
chr22	26598218	0	0	0.0	0
chr22	26660363	0	0	0.0	0
chr22	26717179	0	0	0.0	0
chr22	26718215	0	0	0.0	0
chr22	26762001	0	0	0.0	0
chr22	26767110	0	0	0.0	0
chr22	26795639	0	0	0.0	0
chr22	26820527	0	0	0.0	0
chr22	26969021	0	0	0.0	0
chr22	27128020	0	1	0.0244	0
chr22	27202861	0	0	0.0	0
chr22	27219144	0	0	0.0	0
chr22	27250929	0	0	0.0	0
chr22	27420962	0	0	0.0	0
chr22	27432708	0	0	0.0	0
chr22	27442151	0	0	0.0	0
chr22	27454901	0	0	0.0	0
chr22	27537048	0	0	0.0	0
chr22	27540799	0	0	0.0	0
chr22	27610842	0	1	0.0556	0
chr22	27621629	0	0	0.0	0
chr22	27623545	0	0	0.0	0
chr22	27671282	0	0	0.0	0
chr22	27810145	0	0	0.0	0
chr22	27827058	0	0	0.0	0
chr22	27934973	0	0	0.0	0
chr22	28048119	0	0	0.0	0
chr22	28092296	0	0	0.0	0
chr22	28171851	0	0	0.0	0
chr22	28237269	0	0	0.0	0
chr22	28285090	0	0	0.0	0
chr22	28370663	0	0	0.0	0
chr22	28429963	0	0	0.0	0
chr22	28468208	0	0	0.0	0
chr22	28559109	0	0	0.0	0
chr22	28704738	0	0	0.0	0
chr22	28721548	0	0	0.0	0
chr22	28797988	0	0	0.0	0
chr22	28804141	0	0	0.0	0
chr22	28897814	0	0	0.0	0
chr22	28963801	0	0	0.0	0
chr22	29010170	0	0	0.0	0
chr22	29083490	0	0	0.0	0
chr22	29146825	0	0	0.0	0
chr22	29252529	0	0	0.0	0
chr22	29267857	0	0	0.0	0
chr22	29287469	0	0	0.0	0
chr22	29292377	0	0	0.0	0
chr22	29296471	0	0	0.0	0
chr22	29468866	0	0	0.0	0
chr22	29531544	0	0	0.0	0
chr22	29557077	0	0	0.0	0
chr22	29635980	0	0	0.0	0
chr22	29677481	1	7	0.1373	1
chr22	29699724	0	0	0.0	0
chr22	29731198	0	0	0.0	0
chr22	29819061	0	0	0.0	0
chr22	29884612	0	0	0.0	0
chr22	30018006	0	0	0.0	0
chr22	30076469	0	0	0.0	0
chr22	30177808	0	0	0.0	0
chr22	30201739	0	0	0.0	0
chr22	30252789	0	0	0.0	0
chr22	30287491	0	0	0.0	0
chr22	30375348	0	0	0.0	0
chr22	30410819	0	0	0.0	0
chr22	30481773	0	0	0.0	0
chr22	30490803	0	0	0.0	0
chr22	30557694	0	0	0.0	0
chr22	30597233	0	0	0.0	0
chr22	30600088	0	0	0.0	0
chr22	30608844	0	0	0.0	0
chr22	30810291	0	0	0.0	0
chr22	30814775	0	0	0.0	0
chr22	30909211	0	0	0.0	0
chr22	30965713	0	0	0.0	0
chr22	31071823	0	0	0.0	0
chr22	31095473	0	0	0.0	0
chr22	31215248	0	0	0.0	0
chr22	31264350	0	1	0.0164	0
chr22	31574173	0	0	0.0	0
chr22	31676441	0	0	0.0	0
chr22	31836921	0	0	0.0	0
chr22	31998893	0	0	0.0	0
chr22	32043563	0	1	0.0145	0
chr22	32177686	0	0	0.0	0
chr22	32545237	0	0	0.0	0
chr22	32595008	0	0	0.0	0
chr22	32779772	0	0	0.0	0
chr22	32821846	0	0	0.0	0
chr22	32826866	0	0	0.0	0
chr22	32831186	0	0	0.0	0
chr22	32841748	0	0	0.0	0
chr22	32842684	0	0	0.0	0
chr22	32893292	0	0	0.0	0
chr22	32917989	0	0	0.0	0
chr22	33069736	0	0	0.0	0
chr22	33150185	0	0	0.0	0
chr22	33378264	0	0	0.0	0
chr22	33535517	0	1	0.0169	0
chr22	33664203	0	0	0.0	0
chr22	33666092	0	0	0.0	0
chr22	33707584	0	0	0.0	0
chr22	33741982	0	0	0.0	0
chr22	33762813	0	0	0.0	0
chr22	33865158	0	0	0.0	0
chr22	33868054	0	0	0.0	0
chr22	34101563	0	0	0.0	0
chr22	34211111	0	0	0.0	0
chr22	34272818	0	0	0.0	0
chr22	34283357	0	0	0.0	0
chr22	34388407	0	0	0.0	0
chr22	34431567	0	0	0.0	0
chr22	34507966	0	0	0.0	0
chr22	34532155	0	0	0.0	0
chr22	34642141	0	0	0.0	0
chr22	34759042	0	0	0.0	0
chr22	34890152	0	0	0.0	0
chr22	34989615	0	0	0.0	0
chr22	35011697	0	0	0.0	0
chr22	35083571	0	0	0.0	0
chr22	35113748	0	0	0.0	0
chr22	35144646	0	0	0.0	0
chr22	35154781	0	0	0.0	0
chr22	35166535	0	0	0.0	0
chr22	35599934	0	0	0.0	0
chr22	35689298	0	0	0.0	0
chr22	35873976	0	0	0.0	0
chr22	35893262	0	0	0.0	0
chr22	36086270	0	0	0.0	0
chr22	36244988	0	0	0.0	0
chr22	36251695	0	0	0.0	0
chr22	36252060	0	0	0.0	0
chr22	36408603	0	0	0.0	0
chr22	36426482	1	81	0.9529	1
chr22	36454153	0	0	0.0	0
chr22	36549237	0	0	0.0	0
chr22	36623406	0	0	0.0	0
chr22	36628227	0	0	0.0	0
chr22	36786138	0	0	0.0	0
chr22	36801849	0	0	0.0	0
chr22	36879324	0	0	0.0	0
chr22	37058346	0	0	0.0	0
chr22	37085241	0	0	0.0	0
chr22	37292691	0	0	0.0	0
chr22	37335108	0	0	0.0	0
chr22	37337811	0	0	0.0	0
chr22	37344806	0	0	0.0	0
chr22	37355684	0	0	0.0	0
chr22	37384309	0	0	0.0	0
chr22	37658325	0	0	0.0	0
chr22	37779944	0	0	0.0	0
chr22	37781988	0	0	0.0	0
chr22	37813624	0	0	0.0	0
chr22	37905539	0	0	0.0	0
chr22	37942418	0	0	0.0	0
chr22	38192666	0	0	0.0	0
chr22	38218286	0	0	0.0	0
chr22	38222902	0	0	0.0	0
chr22	38247876	0	0	0.0	0
chr22	38276194	0	0	0.0	0
chr22	38279165	0	0	0.0	0
chr22	38315663	1	44	0.8	1
chr22	38326881	0	0	0.0	0
chr22	38670503	0	0	0.0	0
chr22	38712354	0	0	0.0	0
chr22	38766089	0	0	0.0	0
chr22	38786230	0	0	0.0	0
chr22	39405948	0	0	0.0	0
chr22	39497783	0	0	0.0	0
chr22	39525512	0	0	0.0	0
chr22	39556891	0	0	0.0	0
chr22	39561744	0	0	0.0	0
chr22	39600385	0	0	0.0	0
chr22	39640889	0	0	0.0	0
chr22	39654810	0	0	0.0	0
chr22	39671450	0	0	0.0	0
chr22	39709818	0	0	0.0	0
chr22	39829425	0	0	0.0	0
chr22	39842518	0	0	0.0	0
chr22	39907196	0	0	0.0	0
chr22	39976208	0	0	0.0	0
chr22	40021929	0	0	0.0	0
chr22	40207351	0	0	0.0	0
chr22	40235993	0	0	0.0	0
chr22	40308220	0	0	0.0	0
chr22	40365758	0	0	0.0	0
chr22	40404332	0	0	0.0	0
chr22	40421652	0	0	0.0	0
chr22	40657874	0	0	0.0	0
chr22	40805472	0	0	0.0	0
chr22	40962393	0	0	0.0	0
chr22	40967348	0	0	0.0	0
chr22	40994575	0	1	0.025	0
chr22	41138523	0	0	0.0	0
chr22	41317903	0	0	0.0	0
chr22	41427204	0	0	0.0	0
chr22	41448667	0	0	0.0	0
chr22	41572129	0	0	0.0	0
chr22	41714228	0	0	0.0	0
chr22	41824854	0	0	0.0	0
chr22	41838973	0	0	0.0	0
chr22	41841019	0	0	0.0	0
chr22	41996896	0	0	0.0	0
chr22	42058580	0	0	0.0	0
chr22	42213380	0	0	0.0	0
chr22	42215005	0	0	0.0	0
chr22	42259720	0	0	0.0	0
chr22	42351529	0	0	0.0	0
chr22	42415907	0	0	0.0	0
chr22	42501201	0	0	0.0	0
chr22	42521044	0	0	0.0	0
chr22	42536866	0	0	0.0	0
chr22	42554516	0	0	0.0	0
chr22	42568152	0	0	0.0	0
chr22	42720250	0	0	0.0	0
chr22	42751972	0	0	0.0	0
chr22	42900239	0	0	0.0	0
chr22	43036730	0	0	0.0	0
chr22	43098425	0	0	0.0	0
chr22	43179271	0	0	0.0	0
chr22	43202870	0	0	0.0	0
chr22	43254064	0	0	0.0	0
chr22	43268715	0	0	0.0	0
chr22	43347532	0	0	0.0	0
chr22	43347944	0	0	0.0	0
chr22	43349110	0	0	0.0	0
chr22	43389506	0	0	0.0	0
chr22	43407789	0	0	0.0	0
chr22	43421699	0	0	0.0	0
chr22	43447674	0	0	0.0	0
chr22	43494650	0	0	0.0	0
chr22	43543493	0	0	0.0	0
chr22	43602155	0	0	0.0	0
chr22	43629258	0	0	0.0	0
chr22	43632747	0	0	0.0	0
chr22	43659979	0	0	0.0	0
chr22	43682286	0	0	0.0	0
chr22	43782826	0	0	0.0	0
chr22	43791500	0	0	0.0	0
chr22	43812170	0	0	0.0	0
chr22	43844272	0	0	0.0	0
chr22	43855799	1	24	0.4211	1
chr22	43860402	0	0	0.0	0
chr22	43883566	0	0	0.0	0
chr22	43940160	0	0	0.0	0
chr22	44213897	0	0	0.0	0
chr22	44243945	0	0	0.0	0
chr22	44265198	0	0	0.0	0
chr22	44301902	0	0	0.0	0
chr22	44406204	0	0	0.0	0
chr22	44431440	0	0	0.0	0
chr22	44460779	0	0	0.0	0
chr22	44461487	0	0	0.0	0
chr22	44678755	0	0	0.0	0
chr22	44774348	0	0	0.0	0
chr22	44798572	0	0	0.0	0
chr22	44803193	0	0	0.0	0
chr22	44821920	0	0	0.0	0
chr22	45164110	0	0	0.0	0
chr22	45195178	0	0	0.0	0
chr22	45261588	0	0	0.0	0
chr22	45429551	0	0	0.0	0
chr22	45522891	0	0	0.0	0
chr22	45810281	0	0	0.0	0
chr22	45948649	0	0	0.0	0
chr22	46013118	0	0	0.0	0
chr22	46250783	0	0	0.0	0
chr22	46270913	0	0	0.0	0
chr22	46320072	0	1	0.0278	0
chr22	46321647	0	0	0.0	0
chr22	46401335	0	0	0.0	0
chr22	46431874	0	0	0.0	0
chr22	46468833	0	0	0.0	0
chr22	46701291	0	0	0.0	0
chr22	46731468	0	0	0.0	0
chr22	46814026	0	0	0.0	0
chr22	46898269	0	0	0.0	0
chr22	46902796	0	0	0.0	0
chr22	46910290	0	0	0.0	0
chr22	46923666	0	0	0.0	0
chr22	47044952	0	0	0.0	0
chr22	47209485	0	0	0.0	0
chr22	47273749	0	0	0.0	0
chr22	47277990	0	0	0.0	0
chr22	47344148	0	0	0.0	0
chr22	47354001	0	0	0.0	0
chr22	47391358	0	1	0.0139	0
chr22	47553231	0	0	0.0	0
chr22	47674954	0	0	0.0	0
chr22	47820978	0	0	0.0	0
chr22	48049292	0	0	0.0	0
chr22	48070023	0	0	0.0	0
chr22	48102931	0	0	0.0	0
chr22	48203384	0	0	0.0	0
chr22	48217542	0	0	0.0	0
chr22	48250951	0	0	0.0	0
chr22	48276002	0	0	0.0	0
chr22	48279326	0	0	0.0	0
chr22	48289409	0	0	0.0	0
chr22	48296087	0	0	0.0	0
chr22	48312058	0	0	0.0	0
chr22	48330720	0	0	0.0	0
chr22	48392493	0	0	0.0	0
chr22	48452937	0	0	0.0	0
chr22	48527076	0	0	0.0	0
chr22	48559158	0	0	0.0	0
chr22	48564850	0	0	0.0	0
chr22	48673193	0	0	0.0	0
chr22	48700657	0	0	0.0	0
chr22	48790788	0	0	0.0	0
chr22	48840121	0	1	0.0192	0
chr22	48855957	0	0	0.0	0
chr22	48889928	0	0	0.0	0
chr22	48964750	0	0	0.0	0
chr22	49002523	0	0	0.0	0
chr22	49087018	0	0	0.0	0
chr22	49136831	0	0	0.0	0
chr22	49146458	0	0	0.0	0
chr22	49163694	0	0	0.0	0
chr22	49211692	0	0	0.0	0
chr22	49233670	0	0	0.0	0
chr22	49306666	0	0	0.0	0
chr22	49393093	0	0	0.0	0
chr22	49418921	0	0	0.0	0
chr22	49437792	0	0	0.0	0
chr22	49503111	0	0	0.0	0
chr22	49647305	0	0	0.0	0
chr22	49694873	0	0	0.0	0
chr22	49734697	0	0	0.0	0
chr22	49736133	0	0	0.0	0
chr22	49890302	0	0	0.0	0
chr22	50016430	0	0	0.0	0
chr22	50110506	0	0	0.0	0
chr22	50178746	0	0	0.0	0
chr22	50192443	0	0	0.0	0
chr22	50218239	0	0	0.0	0
chr22	50219090	0	0	0.0	0
chr22	50220081	0	0	0.0	0
chr22	50249959	0	0	0.0	0
chr22	50291782	0	0	0.0	0
chr22	50415891	0	0	0.0	0
chr22	50452858	0	0	0.0	0
chr22	50470385	0	0	0.0	0
chr22	50526747	0	0	0.0	0
chr22	50579005	0	0	0.0	0
chr22	50582172	0	0	0.0	0
chr22	50664588	0	0	0.0	0
chr22	50706050	0	0	0.0	0
chr22_GL383582v2_alt	123576	0	0	0.0	0
chr22_KI270731v1_random	76598	0	0	0.0	0
chr22_KI270733v1_random	22595	0	0	0.0	0
chr22_KI270733v1_random	43201	0	0	0.0	0
chr22_KI270734v1_random	10208	0	0	0.0	0
chr22_KI270735v1_random	42555	0	0	0.0	0
chr22_KI270736v1_random	39247	0	0	0.0	0
chr22_KI270736v1_random	48834	0	0	0.0	0
chr22_KI270736v1_random	49074	0	0	0.0	0
chr22_KI270736v1_random	52000	0	0	0.0	0
chr22_KI270736v1_random	54424	0	0	0.0	0
chr22_KI270736v1_random	58640	0	0	0.0	0
chr22_KI270736v1_random	63136	0	0	0.0	0
chr22_KI270736v1_random	65721	0	0	0.0	0
chr22_KI270736v1_random	74454	0	0	0.0	0
chr22_KI270736v1_random	75698	0	0	0.0	0
chr22_KI270736v1_random	77889	0	0	0.0	0
chr22_KI270736v1_random	85210	0	0	0.0	0
chr22_KI270736v1_random	91920	0	0	0.0	0
chr22_KI270736v1_random	94507	0	0	0.0	0
chr22_KI270736v1_random	97895	0	0	0.0	0
chr22_KI270736v1_random	100580	0	0	0.0	0
chr22_KI270736v1_random	103969	0	0	0.0	0
chr22_KI270736v1_random	105822	0	0	0.0	0
chr22_KI270736v1_random	107576	0	0	0.0	0
chr22_KI270736v1_random	108066	0	0	0.0	0
chr22_KI270736v1_random	109120	0	0	0.0	0
chr22_KI270736v1_random	113155	0	0	0.0	0
chr22_KI270736v1_random	113605	0	0	0.0	0
chr22_KI270736v1_random	116325	0	0	0.0	0
chr22_KI270736v1_random	119624	0	0	0.0	0
chr22_KI270736v1_random	122461	0	0	0.0	0
chr22_KI270736v1_random	126126	0	0	0.0	0
chr22_KI270736v1_random	130690	0	0	0.0	0
chr22_KI270736v1_random	135804	0	0	0.0	0
chr22_KI270736v1_random	149270	0	0	0.0	0
chr22_KI270736v1_random	149765	0	0	0.0	0
chr22_KI270736v1_random	151017	0	0	0.0	0
chr22_KI270736v1_random	157460	0	0	0.0	0
chr22_KI270736v1_random	158637	0	0	0.0	0
chr22_KI270736v1_random	162509	0	0	0.0	0
chr22_KI270736v1_random	166152	0	0	0.0	0
chr22_KI270736v1_random	166811	0	0	0.0	0
chr22_KI270736v1_random	172531	0	0	0.0	0
chr22_KI270736v1_random	179409	0	0	0.0	0
chr22_KI270737v1_random	32118	0	0	0.0	0
chr22_KI270739v1_random	20697	0	0	0.0	0
chr22_KI270739v1_random	22233	0	0	0.0	0
chr22_KI270875v1_alt	41808	0	0	0.0	0
chr22_KI270875v1_alt	215499	0	0	0.0	0
chr22_KI270875v1_alt	223869	0	0	0.0	0
chr22_KI270876v1_alt	194974	0	0	0.0	0
chr22_KI270877v1_alt	22635	0	0	0.0	0
chr22_KI270878v1_alt	171830	0	0	0.0	0
chr22_KI270879v1_alt	147764	0	0	0.0	0
chr22_KI270928v1_alt	135725	0	0	0.0	0
chr2_KI270769v1_alt	39624	0	0	0.0	0
chr2_KI270769v1_alt	40836	0	0	0.0	0
chr2_KI270770v1_alt	34363	0	0	0.0	0
chr2_KI270772v1_alt	132535	0	0	0.0	0
chr2_KI270774v1_alt	135897	0	0	0.0	0
chr2_KI270776v1_alt	38395	0	0	0.0	0
chr2_KI270776v1_alt	64872	0	0	0.0	0
chr2_KI270894v1_alt	48636	0	0	0.0	0
chr2_KI270894v1_alt	76325	0	0	0.0	0
chr3	26730	0	0	0.0	0
chr3	55881	0	0	0.0	0
chr3	126264	0	1	0.025	0
chr3	147641	0	0	0.0	0
chr3	281359	0	0	0.0	0
chr3	305141	0	0	0.0	0
chr3	337284	0	0	0.0	0
chr3	444299	0	0	0.0	0
chr3	471352	0	0	0.0	0
chr3	472805	0	0	0.0	0
chr3	571129	0	0	0.0	0
chr3	602118	0	0	0.0	0
chr3	632776	0	0	0.0	0
chr3	687628	0	0	0.0	0
chr3	721865	0	0	0.0	0
chr3	745699	0	0	0.0	0
chr3	999798	1	32	0.8205	1
chr3	1030148	0	0	0.0	0
chr3	1243359	0	0	0.0	0
chr3	1257644	0	0	0.0	0
chr3	1453778	0	0	0.0	0
chr3	1478348	0	0	0.0	0
chr3	1598575	0	0	0.0	0
chr3	1689845	0	0	0.0	0
chr3	1797869	0	0	0.0	0
chr3	1959365	0	0	0.0	0
chr3	2127235	0	0	0.0	0
chr3	2183085	0	0	0.0	0
chr3	2185490	0	0	0.0	0
chr3	2195814	0	0	0.0	0
chr3	2243618	0	0	0.0	0
chr3	2266874	0	0	0.0	0
chr3	2352753	0	0	0.0	0
chr3	2382790	0	0	0.0	0
chr3	2414072	0	0	0.0	0
chr3	2564010	0	0	0.0	0
chr3	2651566	0	0	0.0	0
chr3	2762790	0	0	0.0	0
chr3	2880334	0	0	0.0	0
chr3	3115290	0	0	0.0	0
chr3	3219533	0	1	0.0169	0
chr3	3417663	0	0	0.0	0
chr3	3419818	0	0	0.0	0
chr3	3433120	0	0	0.0	0
chr3	3563405	0	0	0.0	0
chr3	3577396	0	0	0.0	0
chr3	3577902	0	0	0.0	0
chr3	3685997	0	0	0.0	0
chr3	3739177	0	0	0.0	0
chr3	3810066	0	0	0.0	0
chr3	3836747	0	0	0.0	0
chr3	3843577	1	32	0.7805	1
chr3	3849316	0	0	0.0	0
chr3	3891492	0	0	0.0	0
chr3	4004269	0	0	0.0	0
chr3	4143609	0	0	0.0	0
chr3	4246002	0	0	0.0	0
chr3	4466043	0	0	0.0	0
chr3	4682939	0	0	0.0	0
chr3	4693842	0	0	0.0	0
chr3	4771260	0	0	0.0	0
chr3	5021596	0	0	0.0	0
chr3	5044845	0	0	0.0	0
chr3	5110413	0	0	0.0	0
chr3	5143132	0	0	0.0	0
chr3	5196850	0	0	0.0	0
chr3	5212723	0	0	0.0	0
chr3	5277143	0	0	0.0	0
chr3	5295893	0	0	0.0	0
chr3	5394396	0	0	0.0	0
chr3	5454444	0	0	0.0	0
chr3	5482507	0	0	0.0	0
chr3	5578425	0	0	0.0	0
chr3	5584097	0	0	0.0	0
chr3	5596074	0	0	0.0	0
chr3	5715102	0	0	0.0	0
chr3	5927687	0	0	0.0	0
chr3	5944315	0	0	0.0	0
chr3	6008558	0	0	0.0	0
chr3	6066379	0	0	0.0	0
chr3	6076593	0	0	0.0	0
chr3	6329516	0	0	0.0	0
chr3	6631621	0	0	0.0	0
chr3	6675700	0	0	0.0	0
chr3	6825159	0	1	0.0154	0
chr3	6982338	0	0	0.0	0
chr3	6992142	0	0	0.0	0
chr3	6996860	0	0	0.0	0
chr3	7041784	0	0	0.0	0
chr3	7070905	0	0	0.0	0
chr3	7145218	0	0	0.0	0
chr3	7239954	0	0	0.0	0
chr3	7324770	0	0	0.0	0
chr3	7392194	0	0	0.0	0
chr3	7444087	0	0	0.0	0
chr3	7480115	0	0	0.0	0
chr3	7525732	0	0	0.0	0
chr3	7563704	0	0	0.0	0
chr3	7633512	0	0	0.0	0
chr3	7716205	0	0	0.0	0
chr3	7773664	0	0	0.0	0
chr3	7944755	0	0	0.0	0
chr3	7986016	0	0	0.0	0
chr3	8047122	0	0	0.0	0
chr3	8051052	0	0	0.0	0
chr3	8248105	0	0	0.0	0
chr3	8292815	0	0	0.0	0
chr3	8331362	0	1	0.0132	0
chr3	8418175	0	0	0.0	0
chr3	8478514	0	0	0.0	0
chr3	8530610	0	0	0.0	0
chr3	8654538	0	0	0.0	0
chr3	8664362	0	0	0.0	0
chr3	8673721	0	0	0.0	0
chr3	8727494	0	0	0.0	0
chr3	8757608	0	0	0.0	0
chr3	8851759	0	0	0.0	0
chr3	8853138	0	0	0.0	0
chr3	8889523	0	0	0.0	0
chr3	8922797	0	0	0.0	0
chr3	9015737	0	0	0.0	0
chr3	9410096	0	0	0.0	0
chr3	9428153	0	0	0.0	0
chr3	9447287	0	0	0.0	0
chr3	9546554	0	0	0.0	0
chr3	9592571	0	0	0.0	0
chr3	9835769	0	0	0.0	0
chr3	9923307	1	74	0.9737	1
chr3	10150987	0	0	0.0	0
chr3	10334146	0	0	0.0	0
chr3	10351913	0	0	0.0	0
chr3	10352990	0	0	0.0	0
chr3	10479704	0	0	0.0	0
chr3	10492870	0	0	0.0	0
chr3	10571402	0	0	0.0	0
chr3	10640535	0	0	0.0	0
chr3	10754231	0	1	0.0208	0
chr3	10770157	0	0	0.0	0
chr3	10864708	0	1	0.0115	0
chr3	10938119	0	0	0.0	0
chr3	11020130	0	0	0.0	0
chr3	11083314	0	0	0.0	0
chr3	11171612	0	0	0.0	0
chr3	11221021	0	0	0.0	0
chr3	11333148	0	0	0.0	0
chr3	11432459	1	60	0.9375	1
chr3	11445140	0	0	0.0	0
chr3	11495447	1	36	0.5217	1
chr3	11522363	0	0	0.0	0
chr3	11547070	0	0	0.0	0
chr3	11622738	0	0	0.0	0
chr3	11624259	0	0	0.0	0
chr3	11986512	0	0	0.0	0
chr3	12110272	0	0	0.0	0
chr3	12168986	0	0	0.0	0
chr3	12189453	0	0	0.0	0
chr3	12266243	0	0	0.0	0
chr3	12475560	0	0	0.0	0
chr3	12487326	0	0	0.0	0
chr3	12530011	0	0	0.0	0
chr3	12655994	0	0	0.0	0
chr3	12692784	0	0	0.0	0
chr3	12753111	0	0	0.0	0
chr3	12798100	1	67	0.8816	1
chr3	12822560	0	0	0.0	0
chr3	12865670	0	0	0.0	0
chr3	12942875	0	0	0.0	0
chr3	12966666	0	0	0.0	0
chr3	12980995	0	0	0.0	0
chr3	13044528	0	0	0.0	0
chr3	13074368	2	70	0.9138	1
chr3	13207942	0	0	0.0	0
chr3	13314887	0	0	0.0	0
chr3	13324581	0	0	0.0	0
chr3	13327796	0	0	0.0	0
chr3	13376707	0	0	0.0	0
chr3	13498986	0	0	0.0	0
chr3	13520387	0	0	0.0	0
chr3	13537917	0	0	0.0	0
chr3	13557230	0	0	0.0	0
chr3	13674716	0	0	0.0	0
chr3	13706816	0	0	0.0	0
chr3	13872502	0	1	0.0222	0
chr3	13887143	0	0	0.0	0
chr3	14037574	0	0	0.0	0
chr3	14138911	0	0	0.0	0
chr3	14232343	0	1	0.0149	0
chr3	14258734	0	0	0.0	0
chr3	14267355	0	0	0.0	0
chr3	14272196	0	0	0.0	0
chr3	14303849	0	0	0.0	0
chr3	14353613	0	0	0.0	0
chr3	14368683	0	0	0.0	0
chr3	14377712	0	0	0.0	0
chr3	14503860	0	0	0.0	0
chr3	14580095	0	0	0.0	0
chr3	14806793	0	0	0.0	0
chr3	14837397	0	0	0.0	0
chr3	14852658	0	0	0.0	0
chr3	14955676	0	0	0.0	0
chr3	15116946	0	0	0.0	0
chr3	15294922	0	0	0.0	0
chr3	15303478	0	0	0.0	0
chr3	15396769	0	0	0.0	0
chr3	15566259	0	0	0.0	0
chr3	15654447	0	0	0.0	0
chr3	15874332	1	40	0.9756	1
chr3	15900198	0	0	0.0	0
chr3	15947396	0	0	0.0	0
chr3	15981566	0	0	0.0	0
chr3	16012662	0	0	0.0	0
chr3	16045216	0	0	0.0	0
chr3	16046411	0	0	0.0	0
chr3	16064469	0	0	0.0	0
chr3	16091672	0	0	0.0	0
chr3	16164164	0	0	0.0	0
chr3	16175947	0	0	0.0	0
chr3	16206229	0	0	0.0	0
chr3	16254829	0	0	0.0	0
chr3	16302081	0	0	0.0	0
chr3	16312223	0	0	0.0	0
chr3	16382634	0	0	0.0	0
chr3	16621538	0	0	0.0	0
chr3	16650376	0	0	0.0	0
chr3	16665114	0	0	0.0	0
chr3	16804980	0	0	0.0	0
chr3	17020456	0	0	0.0	0
chr3	17149782	0	0	0.0	0
chr3	17208706	0	0	0.0	0
chr3	17297711	0	0	0.0	0
chr3	17400119	0	0	0.0	0
chr3	17500866	0	0	0.0	0
chr3	17557679	0	0	0.0	0
chr3	17665752	0	0	0.0	0
chr3	17798943	0	0	0.0	0
chr3	17852768	0	0	0.0	0
chr3	17973681	0	0	0.0	0
chr3	18073743	0	0	0.0	0
chr3	18076009	0	0	0.0	0
chr3	18178312	0	0	0.0	0
chr3	18179906	0	0	0.0	0
chr3	18277869	0	0	0.0	0
chr3	18379772	0	0	0.0	0
chr3	18531023	0	0	0.0	0
chr3	18568058	0	0	0.0	0
chr3	18668769	0	0	0.0	0
chr3	19211452	0	0	0.0	0
chr3	19286254	0	0	0.0	0
chr3	19350947	0	0	0.0	0
chr3	19888992	0	0	0.0	0
chr3	19927330	0	0	0.0	0
chr3	20025391	0	0	0.0	0
chr3	20057409	0	0	0.0	0
chr3	20272813	2	41	0.5395	1
chr3	20295536	0	0	0.0	0
chr3	20404419	0	0	0.0	0
chr3	20575001	0	0	0.0	0
chr3	20578118	0	0	0.0	0
chr3	20653740	0	0	0.0	0
chr3	20751972	0	0	0.0	0
chr3	20793149	0	0	0.0	0
chr3	20806169	0	0	0.0	0
chr3	20836774	0	0	0.0	0
chr3	20914670	0	0	0.0	0
chr3	21027895	0	0	0.0	0
chr3	21125148	0	0	0.0	0
chr3	21159705	0	0	0.0	0
chr3	21348225	0	0	0.0	0
chr3	21396257	0	0	0.0	0
chr3	21517358	0	0	0.0	0
chr3	21535457	0	0	0.0	0
chr3	21666795	0	0	0.0	0
chr3	21767557	0	0	0.0	0
chr3	21774774	0	0	0.0	0
chr3	21781119	0	0	0.0	0
chr3	21837318	0	0	0.0	0
chr3	22078373	0	0	0.0	0
chr3	22244202	0	0	0.0	0
chr3	22323980	0	0	0.0	0
chr3	22417319	0	0	0.0	0
chr3	22424991	0	0	0.0	0
chr3	22494563	0	0	0.0	0
chr3	22569964	0	0	0.0	0
chr3	22643474	0	0	0.0	0
chr3	22785556	0	0	0.0	0
chr3	22867832	0	0	0.0	0
chr3	22918666	0	0	0.0	0
chr3	23092591	0	0	0.0	0
chr3	23138671	0	0	0.0	0
chr3	23170587	0	0	0.0	0
chr3	23305360	0	0	0.0	0
chr3	23396975	0	0	0.0	0
chr3	23416136	0	0	0.0	0
chr3	23426249	0	0	0.0	0
chr3	23526341	0	1	0.0227	0
chr3	23549721	1	72	0.8889	1
chr3	23748811	0	0	0.0	0
chr3	24047699	0	0	0.0	0
chr3	24198835	0	0	0.0	0
chr3	24316046	0	0	0.0	0
chr3	24334540	0	0	0.0	0
chr3	24435141	0	1	0.0238	0
chr3	24516194	0	0	0.0	0
chr3	24648062	0	0	0.0	0
chr3	24671583	0	0	0.0	0
chr3	24699339	0	0	0.0	0
chr3	24755135	0	0	0.0	0
chr3	24938742	0	0	0.0	0
chr3	25018384	0	0	0.0	0
chr3	25086153	0	0	0.0	0
chr3	25208184	0	0	0.0	0
chr3	25241707	0	0	0.0	0
chr3	25281820	0	0	0.0	0
chr3	25286182	2	31	0.6078	1
chr3	25362359	0	0	0.0	0
chr3	25502343	0	0	0.0	0
chr3	25522448	0	0	0.0	0
chr3	25644888	0	0	0.0	0
chr3	25669518	0	0	0.0	0
chr3	25708525	0	0	0.0	0
chr3	25904351	0	0	0.0	0
chr3	25917066	0	0	0.0	0
chr3	25974268	0	0	0.0	0
chr3	26163916	0	0	0.0	0
chr3	26169412	0	0	0.0	0
chr3	26244346	0	0	0.0	0
chr3	26440252	0	0	0.0	0
chr3	26475767	0	0	0.0	0
chr3	26504507	0	0	0.0	0
chr3	26533872	0	0	0.0	0
chr3	26558074	0	0	0.0	0
chr3	26827062	0	0	0.0	0
chr3	26906320	0	0	0.0	0
chr3	26927947	0	0	0.0	0
chr3	26942902	0	0	0.0	0
chr3	26983948	0	0	0.0	0
chr3	27003378	0	0	0.0	0
chr3	27097029	0	0	0.0	0
chr3	27504354	0	0	0.0	0
chr3	27523715	0	0	0.0	0
chr3	27546459	0	0	0.0	0
chr3	27634335	0	0	0.0	0
chr3	27648783	0	0	0.0	0
chr3	27669765	0	0	0.0	0
chr3	27778720	0	0	0.0	0
chr3	28341415	0	0	0.0	0
chr3	28892525	0	0	0.0	0
chr3	28929432	0	1	0.0233	0
chr3	28973328	0	0	0.0	0
chr3	29015970	0	0	0.0	0
chr3	29080344	0	0	0.0	0
chr3	29217321	0	0	0.0	0
chr3	29319225	0	0	0.0	0
chr3	29339384	0	0	0.0	0
chr3	29476342	0	0	0.0	0
chr3	29643409	0	0	0.0	0
chr3	29954812	0	1	0.02	0
chr3	30028941	0	0	0.0	0
chr3	30034202	0	0	0.0	0
chr3	30058202	0	0	0.0	0
chr3	30143311	0	0	0.0	0
chr3	30373628	0	0	0.0	0
chr3	30523239	0	0	0.0	0
chr3	30678597	0	0	0.0	0
chr3	30798197	0	0	0.0	0
chr3	30829993	0	0	0.0	0
chr3	30904124	0	0	0.0	0
chr3	30946627	0	0	0.0	0
chr3	31082160	0	0	0.0	0
chr3	31213278	0	0	0.0	0
chr3	31356722	0	0	0.0	0
chr3	31370223	0	0	0.0	0
chr3	31429874	0	0	0.0	0
chr3	31430187	0	0	0.0	0
chr3	31552762	0	0	0.0	0
chr3	31830130	0	0	0.0	0
chr3	31906920	0	0	0.0	0
chr3	32023762	0	0	0.0	0
chr3	32126585	0	0	0.0	0
chr3	32276179	0	0	0.0	0
chr3	32421122	0	0	0.0	0
chr3	32451367	0	0	0.0	0
chr3	32484990	0	0	0.0	0
chr3	32519936	0	0	0.0	0
chr3	32586483	0	0	0.0	0
chr3	32673610	0	0	0.0	0
chr3	32685281	0	0	0.0	0
chr3	32689543	0	0	0.0	0
chr3	32868258	0	0	0.0	0
chr3	32870385	0	0	0.0	0
chr3	33026175	0	0	0.0	0
chr3	33062547	0	0	0.0	0
chr3	33101806	0	0	0.0	0
chr3	33184201	0	0	0.0	0
chr3	33285989	0	0	0.0	0
chr3	33350669	0	0	0.0	0
chr3	33415582	0	0	0.0	0
chr3	33809382	0	0	0.0	0
chr3	33946598	0	0	0.0	0
chr3	33947342	0	0	0.0	0
chr3	33974174	0	0	0.0	0
chr3	33983782	0	0	0.0	0
chr3	34091091	0	0	0.0	0
chr3	34203267	0	0	0.0	0
chr3	34240407	0	0	0.0	0
chr3	34341705	0	0	0.0	0
chr3	34541433	0	0	0.0	0
chr3	34821677	0	0	0.0	0
chr3	34970777	0	0	0.0	0
chr3	35313907	0	0	0.0	0
chr3	35399056	0	0	0.0	0
chr3	35630343	0	0	0.0	0
chr3	35675640	0	0	0.0	0
chr3	35803645	0	0	0.0	0
chr3	35825923	0	0	0.0	0
chr3	36093901	0	0	0.0	0
chr3	36173459	0	0	0.0	0
chr3	36187064	0	0	0.0	0
chr3	36262183	0	0	0.0	0
chr3	36628647	0	0	0.0	0
chr3	36645120	0	0	0.0	0
chr3	36857105	0	0	0.0	0
chr3	36893532	0	0	0.0	0
chr3	37118324	0	0	0.0	0
chr3	37456009	0	0	0.0	0
chr3	37470926	0	0	0.0	0
chr3	37563517	0	0	0.0	0
chr3	37685620	0	0	0.0	0
chr3	37722140	3	59	1.0	1
chr3	37764549	0	0	0.0	0
chr3	37944466	0	0	0.0	0
chr3	37945259	0	0	0.0	0
chr3	38002806	0	1	0.0222	0
chr3	38031452	0	0	0.0	0
chr3	38115607	0	0	0.0	0
chr3	38273350	0	0	0.0	0
chr3	38360520	0	0	0.0	0
chr3	38469907	0	0	0.0	0
chr3	38650771	0	1	0.0204	0
chr3	38757213	0	0	0.0	0
chr3	39021660	0	0	0.0	0
chr3	39048914	0	0	0.0	0
chr3	39058142	0	0	0.0	0
chr3	39132288	0	0	0.0	0
chr3	39163765	0	0	0.0	0
chr3	39252985	0	0	0.0	0
chr3	39269790	0	0	0.0	0
chr3	39361832	0	0	0.0	0
chr3	39371895	0	0	0.0	0
chr3	39389706	0	0	0.0	0
chr3	39414434	0	0	0.0	0
chr3	39622739	0	0	0.0	0
chr3	39638729	0	0	0.0	0
chr3	39664485	0	0	0.0	0
chr3	39723725	0	0	0.0	0
chr3	39810498	0	0	0.0	0
chr3	39823467	0	0	0.0	0
chr3	39842330	0	0	0.0	0
chr3	39842522	0	0	0.0	0
chr3	39847254	0	0	0.0	0
chr3	39954396	0	0	0.0	0
chr3	40023634	0	0	0.0	0
chr3	40088958	0	0	0.0	0
chr3	40317932	0	0	0.0	0
chr3	40345512	0	0	0.0	0
chr3	40365931	0	0	0.0	0
chr3	40719660	0	0	0.0	0
chr3	40862415	0	0	0.0	0
chr3	40969304	0	0	0.0	0
chr3	41033731	0	0	0.0	0
chr3	41126723	0	0	0.0	0
chr3	41147113	0	0	0.0	0
chr3	41203910	0	0	0.0	0
chr3	41303988	0	0	0.0	0
chr3	41486067	0	0	0.0	0
chr3	41616927	0	0	0.0	0
chr3	41925695	0	0	0.0	0
chr3	42028514	0	1	0.0114	0
chr3	42050702	0	0	0.0	0
chr3	42051876	0	0	0.0	0
chr3	42127100	0	0	0.0	0
chr3	42165700	0	0	0.0	0
chr3	42170489	0	0	0.0	0
chr3	42206701	0	0	0.0	0
chr3	42226685	0	0	0.0	0
chr3	42563142	0	0	0.0	0
chr3	42852249	0	0	0.0	0
chr3	42945976	0	0	0.0	0
chr3	42983098	0	0	0.0	0
chr3	43221419	0	0	0.0	0
chr3	43259938	0	0	0.0	0
chr3	43364032	0	0	0.0	0
chr3	43390874	0	0	0.0	0
chr3	43401992	0	0	0.0	0
chr3	43459251	0	0	0.0	0
chr3	43703440	0	0	0.0	0
chr3	43808735	0	0	0.0	0
chr3	43829922	0	0	0.0	0
chr3	43937863	0	0	0.0	0
chr3	43945930	0	0	0.0	0
chr3	44039203	0	0	0.0	0
chr3	44058622	0	0	0.0	0
chr3	44186334	0	0	0.0	0
chr3	44309377	0	0	0.0	0
chr3	44358685	0	0	0.0	0
chr3	44438638	0	0	0.0	0
chr3	44646680	0	0	0.0	0
chr3	44675956	0	0	0.0	0
chr3	44708233	1	24	0.3636	1
chr3	44762262	0	0	0.0	0
chr3	44828107	0	0	0.0	0
chr3	44846293	0	0	0.0	0
chr3	45086779	0	0	0.0	0
chr3	45103985	0	0	0.0	0
chr3	45144119	0	0	0.0	0
chr3	45172327	0	0	0.0	0
chr3	45177668	0	0	0.0	0
chr3	45243635	0	0	0.0	0
chr3	45258360	1	7	0.0946	1
chr3	45395941	0	0	0.0	0
chr3	45498190	0	0	0.0	0
chr3	45616410	0	0	0.0	0
chr3	45624789	0	0	0.0	0
chr3	45644169	0	0	0.0	0
chr3	45747760	0	0	0.0	0
chr3	45821973	0	0	0.0	0
chr3	45872763	0	0	0.0	0
chr3	45873113	0	0	0.0	0
chr3	45931050	0	0	0.0	0
chr3	46079494	0	0	0.0	0
chr3	46163270	0	0	0.0	0
chr3	46322469	0	0	0.0	0
chr3	46322630	0	0	0.0	0
chr3	46358615	0	0	0.0	0
chr3	46419835	0	0	0.0	0
chr3	46514818	0	0	0.0	0
chr3	46558526	0	0	0.0	0
chr3	46862665	0	0	0.0	0
chr3	46998246	0	0	0.0	0
chr3	47125048	0	0	0.0	0
chr3	47179119	0	0	0.0	0
chr3	47259025	0	0	0.0	0
chr3	47433302	0	0	0.0	0
chr3	47461005	0	0	0.0	0
chr3	47504884	0	0	0.0	0
chr3	47609726	0	0	0.0	0
chr3	47711318	0	0	0.0	0
chr3	47841034	0	0	0.0	0
chr3	47885439	0	0	0.0	0
chr3	48151159	0	0	0.0	0
chr3	48227603	0	0	0.0	0
chr3	48334396	0	0	0.0	0
chr3	48422375	0	0	0.0	0
chr3	48431709	0	0	0.0	0
chr3	48560508	0	0	0.0	0
chr3	48593393	0	0	0.0	0
chr3	48628543	0	0	0.0	0
chr3	48632827	0	0	0.0	0
chr3	48673767	0	0	0.0	0
chr3	48979361	0	0	0.0	0
chr3	49039437	0	0	0.0	0
chr3	49054183	0	0	0.0	0
chr3	49200584	0	0	0.0	0
chr3	49219706	0	0	0.0	0
chr3	49489550	0	0	0.0	0
chr3	49525651	0	0	0.0	0
chr3	49554256	0	0	0.0	0
chr3	49607987	0	0	0.0	0
chr3	49655413	0	0	0.0	0
chr3	49698191	0	0	0.0	0
chr3	49727667	0	0	0.0	0
chr3	49748413	0	0	0.0	0
chr3	49841978	0	0	0.0	0
chr3	49876165	0	0	0.0	0
chr3	50051230	0	0	0.0	0
chr3	50078753	0	0	0.0	0
chr3	50124134	0	0	0.0	0
chr3	50190988	0	0	0.0	0
chr3	50276336	0	0	0.0	0
chr3	50407583	0	0	0.0	0
chr3	50420661	0	0	0.0	0
chr3	50502333	0	0	0.0	0
chr3	50560055	0	0	0.0	0
chr3	50649511	0	0	0.0	0
chr3	50657821	0	0	0.0	0
chr3	50682695	0	0	0.0	0
chr3	50721265	0	0	0.0	0
chr3	50744370	0	0	0.0	0
chr3	50838650	0	0	0.0	0
chr3	50857235	0	0	0.0	0
chr3	50878002	0	0	0.0	0
chr3	51276646	0	0	0.0	0
chr3	51389252	0	0	0.0	0
chr3	51471444	0	0	0.0	0
chr3	51645117	0	0	0.0	0
chr3	51646284	0	0	0.0	0
chr3	51705399	0	0	0.0	0
chr3	51718887	0	0	0.0	0
chr3	51738515	0	0	0.0	0
chr3	51750859	0	0	0.0	0
chr3	51946227	0	0	0.0	0
chr3	52060727	0	0	0.0	0
chr3	52441161	0	0	0.0	0
chr3	52502631	0	0	0.0	0
chr3	52551891	0	0	0.0	0
chr3	52601803	0	0	0.0	0
chr3	52761911	0	0	0.0	0
chr3	52768484	0	0	0.0	0
chr3	52774560	0	0	0.0	0
chr3	52829129	0	0	0.0	0
chr3	52868205	0	0	0.0	0
chr3	52969858	0	0	0.0	0
chr3	53151847	0	0	0.0	0
chr3	53160729	0	0	0.0	0
chr3	53172342	0	0	0.0	0
chr3	53179139	0	0	0.0	0
chr3	53189088	0	0	0.0	0
chr3	53220038	0	0	0.0	0
chr3	53228411	0	0	0.0	0
chr3	53277327	0	0	0.0	0
chr3	53340015	0	0	0.0	0
chr3	53365180	0	0	0.0	0
chr3	53407410	0	0	0.0	0
chr3	53446032	0	0	0.0	0
chr3	53490820	0	0	0.0	0
chr3	53546863	0	0	0.0	0
chr3	53563125	0	0	0.0	0
chr3	53574202	0	0	0.0	0
chr3	53575598	0	0	0.0	0
chr3	53693307	0	0	0.0	0
chr3	53716830	0	0	0.0	0
chr3	53771845	0	0	0.0	0
chr3	53793379	0	0	0.0	0
chr3	53873302	0	0	0.0	0
chr3	53943851	0	0	0.0	0
chr3	54194311	0	0	0.0	0
chr3	54372083	0	0	0.0	0
chr3	54451081	0	0	0.0	0
chr3	54467774	0	0	0.0	0
chr3	54534431	0	0	0.0	0
chr3	54582435	0	0	0.0	0
chr3	54628418	0	0	0.0	0
chr3	54665279	0	0	0.0	0
chr3	54686241	0	0	0.0	0
chr3	54802903	0	0	0.0	0
chr3	55120224	0	0	0.0	0
chr3	55333016	0	0	0.0	0
chr3	55548690	0	0	0.0	0
chr3	55554445	0	0	0.0	0
chr3	55626153	0	0	0.0	0
chr3	55640017	0	0	0.0	0
chr3	55648132	0	0	0.0	0
chr3	55731782	0	0	0.0	0
chr3	55795982	0	0	0.0	0
chr3	56052379	0	0	0.0	0
chr3	56056821	0	0	0.0	0
chr3	56420426	0	0	0.0	0
chr3	56484821	0	0	0.0	0
chr3	56489505	0	0	0.0	0
chr3	56522461	0	0	0.0	0
chr3	56536349	0	0	0.0	0
chr3	56594223	0	0	0.0	0
chr3	56668386	0	0	0.0	0
chr3	56673665	0	0	0.0	0
chr3	56812146	0	0	0.0	0
chr3	56898738	0	0	0.0	0
chr3	56928525	0	0	0.0	0
chr3	56930113	0	0	0.0	0
chr3	57030993	0	0	0.0	0
chr3	57177129	0	0	0.0	0
chr3	57303070	0	0	0.0	0
chr3	57665882	0	0	0.0	0
chr3	57855633	0	0	0.0	0
chr3	57904014	0	0	0.0	0
chr3	57983331	0	0	0.0	0
chr3	58080230	0	0	0.0	0
chr3	58111721	0	0	0.0	0
chr3	58128786	0	0	0.0	0
chr3	58155023	0	0	0.0	0
chr3	58203139	0	0	0.0	0
chr3	58255040	0	0	0.0	0
chr3	58397609	0	0	0.0	0
chr3	58423048	0	0	0.0	0
chr3	58560129	0	0	0.0	0
chr3	58750571	0	0	0.0	0
chr3	58836255	0	0	0.0	0
chr3	58971750	0	0	0.0	0
chr3	59134197	0	0	0.0	0
chr3	59138952	0	0	0.0	0
chr3	59150916	0	0	0.0	0
chr3	59226145	0	0	0.0	0
chr3	59384507	0	0	0.0	0
chr3	59637148	0	0	0.0	0
chr3	59764172	0	0	0.0	0
chr3	59958408	0	0	0.0	0
chr3	60130478	0	0	0.0	0
chr3	60190604	0	0	0.0	0
chr3	60233040	0	0	0.0	0
chr3	60235855	0	0	0.0	0
chr3	60560353	0	0	0.0	0
chr3	60562768	0	0	0.0	0
chr3	60668913	0	0	0.0	0
chr3	60812393	0	0	0.0	0
chr3	60849535	0	0	0.0	0
chr3	60856204	0	1	0.0135	0
chr3	61180253	0	0	0.0	0
chr3	61193142	0	0	0.0	0
chr3	61277789	0	0	0.0	0
chr3	61305043	0	0	0.0	0
chr3	61505432	0	0	0.0	0
chr3	61725470	0	0	0.0	0
chr3	61727631	0	0	0.0	0
chr3	61851325	0	0	0.0	0
chr3	62066521	1	35	0.4605	1
chr3	62100561	0	0	0.0	0
chr3	62124526	0	0	0.0	0
chr3	62158898	0	1	0.0152	0
chr3	62336552	0	0	0.0	0
chr3	62562005	0	0	0.0	0
chr3	62658109	0	0	0.0	0
chr3	62778127	0	0	0.0	0
chr3	62826881	0	0	0.0	0
chr3	63188066	0	0	0.0	0
chr3	63202232	0	0	0.0	0
chr3	63232507	0	0	0.0	0
chr3	63369032	0	0	0.0	0
chr3	63646041	0	0	0.0	0
chr3	63954164	0	0	0.0	0
chr3	63999863	0	1	0.0145	0
chr3	64018272	0	0	0.0	0
chr3	64060521	0	0	0.0	0
chr3	64153863	0	0	0.0	0
chr3	64319079	0	0	0.0	0
chr3	64456157	0	0	0.0	0
chr3	64575561	0	0	0.0	0
chr3	64620716	0	0	0.0	0
chr3	64755252	0	0	0.0	0
chr3	65049773	0	0	0.0	0
chr3	65231623	0	0	0.0	0
chr3	65233689	0	0	0.0	0
chr3	65290717	0	0	0.0	0
chr3	65320879	0	0	0.0	0
chr3	65364696	0	0	0.0	0
chr3	65479422	0	0	0.0	0
chr3	65550961	0	0	0.0	0
chr3	65565507	0	0	0.0	0
chr3	65589207	0	0	0.0	0
chr3	65777991	0	0	0.0	0
chr3	66006870	0	0	0.0	0
chr3	66115436	0	0	0.0	0
chr3	66242035	0	0	0.0	0
chr3	66275249	0	0	0.0	0
chr3	66279421	0	0	0.0	0
chr3	66310687	0	0	0.0	0
chr3	66342190	0	0	0.0	0
chr3	66372996	0	0	0.0	0
chr3	66396828	0	0	0.0	0
chr3	66547271	0	0	0.0	0
chr3	66656539	0	0	0.0	0
chr3	66728525	0	0	0.0	0
chr3	66886085	0	0	0.0	0
chr3	67031770	0	0	0.0	0
chr3	67237729	0	0	0.0	0
chr3	67336263	0	0	0.0	0
chr3	67531441	0	0	0.0	0
chr3	67888897	0	0	0.0	0
chr3	67914128	0	0	0.0	0
chr3	68013880	0	0	0.0	0
chr3	68123825	0	0	0.0	0
chr3	68271899	0	0	0.0	0
chr3	68368703	0	0	0.0	0
chr3	68461627	0	0	0.0	0
chr3	68479686	0	0	0.0	0
chr3	68516418	0	0	0.0	0
chr3	68756606	0	0	0.0	0
chr3	68832494	0	0	0.0	0
chr3	68832948	0	0	0.0	0
chr3	68847388	0	0	0.0	0
chr3	68904786	0	0	0.0	0
chr3	69097292	0	0	0.0	0
chr3	69212465	0	0	0.0	0
chr3	69471405	0	0	0.0	0
chr3	69496956	0	0	0.0	0
chr3	69535790	0	0	0.0	0
chr3	69682028	3	6	0.1463	1
chr3	69856765	0	0	0.0	0
chr3	69874609	0	0	0.0	0
chr3	70001016	0	0	0.0	0
chr3	70002197	0	0	0.0	0
chr3	70050845	0	0	0.0	0
chr3	70232659	0	0	0.0	0
chr3	70347827	0	0	0.0	0
chr3	70354954	0	0	0.0	0
chr3	70449592	0	0	0.0	0
chr3	70511488	0	0	0.0	0
chr3	70627508	0	0	0.0	0
chr3	70884631	0	0	0.0	0
chr3	70886876	0	0	0.0	0
chr3	71596745	0	1	0.0132	0
chr3	71631364	0	0	0.0	0
chr3	71690920	0	0	0.0	0
chr3	71853684	0	0	0.0	0
chr3	71881138	0	0	0.0	0
chr3	71977638	0	0	0.0	0
chr3	71985855	1	8	0.1702	1
chr3	72134547	0	0	0.0	0
chr3	72182167	0	0	0.0	0
chr3	72218507	0	0	0.0	0
chr3	72228238	0	0	0.0	0
chr3	72233302	0	0	0.0	0
chr3	72327889	0	0	0.0	0
chr3	72373598	0	0	0.0	0
chr3	72398946	0	0	0.0	0
chr3	72488265	0	0	0.0	0
chr3	72504929	0	0	0.0	0
chr3	72718417	0	0	0.0	0
chr3	72803271	0	0	0.0	0
chr3	72850859	0	0	0.0	0
chr3	72939523	0	0	0.0	0
chr3	72993621	0	0	0.0	0
chr3	73073522	0	0	0.0	0
chr3	73087454	0	0	0.0	0
chr3	73285833	0	0	0.0	0
chr3	73330619	0	0	0.0	0
chr3	73422097	0	0	0.0	0
chr3	73442158	0	0	0.0	0
chr3	73520772	0	0	0.0	0
chr3	73647097	0	0	0.0	0
chr3	73716886	0	0	0.0	0
chr3	73729407	0	0	0.0	0
chr3	73737262	0	0	0.0	0
chr3	73797768	0	1	0.0213	0
chr3	73804700	0	0	0.0	0
chr3	74054930	0	0	0.0	0
chr3	74139813	0	0	0.0	0
chr3	74213289	0	0	0.0	0
chr3	74516983	0	0	0.0	0
chr3	74642477	0	0	0.0	0
chr3	74746955	0	0	0.0	0
chr3	74767581	0	0	0.0	0
chr3	74857259	0	0	0.0	0
chr3	74936338	0	0	0.0	0
chr3	75133654	0	0	0.0	0
chr3	75171060	0	0	0.0	0
chr3	75271959	0	0	0.0	0
chr3	75365577	0	0	0.0	0
chr3	75540219	1	4	0.087	1
chr3	75672396	0	0	0.0	0
chr3	75710305	0	0	0.0	0
chr3	75809577	0	0	0.0	0
chr3	75850279	0	0	0.0	0
chr3	75871045	0	0	0.0	0
chr3	75994549	0	0	0.0	0
chr3	76073386	0	1	0.0233	0
chr3	76270197	0	0	0.0	0
chr3	76451585	0	0	0.0	0
chr3	76477886	0	0	0.0	0
chr3	76487727	0	0	0.0	0
chr3	76578214	0	0	0.0	0
chr3	77033426	0	0	0.0	0
chr3	77040545	0	0	0.0	0
chr3	77193325	0	0	0.0	0
chr3	77207893	0	0	0.0	0
chr3	77317550	0	0	0.0	0
chr3	77441131	0	0	0.0	0
chr3	77539987	0	0	0.0	0
chr3	77688879	0	0	0.0	0
chr3	77704992	0	0	0.0	0
chr3	78242150	0	0	0.0	0
chr3	78269480	0	0	0.0	0
chr3	78401415	0	0	0.0	0
chr3	78502845	0	0	0.0	0
chr3	78581720	0	0	0.0	0
chr3	78592521	0	0	0.0	0
chr3	78687612	0	0	0.0	0
chr3	78783877	0	0	0.0	0
chr3	78957475	0	0	0.0	0
chr3	79238445	0	0	0.0	0
chr3	79437431	0	0	0.0	0
chr3	79542162	0	0	0.0	0
chr3	79669939	0	0	0.0	0
chr3	79929764	0	0	0.0	0
chr3	79947652	0	0	0.0	0
chr3	79955805	0	0	0.0	0
chr3	79964730	0	0	0.0	0
chr3	79978746	0	0	0.0	0
chr3	80036161	0	0	0.0	0
chr3	80052146	0	0	0.0	0
chr3	80755031	0	0	0.0	0
chr3	80782987	0	0	0.0	0
chr3	80793451	0	0	0.0	0
chr3	80837006	0	0	0.0	0
chr3	80872613	0	0	0.0	0
chr3	80978026	0	0	0.0	0
chr3	81007236	0	0	0.0	0
chr3	81296028	0	0	0.0	0
chr3	81313875	0	0	0.0	0
chr3	81364431	0	0	0.0	0
chr3	81501670	1	15	0.4688	1
chr3	81511733	0	0	0.0	0
chr3	81614494	0	0	0.0	0
chr3	81897418	0	0	0.0	0
chr3	82122080	0	0	0.0	0
chr3	82349266	0	0	0.0	0
chr3	82393042	0	0	0.0	0
chr3	82490274	0	0	0.0	0
chr3	82533214	0	0	0.0	0
chr3	82726439	0	0	0.0	0
chr3	82738072	0	0	0.0	0
chr3	82925307	0	0	0.0	0
chr3	82990126	0	0	0.0	0
chr3	83017161	0	0	0.0	0
chr3	83168434	0	0	0.0	0
chr3	83282804	0	0	0.0	0
chr3	83368518	0	0	0.0	0
chr3	83375458	0	0	0.0	0
chr3	83491666	0	0	0.0	0
chr3	83896081	0	0	0.0	0
chr3	84065430	0	0	0.0	0
chr3	84286025	0	0	0.0	0
chr3	84487164	0	0	0.0	0
chr3	84566442	0	0	0.0	0
chr3	84603266	0	0	0.0	0
chr3	84823907	0	0	0.0	0
chr3	84907729	0	0	0.0	0
chr3	84942975	0	0	0.0	0
chr3	85364272	0	0	0.0	0
chr3	86072061	0	0	0.0	0
chr3	86116009	0	0	0.0	0
chr3	86243839	0	0	0.0	0
chr3	86315356	0	0	0.0	0
chr3	86471004	0	0	0.0	0
chr3	86520747	0	0	0.0	0
chr3	86534250	0	0	0.0	0
chr3	86573636	0	0	0.0	0
chr3	87061578	0	0	0.0	0
chr3	87088803	0	0	0.0	0
chr3	87498200	0	0	0.0	0
chr3	87614270	0	0	0.0	0
chr3	87653743	0	0	0.0	0
chr3	88182796	0	0	0.0	0
chr3	88274031	0	0	0.0	0
chr3	88543709	0	0	0.0	0
chr3	88556110	0	0	0.0	0
chr3	88761582	0	0	0.0	0
chr3	88859186	0	0	0.0	0
chr3	88911624	0	0	0.0	0
chr3	89166760	0	0	0.0	0
chr3	89303157	0	0	0.0	0
chr3	89343093	0	0	0.0	0
chr3	89443783	0	0	0.0	0
chr3	89923386	0	0	0.0	0
chr3	89948686	0	0	0.0	0
chr3	90007237	0	0	0.0	0
chr3	90120061	0	0	0.0	0
chr3	90186798	0	0	0.0	0
chr3	90428284	0	0	0.0	0
chr3	90675379	0	0	0.0	0
chr3	93777412	0	0	0.0	0
chr3	93782681	0	0	0.0	0
chr3	93845918	0	0	0.0	0
chr3	93859516	0	0	0.0	0
chr3	94274866	0	0	0.0	0
chr3	94309635	0	0	0.0	0
chr3	94337942	0	0	0.0	0
chr3	94371466	0	0	0.0	0
chr3	94416090	0	0	0.0	0
chr3	94465860	0	0	0.0	0
chr3	94631470	0	0	0.0	0
chr3	94714900	0	0	0.0	0
chr3	94905578	0	0	0.0	0
chr3	94937346	0	0	0.0	0
chr3	95139440	0	0	0.0	0
chr3	95241294	0	0	0.0	0
chr3	95411514	0	0	0.0	0
chr3	95458227	0	0	0.0	0
chr3	95574447	0	0	0.0	0
chr3	95588551	0	1	0.0182	0
chr3	95626778	0	0	0.0	0
chr3	95724755	0	0	0.0	0
chr3	95897944	0	0	0.0	0
chr3	95910935	0	0	0.0	0
chr3	96060655	0	0	0.0	0
chr3	96091482	0	0	0.0	0
chr3	96139960	0	0	0.0	0
chr3	96217474	0	0	0.0	0
chr3	96364093	0	0	0.0	0
chr3	96852250	0	0	0.0	0
chr3	96931256	0	0	0.0	0
chr3	97180539	0	0	0.0	0
chr3	97474839	0	0	0.0	0
chr3	97482325	0	0	0.0	0
chr3	97841797	0	0	0.0	0
chr3	97919194	0	0	0.0	0
chr3	98031633	0	0	0.0	0
chr3	98123604	0	0	0.0	0
chr3	98129937	0	0	0.0	0
chr3	98180589	0	1	0.0256	0
chr3	98328223	0	0	0.0	0
chr3	98401973	0	0	0.0	0
chr3	98500391	0	0	0.0	0
chr3	98548372	0	0	0.0	0
chr3	98556881	0	0	0.0	0
chr3	98626769	0	0	0.0	0
chr3	98729772	0	0	0.0	0
chr3	98885513	0	0	0.0	0
chr3	98928767	0	0	0.0	0
chr3	99051892	0	0	0.0	0
chr3	99064323	0	0	0.0	0
chr3	99076626	0	0	0.0	0
chr3	99130512	0	0	0.0	0
chr3	99159136	0	0	0.0	0
chr3	99192733	0	0	0.0	0
chr3	99317180	0	0	0.0	0
chr3	99364409	0	0	0.0	0
chr3	99393206	0	0	0.0	0
chr3	99406208	0	0	0.0	0
chr3	99435669	0	1	0.0118	0
chr3	99450906	0	0	0.0	0
chr3	99507830	0	0	0.0	0
chr3	99541323	0	0	0.0	0
chr3	99618114	0	0	0.0	0
chr3	99711493	0	0	0.0	0
chr3	99720109	0	0	0.0	0
chr3	99884078	0	0	0.0	0
chr3	100027590	0	0	0.0	0
chr3	100408483	0	0	0.0	0
chr3	100479862	0	0	0.0	0
chr3	100721651	0	0	0.0	0
chr3	100760675	0	1	0.0137	0
chr3	100790333	0	0	0.0	0
chr3	100880597	0	0	0.0	0
chr3	101043176	0	0	0.0	0
chr3	101091549	0	0	0.0	0
chr3	101243708	0	0	0.0	0
chr3	101252190	0	0	0.0	0
chr3	101526612	0	0	0.0	0
chr3	101885221	0	0	0.0	0
chr3	102028129	0	0	0.0	0
chr3	102048535	0	2	0.0426	0
chr3	102222961	0	0	0.0	0
chr3	102233464	0	0	0.0	0
chr3	102507073	0	0	0.0	0
chr3	102738671	0	0	0.0	0
chr3	102810950	0	0	0.0	0
chr3	103186532	0	0	0.0	0
chr3	103209502	0	0	0.0	0
chr3	103326888	0	0	0.0	0
chr3	103794163	0	0	0.0	0
chr3	103831733	0	0	0.0	0
chr3	103863258	0	0	0.0	0
chr3	103977253	0	0	0.0	0
chr3	104133731	0	0	0.0	0
chr3	104286904	0	0	0.0	0
chr3	104469584	0	0	0.0	0
chr3	105034138	0	0	0.0	0
chr3	105069691	0	0	0.0	0
chr3	105193738	0	0	0.0	0
chr3	105272802	0	0	0.0	0
chr3	105304714	0	0	0.0	0
chr3	105518606	0	0	0.0	0
chr3	105551514	0	0	0.0	0
chr3	105603723	0	0	0.0	0
chr3	105616412	0	0	0.0	0
chr3	106104590	0	0	0.0	0
chr3	106149008	0	0	0.0	0
chr3	106367176	0	0	0.0	0
chr3	106377332	0	0	0.0	0
chr3	106515370	0	0	0.0	0
chr3	106522715	0	0	0.0	0
chr3	106642176	0	0	0.0	0
chr3	106791570	0	0	0.0	0
chr3	106930388	0	0	0.0	0
chr3	107135648	0	0	0.0	0
chr3	107292888	0	0	0.0	0
chr3	107334619	0	0	0.0	0
chr3	107408289	0	0	0.0	0
chr3	107747513	0	0	0.0	0
chr3	107882517	0	0	0.0	0
chr3	107928021	0	0	0.0	0
chr3	108083883	1	8	0.1333	1
chr3	108133682	0	0	0.0	0
chr3	108290810	0	0	0.0	0
chr3	108305659	0	0	0.0	0
chr3	108325351	0	0	0.0	0
chr3	108510455	0	0	0.0	0
chr3	108576816	0	0	0.0	0
chr3	108736369	0	0	0.0	0
chr3	108769789	0	0	0.0	0
chr3	108950509	0	0	0.0	0
chr3	109105044	0	0	0.0	0
chr3	109146659	0	0	0.0	0
chr3	109396271	0	0	0.0	0
chr3	109605408	0	0	0.0	0
chr3	109614713	0	0	0.0	0
chr3	109692420	0	0	0.0	0
chr3	109778395	0	0	0.0	0
chr3	110036325	0	0	0.0	0
chr3	110294793	0	0	0.0	0
chr3	110530800	0	0	0.0	0
chr3	110671859	0	0	0.0	0
chr3	110774361	0	0	0.0	0
chr3	110957633	0	0	0.0	0
chr3	110966680	0	0	0.0	0
chr3	110998914	0	0	0.0	0
chr3	111056950	0	0	0.0	0
chr3	111095402	0	0	0.0	0
chr3	111446976	0	0	0.0	0
chr3	111454509	0	0	0.0	0
chr3	111550658	0	1	0.0192	0
chr3	111627162	0	0	0.0	0
chr3	111627437	0	0	0.0	0
chr3	111792463	0	0	0.0	0
chr3	111860289	0	0	0.0	0
chr3	111867338	0	0	0.0	0
chr3	112048089	0	0	0.0	0
chr3	112078337	0	0	0.0	0
chr3	112238409	0	0	0.0	0
chr3	112332517	0	1	0.027	0
chr3	112740123	0	0	0.0	0
chr3	112750714	0	0	0.0	0
chr3	112812131	0	0	0.0	0
chr3	112827820	0	0	0.0	0
chr3	112849956	0	0	0.0	0
chr3	113084956	0	0	0.0	0
chr3	113123540	0	0	0.0	0
chr3	113385131	0	0	0.0	0
chr3	113450477	0	0	0.0	0
chr3	113626148	0	0	0.0	0
chr3	113628172	0	0	0.0	0
chr3	113767912	0	0	0.0	0
chr3	113837051	0	0	0.0	0
chr3	113837536	0	0	0.0	0
chr3	114119574	0	0	0.0	0
chr3	114423914	0	1	0.0208	0
chr3	114532279	0	0	0.0	0
chr3	114585658	0	0	0.0	0
chr3	114697931	0	0	0.0	0
chr3	114859929	0	0	0.0	0
chr3	115111848	0	0	0.0	0
chr3	115118325	0	0	0.0	0
chr3	115136412	0	0	0.0	0
chr3	115146803	0	0	0.0	0
chr3	115208586	0	0	0.0	0
chr3	115254481	0	0	0.0	0
chr3	115532457	0	0	0.0	0
chr3	115532985	0	0	0.0	0
chr3	115533776	0	0	0.0	0
chr3	115547437	0	0	0.0	0
chr3	115666541	0	0	0.0	0
chr3	115698613	0	0	0.0	0
chr3	115942187	0	0	0.0	0
chr3	116054279	0	0	0.0	0
chr3	116097051	0	0	0.0	0
chr3	116166432	0	1	0.0263	0
chr3	116210118	0	0	0.0	0
chr3	116246677	0	0	0.0	0
chr3	116428172	0	0	0.0	0
chr3	116474602	0	0	0.0	0
chr3	116488147	0	0	0.0	0
chr3	117013271	0	0	0.0	0
chr3	117284707	0	0	0.0	0
chr3	117370657	0	0	0.0	0
chr3	117655610	0	0	0.0	0
chr3	117656065	0	0	0.0	0
chr3	117745909	0	0	0.0	0
chr3	117797959	0	0	0.0	0
chr3	117803146	0	0	0.0	0
chr3	117841248	0	0	0.0	0
chr3	117851487	0	0	0.0	0
chr3	117856790	0	0	0.0	0
chr3	117998270	0	0	0.0	0
chr3	118094881	0	0	0.0	0
chr3	118144632	0	0	0.0	0
chr3	118466668	0	0	0.0	0
chr3	118662746	0	0	0.0	0
chr3	118772271	0	0	0.0	0
chr3	118833976	0	0	0.0	0
chr3	119017458	0	0	0.0	0
chr3	119183771	0	0	0.0	0
chr3	119267466	0	0	0.0	0
chr3	119280156	0	0	0.0	0
chr3	119289697	0	0	0.0	0
chr3	119481246	0	0	0.0	0
chr3	119572635	0	0	0.0	0
chr3	119587542	0	0	0.0	0
chr3	119595537	0	0	0.0	0
chr3	119620015	0	0	0.0	0
chr3	119627255	0	0	0.0	0
chr3	119645488	0	0	0.0	0
chr3	119667266	0	0	0.0	0
chr3	119752183	0	0	0.0	0
chr3	119782658	0	0	0.0	0
chr3	120031486	0	1	0.0233	0
chr3	120095929	0	0	0.0	0
chr3	120280205	0	0	0.0	0
chr3	120352085	0	0	0.0	0
chr3	120497670	0	0	0.0	0
chr3	120505976	0	0	0.0	0
chr3	120646678	1	8	0.1333	1
chr3	121045907	0	0	0.0	0
chr3	121183914	0	0	0.0	0
chr3	121218522	0	0	0.0	0
chr3	121241523	0	0	0.0	0
chr3	121399312	0	0	0.0	0
chr3	121520671	0	0	0.0	0
chr3	121982228	0	0	0.0	0
chr3	122090960	0	0	0.0	0
chr3	122098534	0	0	0.0	0
chr3	122280534	0	0	0.0	0
chr3	122386014	0	0	0.0	0
chr3	122458826	0	0	0.0	0
chr3	122506439	0	0	0.0	0
chr3	122797632	0	0	0.0	0
chr3	122893638	0	0	0.0	0
chr3	122912184	0	0	0.0	0
chr3	122975185	0	0	0.0	0
chr3	122978688	0	0	0.0	0
chr3	123053167	0	0	0.0	0
chr3	123088544	0	0	0.0	0
chr3	123147374	0	0	0.0	0
chr3	123242274	0	0	0.0	0
chr3	123310014	0	0	0.0	0
chr3	123404686	0	0	0.0	0
chr3	123437853	0	0	0.0	0
chr3	123446361	0	0	0.0	0
chr3	123575889	0	0	0.0	0
chr3	123759254	0	0	0.0	0
chr3	123761616	0	0	0.0	0
chr3	123774310	0	0	0.0	0
chr3	124010527	0	0	0.0	0
chr3	124045411	0	0	0.0	0
chr3	124117641	0	0	0.0	0
chr3	124144932	0	0	0.0	0
chr3	124238708	0	0	0.0	0
chr3	124323716	0	0	0.0	0
chr3	124335282	0	0	0.0	0
chr3	124339430	0	0	0.0	0
chr3	124402095	0	0	0.0	0
chr3	124633348	0	0	0.0	0
chr3	124663382	0	0	0.0	0
chr3	124758441	0	0	0.0	0
chr3	124796648	0	0	0.0	0
chr3	124858704	0	0	0.0	0
chr3	124932665	0	0	0.0	0
chr3	125015769	0	0	0.0	0
chr3	125287918	0	0	0.0	0
chr3	125598172	0	0	0.0	0
chr3	125831484	0	0	0.0	0
chr3	125850676	0	0	0.0	0
chr3	125920679	0	0	0.0	0
chr3	125933769	0	0	0.0	0
chr3	126016619	0	0	0.0	0
chr3	126113335	0	0	0.0	0
chr3	126396601	0	0	0.0	0
chr3	126414181	0	0	0.0	0
chr3	126473979	0	0	0.0	0
chr3	126495981	0	0	0.0	0
chr3	126499065	0	0	0.0	0
chr3	126573146	0	0	0.0	0
chr3	126611686	0	0	0.0	0
chr3	126842392	0	0	0.0	0
chr3	126891521	0	1	0.0139	0
chr3	127074991	0	0	0.0	0
chr3	127127001	0	0	0.0	0
chr3	127208887	0	0	0.0	0
chr3	127289778	0	0	0.0	0
chr3	127347565	0	0	0.0	0
chr3	127387747	0	0	0.0	0
chr3	127397165	0	0	0.0	0
chr3	127418042	0	0	0.0	0
chr3	127432064	0	0	0.0	0
chr3	127606163	0	0	0.0	0
chr3	127676350	0	0	0.0	0
chr3	127687050	0	0	0.0	0
chr3	127771846	0	0	0.0	0
chr3	127776147	0	0	0.0	0
chr3	127847970	0	0	0.0	0
chr3	127861144	0	0	0.0	0
chr3	128004546	0	0	0.0	0
chr3	128198573	0	0	0.0	0
chr3	128260798	0	0	0.0	0
chr3	128261971	0	0	0.0	0
chr3	128272911	0	0	0.0	0
chr3	128290281	0	0	0.0	0
chr3	128365383	0	0	0.0	0
chr3	128381059	0	0	0.0	0
chr3	128381739	0	0	0.0	0
chr3	128414600	0	0	0.0	0
chr3	128565713	0	0	0.0	0
chr3	128584083	0	0	0.0	0
chr3	128675980	0	0	0.0	0
chr3	128687362	0	0	0.0	0
chr3	128858241	0	0	0.0	0
chr3	129237554	0	0	0.0	0
chr3	129271615	0	0	0.0	0
chr3	129296999	0	0	0.0	0
chr3	129315126	0	0	0.0	0
chr3	129379812	0	0	0.0	0
chr3	129632178	0	0	0.0	0
chr3	129674264	0	0	0.0	0
chr3	129822163	0	0	0.0	0
chr3	129854149	0	0	0.0	0
chr3	129893330	0	0	0.0	0
chr3	129901804	0	0	0.0	0
chr3	130168236	0	0	0.0	0
chr3	130298009	0	0	0.0	0
chr3	130393130	0	0	0.0	0
chr3	130547078	0	0	0.0	0
chr3	130670669	0	0	0.0	0
chr3	130942473	0	0	0.0	0
chr3	130986313	0	0	0.0	0
chr3	131011156	0	1	0.0417	0
chr3	131091206	0	0	0.0	0
chr3	131167690	0	0	0.0	0
chr3	131364050	0	0	0.0	0
chr3	131405662	0	0	0.0	0
chr3	131469205	0	0	0.0	0
chr3	131662237	0	0	0.0	0
chr3	131872046	0	0	0.0	0
chr3	132059658	0	0	0.0	0
chr3	132190060	0	0	0.0	0
chr3	132379064	0	0	0.0	0
chr3	132395127	1	5	0.0781	1
chr3	132474952	0	0	0.0	0
chr3	132490693	0	0	0.0	0
chr3	132541921	0	0	0.0	0
chr3	132844006	0	0	0.0	0
chr3	132855739	0	0	0.0	0
chr3	132873466	0	0	0.0	0
chr3	132916407	0	0	0.0	0
chr3	133150102	0	0	0.0	0
chr3	133165376	0	0	0.0	0
chr3	133386509	0	0	0.0	0
chr3	133394895	0	0	0.0	0
chr3	133443719	0	1	0.027	0
chr3	133446205	0	0	0.0	0
chr3	133513697	0	0	0.0	0
chr3	133550391	0	0	0.0	0
chr3	133682081	0	0	0.0	0
chr3	133693279	0	0	0.0	0
chr3	133713399	0	0	0.0	0
chr3	133748610	0	0	0.0	0
chr3	133749822	0	0	0.0	0
chr3	133895967	0	0	0.0	0
chr3	133912482	0	0	0.0	0
chr3	133974695	0	0	0.0	0
chr3	133980508	0	0	0.0	0
chr3	134056646	0	0	0.0	0
chr3	134170767	0	0	0.0	0
chr3	134257087	0	0	0.0	0
chr3	134284182	0	0	0.0	0
chr3	134406414	0	0	0.0	0
chr3	134528428	0	0	0.0	0
chr3	134596956	0	0	0.0	0
chr3	134913535	0	0	0.0	0
chr3	134992423	0	0	0.0	0
chr3	134999057	0	0	0.0	0
chr3	135036027	0	0	0.0	0
chr3	135044954	0	0	0.0	0
chr3	135086532	0	0	0.0	0
chr3	135126846	0	0	0.0	0
chr3	135150211	0	0	0.0	0
chr3	135220721	0	0	0.0	0
chr3	135231066	0	0	0.0	0
chr3	135348746	0	0	0.0	0
chr3	135374180	0	0	0.0	0
chr3	135625889	0	0	0.0	0
chr3	135961558	0	0	0.0	0
chr3	136062384	0	0	0.0	0
chr3	136211582	0	0	0.0	0
chr3	136293136	0	0	0.0	0
chr3	136420662	0	0	0.0	0
chr3	136502897	0	0	0.0	0
chr3	136640717	0	0	0.0	0
chr3	136656492	0	0	0.0	0
chr3	136854832	0	0	0.0	0
chr3	137021505	0	1	0.0182	0
chr3	137048918	0	0	0.0	0
chr3	137154508	0	0	0.0	0
chr3	137257994	0	0	0.0	0
chr3	137409776	0	0	0.0	0
chr3	137425562	0	0	0.0	0
chr3	137615936	0	0	0.0	0
chr3	137813230	0	0	0.0	0
chr3	137831258	0	0	0.0	0
chr3	138010464	0	0	0.0	0
chr3	138259903	0	0	0.0	0
chr3	138299855	0	0	0.0	0
chr3	138343235	0	0	0.0	0
chr3	138369593	0	0	0.0	0
chr3	138435745	0	0	0.0	0
chr3	138443418	0	0	0.0	0
chr3	138542807	0	0	0.0	0
chr3	138742602	0	0	0.0	0
chr3	138851689	0	0	0.0	0
chr3	138867297	0	1	0.0132	0
chr3	138965813	0	0	0.0	0
chr3	139111294	0	1	0.0167	0
chr3	139225934	0	0	0.0	0
chr3	139272249	0	0	0.0	0
chr3	139314712	0	0	0.0	0
chr3	139426075	0	0	0.0	0
chr3	139455856	0	0	0.0	0
chr3	139633811	0	0	0.0	0
chr3	139650730	0	0	0.0	0
chr3	139753735	0	0	0.0	0
chr3	139818522	0	0	0.0	0
chr3	139873421	0	0	0.0	0
chr3	139910876	0	0	0.0	0
chr3	140031362	0	0	0.0	0
chr3	140067705	0	0	0.0	0
chr3	140080117	0	0	0.0	0
chr3	140100726	0	0	0.0	0
chr3	140109967	0	0	0.0	0
chr3	140119895	0	0	0.0	0
chr3	140131676	0	0	0.0	0
chr3	140442014	0	0	0.0	0
chr3	140591690	0	0	0.0	0
chr3	140637051	0	0	0.0	0
chr3	140702002	0	0	0.0	0
chr3	140754976	0	0	0.0	0
chr3	140773077	0	0	0.0	0
chr3	140789278	0	0	0.0	0
chr3	140845524	0	0	0.0	0
chr3	140900322	0	0	0.0	0
chr3	141122228	0	0	0.0	0
chr3	141151495	0	0	0.0	0
chr3	141178590	0	0	0.0	0
chr3	141253735	0	0	0.0	0
chr3	141320218	0	0	0.0	0
chr3	141377090	0	0	0.0	0
chr3	141379243	0	0	0.0	0
chr3	141381673	0	0	0.0	0
chr3	141549361	0	0	0.0	0
chr3	141551595	0	0	0.0	0
chr3	141650919	0	0	0.0	0
chr3	141763559	0	0	0.0	0
chr3	141838533	0	0	0.0	0
chr3	141915206	0	0	0.0	0
chr3	142073325	0	0	0.0	0
chr3	142086994	0	0	0.0	0
chr3	142267446	0	0	0.0	0
chr3	142322163	0	0	0.0	0
chr3	142574221	0	0	0.0	0
chr3	142901650	0	0	0.0	0
chr3	143323832	0	0	0.0	0
chr3	143376106	0	1	0.0182	0
chr3	143558276	0	0	0.0	0
chr3	143612196	0	0	0.0	0
chr3	143688212	0	0	0.0	0
chr3	143696863	0	0	0.0	0
chr3	143712657	0	0	0.0	0
chr3	143751079	0	0	0.0	0
chr3	143928429	0	0	0.0	0
chr3	144046531	0	0	0.0	0
chr3	144090961	0	0	0.0	0
chr3	144099685	0	0	0.0	0
chr3	144159044	0	0	0.0	0
chr3	144220523	0	0	0.0	0
chr3	144435425	0	0	0.0	0
chr3	144511364	0	0	0.0	0
chr3	144806875	0	0	0.0	0
chr3	145333180	0	0	0.0	0
chr3	145403300	0	0	0.0	0
chr3	145405237	0	0	0.0	0
chr3	145515970	0	0	0.0	0
chr3	145574372	0	0	0.0	0
chr3	145578870	0	0	0.0	0
chr3	145760376	0	0	0.0	0
chr3	145789196	0	0	0.0	0
chr3	145966493	0	0	0.0	0
chr3	145999799	0	0	0.0	0
chr3	146004902	0	0	0.0	0
chr3	146005132	0	0	0.0	0
chr3	146013548	0	0	0.0	0
chr3	146300709	0	0	0.0	0
chr3	146403987	0	0	0.0	0
chr3	146540132	0	0	0.0	0
chr3	146582594	0	0	0.0	0
chr3	146755847	0	0	0.0	0
chr3	146759889	0	0	0.0	0
chr3	147215361	0	0	0.0	0
chr3	147369092	0	0	0.0	0
chr3	147390085	0	0	0.0	0
chr3	147467038	0	0	0.0	0
chr3	147678210	0	0	0.0	0
chr3	147872753	0	0	0.0	0
chr3	147987886	0	0	0.0	0
chr3	148242761	0	1	0.027	0
chr3	148557310	0	0	0.0	0
chr3	148642823	0	0	0.0	0
chr3	148708053	0	0	0.0	0
chr3	148785923	0	0	0.0	0
chr3	148790558	0	0	0.0	0
chr3	148842985	0	0	0.0	0
chr3	148854222	0	0	0.0	0
chr3	149023876	1	16	0.3902	1
chr3	149052642	0	1	0.0204	0
chr3	149108626	0	0	0.0	0
chr3	149508074	0	0	0.0	0
chr3	149853965	0	0	0.0	0
chr3	150128777	0	0	0.0	0
chr3	150193124	1	11	0.5	1
chr3	150209234	0	0	0.0	0
chr3	150300286	0	0	0.0	0
chr3	150325933	0	0	0.0	0
chr3	150372520	0	0	0.0	0
chr3	150375259	0	0	0.0	0
chr3	150455170	0	0	0.0	0
chr3	150536979	0	0	0.0	0
chr3	150746453	0	0	0.0	0
chr3	150779582	0	0	0.0	0
chr3	150842510	0	0	0.0	0
chr3	150886694	0	1	0.0233	0
chr3	150917030	0	0	0.0	0
chr3	150970742	0	0	0.0	0
chr3	151020114	0	0	0.0	0
chr3	151089900	0	0	0.0	0
chr3	151223240	1	22	0.88	1
chr3	151633833	0	0	0.0	0
chr3	151638983	0	0	0.0	0
chr3	151677839	0	0	0.0	0
chr3	151701843	0	0	0.0	0
chr3	152004468	0	0	0.0	0
chr3	152177673	0	0	0.0	0
chr3	152537472	0	0	0.0	0
chr3	152752430	0	0	0.0	0
chr3	152855863	1	27	0.5	1
chr3	152930119	0	0	0.0	0
chr3	153015891	0	0	0.0	0
chr3	153019358	0	0	0.0	0
chr3	153025465	0	0	0.0	0
chr3	153278438	0	0	0.0	0
chr3	153376433	0	0	0.0	0
chr3	153419804	0	0	0.0	0
chr3	153431315	0	0	0.0	0
chr3	153795734	0	0	0.0	0
chr3	153941270	0	0	0.0	0
chr3	154011498	0	0	0.0	0
chr3	154042525	0	0	0.0	0
chr3	154089887	0	0	0.0	0
chr3	154137069	0	0	0.0	0
chr3	154137698	0	0	0.0	0
chr3	154167750	0	0	0.0	0
chr3	154374581	0	0	0.0	0
chr3	154616693	0	0	0.0	0
chr3	155165654	0	0	0.0	0
chr3	155194162	0	0	0.0	0
chr3	155201346	0	0	0.0	0
chr3	155410721	0	0	0.0	0
chr3	155477366	0	0	0.0	0
chr3	155483390	0	0	0.0	0
chr3	155710037	0	0	0.0	0
chr3	155798681	0	0	0.0	0
chr3	155968338	0	0	0.0	0
chr3	155976764	0	0	0.0	0
chr3	156003398	0	0	0.0	0
chr3	156046032	0	0	0.0	0
chr3	156052345	0	0	0.0	0
chr3	156058278	0	0	0.0	0
chr3	156183527	0	0	0.0	0
chr3	156200681	0	0	0.0	0
chr3	156413128	0	0	0.0	0
chr3	156428351	0	0	0.0	0
chr3	156517702	0	0	0.0	0
chr3	156534992	1	6	0.1818	1
chr3	156672076	0	0	0.0	0
chr3	156829611	0	0	0.0	0
chr3	157067652	0	0	0.0	0
chr3	157073117	0	0	0.0	0
chr3	157082059	0	0	0.0	0
chr3	157282836	0	0	0.0	0
chr3	157468981	0	0	0.0	0
chr3	157678073	0	0	0.0	0
chr3	157783041	0	0	0.0	0
chr3	158016766	0	0	0.0	0
chr3	158138259	0	0	0.0	0
chr3	158217827	0	0	0.0	0
chr3	158582345	0	0	0.0	0
chr3	158670443	0	0	0.0	0
chr3	158706451	0	0	0.0	0
chr3	158740841	0	0	0.0	0
chr3	158847319	0	0	0.0	0
chr3	158998538	0	0	0.0	0
chr3	159062717	0	0	0.0	0
chr3	159166786	0	0	0.0	0
chr3	159187052	0	0	0.0	0
chr3	159268903	0	0	0.0	0
chr3	159715094	0	0	0.0	0
chr3	159749694	0	0	0.0	0
chr3	159915199	0	0	0.0	0
chr3	160438373	0	0	0.0	0
chr3	160492965	0	0	0.0	0
chr3	160666094	0	0	0.0	0
chr3	160756692	0	0	0.0	0
chr3	160966123	0	0	0.0	0
chr3	161218628	0	0	0.0	0
chr3	161331210	0	1	0.0149	0
chr3	161419656	0	0	0.0	0
chr3	161543791	0	0	0.0	0
chr3	161576045	0	0	0.0	0
chr3	161623428	0	0	0.0	0
chr3	161753336	0	0	0.0	0
chr3	161846815	0	1	0.0133	0
chr3	162190954	0	0	0.0	0
chr3	162244113	0	0	0.0	0
chr3	162309994	0	0	0.0	0
chr3	162579436	0	0	0.0	0
chr3	162688544	0	1	0.0112	0
chr3	162803567	0	0	0.0	0
chr3	162842097	0	0	0.0	0
chr3	163018767	0	0	0.0	0
chr3	163052480	0	0	0.0	0
chr3	163150803	0	0	0.0	0
chr3	163453570	0	0	0.0	0
chr3	163619483	0	0	0.0	0
chr3	164008264	0	0	0.0	0
chr3	164109708	0	0	0.0	0
chr3	164702184	0	0	0.0	0
chr3	164748987	0	0	0.0	0
chr3	164927812	0	0	0.0	0
chr3	165023611	0	0	0.0	0
chr3	165254436	0	0	0.0	0
chr3	165311628	0	0	0.0	0
chr3	165546818	0	0	0.0	0
chr3	165924350	0	1	0.0227	0
chr3	165994836	0	0	0.0	0
chr3	166089761	0	0	0.0	0
chr3	166102241	0	1	0.0161	0
chr3	166197267	0	0	0.0	0
chr3	166329627	0	0	0.0	0
chr3	166350958	0	0	0.0	0
chr3	166364416	0	0	0.0	0
chr3	166446303	0	0	0.0	0
chr3	166489624	0	0	0.0	0
chr3	166495340	0	0	0.0	0
chr3	166614074	0	0	0.0	0
chr3	166814400	0	0	0.0	0
chr3	167085215	0	0	0.0	0
chr3	167183366	0	0	0.0	0
chr3	167267596	0	0	0.0	0
chr3	167617284	0	0	0.0	0
chr3	167697705	0	0	0.0	0
chr3	167727701	0	0	0.0	0
chr3	167728509	0	0	0.0	0
chr3	167758489	0	0	0.0	0
chr3	167912715	1	15	0.4545	1
chr3	168042879	0	0	0.0	0
chr3	168093768	0	0	0.0	0
chr3	168163352	0	0	0.0	0
chr3	168182166	0	0	0.0	0
chr3	168240153	0	0	0.0	0
chr3	168259385	0	0	0.0	0
chr3	168448009	0	0	0.0	0
chr3	168515683	0	0	0.0	0
chr3	168697937	0	0	0.0	0
chr3	168716210	0	0	0.0	0
chr3	168724340	0	0	0.0	0
chr3	168923994	0	0	0.0	0
chr3	169158908	0	0	0.0	0
chr3	169200822	0	0	0.0	0
chr3	169277587	0	0	0.0	0
chr3	169552713	0	0	0.0	0
chr3	169555759	0	0	0.0	0
chr3	169879533	0	0	0.0	0
chr3	170254022	0	0	0.0	0
chr3	170324707	0	0	0.0	0
chr3	170431988	0	0	0.0	0
chr3	170489158	0	0	0.0	0
chr3	170632136	0	0	0.0	0
chr3	170695814	0	0	0.0	0
chr3	170801873	0	0	0.0	0
chr3	170925101	0	0	0.0	0
chr3	171105544	0	0	0.0	0
chr3	171326072	0	0	0.0	0
chr3	171333932	0	0	0.0	0
chr3	171361390	0	0	0.0	0
chr3	171460897	0	0	0.0	0
chr3	171559905	0	0	0.0	0
chr3	171772558	0	0	0.0	0
chr3	171819656	0	0	0.0	0
chr3	171843007	0	0	0.0	0
chr3	171871394	0	0	0.0	0
chr3	172536185	0	0	0.0	0
chr3	172548348	0	0	0.0	0
chr3	172551191	0	0	0.0	0
chr3	172658609	0	0	0.0	0
chr3	172721109	0	0	0.0	0
chr3	172900147	0	0	0.0	0
chr3	172943364	0	0	0.0	0
chr3	173026885	0	1	0.013	0
chr3	173031065	0	0	0.0	0
chr3	173223839	0	0	0.0	0
chr3	173275577	0	0	0.0	0
chr3	173359963	0	0	0.0	0
chr3	173375583	0	0	0.0	0
chr3	173397199	0	0	0.0	0
chr3	173541295	0	0	0.0	0
chr3	173676908	0	0	0.0	0
chr3	173693850	0	0	0.0	0
chr3	173875271	0	0	0.0	0
chr3	174002773	0	1	0.0159	0
chr3	174234714	0	0	0.0	0
chr3	174244940	0	0	0.0	0
chr3	174281939	0	0	0.0	0
chr3	174300114	0	0	0.0	0
chr3	174360298	0	0	0.0	0
chr3	174369842	0	0	0.0	0
chr3	174569561	0	0	0.0	0
chr3	174736337	0	0	0.0	0
chr3	174788660	0	0	0.0	0
chr3	175142067	0	0	0.0	0
chr3	175343521	0	0	0.0	0
chr3	175345446	0	0	0.0	0
chr3	175530140	0	0	0.0	0
chr3	176168248	0	0	0.0	0
chr3	176433927	0	0	0.0	0
chr3	176507959	0	0	0.0	0
chr3	176557824	0	0	0.0	0
chr3	176571710	0	0	0.0	0
chr3	176594074	0	0	0.0	0
chr3	176923010	0	0	0.0	0
chr3	177169431	0	0	0.0	0
chr3	177170933	0	0	0.0	0
chr3	177175984	0	0	0.0	0
chr3	177203888	0	0	0.0	0
chr3	177227519	0	0	0.0	0
chr3	177309979	0	0	0.0	0
chr3	177430381	0	0	0.0	0
chr3	177480186	0	0	0.0	0
chr3	177530823	0	0	0.0	0
chr3	177534727	0	0	0.0	0
chr3	177604998	0	0	0.0	0
chr3	177866000	0	0	0.0	0
chr3	177908763	0	0	0.0	0
chr3	177994137	0	0	0.0	0
chr3	178022232	0	0	0.0	0
chr3	178343015	0	0	0.0	0
chr3	178411979	0	0	0.0	0
chr3	178509574	0	0	0.0	0
chr3	178823690	0	0	0.0	0
chr3	179263442	0	0	0.0	0
chr3	179508360	0	0	0.0	0
chr3	179604917	0	0	0.0	0
chr3	179692451	0	0	0.0	0
chr3	179779421	0	0	0.0	0
chr3	179975748	0	0	0.0	0
chr3	180102528	0	0	0.0	0
chr3	180214789	0	0	0.0	0
chr3	180365566	0	0	0.0	0
chr3	180626302	0	0	0.0	0
chr3	180947986	0	0	0.0	0
chr3	181154654	0	0	0.0	0
chr3	181162915	0	0	0.0	0
chr3	181388098	0	0	0.0	0
chr3	181593021	0	0	0.0	0
chr3	181640728	0	0	0.0	0
chr3	181714019	0	0	0.0	0
chr3	181802229	0	0	0.0	0
chr3	181942794	0	0	0.0	0
chr3	181951835	0	0	0.0	0
chr3	182134306	0	0	0.0	0
chr3	182198361	0	0	0.0	0
chr3	182385212	0	0	0.0	0
chr3	182403364	0	0	0.0	0
chr3	182785207	0	0	0.0	0
chr3	182842594	0	0	0.0	0
chr3	183000802	0	0	0.0	0
chr3	183167676	0	0	0.0	0
chr3	183225766	0	0	0.0	0
chr3	183282223	0	0	0.0	0
chr3	183306688	0	0	0.0	0
chr3	183386365	0	0	0.0	0
chr3	183403864	0	0	0.0	0
chr3	183497048	0	0	0.0	0
chr3	183567666	0	0	0.0	0
chr3	183577999	0	0	0.0	0
chr3	183699743	0	0	0.0	0
chr3	183771600	0	0	0.0	0
chr3	183806744	0	0	0.0	0
chr3	183959621	0	0	0.0	0
chr3	184291115	0	0	0.0	0
chr3	184299883	0	0	0.0	0
chr3	184357711	0	0	0.0	0
chr3	184455763	0	0	0.0	0
chr3	184499204	0	0	0.0	0
chr3	184500985	0	0	0.0	0
chr3	184638713	0	0	0.0	0
chr3	184694128	0	0	0.0	0
chr3	184765017	0	0	0.0	0
chr3	184783614	0	0	0.0	0
chr3	185068906	0	0	0.0	0
chr3	185072729	0	0	0.0	0
chr3	185520085	0	0	0.0	0
chr3	186073530	0	0	0.0	0
chr3	186243625	0	1	0.0143	0
chr3	186392461	1	31	0.4429	1
chr3	186405555	0	0	0.0	0
chr3	186722491	0	0	0.0	0
chr3	186851992	0	0	0.0	0
chr3	186897254	0	0	0.0	0
chr3	186909407	0	0	0.0	0
chr3	186936365	0	0	0.0	0
chr3	187023045	0	0	0.0	0
chr3	187193564	0	0	0.0	0
chr3	187228214	0	0	0.0	0
chr3	187516217	0	0	0.0	0
chr3	187534907	0	0	0.0	0
chr3	187678172	0	0	0.0	0
chr3	187924386	0	0	0.0	0
chr3	187978626	0	0	0.0	0
chr3	188127064	0	0	0.0	0
chr3	188148915	0	0	0.0	0
chr3	188289799	0	0	0.0	0
chr3	188427782	0	0	0.0	0
chr3	188429894	0	0	0.0	0
chr3	188539965	0	0	0.0	0
chr3	188551773	0	0	0.0	0
chr3	188600728	0	0	0.0	0
chr3	188623830	0	0	0.0	0
chr3	188758422	0	0	0.0	0
chr3	189083456	0	0	0.0	0
chr3	189286513	0	0	0.0	0
chr3	189293296	0	0	0.0	0
chr3	189309745	0	0	0.0	0
chr3	189330498	0	0	0.0	0
chr3	189337791	0	0	0.0	0
chr3	189765694	0	0	0.0	0
chr3	189768955	0	2	0.0526	0
chr3	189823451	0	0	0.0	0
chr3	189874160	0	0	0.0	0
chr3	189887650	0	0	0.0	0
chr3	189979941	0	0	0.0	0
chr3	190009824	0	0	0.0	0
chr3	190192465	0	0	0.0	0
chr3	190223683	0	0	0.0	0
chr3	190572739	0	0	0.0	0
chr3	190628209	0	0	0.0	0
chr3	190733349	0	0	0.0	0
chr3	190778352	0	0	0.0	0
chr3	190934330	0	0	0.0	0
chr3	190971826	0	0	0.0	0
chr3	191151655	0	0	0.0	0
chr3	191220777	0	0	0.0	0
chr3	191272788	0	0	0.0	0
chr3	191355879	0	0	0.0	0
chr3	191424740	0	0	0.0	0
chr3	191599308	0	0	0.0	0
chr3	191737836	0	0	0.0	0
chr3	191919147	0	0	0.0	0
chr3	191929403	0	0	0.0	0
chr3	191988013	0	0	0.0	0
chr3	192123062	0	0	0.0	0
chr3	192407995	0	0	0.0	0
chr3	192420125	0	0	0.0	0
chr3	192493491	0	0	0.0	0
chr3	192501900	0	0	0.0	0
chr3	192572649	0	0	0.0	0
chr3	192699156	0	0	0.0	0
chr3	192788552	1	77	0.8953	1
chr3	192821871	0	0	0.0	0
chr3	192916319	0	0	0.0	0
chr3	193167882	0	0	0.0	0
chr3	193266671	0	0	0.0	0
chr3	193368760	0	0	0.0	0
chr3	193451435	0	0	0.0	0
chr3	193483558	0	0	0.0	0
chr3	193518320	0	0	0.0	0
chr3	193610319	0	0	0.0	0
chr3	193836589	0	0	0.0	0
chr3	193854100	0	0	0.0	0
chr3	194068566	0	0	0.0	0
chr3	194076068	0	0	0.0	0
chr3	194079764	0	0	0.0	0
chr3	194115175	0	0	0.0	0
chr3	194190675	0	0	0.0	0
chr3	194269101	0	0	0.0	0
chr3	194330225	0	0	0.0	0
chr3	194384229	0	0	0.0	0
chr3	194547452	0	0	0.0	0
chr3	194594012	0	0	0.0	0
chr3	194609892	0	0	0.0	0
chr3	194660323	0	0	0.0	0
chr3	194797253	0	0	0.0	0
chr3	194863201	0	0	0.0	0
chr3	195005869	0	0	0.0	0
chr3	195077617	0	0	0.0	0
chr3	195139812	0	0	0.0	0
chr3	195209938	0	0	0.0	0
chr3	195265776	0	0	0.0	0
chr3	195402768	0	0	0.0	0
chr3	195534038	0	0	0.0	0
chr3	195556578	0	0	0.0	0
chr3	195685060	0	0	0.0	0
chr3	195705699	0	1	0.0095	0
chr3	195802282	0	0	0.0	0
chr3	195880185	0	0	0.0	0
chr3	195917171	0	1	0.0323	0
chr3	195964180	0	0	0.0	0
chr3	196104261	0	0	0.0	0
chr3	196171784	0	0	0.0	0
chr3	196201809	0	0	0.0	0
chr3	196221979	0	1	0.0135	0
chr3	196344520	0	0	0.0	0
chr3	196344665	0	0	0.0	0
chr3	196362398	0	0	0.0	0
chr3	196584794	0	0	0.0	0
chr3	196627262	0	0	0.0	0
chr3	196649117	0	0	0.0	0
chr3	196742844	0	0	0.0	0
chr3	196879133	0	0	0.0	0
chr3	196895086	0	0	0.0	0
chr3	196959284	0	0	0.0	0
chr3	197095886	0	0	0.0	0
chr3	197117747	0	0	0.0	0
chr3	197446835	0	0	0.0	0
chr3	197464545	0	0	0.0	0
chr3	197725118	0	0	0.0	0
chr3	197739623	0	0	0.0	0
chr3	197804873	1	5	0.0694	1
chr3	197810779	0	0	0.0	0
chr3	197878614	0	0	0.0	0
chr3	197879570	0	0	0.0	0
chr3	198135341	0	0	0.0	0
chr3_GL383526v1_alt	44468	0	0	0.0	0
chr3_GL383526v1_alt	49618	0	0	0.0	0
chr3_GL383526v1_alt	123015	0	0	0.0	0
chr3_KI270777v1_alt	117465	0	0	0.0	0
chr3_KI270777v1_alt	148151	0	0	0.0	0
chr3_KI270778v1_alt	50163	0	0	0.0	0
chr3_KI270778v1_alt	68497	0	0	0.0	0
chr3_KI270778v1_alt	150382	0	0	0.0	0
chr3_KI270779v1_alt	55557	0	0	0.0	0
chr3_KI270780v1_alt	190982	0	0	0.0	0
chr3_KI270781v1_alt	34135	0	0	0.0	0
chr3_KI270781v1_alt	77577	0	0	0.0	0
chr3_KI270782v1_alt	94329	0	0	0.0	0
chr3_KI270783v1_alt	17567	0	0	0.0	0
chr3_KI270784v1_alt	100219	0	0	0.0	0
chr3_KI270895v1_alt	107340	0	0	0.0	0
chr3_KI270924v1_alt	110984	0	0	0.0	0
chr3_KI270934v1_alt	107902	0	0	0.0	0
chr3_KI270935v1_alt	55557	0	0	0.0	0
chr3_KI270936v1_alt	108614	0	0	0.0	0
chr3_KI270937v1_alt	110051	0	0	0.0	0
chr4	139662	0	0	0.0	0
chr4	271661	0	0	0.0	0
chr4	336585	0	0	0.0	0
chr4	538323	0	0	0.0	0
chr4	580060	0	0	0.0	0
chr4	593062	0	0	0.0	0
chr4	626858	0	0	0.0	0
chr4	703522	0	0	0.0	0
chr4	755272	0	0	0.0	0
chr4	837903	0	0	0.0	0
chr4	845050	0	0	0.0	0
chr4	895567	0	0	0.0	0
chr4	951840	0	0	0.0	0
chr4	1179589	0	0	0.0	0
chr4	1200902	0	0	0.0	0
chr4	1206089	0	0	0.0	0
chr4	1309562	0	0	0.0	0
chr4	1375077	0	0	0.0	0
chr4	1396267	0	0	0.0	0
chr4	1450530	0	0	0.0	0
chr4	1460247	0	0	0.0	0
chr4	1531655	0	0	0.0	0
chr4	1556821	0	0	0.0	0
chr4	1569051	0	0	0.0	0
chr4	1595822	0	0	0.0	0
chr4	1610067	0	0	0.0	0
chr4	1764083	0	0	0.0	0
chr4	1909450	0	0	0.0	0
chr4	1929994	0	0	0.0	0
chr4	2005255	0	0	0.0	0
chr4	2035454	0	0	0.0	0
chr4	2069624	0	0	0.0	0
chr4	2097308	0	0	0.0	0
chr4	2144961	0	0	0.0	0
chr4	2374503	0	0	0.0	0
chr4	2592443	0	0	0.0	0
chr4	2599601	0	0	0.0	0
chr4	2740453	0	0	0.0	0
chr4	2754854	0	0	0.0	0
chr4	2923008	0	0	0.0	0
chr4	2929454	0	0	0.0	0
chr4	2953710	0	0	0.0	0
chr4	3056934	0	0	0.0	0
chr4	3111062	0	0	0.0	0
chr4	3174572	0	0	0.0	0
chr4	3232561	0	0	0.0	0
chr4	3254535	0	0	0.0	0
chr4	3282714	0	0	0.0	0
chr4	3284096	0	0	0.0	0
chr4	3424439	0	0	0.0	0
chr4	3438060	0	0	0.0	0
chr4	3445290	0	0	0.0	0
chr4	3456836	0	0	0.0	0
chr4	3541064	0	0	0.0	0
chr4	3574038	0	0	0.0	0
chr4	3664167	0	2	0.04	0
chr4	3723150	0	0	0.0	0
chr4	3785410	0	0	0.0	0
chr4	3866521	0	0	0.0	0
chr4	3936227	0	0	0.0	0
chr4	4031196	0	0	0.0	0
chr4	4045037	0	0	0.0	0
chr4	4083739	0	0	0.0	0
chr4	4183998	0	0	0.0	0
chr4	4190144	0	0	0.0	0
chr4	4240099	0	0	0.0	0
chr4	4281670	0	0	0.0	0
chr4	4400989	0	0	0.0	0
chr4	4486780	0	0	0.0	0
chr4	4493307	0	0	0.0	0
chr4	4569855	0	0	0.0	0
chr4	4710556	0	0	0.0	0
chr4	4743407	0	1	0.0116	0
chr4	4748013	0	0	0.0	0
chr4	4797087	0	0	0.0	0
chr4	4805313	0	0	0.0	0
chr4	4819441	0	0	0.0	0
chr4	4827717	0	0	0.0	0
chr4	4850587	0	0	0.0	0
chr4	4911529	0	0	0.0	0
chr4	4992853	0	0	0.0	0
chr4	5016736	0	0	0.0	0
chr4	5083357	0	0	0.0	0
chr4	5099139	0	0	0.0	0
chr4	5124096	0	0	0.0	0
chr4	5151655	0	0	0.0	0
chr4	5345642	0	0	0.0	0
chr4	5485539	0	0	0.0	0
chr4	5490736	0	0	0.0	0
chr4	5508216	0	0	0.0	0
chr4	5547073	0	0	0.0	0
chr4	5690217	0	0	0.0	0
chr4	5701992	0	1	0.0208	0
chr4	5799399	0	0	0.0	0
chr4	5803721	0	0	0.0	0
chr4	5826357	0	0	0.0	0
chr4	5855416	0	0	0.0	0
chr4	5870213	0	0	0.0	0
chr4	5873015	0	0	0.0	0
chr4	5894772	0	0	0.0	0
chr4	5994190	0	0	0.0	0
chr4	6023929	0	0	0.0	0
chr4	6025680	0	0	0.0	0
chr4	6155848	0	0	0.0	0
chr4	6179756	0	0	0.0	0
chr4	6231052	0	0	0.0	0
chr4	6287122	0	0	0.0	0
chr4	6293982	0	0	0.0	0
chr4	6302534	0	0	0.0	0
chr4	6329223	0	0	0.0	0
chr4	6335186	0	0	0.0	0
chr4	6360079	0	0	0.0	0
chr4	6381337	0	0	0.0	0
chr4	6437221	0	0	0.0	0
chr4	6451259	0	0	0.0	0
chr4	6498612	0	0	0.0	0
chr4	6544172	0	0	0.0	0
chr4	6759273	0	0	0.0	0
chr4	6929659	0	0	0.0	0
chr4	6954051	0	0	0.0	0
chr4	6975776	0	0	0.0	0
chr4	7061571	0	0	0.0	0
chr4	7071178	0	0	0.0	0
chr4	7082172	0	0	0.0	0
chr4	7102024	0	0	0.0	0
chr4	7215504	0	0	0.0	0
chr4	7234584	0	0	0.0	0
chr4	7246952	0	0	0.0	0
chr4	7277052	0	0	0.0	0
chr4	7307403	0	0	0.0	0
chr4	7425804	0	0	0.0	0
chr4	7440659	0	0	0.0	0
chr4	7486269	0	0	0.0	0
chr4	7636028	0	0	0.0	0
chr4	7681324	0	0	0.0	0
chr4	7699021	0	0	0.0	0
chr4	7763985	0	0	0.0	0
chr4	7931954	0	0	0.0	0
chr4	7963145	0	0	0.0	0
chr4	7965522	0	0	0.0	0
chr4	8024295	0	0	0.0	0
chr4	8067024	0	0	0.0	0
chr4	8101014	0	0	0.0	0
chr4	8169074	0	0	0.0	0
chr4	8193691	0	0	0.0	0
chr4	8225807	0	0	0.0	0
chr4	8264333	0	1	0.02	0
chr4	8290277	0	0	0.0	0
chr4	8369597	0	0	0.0	0
chr4	8373531	0	0	0.0	0
chr4	8416189	0	0	0.0	0
chr4	8428033	0	0	0.0	0
chr4	8514086	0	0	0.0	0
chr4	8514538	0	0	0.0	0
chr4	8548261	0	0	0.0	0
chr4	8579395	0	0	0.0	0
chr4	8644782	0	0	0.0	0
chr4	8708986	0	0	0.0	0
chr4	8793530	0	0	0.0	0
chr4	8833580	0	0	0.0	0
chr4	8850646	0	0	0.0	0
chr4	8862201	0	0	0.0	0
chr4	8893490	0	0	0.0	0
chr4	8973375	0	0	0.0	0
chr4	8979762	0	0	0.0	0
chr4	9015543	0	0	0.0	0
chr4	9024073	0	0	0.0	0
chr4	9099375	0	0	0.0	0
chr4	9100621	0	0	0.0	0
chr4	9556905	0	0	0.0	0
chr4	9606302	0	0	0.0	0
chr4	9694901	0	0	0.0	0
chr4	9698508	0	0	0.0	0
chr4	9710031	0	0	0.0	0
chr4	9777435	0	0	0.0	0
chr4	9792397	0	0	0.0	0
chr4	9800519	0	0	0.0	0
chr4	9864237	0	0	0.0	0
chr4	9897672	0	0	0.0	0
chr4	9922286	0	0	0.0	0
chr4	10001204	0	0	0.0	0
chr4	10027582	0	0	0.0	0
chr4	10041010	0	0	0.0	0
chr4	10071285	0	0	0.0	0
chr4	10116237	0	0	0.0	0
chr4	10125222	0	1	0.0192	0
chr4	10231108	0	0	0.0	0
chr4	10254667	0	0	0.0	0
chr4	10294455	0	0	0.0	0
chr4	10335981	0	0	0.0	0
chr4	10345858	0	0	0.0	0
chr4	10541783	0	0	0.0	0
chr4	10551471	0	0	0.0	0
chr4	10667493	0	0	0.0	0
chr4	10727150	0	0	0.0	0
chr4	10767875	0	0	0.0	0
chr4	10830317	0	0	0.0	0
chr4	10854101	0	0	0.0	0
chr4	11013619	0	0	0.0	0
chr4	11132377	0	0	0.0	0
chr4	11212694	0	0	0.0	0
chr4	11345316	0	0	0.0	0
chr4	11376969	0	0	0.0	0
chr4	11392480	0	0	0.0	0
chr4	11392742	0	0	0.0	0
chr4	11421200	0	0	0.0	0
chr4	11437632	0	0	0.0	0
chr4	11582654	0	0	0.0	0
chr4	11604649	0	0	0.0	0
chr4	11620905	0	0	0.0	0
chr4	11663693	0	0	0.0	0
chr4	11709351	0	0	0.0	0
chr4	11857552	0	0	0.0	0
chr4	11860793	0	0	0.0	0
chr4	11922099	0	0	0.0	0
chr4	12119889	0	0	0.0	0
chr4	12241563	0	0	0.0	0
chr4	12272217	0	0	0.0	0
chr4	12495964	0	0	0.0	0
chr4	12623620	0	0	0.0	0
chr4	12744159	0	0	0.0	0
chr4	12854942	0	0	0.0	0
chr4	12894313	0	0	0.0	0
chr4	13050824	0	0	0.0	0
chr4	13094490	0	0	0.0	0
chr4	13284395	0	0	0.0	0
chr4	13584197	0	0	0.0	0
chr4	13733116	0	0	0.0	0
chr4	13752441	0	0	0.0	0
chr4	13782496	0	0	0.0	0
chr4	14389838	0	0	0.0	0
chr4	14396836	0	0	0.0	0
chr4	14618075	0	0	0.0	0
chr4	14619775	0	0	0.0	0
chr4	14647252	0	0	0.0	0
chr4	14845794	0	0	0.0	0
chr4	14900715	0	0	0.0	0
chr4	15367197	0	1	0.0152	0
chr4	15398875	0	0	0.0	0
chr4	15418029	0	0	0.0	0
chr4	15445016	0	0	0.0	0
chr4	15449584	0	0	0.0	0
chr4	15620565	0	0	0.0	0
chr4	15726611	0	0	0.0	0
chr4	15818146	0	0	0.0	0
chr4	16023832	0	0	0.0	0
chr4	16399525	0	0	0.0	0
chr4	16437766	0	0	0.0	0
chr4	16501616	0	0	0.0	0
chr4	16538154	0	0	0.0	0
chr4	16579042	0	0	0.0	0
chr4	16638810	0	0	0.0	0
chr4	16677001	0	0	0.0	0
chr4	16818620	0	0	0.0	0
chr4	16926107	0	0	0.0	0
chr4	16997703	0	0	0.0	0
chr4	17369378	0	0	0.0	0
chr4	17446603	0	0	0.0	0
chr4	17454664	0	0	0.0	0
chr4	17467576	0	0	0.0	0
chr4	17481615	0	0	0.0	0
chr4	17507133	0	0	0.0	0
chr4	17572343	0	0	0.0	0
chr4	17625204	0	0	0.0	0
chr4	17631954	0	0	0.0	0
chr4	17649341	0	0	0.0	0
chr4	17687151	0	0	0.0	0
chr4	17725066	0	0	0.0	0
chr4	17911056	0	0	0.0	0
chr4	17929980	0	0	0.0	0
chr4	17960268	0	0	0.0	0
chr4	17982396	0	0	0.0	0
chr4	18059167	0	0	0.0	0
chr4	18225085	0	0	0.0	0
chr4	18253326	0	0	0.0	0
chr4	18283487	0	0	0.0	0
chr4	18285100	0	0	0.0	0
chr4	18436194	0	0	0.0	0
chr4	18539513	0	0	0.0	0
chr4	18687936	0	0	0.0	0
chr4	18769050	0	0	0.0	0
chr4	18905027	0	0	0.0	0
chr4	18980766	0	0	0.0	0
chr4	19117501	0	0	0.0	0
chr4	19144527	0	0	0.0	0
chr4	19334323	0	0	0.0	0
chr4	19802365	0	0	0.0	0
chr4	19921001	0	0	0.0	0
chr4	19945701	0	0	0.0	0
chr4	20045365	0	0	0.0	0
chr4	20087367	0	0	0.0	0
chr4	20094641	0	0	0.0	0
chr4	20224208	0	0	0.0	0
chr4	20594917	0	0	0.0	0
chr4	21149355	0	0	0.0	0
chr4	21245309	0	0	0.0	0
chr4	21259472	0	0	0.0	0
chr4	21404351	0	0	0.0	0
chr4	21448222	0	1	0.0182	0
chr4	21489164	0	0	0.0	0
chr4	21745574	0	0	0.0	0
chr4	21981595	0	0	0.0	0
chr4	21999370	0	0	0.0	0
chr4	22304008	0	0	0.0	0
chr4	22557005	0	0	0.0	0
chr4	23356772	0	0	0.0	0
chr4	23385071	0	0	0.0	0
chr4	23418783	0	0	0.0	0
chr4	23480481	0	0	0.0	0
chr4	23625917	0	0	0.0	0
chr4	23708279	0	0	0.0	0
chr4	23827813	0	0	0.0	0
chr4	23927920	0	0	0.0	0
chr4	24020954	0	0	0.0	0
chr4	24030231	0	0	0.0	0
chr4	24084064	0	0	0.0	0
chr4	24115762	0	0	0.0	0
chr4	24183315	0	0	0.0	0
chr4	24210624	0	0	0.0	0
chr4	24217032	0	0	0.0	0
chr4	24241117	0	0	0.0	0
chr4	24262531	0	0	0.0	0
chr4	24370693	0	0	0.0	0
chr4	24380445	0	0	0.0	0
chr4	24486862	0	0	0.0	0
chr4	24488900	0	0	0.0	0
chr4	24557430	0	0	0.0	0
chr4	24577985	0	0	0.0	0
chr4	24800516	0	0	0.0	0
chr4	24992393	0	0	0.0	0
chr4	25022130	0	1	0.0128	0
chr4	25057918	0	0	0.0	0
chr4	25246637	0	0	0.0	0
chr4	25267675	0	0	0.0	0
chr4	25367214	0	0	0.0	0
chr4	25580801	0	0	0.0	0
chr4	25636520	0	0	0.0	0
chr4	25806616	0	0	0.0	0
chr4	25901071	0	0	0.0	0
chr4	25905534	0	0	0.0	0
chr4	26174758	0	0	0.0	0
chr4	26184355	0	0	0.0	0
chr4	26226798	0	0	0.0	0
chr4	26228002	0	0	0.0	0
chr4	26406256	0	0	0.0	0
chr4	26561343	0	1	0.0233	0
chr4	26873838	0	0	0.0	0
chr4	26921221	0	0	0.0	0
chr4	26959661	0	0	0.0	0
chr4	26975546	0	0	0.0	0
chr4	26996449	0	0	0.0	0
chr4	27094290	0	0	0.0	0
chr4	27104847	0	0	0.0	0
chr4	27111354	0	0	0.0	0
chr4	27314426	0	0	0.0	0
chr4	27426202	0	0	0.0	0
chr4	27509420	0	0	0.0	0
chr4	27812453	0	0	0.0	0
chr4	27909980	0	0	0.0	0
chr4	27978342	0	0	0.0	0
chr4	28182985	0	0	0.0	0
chr4	28187565	0	0	0.0	0
chr4	28651230	0	0	0.0	0
chr4	28704308	0	0	0.0	0
chr4	28772351	0	0	0.0	0
chr4	28856795	0	0	0.0	0
chr4	29002883	0	0	0.0	0
chr4	29070206	0	0	0.0	0
chr4	29082289	0	0	0.0	0
chr4	29546027	0	0	0.0	0
chr4	29929921	0	0	0.0	0
chr4	30070834	0	0	0.0	0
chr4	30225550	0	0	0.0	0
chr4	30637559	0	0	0.0	0
chr4	30781482	0	0	0.0	0
chr4	30850425	0	0	0.0	0
chr4	30875396	0	0	0.0	0
chr4	31234834	0	0	0.0	0
chr4	31310567	0	0	0.0	0
chr4	31481530	0	0	0.0	0
chr4	31543267	0	0	0.0	0
chr4	31663046	0	0	0.0	0
chr4	31691815	0	0	0.0	0
chr4	31862560	0	0	0.0	0
chr4	31888705	0	0	0.0	0
chr4	32043824	0	0	0.0	0
chr4	32177345	0	0	0.0	0
chr4	32177400	0	0	0.0	0
chr4	32196878	0	0	0.0	0
chr4	32274718	0	0	0.0	0
chr4	32325466	0	0	0.0	0
chr4	32371144	0	0	0.0	0
chr4	32371557	0	0	0.0	0
chr4	32461927	0	0	0.0	0
chr4	32519491	0	0	0.0	0
chr4	32718780	0	0	0.0	0
chr4	32772556	0	0	0.0	0
chr4	32942008	0	0	0.0	0
chr4	33149591	0	0	0.0	0
chr4	33149950	0	0	0.0	0
chr4	33188322	0	0	0.0	0
chr4	33188722	0	0	0.0	0
chr4	33207975	0	0	0.0	0
chr4	33316150	0	0	0.0	0
chr4	33382984	0	0	0.0	0
chr4	33530743	0	0	0.0	0
chr4	33577712	0	0	0.0	0
chr4	33647689	0	0	0.0	0
chr4	34127861	0	0	0.0	0
chr4	34188028	0	0	0.0	0
chr4	34251667	0	0	0.0	0
chr4	34786361	0	0	0.0	0
chr4	35006524	0	0	0.0	0
chr4	35312542	0	0	0.0	0
chr4	35312713	0	0	0.0	0
chr4	35316780	0	0	0.0	0
chr4	35420545	0	0	0.0	0
chr4	35505909	0	0	0.0	0
chr4	35566781	0	0	0.0	0
chr4	35770914	0	0	0.0	0
chr4	36263953	0	0	0.0	0
chr4	36458567	0	0	0.0	0
chr4	36510810	0	0	0.0	0
chr4	36574616	0	0	0.0	0
chr4	36935912	0	0	0.0	0
chr4	36957975	0	0	0.0	0
chr4	36972533	0	1	0.013	0
chr4	36995695	0	0	0.0	0
chr4	37048749	0	0	0.0	0
chr4	37123105	0	0	0.0	0
chr4	37143325	0	0	0.0	0
chr4	37398556	0	0	0.0	0
chr4	37408325	0	0	0.0	0
chr4	37421388	0	0	0.0	0
chr4	37424246	0	0	0.0	0
chr4	37475135	0	0	0.0	0
chr4	37522664	0	0	0.0	0
chr4	37562833	0	0	0.0	0
chr4	37591129	0	0	0.0	0
chr4	37646434	0	0	0.0	0
chr4	37807343	0	0	0.0	0
chr4	37958953	0	0	0.0	0
chr4	37968937	0	0	0.0	0
chr4	38105140	0	0	0.0	0
chr4	38106901	0	0	0.0	0
chr4	38108509	0	0	0.0	0
chr4	38123641	0	0	0.0	0
chr4	38141019	0	0	0.0	0
chr4	38160670	0	0	0.0	0
chr4	38197104	0	0	0.0	0
chr4	38235807	0	0	0.0	0
chr4	38366582	0	0	0.0	0
chr4	38393610	0	0	0.0	0
chr4	38871353	0	1	0.0141	0
chr4	39128844	0	0	0.0	0
chr4	39313509	0	0	0.0	0
chr4	39384306	0	0	0.0	0
chr4	39415028	0	0	0.0	0
chr4	39566326	0	0	0.0	0
chr4	39682494	0	0	0.0	0
chr4	39744195	0	0	0.0	0
chr4	40182938	0	0	0.0	0
chr4	40281676	0	0	0.0	0
chr4	40285049	0	0	0.0	0
chr4	40668026	0	0	0.0	0
chr4	40680974	0	0	0.0	0
chr4	40799348	0	0	0.0	0
chr4	40840907	0	0	0.0	0
chr4	40933409	0	0	0.0	0
chr4	41079027	0	0	0.0	0
chr4	41321170	0	0	0.0	0
chr4	41442745	0	0	0.0	0
chr4	41546948	0	0	0.0	0
chr4	41582503	0	0	0.0	0
chr4	41601903	0	0	0.0	0
chr4	41705593	0	0	0.0	0
chr4	41713175	0	0	0.0	0
chr4	41718244	0	0	0.0	0
chr4	41882221	0	0	0.0	0
chr4	41925060	0	1	0.0244	0
chr4	41990430	0	0	0.0	0
chr4	42237184	0	0	0.0	0
chr4	42278660	0	0	0.0	0
chr4	42287919	0	0	0.0	0
chr4	42385323	0	0	0.0	0
chr4	42477151	0	0	0.0	0
chr4	42482059	0	0	0.0	0
chr4	42728154	0	0	0.0	0
chr4	42811770	0	0	0.0	0
chr4	42890555	0	0	0.0	0
chr4	42975245	0	0	0.0	0
chr4	43337567	0	0	0.0	0
chr4	43513105	0	0	0.0	0
chr4	43525330	0	0	0.0	0
chr4	43543980	0	0	0.0	0
chr4	43641011	0	0	0.0	0
chr4	43841002	0	0	0.0	0
chr4	44137304	0	0	0.0	0
chr4	44142072	0	0	0.0	0
chr4	44225221	0	1	0.0139	0
chr4	44275844	0	0	0.0	0
chr4	44414561	0	0	0.0	0
chr4	44454740	0	0	0.0	0
chr4	44814628	0	0	0.0	0
chr4	44926736	0	0	0.0	0
chr4	45207135	0	0	0.0	0
chr4	45276442	0	0	0.0	0
chr4	45283313	0	0	0.0	0
chr4	45424940	0	0	0.0	0
chr4	45562024	0	0	0.0	0
chr4	45762695	0	0	0.0	0
chr4	45841040	0	0	0.0	0
chr4	46196568	0	0	0.0	0
chr4	46315103	0	0	0.0	0
chr4	46355672	0	0	0.0	0
chr4	46926116	0	0	0.0	0
chr4	47129686	0	0	0.0	0
chr4	47216292	0	0	0.0	0
chr4	47222759	0	0	0.0	0
chr4	47257003	0	0	0.0	0
chr4	47323624	0	0	0.0	0
chr4	47343651	0	0	0.0	0
chr4	47723711	0	0	0.0	0
chr4	47880298	0	0	0.0	0
chr4	48092983	0	0	0.0	0
chr4	48347790	0	0	0.0	0
chr4	48600452	0	0	0.0	0
chr4	48704570	0	0	0.0	0
chr4	48729145	0	0	0.0	0
chr4	48895124	0	0	0.0	0
chr4	48972568	0	0	0.0	0
chr4	49117567	0	0	0.0	0
chr4	49127148	0	0	0.0	0
chr4	49134975	0	0	0.0	0
chr4	49152574	1	4	0.05	1
chr4	49175087	0	0	0.0	0
chr4	49270141	0	0	0.0	0
chr4	49635003	0	1	0.0172	0
chr4	51812754	0	0	0.0	0
chr4	51833774	0	0	0.0	0
chr4	51879364	0	0	0.0	0
chr4	51971711	0	0	0.0	0
chr4	52160831	0	0	0.0	0
chr4	52173644	0	0	0.0	0
chr4	52631456	0	0	0.0	0
chr4	52793507	0	0	0.0	0
chr4	52866645	0	0	0.0	0
chr4	53061755	0	0	0.0	0
chr4	53228354	0	0	0.0	0
chr4	53271796	0	0	0.0	0
chr4	53286523	0	1	0.0238	0
chr4	53597500	0	0	0.0	0
chr4	53675072	0	0	0.0	0
chr4	53833035	0	0	0.0	0
chr4	53867272	0	0	0.0	0
chr4	54189558	0	0	0.0	0
chr4	54385077	0	0	0.0	0
chr4	54459618	0	0	0.0	0
chr4	54739123	0	0	0.0	0
chr4	54825552	0	0	0.0	0
chr4	54930164	0	0	0.0	0
chr4	54992998	0	0	0.0	0
chr4	55020356	0	0	0.0	0
chr4	55157740	0	0	0.0	0
chr4	55169417	0	0	0.0	0
chr4	55249160	0	0	0.0	0
chr4	55352476	0	0	0.0	0
chr4	55353534	0	0	0.0	0
chr4	55529684	0	0	0.0	0
chr4	55539735	0	0	0.0	0
chr4	55633812	0	0	0.0	0
chr4	55660254	0	0	0.0	0
chr4	55728177	0	0	0.0	0
chr4	55978247	0	0	0.0	0
chr4	56076050	0	0	0.0	0
chr4	56218192	0	0	0.0	0
chr4	56291036	0	0	0.0	0
chr4	56302764	0	0	0.0	0
chr4	56382403	0	0	0.0	0
chr4	56571631	0	0	0.0	0
chr4	56598509	0	0	0.0	0
chr4	56640216	0	0	0.0	0
chr4	56713495	0	0	0.0	0
chr4	56718795	0	0	0.0	0
chr4	56833197	0	0	0.0	0
chr4	56862418	0	0	0.0	0
chr4	56913634	0	0	0.0	0
chr4	56941264	0	0	0.0	0
chr4	57052709	0	0	0.0	0
chr4	57159125	0	0	0.0	0
chr4	57195819	0	0	0.0	0
chr4	57302340	0	0	0.0	0
chr4	57541665	0	0	0.0	0
chr4	57582437	0	0	0.0	0
chr4	57677321	0	0	0.0	0
chr4	57686776	0	0	0.0	0
chr4	57868028	0	0	0.0	0
chr4	58039295	0	0	0.0	0
chr4	58186478	0	0	0.0	0
chr4	58251632	0	0	0.0	0
chr4	58294869	0	0	0.0	0
chr4	58394339	0	0	0.0	0
chr4	58442753	0	0	0.0	0
chr4	58548389	0	0	0.0	0
chr4	58602501	0	0	0.0	0
chr4	58605635	0	0	0.0	0
chr4	58619260	0	0	0.0	0
chr4	58659262	0	0	0.0	0
chr4	58829223	0	0	0.0	0
chr4	59207326	0	0	0.0	0
chr4	59283586	0	0	0.0	0
chr4	59344261	0	0	0.0	0
chr4	59490412	0	0	0.0	0
chr4	59571998	0	0	0.0	0
chr4	59584102	0	0	0.0	0
chr4	59615555	0	0	0.0	0
chr4	59634603	0	0	0.0	0
chr4	59785403	0	0	0.0	0
chr4	59995933	0	0	0.0	0
chr4	60272361	0	0	0.0	0
chr4	60296788	0	0	0.0	0
chr4	60329354	0	0	0.0	0
chr4	60388909	0	0	0.0	0
chr4	60456723	0	0	0.0	0
chr4	60489634	0	0	0.0	0
chr4	60545699	0	0	0.0	0
chr4	60585939	0	0	0.0	0
chr4	60644439	0	0	0.0	0
chr4	60736509	0	0	0.0	0
chr4	60863394	0	0	0.0	0
chr4	61107108	0	0	0.0	0
chr4	61195044	0	0	0.0	0
chr4	61592900	0	0	0.0	0
chr4	61714604	0	0	0.0	0
chr4	61716992	0	0	0.0	0
chr4	61878698	0	0	0.0	0
chr4	62100543	0	0	0.0	0
chr4	62310125	0	0	0.0	0
chr4	62571237	0	0	0.0	0
chr4	62621504	0	0	0.0	0
chr4	62677859	0	0	0.0	0
chr4	62813934	0	0	0.0	0
chr4	63017482	0	0	0.0	0
chr4	63112086	0	0	0.0	0
chr4	63378192	0	0	0.0	0
chr4	63418631	0	0	0.0	0
chr4	63501047	0	0	0.0	0
chr4	63815097	0	0	0.0	0
chr4	63829250	0	0	0.0	0
chr4	63909386	0	0	0.0	0
chr4	64060492	0	0	0.0	0
chr4	64068452	0	0	0.0	0
chr4	64145286	0	0	0.0	0
chr4	64224608	0	0	0.0	0
chr4	64326571	0	0	0.0	0
chr4	64416301	0	0	0.0	0
chr4	64425101	0	0	0.0	0
chr4	64453332	0	0	0.0	0
chr4	64563162	0	0	0.0	0
chr4	64613278	0	0	0.0	0
chr4	64732002	1	33	0.9706	1
chr4	64796896	0	0	0.0	0
chr4	65042113	0	0	0.0	0
chr4	65195976	0	0	0.0	0
chr4	65860663	0	0	0.0	0
chr4	66011452	0	0	0.0	0
chr4	66018063	0	0	0.0	0
chr4	66389431	0	0	0.0	0
chr4	66636279	0	0	0.0	0
chr4	66636786	0	0	0.0	0
chr4	66865134	0	0	0.0	0
chr4	66921325	0	0	0.0	0
chr4	67049424	0	0	0.0	0
chr4	67118280	0	0	0.0	0
chr4	67252185	0	0	0.0	0
chr4	67282220	0	0	0.0	0
chr4	67288808	0	0	0.0	0
chr4	67306986	0	0	0.0	0
chr4	67334646	0	0	0.0	0
chr4	67754743	0	0	0.0	0
chr4	68048046	0	0	0.0	0
chr4	68148167	0	0	0.0	0
chr4	68162704	0	1	0.0312	0
chr4	68194929	0	0	0.0	0
chr4	68224733	0	0	0.0	0
chr4	68421058	0	0	0.0	0
chr4	68577366	0	0	0.0	0
chr4	68663436	0	0	0.0	0
chr4	68664825	0	0	0.0	0
chr4	69033688	0	0	0.0	0
chr4	69156561	0	0	0.0	0
chr4	69239951	0	0	0.0	0
chr4	69268799	0	0	0.0	0
chr4	69309791	0	0	0.0	0
chr4	69322943	0	0	0.0	0
chr4	69632387	0	1	0.0345	0
chr4	70040340	0	0	0.0	0
chr4	70317935	0	0	0.0	0
chr4	70361211	0	0	0.0	0
chr4	70368570	0	0	0.0	0
chr4	70424598	0	0	0.0	0
chr4	70548890	0	0	0.0	0
chr4	70626659	0	0	0.0	0
chr4	70675984	0	0	0.0	0
chr4	70927847	0	0	0.0	0
chr4	71121312	0	0	0.0	0
chr4	71122661	0	0	0.0	0
chr4	71176058	0	0	0.0	0
chr4	71527517	0	0	0.0	0
chr4	71528056	0	0	0.0	0
chr4	71712496	0	0	0.0	0
chr4	71892250	0	0	0.0	0
chr4	71922810	0	0	0.0	0
chr4	72009368	0	0	0.0	0
chr4	72250336	0	0	0.0	0
chr4	72663976	0	0	0.0	0
chr4	72680098	0	0	0.0	0
chr4	72691352	0	0	0.0	0
chr4	72878675	0	0	0.0	0
chr4	73197054	0	0	0.0	0
chr4	73244240	0	0	0.0	0
chr4	73300233	0	0	0.0	0
chr4	73357710	0	0	0.0	0
chr4	73379431	0	0	0.0	0
chr4	73646231	0	0	0.0	0
chr4	74066312	0	0	0.0	0
chr4	74081053	0	0	0.0	0
chr4	74317477	0	0	0.0	0
chr4	74434540	0	0	0.0	0
chr4	74793769	0	0	0.0	0
chr4	74889843	0	0	0.0	0
chr4	74925238	0	0	0.0	0
chr4	74950989	0	0	0.0	0
chr4	74985394	0	0	0.0	0
chr4	75038594	0	0	0.0	0
chr4	75079543	0	0	0.0	0
chr4	75104252	0	0	0.0	0
chr4	75400875	0	0	0.0	0
chr4	75416441	0	0	0.0	0
chr4	75458045	0	0	0.0	0
chr4	75616223	0	0	0.0	0
chr4	76003833	0	0	0.0	0
chr4	76016743	0	0	0.0	0
chr4	76099513	0	0	0.0	0
chr4	76180113	0	0	0.0	0
chr4	76193543	0	0	0.0	0
chr4	76501367	0	0	0.0	0
chr4	76537303	0	0	0.0	0
chr4	76555436	0	0	0.0	0
chr4	76598119	0	0	0.0	0
chr4	76667447	0	0	0.0	0
chr4	76684467	0	0	0.0	0
chr4	77010917	0	0	0.0	0
chr4	77019578	0	0	0.0	0
chr4	77183683	0	0	0.0	0
chr4	77193747	0	0	0.0	0
chr4	77205926	0	0	0.0	0
chr4	77249592	0	0	0.0	0
chr4	77334296	0	0	0.0	0
chr4	77376057	0	0	0.0	0
chr4	77485396	0	0	0.0	0
chr4	77562310	0	0	0.0	0
chr4	77655038	0	0	0.0	0
chr4	77720543	0	0	0.0	0
chr4	77797794	0	0	0.0	0
chr4	77825879	0	0	0.0	0
chr4	77930115	0	0	0.0	0
chr4	78000831	0	0	0.0	0
chr4	78025896	0	0	0.0	0
chr4	78037504	0	0	0.0	0
chr4	78042105	0	0	0.0	0
chr4	78044480	0	0	0.0	0
chr4	78075618	0	0	0.0	0
chr4	78098508	0	0	0.0	0
chr4	78548239	0	0	0.0	0
chr4	78940798	0	0	0.0	0
chr4	79065725	1	19	0.2879	1
chr4	79307393	0	0	0.0	0
chr4	79372596	0	0	0.0	0
chr4	79998845	0	0	0.0	0
chr4	80072903	0	0	0.0	0
chr4	80190171	0	0	0.0	0
chr4	80196393	0	0	0.0	0
chr4	80202179	0	0	0.0	0
chr4	80286490	0	0	0.0	0
chr4	80388637	0	0	0.0	0
chr4	80467205	0	0	0.0	0
chr4	80509878	1	10	0.1613	1
chr4	80567444	0	0	0.0	0
chr4	80829513	0	0	0.0	0
chr4	80860691	0	0	0.0	0
chr4	81351074	0	0	0.0	0
chr4	81462864	0	0	0.0	0
chr4	81590451	0	0	0.0	0
chr4	81610153	0	0	0.0	0
chr4	81647441	0	0	0.0	0
chr4	81698615	0	0	0.0	0
chr4	81710610	0	0	0.0	0
chr4	81712423	0	0	0.0	0
chr4	81763388	0	0	0.0	0
chr4	82090043	0	0	0.0	0
chr4	82130488	0	0	0.0	0
chr4	82176269	0	0	0.0	0
chr4	82475482	0	0	0.0	0
chr4	82496828	0	0	0.0	0
chr4	82593341	0	0	0.0	0
chr4	82607554	0	0	0.0	0
chr4	82621539	0	0	0.0	0
chr4	82748209	0	0	0.0	0
chr4	82963401	0	0	0.0	0
chr4	82968782	0	0	0.0	0
chr4	82975840	0	0	0.0	0
chr4	83153234	0	0	0.0	0
chr4	83164890	0	0	0.0	0
chr4	83249773	0	0	0.0	0
chr4	83327787	0	0	0.0	0
chr4	83455957	0	0	0.0	0
chr4	83524033	0	1	0.0137	0
chr4	83698624	0	0	0.0	0
chr4	83738871	0	0	0.0	0
chr4	83769355	0	0	0.0	0
chr4	83832055	0	0	0.0	0
chr4	83901215	0	0	0.0	0
chr4	83901518	0	0	0.0	0
chr4	83937532	0	0	0.0	0
chr4	83993185	0	0	0.0	0
chr4	84051841	0	0	0.0	0
chr4	84266208	0	0	0.0	0
chr4	84286224	0	0	0.0	0
chr4	84583069	0	0	0.0	0
chr4	84659582	0	0	0.0	0
chr4	84708935	0	0	0.0	0
chr4	84777281	0	0	0.0	0
chr4	84816816	0	0	0.0	0
chr4	85129986	0	0	0.0	0
chr4	85251631	0	0	0.0	0
chr4	85276857	0	0	0.0	0
chr4	85317654	0	0	0.0	0
chr4	85344860	0	0	0.0	0
chr4	85404293	0	0	0.0	0
chr4	85425510	0	0	0.0	0
chr4	85430546	0	0	0.0	0
chr4	85459775	0	0	0.0	0
chr4	85772362	0	0	0.0	0
chr4	85784714	0	0	0.0	0
chr4	85832617	0	0	0.0	0
chr4	85852766	0	0	0.0	0
chr4	85951191	0	0	0.0	0
chr4	86007676	0	0	0.0	0
chr4	86193624	0	0	0.0	0
chr4	86221615	0	0	0.0	0
chr4	86263443	0	0	0.0	0
chr4	86591635	0	0	0.0	0
chr4	86625018	0	0	0.0	0
chr4	86654982	0	0	0.0	0
chr4	86719171	0	0	0.0	0
chr4	86742698	0	0	0.0	0
chr4	86820409	0	0	0.0	0
chr4	86910822	0	0	0.0	0
chr4	86943003	0	0	0.0	0
chr4	87055071	0	0	0.0	0
chr4	87093859	0	0	0.0	0
chr4	87101670	0	0	0.0	0
chr4	87461879	0	0	0.0	0
chr4	87488960	0	1	0.125	0
chr4	87583718	0	0	0.0	0
chr4	87634230	0	0	0.0	0
chr4	87673896	0	0	0.0	0
chr4	87794241	0	0	0.0	0
chr4	87871996	0	0	0.0	0
chr4	87920233	0	0	0.0	0
chr4	87989869	0	0	0.0	0
chr4	88073551	0	1	0.0145	0
chr4	88528650	0	0	0.0	0
chr4	88652600	0	0	0.0	0
chr4	88720347	0	0	0.0	0
chr4	88745976	0	0	0.0	0
chr4	88748911	0	0	0.0	0
chr4	88774849	0	0	0.0	0
chr4	88777070	0	0	0.0	0
chr4	88806934	0	0	0.0	0
chr4	88843892	0	0	0.0	0
chr4	88893381	0	0	0.0	0
chr4	88904584	0	0	0.0	0
chr4	89089897	0	0	0.0	0
chr4	89106976	0	0	0.0	0
chr4	89222239	0	0	0.0	0
chr4	89713894	0	0	0.0	0
chr4	89841177	0	0	0.0	0
chr4	89913753	0	0	0.0	0
chr4	89981088	0	0	0.0	0
chr4	90001286	0	0	0.0	0
chr4	90225872	0	0	0.0	0
chr4	90385344	0	2	0.0308	0
chr4	90428938	0	0	0.0	0
chr4	90492941	0	0	0.0	0
chr4	90511443	0	0	0.0	0
chr4	90731102	0	0	0.0	0
chr4	91250652	0	0	0.0	0
chr4	91482159	0	0	0.0	0
chr4	91550586	0	0	0.0	0
chr4	91613712	0	0	0.0	0
chr4	91822709	0	0	0.0	0
chr4	91874236	0	0	0.0	0
chr4	91951462	0	1	0.0294	0
chr4	92240511	0	0	0.0	0
chr4	92254176	0	1	0.0116	0
chr4	92399255	0	0	0.0	0
chr4	92615217	0	0	0.0	0
chr4	92656153	0	0	0.0	0
chr4	92712172	0	0	0.0	0
chr4	92816551	0	0	0.0	0
chr4	92837207	0	0	0.0	0
chr4	92895941	0	0	0.0	0
chr4	93033830	0	0	0.0	0
chr4	93278129	0	1	0.0159	0
chr4	93332005	0	0	0.0	0
chr4	93542248	0	0	0.0	0
chr4	93542675	0	0	0.0	0
chr4	93823325	0	0	0.0	0
chr4	93880156	0	0	0.0	0
chr4	93885890	0	0	0.0	0
chr4	93932668	0	0	0.0	0
chr4	94031966	0	0	0.0	0
chr4	94045307	0	0	0.0	0
chr4	94336531	0	0	0.0	0
chr4	94409258	0	0	0.0	0
chr4	94540225	0	0	0.0	0
chr4	94660826	0	0	0.0	0
chr4	94693652	0	0	0.0	0
chr4	94815524	0	0	0.0	0
chr4	94843850	0	0	0.0	0
chr4	94897011	0	0	0.0	0
chr4	95142231	0	0	0.0	0
chr4	95638332	0	0	0.0	0
chr4	95647539	0	0	0.0	0
chr4	95679119	0	0	0.0	0
chr4	95696284	0	0	0.0	0
chr4	95728840	0	0	0.0	0
chr4	95764165	0	0	0.0	0
chr4	95901032	0	0	0.0	0
chr4	95975406	0	0	0.0	0
chr4	96044576	0	0	0.0	0
chr4	96399586	0	0	0.0	0
chr4	96464678	0	0	0.0	0
chr4	96525593	0	0	0.0	0
chr4	96567269	0	1	0.0294	0
chr4	96599773	0	0	0.0	0
chr4	96631648	0	0	0.0	0
chr4	96651171	0	0	0.0	0
chr4	96778801	0	0	0.0	0
chr4	97120297	0	0	0.0	0
chr4	97381639	0	0	0.0	0
chr4	97519467	0	0	0.0	0
chr4	97764248	0	0	0.0	0
chr4	97923390	0	1	0.0303	0
chr4	98179863	0	0	0.0	0
chr4	98266908	0	0	0.0	0
chr4	98480550	0	0	0.0	0
chr4	98620257	0	0	0.0	0
chr4	98743085	0	0	0.0	0
chr4	98779161	0	0	0.0	0
chr4	98795391	0	0	0.0	0
chr4	99055064	1	6	0.0938	1
chr4	99090082	0	0	0.0	0
chr4	99161441	0	0	0.0	0
chr4	99190973	0	0	0.0	0
chr4	99388078	0	0	0.0	0
chr4	99391663	0	0	0.0	0
chr4	99630807	0	0	0.0	0
chr4	99783552	0	0	0.0	0
chr4	99892941	0	0	0.0	0
chr4	100078717	0	0	0.0	0
chr4	100303580	0	0	0.0	0
chr4	100355694	0	0	0.0	0
chr4	100413910	0	0	0.0	0
chr4	100512124	0	0	0.0	0
chr4	100613829	0	0	0.0	0
chr4	100705191	0	0	0.0	0
chr4	100900738	0	0	0.0	0
chr4	100961498	0	0	0.0	0
chr4	101042009	0	0	0.0	0
chr4	101110620	0	0	0.0	0
chr4	101129040	0	0	0.0	0
chr4	101157702	0	0	0.0	0
chr4	101318363	0	0	0.0	0
chr4	101603822	0	0	0.0	0
chr4	101619324	0	0	0.0	0
chr4	101734632	0	1	0.0238	0
chr4	101823483	0	0	0.0	0
chr4	102013115	0	0	0.0	0
chr4	102125540	0	0	0.0	0
chr4	102170823	0	0	0.0	0
chr4	102176856	0	0	0.0	0
chr4	102401406	0	0	0.0	0
chr4	102442254	0	0	0.0	0
chr4	102511304	0	0	0.0	0
chr4	102596757	0	0	0.0	0
chr4	102746729	0	0	0.0	0
chr4	102915523	0	0	0.0	0
chr4	102971230	0	0	0.0	0
chr4	103077883	0	0	0.0	0
chr4	103087927	0	0	0.0	0
chr4	103101380	0	0	0.0	0
chr4	103200441	0	0	0.0	0
chr4	103427378	0	0	0.0	0
chr4	103451248	0	0	0.0	0
chr4	103493094	0	0	0.0	0
chr4	103787435	0	0	0.0	0
chr4	103980595	0	0	0.0	0
chr4	104218473	0	0	0.0	0
chr4	104369947	0	0	0.0	0
chr4	104650975	0	0	0.0	0
chr4	104749728	0	0	0.0	0
chr4	105063081	0	0	0.0	0
chr4	105124878	0	0	0.0	0
chr4	105414381	0	0	0.0	0
chr4	105473540	0	0	0.0	0
chr4	105505610	0	0	0.0	0
chr4	105648788	0	0	0.0	0
chr4	105696112	0	0	0.0	0
chr4	105761987	0	0	0.0	0
chr4	106092412	0	0	0.0	0
chr4	106173925	0	0	0.0	0
chr4	106287661	0	0	0.0	0
chr4	106320552	0	0	0.0	0
chr4	106423343	0	0	0.0	0
chr4	106603981	0	0	0.0	0
chr4	106616181	0	0	0.0	0
chr4	106617202	0	0	0.0	0
chr4	106710852	0	0	0.0	0
chr4	106862711	0	0	0.0	0
chr4	106978050	0	0	0.0	0
chr4	107652948	0	0	0.0	0
chr4	107714724	0	0	0.0	0
chr4	107779972	0	0	0.0	0
chr4	107884894	0	0	0.0	0
chr4	107892516	0	0	0.0	0
chr4	107898766	0	0	0.0	0
chr4	108295562	0	0	0.0	0
chr4	108452537	0	0	0.0	0
chr4	108673601	1	10	0.2632	1
chr4	108690122	0	1	0.0256	0
chr4	108804729	0	0	0.0	0
chr4	108821795	0	0	0.0	0
chr4	108863978	0	0	0.0	0
chr4	109171754	0	0	0.0	0
chr4	109234732	0	0	0.0	0
chr4	109282826	0	0	0.0	0
chr4	109306523	0	0	0.0	0
chr4	109652232	0	0	0.0	0
chr4	109712784	0	0	0.0	0
chr4	109857513	0	0	0.0	0
chr4	109870002	0	0	0.0	0
chr4	110063359	0	0	0.0	0
chr4	110107746	0	0	0.0	0
chr4	110117346	0	0	0.0	0
chr4	110142480	0	0	0.0	0
chr4	110253666	0	0	0.0	0
chr4	110432036	0	0	0.0	0
chr4	110737934	0	0	0.0	0
chr4	111049140	0	0	0.0	0
chr4	111303698	0	0	0.0	0
chr4	111414272	0	0	0.0	0
chr4	111628323	0	0	0.0	0
chr4	111721796	0	0	0.0	0
chr4	111746143	0	0	0.0	0
chr4	111767556	0	0	0.0	0
chr4	111952939	0	0	0.0	0
chr4	112616197	0	0	0.0	0
chr4	112705176	0	1	0.0256	0
chr4	112918874	0	0	0.0	0
chr4	112924932	0	0	0.0	0
chr4	113086482	0	0	0.0	0
chr4	113104073	0	0	0.0	0
chr4	113133085	0	0	0.0	0
chr4	113281425	0	0	0.0	0
chr4	113303011	0	0	0.0	0
chr4	113505851	0	0	0.0	0
chr4	113754845	0	0	0.0	0
chr4	113849090	0	0	0.0	0
chr4	114180342	0	0	0.0	0
chr4	114190952	0	0	0.0	0
chr4	114285644	0	0	0.0	0
chr4	114293514	0	0	0.0	0
chr4	114349311	0	0	0.0	0
chr4	114481998	0	0	0.0	0
chr4	114924549	0	0	0.0	0
chr4	115027484	0	0	0.0	0
chr4	115094624	0	0	0.0	0
chr4	115387540	0	0	0.0	0
chr4	115522362	0	0	0.0	0
chr4	115524614	0	0	0.0	0
chr4	115678509	0	0	0.0	0
chr4	115835099	0	0	0.0	0
chr4	116186024	0	0	0.0	0
chr4	116241634	0	0	0.0	0
chr4	116357838	0	0	0.0	0
chr4	116539663	0	0	0.0	0
chr4	116591268	0	0	0.0	0
chr4	116595767	0	0	0.0	0
chr4	116693041	0	0	0.0	0
chr4	116761464	0	0	0.0	0
chr4	116821020	0	0	0.0	0
chr4	116879791	0	0	0.0	0
chr4	117154509	0	0	0.0	0
chr4	117172738	0	0	0.0	0
chr4	117201409	0	0	0.0	0
chr4	117206564	0	0	0.0	0
chr4	117218377	0	0	0.0	0
chr4	117368234	0	1	0.0164	0
chr4	117560161	0	0	0.0	0
chr4	117743875	0	0	0.0	0
chr4	118091511	0	0	0.0	0
chr4	118115040	0	0	0.0	0
chr4	118313140	0	0	0.0	0
chr4	118448884	0	0	0.0	0
chr4	118460860	0	0	0.0	0
chr4	118666533	0	0	0.0	0
chr4	118901793	0	0	0.0	0
chr4	118969047	0	0	0.0	0
chr4	119148060	0	0	0.0	0
chr4	119198509	0	0	0.0	0
chr4	119255035	0	0	0.0	0
chr4	119525914	0	0	0.0	0
chr4	119868648	0	2	0.0444	0
chr4	119986783	0	0	0.0	0
chr4	120052374	0	0	0.0	0
chr4	120070706	0	0	0.0	0
chr4	120165243	0	0	0.0	0
chr4	120238536	0	0	0.0	0
chr4	120509405	0	0	0.0	0
chr4	120900221	0	0	0.0	0
chr4	120900311	0	0	0.0	0
chr4	120918266	0	0	0.0	0
chr4	121003859	0	0	0.0	0
chr4	121048349	0	0	0.0	0
chr4	121061493	0	0	0.0	0
chr4	121273300	0	0	0.0	0
chr4	121436869	0	0	0.0	0
chr4	121631963	0	0	0.0	0
chr4	121868474	0	0	0.0	0
chr4	121984295	0	0	0.0	0
chr4	122062232	1	30	0.4348	1
chr4	122195414	1	8	0.0964	1
chr4	122350791	0	0	0.0	0
chr4	122435447	0	0	0.0	0
chr4	122835457	0	0	0.0	0
chr4	122894076	0	0	0.0	0
chr4	122923774	0	0	0.0	0
chr4	123198920	0	0	0.0	0
chr4	123269308	0	0	0.0	0
chr4	123464055	0	0	0.0	0
chr4	123559885	0	0	0.0	0
chr4	123819432	0	0	0.0	0
chr4	123870001	0	0	0.0	0
chr4	123933837	0	0	0.0	0
chr4	124156015	0	0	0.0	0
chr4	124183293	0	0	0.0	0
chr4	124338773	0	0	0.0	0
chr4	124477680	0	0	0.0	0
chr4	124562278	0	0	0.0	0
chr4	124716277	0	0	0.0	0
chr4	124719170	1	5	0.2	1
chr4	125028567	0	0	0.0	0
chr4	125129989	0	0	0.0	0
chr4	125297376	0	0	0.0	0
chr4	125357169	0	0	0.0	0
chr4	125369707	0	0	0.0	0
chr4	125676433	0	0	0.0	0
chr4	126011360	0	0	0.0	0
chr4	126080907	0	0	0.0	0
chr4	126370816	0	0	0.0	0
chr4	126616489	0	0	0.0	0
chr4	126775376	0	0	0.0	0
chr4	126815984	0	0	0.0	0
chr4	127002320	0	0	0.0	0
chr4	127026989	0	0	0.0	0
chr4	127076646	0	0	0.0	0
chr4	127276921	0	0	0.0	0
chr4	127426344	0	0	0.0	0
chr4	127511105	0	0	0.0	0
chr4	127544576	0	0	0.0	0
chr4	127684121	0	0	0.0	0
chr4	127796365	0	0	0.0	0
chr4	127832782	0	0	0.0	0
chr4	127959192	0	0	0.0	0
chr4	128054741	0	0	0.0	0
chr4	128266598	0	0	0.0	0
chr4	128292477	0	0	0.0	0
chr4	128336780	0	0	0.0	0
chr4	128416064	0	0	0.0	0
chr4	128631517	0	0	0.0	0
chr4	128783913	0	0	0.0	0
chr4	128930558	0	0	0.0	0
chr4	129024430	0	0	0.0	0
chr4	129091343	0	0	0.0	0
chr4	129239446	0	0	0.0	0
chr4	129283988	0	0	0.0	0
chr4	129376084	0	0	0.0	0
chr4	129489965	0	0	0.0	0
chr4	129566560	0	0	0.0	0
chr4	129623365	0	0	0.0	0
chr4	129881197	0	0	0.0	0
chr4	129959918	0	0	0.0	0
chr4	130036698	0	0	0.0	0
chr4	130292947	1	21	0.3559	1
chr4	130397489	0	0	0.0	0
chr4	130753925	1	19	0.6786	1
chr4	130866572	0	0	0.0	0
chr4	130932491	0	0	0.0	0
chr4	130990578	0	0	0.0	0
chr4	131039687	0	0	0.0	0
chr4	131040506	0	0	0.0	0
chr4	131210510	0	0	0.0	0
chr4	131275058	0	0	0.0	0
chr4	131293441	0	0	0.0	0
chr4	131385908	0	0	0.0	0
chr4	131424944	0	0	0.0	0
chr4	131459685	0	0	0.0	0
chr4	131526492	1	36	0.4932	1
chr4	131721396	0	2	0.0312	0
chr4	131771996	0	0	0.0	0
chr4	131826494	0	0	0.0	0
chr4	131840671	0	0	0.0	0
chr4	132028094	0	0	0.0	0
chr4	132142889	0	0	0.0	0
chr4	132343960	0	0	0.0	0
chr4	132511122	0	0	0.0	0
chr4	132540308	0	1	0.0263	0
chr4	132646407	0	0	0.0	0
chr4	132813544	0	0	0.0	0
chr4	132844990	0	0	0.0	0
chr4	132861860	0	0	0.0	0
chr4	132938911	0	0	0.0	0
chr4	132965619	0	0	0.0	0
chr4	133334212	0	0	0.0	0
chr4	133652160	0	0	0.0	0
chr4	133701837	0	0	0.0	0
chr4	133878781	0	0	0.0	0
chr4	133926571	0	0	0.0	0
chr4	134125044	0	0	0.0	0
chr4	134388159	0	0	0.0	0
chr4	134442456	1	21	0.236	1
chr4	134545621	0	0	0.0	0
chr4	134724883	0	0	0.0	0
chr4	134807064	0	0	0.0	0
chr4	134892107	0	0	0.0	0
chr4	135137466	0	0	0.0	0
chr4	135390729	0	0	0.0	0
chr4	135904241	0	0	0.0	0
chr4	135960476	0	0	0.0	0
chr4	135990890	0	0	0.0	0
chr4	136160335	0	0	0.0	0
chr4	136243420	0	0	0.0	0
chr4	136770142	0	0	0.0	0
chr4	136779148	0	0	0.0	0
chr4	137049551	0	0	0.0	0
chr4	137164037	0	1	0.0125	0
chr4	137215304	0	0	0.0	0
chr4	137454783	0	0	0.0	0
chr4	137612391	0	0	0.0	0
chr4	137711024	0	0	0.0	0
chr4	137801258	0	0	0.0	0
chr4	137826850	0	0	0.0	0
chr4	137946681	0	0	0.0	0
chr4	138036566	0	0	0.0	0
chr4	138039544	0	0	0.0	0
chr4	138101213	0	0	0.0	0
chr4	138124119	0	0	0.0	0
chr4	138337979	0	0	0.0	0
chr4	138833196	0	0	0.0	0
chr4	138911114	0	0	0.0	0
chr4	139048962	0	0	0.0	0
chr4	139054289	0	0	0.0	0
chr4	139102279	0	0	0.0	0
chr4	139129285	0	0	0.0	0
chr4	139140449	0	0	0.0	0
chr4	139286778	0	0	0.0	0
chr4	139319045	0	0	0.0	0
chr4	139395343	0	0	0.0	0
chr4	139417726	0	0	0.0	0
chr4	139425044	0	0	0.0	0
chr4	139785983	0	0	0.0	0
chr4	139793379	0	0	0.0	0
chr4	139870335	0	0	0.0	0
chr4	139955763	0	0	0.0	0
chr4	140086605	0	0	0.0	0
chr4	140152229	0	0	0.0	0
chr4	140232181	0	1	0.0227	0
chr4	140255989	0	0	0.0	0
chr4	140291741	0	0	0.0	0
chr4	140350598	0	0	0.0	0
chr4	140506921	0	0	0.0	0
chr4	140591279	0	0	0.0	0
chr4	140662676	0	0	0.0	0
chr4	140805384	0	0	0.0	0
chr4	141163095	0	0	0.0	0
chr4	141248942	0	0	0.0	0
chr4	141497940	0	0	0.0	0
chr4	141509174	0	0	0.0	0
chr4	141775420	0	0	0.0	0
chr4	141796320	0	0	0.0	0
chr4	141941055	0	0	0.0	0
chr4	142829027	0	0	0.0	0
chr4	142850862	0	0	0.0	0
chr4	142868564	0	0	0.0	0
chr4	142991759	0	0	0.0	0
chr4	143020136	0	0	0.0	0
chr4	143086841	0	1	0.0152	0
chr4	143135067	0	0	0.0	0
chr4	143156456	0	0	0.0	0
chr4	143261999	0	0	0.0	0
chr4	143323718	0	0	0.0	0
chr4	143414084	0	0	0.0	0
chr4	143497950	0	0	0.0	0
chr4	143516568	0	0	0.0	0
chr4	143529980	0	0	0.0	0
chr4	143560945	0	0	0.0	0
chr4	144191350	0	0	0.0	0
chr4	144299631	0	0	0.0	0
chr4	144338379	0	0	0.0	0
chr4	144348547	0	0	0.0	0
chr4	144381546	0	0	0.0	0
chr4	144399388	0	0	0.0	0
chr4	144435221	0	0	0.0	0
chr4	144564280	0	0	0.0	0
chr4	144583759	0	0	0.0	0
chr4	144596164	0	0	0.0	0
chr4	144661277	0	0	0.0	0
chr4	144725932	0	0	0.0	0
chr4	144978218	0	0	0.0	0
chr4	145275705	0	1	0.0278	0
chr4	145323384	0	0	0.0	0
chr4	145378960	0	0	0.0	0
chr4	145545781	0	0	0.0	0
chr4	145673516	0	0	0.0	0
chr4	145740431	0	0	0.0	0
chr4	145758328	0	0	0.0	0
chr4	145891084	0	0	0.0	0
chr4	146131978	0	0	0.0	0
chr4	146184691	0	0	0.0	0
chr4	146280925	0	0	0.0	0
chr4	146420553	0	0	0.0	0
chr4	146457372	0	0	0.0	0
chr4	146527815	0	0	0.0	0
chr4	146529736	0	0	0.0	0
chr4	146596153	0	0	0.0	0
chr4	147064221	0	0	0.0	0
chr4	147144977	0	0	0.0	0
chr4	147272460	0	0	0.0	0
chr4	147561029	0	0	0.0	0
chr4	147636972	0	0	0.0	0
chr4	148174755	0	1	0.0154	0
chr4	148563236	0	0	0.0	0
chr4	148585467	0	0	0.0	0
chr4	148653893	0	1	0.0244	0
chr4	148949650	0	0	0.0	0
chr4	148975410	0	0	0.0	0
chr4	149048190	0	0	0.0	0
chr4	149229801	0	0	0.0	0
chr4	149290787	0	0	0.0	0
chr4	149295202	0	0	0.0	0
chr4	149374872	0	0	0.0	0
chr4	149477820	0	0	0.0	0
chr4	149600839	0	0	0.0	0
chr4	149699814	0	0	0.0	0
chr4	149789577	0	0	0.0	0
chr4	149848273	0	0	0.0	0
chr4	149903818	0	0	0.0	0
chr4	149981765	0	0	0.0	0
chr4	150207722	0	0	0.0	0
chr4	150271651	0	0	0.0	0
chr4	150272177	0	0	0.0	0
chr4	150294438	0	0	0.0	0
chr4	150332583	0	0	0.0	0
chr4	150335826	0	0	0.0	0
chr4	150641236	0	0	0.0	0
chr4	151054127	0	0	0.0	0
chr4	151062935	0	1	0.0189	0
chr4	151155162	0	0	0.0	0
chr4	151232931	0	0	0.0	0
chr4	151259405	0	0	0.0	0
chr4	151283611	0	0	0.0	0
chr4	151809952	0	0	0.0	0
chr4	151821074	0	0	0.0	0
chr4	151860793	0	0	0.0	0
chr4	151862432	0	0	0.0	0
chr4	151883716	0	0	0.0	0
chr4	151935837	0	0	0.0	0
chr4	152185141	0	0	0.0	0
chr4	152204901	0	0	0.0	0
chr4	152434546	0	0	0.0	0
chr4	152522129	0	0	0.0	0
chr4	152539625	0	0	0.0	0
chr4	152540068	0	0	0.0	0
chr4	152873603	0	0	0.0	0
chr4	153006529	0	0	0.0	0
chr4	153402460	0	0	0.0	0
chr4	153413162	0	0	0.0	0
chr4	153459570	0	0	0.0	0
chr4	153651210	0	0	0.0	0
chr4	153660432	0	0	0.0	0
chr4	153660941	0	0	0.0	0
chr4	153709575	0	0	0.0	0
chr4	153902756	0	0	0.0	0
chr4	154031289	0	0	0.0	0
chr4	154074946	0	0	0.0	0
chr4	154130272	0	0	0.0	0
chr4	154141784	0	0	0.0	0
chr4	154165402	0	0	0.0	0
chr4	154289209	0	0	0.0	0
chr4	154292481	0	0	0.0	0
chr4	154301597	0	0	0.0	0
chr4	154413514	0	0	0.0	0
chr4	154428044	0	0	0.0	0
chr4	154510453	0	0	0.0	0
chr4	154598647	0	0	0.0	0
chr4	154601944	0	0	0.0	0
chr4	154843739	0	0	0.0	0
chr4	154899078	0	0	0.0	0
chr4	154904229	0	0	0.0	0
chr4	154911137	0	0	0.0	0
chr4	154926376	0	0	0.0	0
chr4	154981838	0	0	0.0	0
chr4	155021058	0	0	0.0	0
chr4	155034027	0	0	0.0	0
chr4	155162929	0	0	0.0	0
chr4	155177632	0	0	0.0	0
chr4	155212373	0	0	0.0	0
chr4	155242184	0	0	0.0	0
chr4	155492368	0	0	0.0	0
chr4	155585926	0	0	0.0	0
chr4	155723707	0	0	0.0	0
chr4	155801664	0	0	0.0	0
chr4	155974173	0	0	0.0	0
chr4	156059807	0	0	0.0	0
chr4	156496435	0	1	0.0192	0
chr4	156708782	0	0	0.0	0
chr4	156913097	0	0	0.0	0
chr4	157091441	0	0	0.0	0
chr4	157193498	0	0	0.0	0
chr4	157196316	0	0	0.0	0
chr4	157208432	0	0	0.0	0
chr4	157633510	0	0	0.0	0
chr4	157739818	0	0	0.0	0
chr4	157760578	0	0	0.0	0
chr4	157781815	0	0	0.0	0
chr4	157782281	0	0	0.0	0
chr4	157803586	0	0	0.0	0
chr4	158024632	0	0	0.0	0
chr4	158124491	0	0	0.0	0
chr4	158188630	0	0	0.0	0
chr4	158504734	0	0	0.0	0
chr4	158509911	0	0	0.0	0
chr4	158515175	0	0	0.0	0
chr4	158605578	0	0	0.0	0
chr4	158650297	1	51	0.9623	1
chr4	158661527	0	0	0.0	0
chr4	158761023	0	0	0.0	0
chr4	158820174	0	0	0.0	0
chr4	158844192	0	0	0.0	0
chr4	158893074	0	0	0.0	0
chr4	158922400	0	0	0.0	0
chr4	159061949	0	0	0.0	0
chr4	159391691	0	0	0.0	0
chr4	159423534	0	0	0.0	0
chr4	159572014	0	0	0.0	0
chr4	159709004	0	0	0.0	0
chr4	159855028	0	0	0.0	0
chr4	159995291	0	0	0.0	0
chr4	160001947	0	0	0.0	0
chr4	160212436	0	0	0.0	0
chr4	160342345	0	0	0.0	0
chr4	160398969	0	0	0.0	0
chr4	160594677	0	0	0.0	0
chr4	160601398	0	0	0.0	0
chr4	160744843	0	0	0.0	0
chr4	160782969	0	0	0.0	0
chr4	160989095	0	2	0.0323	0
chr4	161004531	0	0	0.0	0
chr4	161112557	0	0	0.0	0
chr4	161509448	0	0	0.0	0
chr4	161930084	0	0	0.0	0
chr4	162076813	0	0	0.0	0
chr4	162181322	0	0	0.0	0
chr4	162274565	0	0	0.0	0
chr4	162599907	0	0	0.0	0
chr4	162613868	0	0	0.0	0
chr4	162700050	0	0	0.0	0
chr4	162876320	0	0	0.0	0
chr4	162969733	0	0	0.0	0
chr4	163354998	0	0	0.0	0
chr4	163460003	0	0	0.0	0
chr4	163490580	0	0	0.0	0
chr4	163609422	0	0	0.0	0
chr4	163618248	0	0	0.0	0
chr4	163799199	0	0	0.0	0
chr4	164187079	0	0	0.0	0
chr4	164223541	0	0	0.0	0
chr4	164294558	0	0	0.0	0
chr4	164484364	0	1	0.0154	0
chr4	164515823	0	0	0.0	0
chr4	164537175	0	0	0.0	0
chr4	164564009	0	0	0.0	0
chr4	164620343	0	0	0.0	0
chr4	164699143	0	0	0.0	0
chr4	164820088	0	0	0.0	0
chr4	164900011	0	0	0.0	0
chr4	164906922	1	49	1.0	1
chr4	165061658	0	0	0.0	0
chr4	165108904	0	0	0.0	0
chr4	165118943	0	0	0.0	0
chr4	165330958	0	0	0.0	0
chr4	165366129	0	0	0.0	0
chr4	165412786	0	0	0.0	0
chr4	165505062	0	0	0.0	0
chr4	165546492	0	0	0.0	0
chr4	165707668	0	0	0.0	0
chr4	166154266	0	0	0.0	0
chr4	166308845	0	0	0.0	0
chr4	166346823	0	0	0.0	0
chr4	166399003	0	0	0.0	0
chr4	166426118	0	0	0.0	0
chr4	166567058	0	0	0.0	0
chr4	166769469	0	0	0.0	0
chr4	167460392	0	0	0.0	0
chr4	167483983	0	0	0.0	0
chr4	168195770	0	0	0.0	0
chr4	168271139	0	0	0.0	0
chr4	168331234	0	0	0.0	0
chr4	168646071	0	0	0.0	0
chr4	168695691	0	0	0.0	0
chr4	168777126	0	2	0.0357	0
chr4	168840533	0	0	0.0	0
chr4	169059551	0	0	0.0	0
chr4	169386370	0	0	0.0	0
chr4	169441110	0	0	0.0	0
chr4	169471436	0	0	0.0	0
chr4	169471982	0	0	0.0	0
chr4	169554207	0	0	0.0	0
chr4	169905978	0	0	0.0	0
chr4	169907004	0	0	0.0	0
chr4	169974374	0	0	0.0	0
chr4	169985821	0	2	0.0312	0
chr4	170308448	0	1	0.0154	0
chr4	170487687	0	1	0.027	0
chr4	170626018	0	0	0.0	0
chr4	170645662	0	0	0.0	0
chr4	170662603	0	0	0.0	0
chr4	170808233	0	0	0.0	0
chr4	170902825	0	0	0.0	0
chr4	171376902	0	0	0.0	0
chr4	171572915	0	0	0.0	0
chr4	171584395	0	0	0.0	0
chr4	171707220	0	0	0.0	0
chr4	171838505	0	0	0.0	0
chr4	171840405	0	0	0.0	0
chr4	171929333	0	0	0.0	0
chr4	172080392	0	0	0.0	0
chr4	172373654	0	0	0.0	0
chr4	172446499	0	0	0.0	0
chr4	172449629	0	0	0.0	0
chr4	172682781	0	0	0.0	0
chr4	172726463	0	1	0.0154	0
chr4	172941481	0	0	0.0	0
chr4	173156790	0	0	0.0	0
chr4	173201297	0	0	0.0	0
chr4	173312752	0	0	0.0	0
chr4	173379961	0	0	0.0	0
chr4	173407862	0	0	0.0	0
chr4	173584748	0	0	0.0	0
chr4	173618532	0	0	0.0	0
chr4	173968175	0	0	0.0	0
chr4	174124496	0	0	0.0	0
chr4	174702843	0	0	0.0	0
chr4	174949450	0	0	0.0	0
chr4	174990686	0	0	0.0	0
chr4	175050455	0	0	0.0	0
chr4	175078517	0	0	0.0	0
chr4	175495103	0	0	0.0	0
chr4	175605307	0	0	0.0	0
chr4	175648842	0	0	0.0	0
chr4	175670024	1	37	0.5522	1
chr4	175738199	0	0	0.0	0
chr4	175863256	0	0	0.0	0
chr4	175938827	0	0	0.0	0
chr4	175991525	0	0	0.0	0
chr4	176197695	0	0	0.0	0
chr4	176221465	0	0	0.0	0
chr4	176240771	0	0	0.0	0
chr4	176286440	0	0	0.0	0
chr4	176304866	0	0	0.0	0
chr4	176334081	0	0	0.0	0
chr4	176392854	0	0	0.0	0
chr4	176470373	0	0	0.0	0
chr4	176562996	0	0	0.0	0
chr4	176617639	0	0	0.0	0
chr4	176701704	0	0	0.0	0
chr4	176786259	0	0	0.0	0
chr4	176993399	0	0	0.0	0
chr4	177034775	0	0	0.0	0
chr4	177073630	0	0	0.0	0
chr4	177162317	0	0	0.0	0
chr4	177357115	0	0	0.0	0
chr4	177373889	0	0	0.0	0
chr4	177407906	0	0	0.0	0
chr4	177497662	0	0	0.0	0
chr4	177551207	0	0	0.0	0
chr4	178090671	0	0	0.0	0
chr4	178141631	0	0	0.0	0
chr4	178424477	0	0	0.0	0
chr4	178937293	0	0	0.0	0
chr4	178962993	0	0	0.0	0
chr4	178965078	0	0	0.0	0
chr4	179132292	0	1	0.0213	0
chr4	179168442	0	0	0.0	0
chr4	179248069	0	0	0.0	0
chr4	179282221	0	0	0.0	0
chr4	179382590	0	0	0.0	0
chr4	179494546	0	0	0.0	0
chr4	179780753	0	0	0.0	0
chr4	179871569	0	0	0.0	0
chr4	179913088	0	0	0.0	0
chr4	180067316	0	0	0.0	0
chr4	180130199	0	0	0.0	0
chr4	180230587	0	0	0.0	0
chr4	180371878	0	0	0.0	0
chr4	180458982	0	0	0.0	0
chr4	180625921	0	0	0.0	0
chr4	180765532	0	0	0.0	0
chr4	180814428	0	0	0.0	0
chr4	180902132	0	0	0.0	0
chr4	181235354	0	0	0.0	0
chr4	181528217	0	0	0.0	0
chr4	181543464	0	0	0.0	0
chr4	181675739	0	0	0.0	0
chr4	181927315	0	0	0.0	0
chr4	181948868	0	0	0.0	0
chr4	182204694	0	0	0.0	0
chr4	182288797	0	0	0.0	0
chr4	182324112	0	0	0.0	0
chr4	182396329	0	0	0.0	0
chr4	182503456	0	0	0.0	0
chr4	182619897	0	0	0.0	0
chr4	182738360	0	0	0.0	0
chr4	183017503	0	0	0.0	0
chr4	183138896	0	0	0.0	0
chr4	183314451	0	0	0.0	0
chr4	183359488	1	71	0.8554	1
chr4	183389884	0	0	0.0	0
chr4	183428234	0	1	0.0133	0
chr4	183659377	0	0	0.0	0
chr4	183706679	0	0	0.0	0
chr4	183724886	0	0	0.0	0
chr4	183745713	0	0	0.0	0
chr4	183912298	0	0	0.0	0
chr4	183928402	0	0	0.0	0
chr4	183945254	0	0	0.0	0
chr4	183990828	0	0	0.0	0
chr4	184035201	0	0	0.0	0
chr4	184068118	0	0	0.0	0
chr4	184072817	0	0	0.0	0
chr4	184143323	0	0	0.0	0
chr4	184204239	0	0	0.0	0
chr4	184254686	0	0	0.0	0
chr4	184261444	0	0	0.0	0
chr4	184380904	0	0	0.0	0
chr4	184382425	0	0	0.0	0
chr4	184384912	0	0	0.0	0
chr4	184394982	0	0	0.0	0
chr4	184483026	0	0	0.0	0
chr4	184484280	0	0	0.0	0
chr4	184949626	0	0	0.0	0
chr4	185001481	0	0	0.0	0
chr4	185104031	0	0	0.0	0
chr4	185331708	0	0	0.0	0
chr4	185505055	0	0	0.0	0
chr4	185537086	0	0	0.0	0
chr4	185544575	0	0	0.0	0
chr4	185587296	2	10	0.25	1
chr4	185859908	0	0	0.0	0
chr4	185872781	0	0	0.0	0
chr4	186178108	0	0	0.0	0
chr4	186278322	0	0	0.0	0
chr4	186343238	0	0	0.0	0
chr4	186485882	0	0	0.0	0
chr4	186515700	0	0	0.0	0
chr4	186624880	0	0	0.0	0
chr4	186670973	0	0	0.0	0
chr4	186778329	0	0	0.0	0
chr4	186790684	0	0	0.0	0
chr4	186830211	0	0	0.0	0
chr4	187174751	0	0	0.0	0
chr4	187314575	0	0	0.0	0
chr4	187327069	0	0	0.0	0
chr4	187372863	0	0	0.0	0
chr4	187429089	0	0	0.0	0
chr4	187629021	0	0	0.0	0
chr4	187659873	0	0	0.0	0
chr4	187681663	0	0	0.0	0
chr4	187687535	0	0	0.0	0
chr4	187871496	0	0	0.0	0
chr4	187883598	0	0	0.0	0
chr4	188044783	0	0	0.0	0
chr4	188154741	0	0	0.0	0
chr4	188179329	0	0	0.0	0
chr4	188298992	0	0	0.0	0
chr4	188336327	0	1	0.027	0
chr4	188754862	0	0	0.0	0
chr4	188988373	0	0	0.0	0
chr4	189026381	0	0	0.0	0
chr4	189053805	0	0	0.0	0
chr4	189058967	0	0	0.0	0
chr4	189115822	0	0	0.0	0
chr4	189254315	0	0	0.0	0
chr4	189280993	0	0	0.0	0
chr4	189343402	0	0	0.0	0
chr4	189401596	0	0	0.0	0
chr4	189498260	0	0	0.0	0
chr4	189504941	0	0	0.0	0
chr4	189984453	0	0	0.0	0
chr4_GL000008v2_random	4752	0	0	0.0	0
chr4_GL000008v2_random	96551	0	0	0.0	0
chr4_GL000257v2_alt	114744	0	0	0.0	0
chr4_GL000257v2_alt	301410	0	0	0.0	0
chr4_GL383528v1_alt	278689	0	0	0.0	0
chr4_KI270787v1_alt	50085	0	0	0.0	0
chr4_KI270788v1_alt	80484	0	0	0.0	0
chr4_KI270896v1_alt	321984	0	0	0.0	0
chr4_KI270925v1_alt	136468	0	0	0.0	0
chr5	21104	0	0	0.0	0
chr5	270456	1	27	0.4426	1
chr5	355292	0	0	0.0	0
chr5	416009	0	0	0.0	0
chr5	545879	0	0	0.0	0
chr5	877909	0	0	0.0	0
chr5	900582	0	0	0.0	0
chr5	917022	0	0	0.0	0
chr5	994013	0	0	0.0	0
chr5	1077361	0	0	0.0	0
chr5	1120833	0	0	0.0	0
chr5	1148921	0	0	0.0	0
chr5	1170966	0	0	0.0	0
chr5	1181930	0	0	0.0	0
chr5	1242559	0	0	0.0	0
chr5	1330340	0	0	0.0	0
chr5	1380069	0	0	0.0	0
chr5	1390451	0	0	0.0	0
chr5	1394027	0	0	0.0	0
chr5	1430768	0	0	0.0	0
chr5	1496011	0	0	0.0	0
chr5	1549624	0	0	0.0	0
chr5	1566291	0	0	0.0	0
chr5	1573060	0	0	0.0	0
chr5	1601058	0	0	0.0	0
chr5	1739368	0	0	0.0	0
chr5	1781999	0	0	0.0	0
chr5	1939276	0	2	0.0417	0
chr5	1951454	0	0	0.0	0
chr5	2073464	0	0	0.0	0
chr5	2110806	0	0	0.0	0
chr5	2117286	0	0	0.0	0
chr5	2144489	0	0	0.0	0
chr5	2213547	0	0	0.0	0
chr5	2226974	0	0	0.0	0
chr5	2278563	0	0	0.0	0
chr5	2319592	0	0	0.0	0
chr5	2370983	1	70	0.7527	1
chr5	2421612	0	0	0.0	0
chr5	2433915	0	0	0.0	0
chr5	2449704	0	0	0.0	0
chr5	2457875	0	0	0.0	0
chr5	2477863	0	0	0.0	0
chr5	2634564	0	0	0.0	0
chr5	2642883	0	0	0.0	0
chr5	2701144	0	0	0.0	0
chr5	2709184	0	0	0.0	0
chr5	2714739	0	0	0.0	0
chr5	2895504	0	0	0.0	0
chr5	2919071	0	0	0.0	0
chr5	2986113	0	1	0.0222	0
chr5	3062822	0	0	0.0	0
chr5	3077663	0	0	0.0	0
chr5	3097653	0	0	0.0	0
chr5	3109408	0	0	0.0	0
chr5	3110651	0	0	0.0	0
chr5	3145751	0	0	0.0	0
chr5	3249096	0	2	0.0488	0
chr5	3286190	0	0	0.0	0
chr5	3357885	0	0	0.0	0
chr5	3420346	0	0	0.0	0
chr5	3422186	0	0	0.0	0
chr5	3474797	0	1	0.0122	0
chr5	3602560	0	0	0.0	0
chr5	3713182	0	0	0.0	0
chr5	3734737	0	0	0.0	0
chr5	3885067	0	0	0.0	0
chr5	3964172	0	0	0.0	0
chr5	3994812	0	0	0.0	0
chr5	4077030	0	0	0.0	0
chr5	4241147	0	0	0.0	0
chr5	4312192	0	0	0.0	0
chr5	4461586	0	0	0.0	0
chr5	4494154	0	0	0.0	0
chr5	4511948	0	0	0.0	0
chr5	4579697	0	1	0.0208	0
chr5	4836992	0	0	0.0	0
chr5	4946755	0	0	0.0	0
chr5	5032118	0	0	0.0	0
chr5	5070913	0	0	0.0	0
chr5	5105828	0	0	0.0	0
chr5	5111544	0	0	0.0	0
chr5	5142306	0	0	0.0	0
chr5	5146282	0	0	0.0	0
chr5	5159153	0	0	0.0	0
chr5	5177305	0	0	0.0	0
chr5	5251944	0	0	0.0	0
chr5	5272783	0	0	0.0	0
chr5	5283311	0	0	0.0	0
chr5	5386584	0	0	0.0	0
chr5	5514916	0	0	0.0	0
chr5	5621738	0	0	0.0	0
chr5	5634818	0	0	0.0	0
chr5	5693907	0	0	0.0	0
chr5	5720137	0	0	0.0	0
chr5	5799854	0	0	0.0	0
chr5	5864210	0	0	0.0	0
chr5	5968665	0	0	0.0	0
chr5	6216893	0	0	0.0	0
chr5	6369678	0	0	0.0	0
chr5	6376202	0	0	0.0	0
chr5	6462745	0	0	0.0	0
chr5	6577939	0	0	0.0	0
chr5	6748286	0	0	0.0	0
chr5	6908011	0	0	0.0	0
chr5	7000902	0	0	0.0	0
chr5	7162674	0	0	0.0	0
chr5	7171427	0	0	0.0	0
chr5	7237956	0	0	0.0	0
chr5	7247121	0	0	0.0	0
chr5	7367827	0	0	0.0	0
chr5	7426012	0	0	0.0	0
chr5	7502133	0	0	0.0	0
chr5	7557947	0	0	0.0	0
chr5	7664050	0	0	0.0	0
chr5	7677655	0	0	0.0	0
chr5	7681724	0	0	0.0	0
chr5	7704296	0	0	0.0	0
chr5	8038292	0	0	0.0	0
chr5	8098307	0	0	0.0	0
chr5	8115897	0	0	0.0	0
chr5	8213443	0	0	0.0	0
chr5	8249086	0	0	0.0	0
chr5	8363154	0	0	0.0	0
chr5	8545904	0	0	0.0	0
chr5	8589407	0	0	0.0	0
chr5	8945586	0	0	0.0	0
chr5	8965031	0	0	0.0	0
chr5	9014621	0	0	0.0	0
chr5	9033513	0	0	0.0	0
chr5	9203810	0	1	0.0167	0
chr5	9219448	0	0	0.0	0
chr5	9272713	0	0	0.0	0
chr5	9297286	0	0	0.0	0
chr5	9314929	0	0	0.0	0
chr5	9324800	0	0	0.0	0
chr5	9372798	0	0	0.0	0
chr5	9449387	0	0	0.0	0
chr5	9725703	0	0	0.0	0
chr5	9782666	0	0	0.0	0
chr5	9829363	0	0	0.0	0
chr5	9893052	0	0	0.0	0
chr5	9905052	0	0	0.0	0
chr5	10080240	0	0	0.0	0
chr5	10127442	0	0	0.0	0
chr5	10128133	0	0	0.0	0
chr5	10187992	0	0	0.0	0
chr5	10430139	0	0	0.0	0
chr5	10516473	0	0	0.0	0
chr5	10618753	0	0	0.0	0
chr5	10619707	0	0	0.0	0
chr5	10659669	0	0	0.0	0
chr5	10674062	0	0	0.0	0
chr5	10729702	0	0	0.0	0
chr5	10957732	0	0	0.0	0
chr5	10958995	0	0	0.0	0
chr5	11084603	0	0	0.0	0
chr5	11143670	0	0	0.0	0
chr5	11154252	0	0	0.0	0
chr5	11186943	0	0	0.0	0
chr5	11192995	0	1	0.0145	0
chr5	11219998	0	0	0.0	0
chr5	11224708	0	0	0.0	0
chr5	11262881	0	0	0.0	0
chr5	11364380	0	0	0.0	0
chr5	11390701	0	0	0.0	0
chr5	11415201	0	0	0.0	0
chr5	11582247	0	0	0.0	0
chr5	11689906	0	0	0.0	0
chr5	11915914	0	0	0.0	0
chr5	11959048	0	0	0.0	0
chr5	11983865	0	0	0.0	0
chr5	12080590	0	0	0.0	0
chr5	12413457	0	0	0.0	0
chr5	12624033	0	0	0.0	0
chr5	12715553	0	0	0.0	0
chr5	12728288	0	0	0.0	0
chr5	12861387	0	0	0.0	0
chr5	13017902	0	0	0.0	0
chr5	13030874	0	0	0.0	0
chr5	13166892	0	1	0.0147	0
chr5	13232438	0	0	0.0	0
chr5	13318013	0	0	0.0	0
chr5	13323621	0	0	0.0	0
chr5	13397875	0	0	0.0	0
chr5	13459252	0	0	0.0	0
chr5	13459409	0	0	0.0	0
chr5	13635664	0	0	0.0	0
chr5	13686210	0	0	0.0	0
chr5	13782237	0	0	0.0	0
chr5	13817493	0	0	0.0	0
chr5	14034913	0	1	0.0204	0
chr5	14172008	0	0	0.0	0
chr5	14254588	0	0	0.0	0
chr5	14358126	0	0	0.0	0
chr5	14410516	0	0	0.0	0
chr5	14488116	0	0	0.0	0
chr5	14553557	0	0	0.0	0
chr5	14632981	0	0	0.0	0
chr5	14845728	0	0	0.0	0
chr5	15077608	0	0	0.0	0
chr5	15257840	0	0	0.0	0
chr5	15580833	0	0	0.0	0
chr5	15786371	0	0	0.0	0
chr5	16041982	0	0	0.0	0
chr5	16125120	0	0	0.0	0
chr5	16180347	0	0	0.0	0
chr5	16346708	0	0	0.0	0
chr5	16422195	0	0	0.0	0
chr5	16448450	0	0	0.0	0
chr5	16486738	0	0	0.0	0
chr5	16526787	0	0	0.0	0
chr5	16565374	0	0	0.0	0
chr5	16642004	0	1	0.0192	0
chr5	16711227	0	0	0.0	0
chr5	16778231	0	0	0.0	0
chr5	16790396	0	0	0.0	0
chr5	16802995	0	0	0.0	0
chr5	16885402	0	0	0.0	0
chr5	16990118	0	0	0.0	0
chr5	17186998	0	0	0.0	0
chr5	17232787	0	0	0.0	0
chr5	17279334	0	0	0.0	0
chr5	17351113	0	0	0.0	0
chr5	17382892	0	0	0.0	0
chr5	17477449	0	0	0.0	0
chr5	17742104	0	0	0.0	0
chr5	18006514	0	0	0.0	0
chr5	18151747	0	0	0.0	0
chr5	18491681	0	0	0.0	0
chr5	18512487	0	0	0.0	0
chr5	18638096	0	0	0.0	0
chr5	18672410	0	0	0.0	0
chr5	18688569	0	0	0.0	0
chr5	18837985	0	0	0.0	0
chr5	19569451	0	0	0.0	0
chr5	19618439	0	0	0.0	0
chr5	19669819	0	0	0.0	0
chr5	19836355	0	0	0.0	0
chr5	20421211	0	0	0.0	0
chr5	21038845	0	0	0.0	0
chr5	21177467	0	0	0.0	0
chr5	21299818	0	0	0.0	0
chr5	21309566	0	0	0.0	0
chr5	21424723	0	0	0.0	0
chr5	21500281	0	0	0.0	0
chr5	21500997	0	0	0.0	0
chr5	21559172	0	0	0.0	0
chr5	21595024	0	0	0.0	0
chr5	21689136	0	0	0.0	0
chr5	22226329	0	0	0.0	0
chr5	22791227	0	0	0.0	0
chr5	22887468	0	0	0.0	0
chr5	22950996	0	0	0.0	0
chr5	23261096	0	0	0.0	0
chr5	23405275	0	0	0.0	0
chr5	23528020	0	0	0.0	0
chr5	23761354	0	0	0.0	0
chr5	23987228	0	0	0.0	0
chr5	24247166	0	0	0.0	0
chr5	24259946	0	0	0.0	0
chr5	24470343	0	0	0.0	0
chr5	24495147	0	0	0.0	0
chr5	24500431	0	0	0.0	0
chr5	24611848	0	0	0.0	0
chr5	25363158	0	0	0.0	0
chr5	25422699	0	0	0.0	0
chr5	25488774	0	0	0.0	0
chr5	25708221	0	0	0.0	0
chr5	25811742	0	0	0.0	0
chr5	25813869	0	0	0.0	0
chr5	25889678	0	0	0.0	0
chr5	25906101	0	0	0.0	0
chr5	25921077	0	0	0.0	0
chr5	26214586	0	0	0.0	0
chr5	26341477	0	0	0.0	0
chr5	26344241	0	0	0.0	0
chr5	26395641	0	0	0.0	0
chr5	26428523	0	0	0.0	0
chr5	26585917	0	0	0.0	0
chr5	26657709	0	0	0.0	0
chr5	26704156	0	0	0.0	0
chr5	26744476	0	0	0.0	0
chr5	27010258	0	0	0.0	0
chr5	27095998	0	0	0.0	0
chr5	27175212	0	0	0.0	0
chr5	27213178	0	0	0.0	0
chr5	27277775	0	0	0.0	0
chr5	27452377	0	0	0.0	0
chr5	27504432	0	0	0.0	0
chr5	27738757	0	0	0.0	0
chr5	27742983	0	0	0.0	0
chr5	27785095	0	0	0.0	0
chr5	28066248	0	0	0.0	0
chr5	28099550	0	0	0.0	0
chr5	28107840	0	0	0.0	0
chr5	28519717	0	0	0.0	0
chr5	28560810	0	0	0.0	0
chr5	28570214	0	0	0.0	0
chr5	28677198	0	0	0.0	0
chr5	28743647	0	0	0.0	0
chr5	28835109	0	0	0.0	0
chr5	28852811	0	0	0.0	0
chr5	28942115	0	0	0.0	0
chr5	29064358	0	0	0.0	0
chr5	29103830	0	0	0.0	0
chr5	29225982	0	0	0.0	0
chr5	29371078	0	0	0.0	0
chr5	29660964	0	0	0.0	0
chr5	29815675	0	1	0.0147	0
chr5	29863230	1	36	0.5217	1
chr5	30023664	0	0	0.0	0
chr5	30037047	0	1	0.0196	0
chr5	30045516	0	0	0.0	0
chr5	30121368	0	0	0.0	0
chr5	30428636	0	0	0.0	0
chr5	30469773	0	0	0.0	0
chr5	30603089	0	0	0.0	0
chr5	30731456	0	0	0.0	0
chr5	30915482	0	0	0.0	0
chr5	31008934	0	0	0.0	0
chr5	31121092	0	0	0.0	0
chr5	31157595	0	0	0.0	0
chr5	31292593	0	0	0.0	0
chr5	31295344	0	0	0.0	0
chr5	31332712	0	0	0.0	0
chr5	31342904	0	0	0.0	0
chr5	31371455	0	0	0.0	0
chr5	31397523	0	0	0.0	0
chr5	31713838	0	0	0.0	0
chr5	31772419	0	0	0.0	0
chr5	31869488	0	0	0.0	0
chr5	31887878	0	0	0.0	0
chr5	31964342	0	0	0.0	0
chr5	31990537	0	0	0.0	0
chr5	32001848	0	0	0.0	0
chr5	32017330	0	0	0.0	0
chr5	32372590	0	0	0.0	0
chr5	32556338	0	0	0.0	0
chr5	32568651	0	0	0.0	0
chr5	32738333	0	0	0.0	0
chr5	32984373	0	0	0.0	0
chr5	33050839	0	0	0.0	0
chr5	33518550	0	0	0.0	0
chr5	33519094	0	0	0.0	0
chr5	33523866	0	0	0.0	0
chr5	33546659	0	0	0.0	0
chr5	33626169	0	0	0.0	0
chr5	33968315	0	0	0.0	0
chr5	33971566	0	0	0.0	0
chr5	33981137	0	0	0.0	0
chr5	33987331	0	0	0.0	0
chr5	34100167	0	0	0.0	0
chr5	34176640	0	0	0.0	0
chr5	34177357	0	0	0.0	0
chr5	34463035	0	0	0.0	0
chr5	34564630	0	0	0.0	0
chr5	34656271	0	0	0.0	0
chr5	34731842	0	0	0.0	0
chr5	34786689	0	0	0.0	0
chr5	34788510	0	0	0.0	0
chr5	34921281	0	1	0.0263	0
chr5	34967078	0	0	0.0	0
chr5	35051159	0	0	0.0	0
chr5	35062143	0	0	0.0	0
chr5	35115595	0	0	0.0	0
chr5	35141266	0	0	0.0	0
chr5	35160983	0	0	0.0	0
chr5	35221904	0	0	0.0	0
chr5	35234240	0	0	0.0	0
chr5	35284316	0	0	0.0	0
chr5	35301617	0	0	0.0	0
chr5	35424706	0	0	0.0	0
chr5	35432540	0	0	0.0	0
chr5	35473299	0	0	0.0	0
chr5	35708019	0	0	0.0	0
chr5	35837091	0	0	0.0	0
chr5	35871940	0	0	0.0	0
chr5	36160782	0	0	0.0	0
chr5	36383853	0	0	0.0	0
chr5	36391048	0	0	0.0	0
chr5	36450376	0	0	0.0	0
chr5	36455986	0	0	0.0	0
chr5	36460909	0	0	0.0	0
chr5	36465527	0	0	0.0	0
chr5	36562855	0	0	0.0	0
chr5	36674365	0	0	0.0	0
chr5	36677056	0	0	0.0	0
chr5	36718104	0	0	0.0	0
chr5	36746725	0	1	0.0152	0
chr5	36836471	0	0	0.0	0
chr5	37026883	0	0	0.0	0
chr5	37183217	0	0	0.0	0
chr5	37392605	0	0	0.0	0
chr5	37656817	0	0	0.0	0
chr5	37847630	0	0	0.0	0
chr5	37927385	0	0	0.0	0
chr5	37990426	0	0	0.0	0
chr5	38243063	0	0	0.0	0
chr5	38263171	0	0	0.0	0
chr5	38287195	0	0	0.0	0
chr5	38326164	0	0	0.0	0
chr5	38370244	0	0	0.0	0
chr5	38422030	0	0	0.0	0
chr5	38446448	0	0	0.0	0
chr5	38597790	0	0	0.0	0
chr5	38699925	0	0	0.0	0
chr5	38814965	1	29	0.7838	1
chr5	38923037	0	0	0.0	0
chr5	38972245	0	0	0.0	0
chr5	39579908	0	0	0.0	0
chr5	39584085	0	0	0.0	0
chr5	39744549	0	0	0.0	0
chr5	40035111	0	0	0.0	0
chr5	40060916	0	0	0.0	0
chr5	40154833	0	0	0.0	0
chr5	40381873	0	0	0.0	0
chr5	40402008	0	0	0.0	0
chr5	40422502	0	0	0.0	0
chr5	40620775	0	1	0.0222	0
chr5	40696545	0	0	0.0	0
chr5	40904401	0	0	0.0	0
chr5	41019112	0	0	0.0	0
chr5	41362310	0	0	0.0	0
chr5	41399755	0	0	0.0	0
chr5	41645737	0	0	0.0	0
chr5	41652531	0	0	0.0	0
chr5	41686657	0	0	0.0	0
chr5	41867271	0	0	0.0	0
chr5	41937043	0	0	0.0	0
chr5	41954473	0	0	0.0	0
chr5	42114406	0	0	0.0	0
chr5	42127834	0	0	0.0	0
chr5	42399662	0	0	0.0	0
chr5	42828915	0	0	0.0	0
chr5	43233047	0	0	0.0	0
chr5	43315504	0	1	0.0161	0
chr5	43354124	0	0	0.0	0
chr5	43483975	0	0	0.0	0
chr5	43566370	0	0	0.0	0
chr5	43748476	0	0	0.0	0
chr5	43764243	0	0	0.0	0
chr5	43930069	0	0	0.0	0
chr5	44050465	0	0	0.0	0
chr5	44391942	0	0	0.0	0
chr5	44467143	0	0	0.0	0
chr5	44553181	0	0	0.0	0
chr5	44722964	0	0	0.0	0
chr5	44747303	0	0	0.0	0
chr5	44980875	0	0	0.0	0
chr5	45225336	0	0	0.0	0
chr5	45347248	0	0	0.0	0
chr5	45998703	0	0	0.0	0
chr5	46072311	0	0	0.0	0
chr5	46164222	0	0	0.0	0
chr5	46183331	0	0	0.0	0
chr5	46230679	0	0	0.0	0
chr5	46295420	0	0	0.0	0
chr5	46359165	0	0	0.0	0
chr5	46362857	0	0	0.0	0
chr5	46397189	0	0	0.0	0
chr5	50293217	0	0	0.0	0
chr5	50315415	0	0	0.0	0
chr5	50336754	0	0	0.0	0
chr5	50408047	0	0	0.0	0
chr5	50470564	0	0	0.0	0
chr5	50601070	0	0	0.0	0
chr5	50900613	0	0	0.0	0
chr5	50922840	0	0	0.0	0
chr5	51061136	0	0	0.0	0
chr5	51272770	0	0	0.0	0
chr5	51341944	0	0	0.0	0
chr5	51349538	0	0	0.0	0
chr5	51358523	0	0	0.0	0
chr5	51994068	1	68	0.8947	1
chr5	52040940	0	0	0.0	0
chr5	52062208	0	0	0.0	0
chr5	52141159	0	0	0.0	0
chr5	52875313	0	0	0.0	0
chr5	52875686	0	0	0.0	0
chr5	52989185	0	0	0.0	0
chr5	53006503	0	0	0.0	0
chr5	53043001	0	1	0.0227	0
chr5	53167932	0	0	0.0	0
chr5	53169541	0	0	0.0	0
chr5	53191205	0	0	0.0	0
chr5	53207669	0	0	0.0	0
chr5	53405459	0	0	0.0	0
chr5	53470560	0	0	0.0	0
chr5	53631746	0	0	0.0	0
chr5	53640347	0	0	0.0	0
chr5	53822758	0	0	0.0	0
chr5	53940298	0	0	0.0	0
chr5	54022089	0	0	0.0	0
chr5	54089861	0	0	0.0	0
chr5	54142911	0	0	0.0	0
chr5	54369572	0	0	0.0	0
chr5	54395376	0	0	0.0	0
chr5	54398890	0	1	0.0152	0
chr5	54504860	0	0	0.0	0
chr5	54640175	0	0	0.0	0
chr5	54934666	0	0	0.0	0
chr5	55200276	1	6	0.0857	1
chr5	55558759	0	0	0.0	0
chr5	55632674	0	0	0.0	0
chr5	55663215	0	0	0.0	0
chr5	55676639	0	0	0.0	0
chr5	55868441	0	0	0.0	0
chr5	55879322	0	0	0.0	0
chr5	55909069	0	0	0.0	0
chr5	56100287	0	0	0.0	0
chr5	56201095	0	0	0.0	0
chr5	56213127	0	0	0.0	0
chr5	56235213	0	0	0.0	0
chr5	56289103	0	0	0.0	0
chr5	56468091	0	0	0.0	0
chr5	56476483	0	0	0.0	0
chr5	56537569	0	0	0.0	0
chr5	56715456	0	0	0.0	0
chr5	56749305	0	0	0.0	0
chr5	56756631	0	0	0.0	0
chr5	56887256	0	0	0.0	0
chr5	57268509	0	0	0.0	0
chr5	57327596	0	0	0.0	0
chr5	57328947	0	0	0.0	0
chr5	57746295	0	0	0.0	0
chr5	57761030	0	0	0.0	0
chr5	57762456	0	0	0.0	0
chr5	57924053	0	0	0.0	0
chr5	57971892	0	0	0.0	0
chr5	58126302	0	0	0.0	0
chr5	58524487	0	0	0.0	0
chr5	58606765	0	0	0.0	0
chr5	58647845	0	0	0.0	0
chr5	58649269	0	0	0.0	0
chr5	58667055	0	0	0.0	0
chr5	58775853	0	0	0.0	0
chr5	58786564	0	0	0.0	0
chr5	58898038	0	0	0.0	0
chr5	58903862	0	0	0.0	0
chr5	58916243	0	0	0.0	0
chr5	58948354	0	0	0.0	0
chr5	59062020	0	0	0.0	0
chr5	59236322	0	0	0.0	0
chr5	59330336	0	0	0.0	0
chr5	60001159	0	0	0.0	0
chr5	60222230	0	0	0.0	0
chr5	60336592	0	0	0.0	0
chr5	60351269	0	0	0.0	0
chr5	60729243	0	0	0.0	0
chr5	60838377	0	0	0.0	0
chr5	60965983	0	0	0.0	0
chr5	61013375	0	0	0.0	0
chr5	61156623	0	0	0.0	0
chr5	61214564	0	0	0.0	0
chr5	61262174	0	0	0.0	0
chr5	61275463	0	0	0.0	0
chr5	61280974	0	0	0.0	0
chr5	61307935	0	0	0.0	0
chr5	61390735	0	0	0.0	0
chr5	61485711	0	0	0.0	0
chr5	61590679	0	0	0.0	0
chr5	61645065	0	0	0.0	0
chr5	61685604	0	0	0.0	0
chr5	61727003	0	0	0.0	0
chr5	61756682	0	0	0.0	0
chr5	61764958	0	0	0.0	0
chr5	61798689	0	0	0.0	0
chr5	61813365	0	0	0.0	0
chr5	61847395	0	0	0.0	0
chr5	62008946	0	0	0.0	0
chr5	62051486	0	0	0.0	0
chr5	62124734	0	0	0.0	0
chr5	62195794	0	0	0.0	0
chr5	62342318	0	0	0.0	0
chr5	62418956	0	0	0.0	0
chr5	62523605	0	0	0.0	0
chr5	62628414	0	0	0.0	0
chr5	62774485	0	0	0.0	0
chr5	62941471	0	0	0.0	0
chr5	63112171	0	0	0.0	0
chr5	63304783	0	0	0.0	0
chr5	63358514	0	0	0.0	0
chr5	63373432	0	0	0.0	0
chr5	63444249	0	0	0.0	0
chr5	63954110	0	0	0.0	0
chr5	64227919	0	0	0.0	0
chr5	64243377	0	0	0.0	0
chr5	64258701	0	0	0.0	0
chr5	64407286	0	0	0.0	0
chr5	64544432	0	0	0.0	0
chr5	64765893	0	0	0.0	0
chr5	65100931	0	1	0.0204	0
chr5	65487994	0	0	0.0	0
chr5	65720585	0	0	0.0	0
chr5	65852676	0	0	0.0	0
chr5	66008853	0	0	0.0	0
chr5	66038476	0	0	0.0	0
chr5	66100985	0	0	0.0	0
chr5	66123203	0	0	0.0	0
chr5	66302645	0	0	0.0	0
chr5	66524364	0	0	0.0	0
chr5	66604301	0	0	0.0	0
chr5	66728310	0	0	0.0	0
chr5	66882820	0	0	0.0	0
chr5	66945890	0	0	0.0	0
chr5	66973662	0	0	0.0	0
chr5	67030465	0	0	0.0	0
chr5	67064707	0	0	0.0	0
chr5	67439325	0	0	0.0	0
chr5	67481244	0	0	0.0	0
chr5	67501382	0	0	0.0	0
chr5	67603606	0	0	0.0	0
chr5	67844819	0	0	0.0	0
chr5	67859336	0	0	0.0	0
chr5	67953846	0	0	0.0	0
chr5	67981580	0	0	0.0	0
chr5	68004919	0	0	0.0	0
chr5	68033318	0	0	0.0	0
chr5	68074254	0	0	0.0	0
chr5	68349772	0	0	0.0	0
chr5	68469563	0	0	0.0	0
chr5	68489196	0	0	0.0	0
chr5	68518554	0	0	0.0	0
chr5	68523926	0	0	0.0	0
chr5	68549838	0	0	0.0	0
chr5	68584858	0	0	0.0	0
chr5	68680732	0	0	0.0	0
chr5	68713037	0	0	0.0	0
chr5	68713758	0	0	0.0	0
chr5	68714174	0	0	0.0	0
chr5	68827258	0	0	0.0	0
chr5	68913501	0	0	0.0	0
chr5	69278179	1	56	0.6914	1
chr5	69313496	0	0	0.0	0
chr5	69459941	0	0	0.0	0
chr5	69468872	0	0	0.0	0
chr5	69527892	0	0	0.0	0
chr5	69546253	0	0	0.0	0
chr5	69749750	0	0	0.0	0
chr5	69805514	0	0	0.0	0
chr5	69919342	0	0	0.0	0
chr5	69920038	0	0	0.0	0
chr5	70198085	0	0	0.0	0
chr5	70198781	0	0	0.0	0
chr5	70329693	0	0	0.0	0
chr5	70625062	0	0	0.0	0
chr5	70680409	0	0	0.0	0
chr5	70794390	0	0	0.0	0
chr5	70795086	0	0	0.0	0
chr5	71081644	0	0	0.0	0
chr5	71127399	0	0	0.0	0
chr5	71198476	0	0	0.0	0
chr5	71199172	0	0	0.0	0
chr5	71319212	0	0	0.0	0
chr5	71329009	0	0	0.0	0
chr5	71786469	0	0	0.0	0
chr5	71808240	0	0	0.0	0
chr5	71843230	0	0	0.0	0
chr5	71906906	0	0	0.0	0
chr5	71916221	0	0	0.0	0
chr5	71967031	0	0	0.0	0
chr5	72039960	0	0	0.0	0
chr5	72229692	0	0	0.0	0
chr5	72251131	0	0	0.0	0
chr5	72320073	0	0	0.0	0
chr5	72356269	0	0	0.0	0
chr5	72620311	0	0	0.0	0
chr5	72739262	0	0	0.0	0
chr5	72754696	0	0	0.0	0
chr5	72791666	0	0	0.0	0
chr5	72795673	0	0	0.0	0
chr5	72808900	0	0	0.0	0
chr5	73034346	0	0	0.0	0
chr5	73125927	0	0	0.0	0
chr5	73128607	0	0	0.0	0
chr5	73193867	0	0	0.0	0
chr5	73239495	0	0	0.0	0
chr5	73259355	0	0	0.0	0
chr5	73278500	0	0	0.0	0
chr5	73404865	0	0	0.0	0
chr5	73583974	0	0	0.0	0
chr5	73666157	0	1	0.0156	0
chr5	73925627	0	0	0.0	0
chr5	73928080	0	0	0.0	0
chr5	74038362	0	0	0.0	0
chr5	74276010	0	0	0.0	0
chr5	74323867	0	0	0.0	0
chr5	74337730	0	0	0.0	0
chr5	74480166	0	1	0.012	0
chr5	74513688	0	0	0.0	0
chr5	74587662	0	0	0.0	0
chr5	74726238	0	0	0.0	0
chr5	74861947	0	0	0.0	0
chr5	74916532	0	0	0.0	0
chr5	75293114	0	0	0.0	0
chr5	75306139	0	0	0.0	0
chr5	75314488	0	0	0.0	0
chr5	75479905	0	0	0.0	0
chr5	75566236	0	0	0.0	0
chr5	75582322	0	0	0.0	0
chr5	75617117	0	0	0.0	0
chr5	75774833	0	0	0.0	0
chr5	75831831	0	0	0.0	0
chr5	75917164	0	0	0.0	0
chr5	75963068	0	0	0.0	0
chr5	75968053	0	0	0.0	0
chr5	76074035	0	0	0.0	0
chr5	76074306	0	0	0.0	0
chr5	76082295	0	0	0.0	0
chr5	76155120	0	0	0.0	0
chr5	76188832	0	0	0.0	0
chr5	76349041	0	0	0.0	0
chr5	76612468	0	0	0.0	0
chr5	76711588	0	0	0.0	0
chr5	76940728	0	0	0.0	0
chr5	77134811	0	0	0.0	0
chr5	77279861	0	0	0.0	0
chr5	77338064	0	0	0.0	0
chr5	77518309	0	0	0.0	0
chr5	77537944	0	0	0.0	0
chr5	77629274	0	0	0.0	0
chr5	77708091	0	0	0.0	0
chr5	77790178	0	0	0.0	0
chr5	77803397	0	0	0.0	0
chr5	77913916	0	1	0.0222	0
chr5	77927667	0	0	0.0	0
chr5	77970853	0	0	0.0	0
chr5	77972569	0	0	0.0	0
chr5	77988138	0	0	0.0	0
chr5	78165215	0	1	0.0172	0
chr5	78174499	0	0	0.0	0
chr5	78242346	0	0	0.0	0
chr5	78261556	0	0	0.0	0
chr5	78354384	0	0	0.0	0
chr5	78418235	0	0	0.0	0
chr5	78495496	0	0	0.0	0
chr5	78509806	0	0	0.0	0
chr5	78517301	0	0	0.0	0
chr5	78778991	0	0	0.0	0
chr5	78847250	0	0	0.0	0
chr5	79005241	0	0	0.0	0
chr5	79021500	0	0	0.0	0
chr5	79186881	0	0	0.0	0
chr5	79215625	0	0	0.0	0
chr5	79261980	0	0	0.0	0
chr5	79286966	0	0	0.0	0
chr5	79289209	1	18	0.375	1
chr5	79294539	0	0	0.0	0
chr5	79806943	0	0	0.0	0
chr5	79812628	0	0	0.0	0
chr5	79853854	0	0	0.0	0
chr5	79888636	0	0	0.0	0
chr5	79927476	0	0	0.0	0
chr5	79952311	0	0	0.0	0
chr5	79990137	0	0	0.0	0
chr5	80070449	0	0	0.0	0
chr5	80083391	0	0	0.0	0
chr5	80178788	1	69	0.7841	1
chr5	80181026	0	0	0.0	0
chr5	80184441	0	0	0.0	0
chr5	80351976	0	0	0.0	0
chr5	80435430	0	0	0.0	0
chr5	80456019	0	0	0.0	0
chr5	80615611	0	0	0.0	0
chr5	80648769	0	0	0.0	0
chr5	80655453	0	0	0.0	0
chr5	80711217	0	1	0.0256	0
chr5	80752485	0	0	0.0	0
chr5	80894527	0	0	0.0	0
chr5	81027893	0	0	0.0	0
chr5	81087266	0	0	0.0	0
chr5	81128644	0	0	0.0	0
chr5	81132634	0	0	0.0	0
chr5	81243130	0	0	0.0	0
chr5	81680125	0	0	0.0	0
chr5	81950797	0	0	0.0	0
chr5	81961593	0	0	0.0	0
chr5	81987609	0	0	0.0	0
chr5	82039212	0	0	0.0	0
chr5	82083704	0	0	0.0	0
chr5	82114241	0	0	0.0	0
chr5	82493236	0	0	0.0	0
chr5	82554155	0	0	0.0	0
chr5	82878246	0	0	0.0	0
chr5	82991749	0	0	0.0	0
chr5	83115354	0	0	0.0	0
chr5	83342680	0	0	0.0	0
chr5	83343965	0	0	0.0	0
chr5	83480757	0	0	0.0	0
chr5	83619586	0	0	0.0	0
chr5	83644637	0	0	0.0	0
chr5	83833221	0	0	0.0	0
chr5	84031205	0	0	0.0	0
chr5	84218734	0	0	0.0	0
chr5	84722751	0	1	0.0192	0
chr5	84918784	0	0	0.0	0
chr5	85352051	0	0	0.0	0
chr5	85548562	0	0	0.0	0
chr5	85857843	0	0	0.0	0
chr5	86161846	0	0	0.0	0
chr5	86291662	0	0	0.0	0
chr5	86367028	0	0	0.0	0
chr5	86492270	0	0	0.0	0
chr5	86505723	0	0	0.0	0
chr5	86592752	0	0	0.0	0
chr5	86777635	0	0	0.0	0
chr5	86796153	0	0	0.0	0
chr5	86883488	0	0	0.0	0
chr5	86980107	0	0	0.0	0
chr5	87085287	0	0	0.0	0
chr5	87182580	0	0	0.0	0
chr5	87277159	0	0	0.0	0
chr5	87295106	0	0	0.0	0
chr5	87510900	0	0	0.0	0
chr5	87524629	0	0	0.0	0
chr5	87567397	0	0	0.0	0
chr5	87800727	0	0	0.0	0
chr5	87860494	0	0	0.0	0
chr5	87924277	0	0	0.0	0
chr5	87933091	0	0	0.0	0
chr5	88014982	0	0	0.0	0
chr5	88046332	0	0	0.0	0
chr5	88271285	0	0	0.0	0
chr5	88494444	0	0	0.0	0
chr5	88628395	0	0	0.0	0
chr5	88792988	0	0	0.0	0
chr5	89011027	0	0	0.0	0
chr5	89012678	0	0	0.0	0
chr5	89125975	0	0	0.0	0
chr5	89341791	0	0	0.0	0
chr5	89698365	0	0	0.0	0
chr5	89865167	0	0	0.0	0
chr5	89885475	0	0	0.0	0
chr5	90330162	0	0	0.0	0
chr5	90358057	0	0	0.0	0
chr5	90481917	0	0	0.0	0
chr5	90618184	0	0	0.0	0
chr5	90795294	0	0	0.0	0
chr5	90803749	0	2	0.0357	0
chr5	90899512	0	0	0.0	0
chr5	91009205	0	0	0.0	0
chr5	91060559	0	0	0.0	0
chr5	91143392	0	0	0.0	0
chr5	91216266	0	0	0.0	0
chr5	91233503	0	0	0.0	0
chr5	91246184	0	0	0.0	0
chr5	91288806	0	0	0.0	0
chr5	91301745	0	0	0.0	0
chr5	91396902	0	0	0.0	0
chr5	91437596	0	0	0.0	0
chr5	91882616	0	0	0.0	0
chr5	92055603	0	1	0.0333	0
chr5	92370225	0	0	0.0	0
chr5	92420388	0	0	0.0	0
chr5	92469760	0	0	0.0	0
chr5	92488410	0	0	0.0	0
chr5	92591702	0	0	0.0	0
chr5	92643595	0	0	0.0	0
chr5	92971792	0	0	0.0	0
chr5	93037766	0	0	0.0	0
chr5	93205811	0	0	0.0	0
chr5	93249461	0	0	0.0	0
chr5	93350940	0	0	0.0	0
chr5	93395675	0	0	0.0	0
chr5	93422066	0	0	0.0	0
chr5	93458167	0	0	0.0	0
chr5	93478123	0	0	0.0	0
chr5	93523141	0	0	0.0	0
chr5	93690346	0	0	0.0	0
chr5	94036505	0	0	0.0	0
chr5	94106065	0	0	0.0	0
chr5	94107842	0	0	0.0	0
chr5	94120581	0	0	0.0	0
chr5	94406545	0	0	0.0	0
chr5	94406630	0	0	0.0	0
chr5	94486382	0	0	0.0	0
chr5	94529838	0	0	0.0	0
chr5	94899681	0	0	0.0	0
chr5	95087340	0	0	0.0	0
chr5	95190282	0	0	0.0	0
chr5	95303294	0	0	0.0	0
chr5	95345558	0	0	0.0	0
chr5	95651529	0	0	0.0	0
chr5	95744961	0	0	0.0	0
chr5	95807110	0	0	0.0	0
chr5	95808455	0	1	0.0182	0
chr5	95882090	0	0	0.0	0
chr5	95941639	0	0	0.0	0
chr5	96032906	0	0	0.0	0
chr5	96384654	0	0	0.0	0
chr5	96445322	0	0	0.0	0
chr5	96499546	0	0	0.0	0
chr5	96549816	0	0	0.0	0
chr5	96718902	0	0	0.0	0
chr5	96754405	0	0	0.0	0
chr5	96757735	0	0	0.0	0
chr5	96877715	1	47	0.8393	1
chr5	96885379	0	0	0.0	0
chr5	97102464	0	0	0.0	0
chr5	97263765	0	0	0.0	0
chr5	97319060	0	0	0.0	0
chr5	97460811	0	0	0.0	0
chr5	97601050	0	0	0.0	0
chr5	97651079	0	0	0.0	0
chr5	97689369	0	0	0.0	0
chr5	97728230	0	0	0.0	0
chr5	97849860	0	0	0.0	0
chr5	97860572	0	0	0.0	0
chr5	97921362	0	0	0.0	0
chr5	98079870	0	0	0.0	0
chr5	98601072	0	0	0.0	0
chr5	98640951	0	0	0.0	0
chr5	98681029	0	0	0.0	0
chr5	99028112	0	0	0.0	0
chr5	99273659	0	0	0.0	0
chr5	99474279	0	0	0.0	0
chr5	99718871	0	0	0.0	0
chr5	99783619	0	0	0.0	0
chr5	99821636	0	0	0.0	0
chr5	99928591	0	0	0.0	0
chr5	100100916	0	0	0.0	0
chr5	100112156	0	0	0.0	0
chr5	100216750	0	0	0.0	0
chr5	100801677	0	0	0.0	0
chr5	101128075	0	0	0.0	0
chr5	101271703	0	0	0.0	0
chr5	101387561	0	0	0.0	0
chr5	101535193	0	0	0.0	0
chr5	101635336	0	1	0.02	0
chr5	101667665	0	0	0.0	0
chr5	101715208	0	0	0.0	0
chr5	101798609	0	0	0.0	0
chr5	101874629	0	0	0.0	0
chr5	101903708	0	0	0.0	0
chr5	101914574	0	0	0.0	0
chr5	102013579	0	0	0.0	0
chr5	102138278	0	0	0.0	0
chr5	102410157	0	0	0.0	0
chr5	102452928	0	0	0.0	0
chr5	102569588	0	0	0.0	0
chr5	102579278	0	0	0.0	0
chr5	102660180	0	0	0.0	0
chr5	102682703	0	0	0.0	0
chr5	102812023	0	0	0.0	0
chr5	102903304	0	0	0.0	0
chr5	102963175	0	0	0.0	0
chr5	102966619	0	0	0.0	0
chr5	102997915	0	0	0.0	0
chr5	103026868	0	0	0.0	0
chr5	103313588	0	0	0.0	0
chr5	103388518	0	0	0.0	0
chr5	103476374	0	0	0.0	0
chr5	103713622	0	0	0.0	0
chr5	103837978	0	0	0.0	0
chr5	103858538	0	0	0.0	0
chr5	103884420	0	0	0.0	0
chr5	103924327	0	0	0.0	0
chr5	104019583	0	0	0.0	0
chr5	104093013	0	0	0.0	0
chr5	104104401	0	0	0.0	0
chr5	104235529	0	0	0.0	0
chr5	104681138	0	1	0.0133	0
chr5	104771659	0	0	0.0	0
chr5	104964160	0	1	0.0227	0
chr5	105016640	0	0	0.0	0
chr5	105650073	0	0	0.0	0
chr5	105795330	0	0	0.0	0
chr5	106004742	0	0	0.0	0
chr5	106206102	0	0	0.0	0
chr5	106278876	0	0	0.0	0
chr5	106380364	0	0	0.0	0
chr5	106381029	0	0	0.0	0
chr5	106436298	0	0	0.0	0
chr5	106488718	0	0	0.0	0
chr5	106490384	0	0	0.0	0
chr5	106726353	0	0	0.0	0
chr5	106904808	0	0	0.0	0
chr5	106926753	0	0	0.0	0
chr5	107224016	0	0	0.0	0
chr5	107290020	0	0	0.0	0
chr5	107290287	0	0	0.0	0
chr5	107417279	0	0	0.0	0
chr5	107487595	0	0	0.0	0
chr5	107781911	0	0	0.0	0
chr5	107858607	0	0	0.0	0
chr5	107863904	0	0	0.0	0
chr5	107869162	0	0	0.0	0
chr5	107950757	0	0	0.0	0
chr5	108399630	0	0	0.0	0
chr5	108510794	0	0	0.0	0
chr5	108579950	0	0	0.0	0
chr5	108749435	0	0	0.0	0
chr5	108912695	0	0	0.0	0
chr5	109088782	0	0	0.0	0
chr5	109138830	0	0	0.0	0
chr5	109165280	0	0	0.0	0
chr5	109185138	0	0	0.0	0
chr5	109289883	0	0	0.0	0
chr5	109337994	0	0	0.0	0
chr5	109405639	0	0	0.0	0
chr5	109527960	0	0	0.0	0
chr5	109737731	0	0	0.0	0
chr5	109781247	0	0	0.0	0
chr5	109831150	0	0	0.0	0
chr5	109986200	0	0	0.0	0
chr5	110199549	0	0	0.0	0
chr5	110310170	0	0	0.0	0
chr5	110363223	0	0	0.0	0
chr5	110399283	0	0	0.0	0
chr5	110412103	0	0	0.0	0
chr5	110598860	0	0	0.0	0
chr5	110672426	0	1	0.0196	0
chr5	110693185	0	0	0.0	0
chr5	110788075	0	0	0.0	0
chr5	110843967	0	0	0.0	0
chr5	110882542	0	0	0.0	0
chr5	110909401	0	0	0.0	0
chr5	111078987	0	1	0.02	0
chr5	111801921	0	0	0.0	0
chr5	111926853	0	0	0.0	0
chr5	112144852	0	0	0.0	0
chr5	112181377	0	1	0.0222	0
chr5	112273854	0	0	0.0	0
chr5	112279398	0	0	0.0	0
chr5	112285992	0	0	0.0	0
chr5	112479113	0	0	0.0	0
chr5	112482541	0	0	0.0	0
chr5	112513220	0	1	0.0169	0
chr5	112539246	0	0	0.0	0
chr5	112546419	0	0	0.0	0
chr5	112616919	0	0	0.0	0
chr5	112626801	0	0	0.0	0
chr5	112772480	0	0	0.0	0
chr5	112931700	0	0	0.0	0
chr5	112963339	0	0	0.0	0
chr5	113170881	0	0	0.0	0
chr5	113288068	0	0	0.0	0
chr5	113293385	0	0	0.0	0
chr5	113433351	0	0	0.0	0
chr5	113437009	0	0	0.0	0
chr5	113519588	0	0	0.0	0
chr5	113693669	0	0	0.0	0
chr5	113736329	0	0	0.0	0
chr5	113745795	0	0	0.0	0
chr5	113785492	0	0	0.0	0
chr5	113872602	0	0	0.0	0
chr5	113938043	0	0	0.0	0
chr5	113940830	0	0	0.0	0
chr5	113981106	0	0	0.0	0
chr5	113998989	0	0	0.0	0
chr5	114090965	0	0	0.0	0
chr5	114145051	0	0	0.0	0
chr5	114219050	0	0	0.0	0
chr5	114321092	0	1	0.0256	0
chr5	114354566	0	0	0.0	0
chr5	114374764	0	0	0.0	0
chr5	114440617	0	0	0.0	0
chr5	114490262	0	0	0.0	0
chr5	114534073	0	0	0.0	0
chr5	114598868	0	0	0.0	0
chr5	114609420	0	0	0.0	0
chr5	114834359	0	0	0.0	0
chr5	114894669	0	0	0.0	0
chr5	114993931	0	0	0.0	0
chr5	115000110	0	0	0.0	0
chr5	115118457	0	0	0.0	0
chr5	115202422	0	0	0.0	0
chr5	115299650	0	0	0.0	0
chr5	115393508	0	0	0.0	0
chr5	115409362	0	0	0.0	0
chr5	115551772	0	0	0.0	0
chr5	115624103	0	0	0.0	0
chr5	115709222	0	0	0.0	0
chr5	115978813	0	0	0.0	0
chr5	115981376	0	0	0.0	0
chr5	116033849	0	0	0.0	0
chr5	116034527	0	0	0.0	0
chr5	116180910	0	0	0.0	0
chr5	116322722	0	0	0.0	0
chr5	116423363	0	0	0.0	0
chr5	116591337	0	0	0.0	0
chr5	116854782	0	0	0.0	0
chr5	116884905	0	0	0.0	0
chr5	116978811	0	0	0.0	0
chr5	116992184	0	0	0.0	0
chr5	117044599	0	0	0.0	0
chr5	117065236	0	0	0.0	0
chr5	117270765	0	0	0.0	0
chr5	117438134	0	0	0.0	0
chr5	117639518	0	0	0.0	0
chr5	117658635	0	0	0.0	0
chr5	117666253	0	0	0.0	0
chr5	117939896	0	0	0.0	0
chr5	118463841	0	0	0.0	0
chr5	118480930	0	0	0.0	0
chr5	118520264	1	19	0.3393	1
chr5	118701395	0	0	0.0	0
chr5	118786098	0	0	0.0	0
chr5	118858867	0	0	0.0	0
chr5	118889620	0	0	0.0	0
chr5	118987104	0	0	0.0	0
chr5	119085878	0	0	0.0	0
chr5	119231566	0	0	0.0	0
chr5	119266885	0	0	0.0	0
chr5	119330036	0	0	0.0	0
chr5	119344269	0	1	0.0175	0
chr5	119377449	0	0	0.0	0
chr5	119393122	0	0	0.0	0
chr5	119497299	0	0	0.0	0
chr5	119679563	0	0	0.0	0
chr5	119952192	0	0	0.0	0
chr5	120023346	0	0	0.0	0
chr5	120040831	0	0	0.0	0
chr5	120275507	0	0	0.0	0
chr5	120326057	0	0	0.0	0
chr5	120351052	0	0	0.0	0
chr5	120576801	0	0	0.0	0
chr5	120857122	0	0	0.0	0
chr5	120885761	0	0	0.0	0
chr5	121047252	0	0	0.0	0
chr5	121263423	0	0	0.0	0
chr5	121603001	0	0	0.0	0
chr5	121681312	0	0	0.0	0
chr5	121756020	0	0	0.0	0
chr5	121860393	0	0	0.0	0
chr5	122093152	0	0	0.0	0
chr5	122190352	0	0	0.0	0
chr5	122616809	0	0	0.0	0
chr5	123299357	0	0	0.0	0
chr5	123383755	0	0	0.0	0
chr5	123402942	0	0	0.0	0
chr5	123488625	0	0	0.0	0
chr5	123674487	0	0	0.0	0
chr5	123725382	0	0	0.0	0
chr5	123854730	0	0	0.0	0
chr5	123920517	0	0	0.0	0
chr5	124027396	0	0	0.0	0
chr5	124151813	0	0	0.0	0
chr5	124173590	0	0	0.0	0
chr5	124257055	0	0	0.0	0
chr5	124441118	0	0	0.0	0
chr5	124642528	0	0	0.0	0
chr5	124699806	0	0	0.0	0
chr5	124932826	0	0	0.0	0
chr5	125003861	1	13	0.1884	1
chr5	125091540	0	0	0.0	0
chr5	125106794	0	0	0.0	0
chr5	125201282	0	0	0.0	0
chr5	125288983	0	0	0.0	0
chr5	125441269	0	0	0.0	0
chr5	125463593	0	0	0.0	0
chr5	125543303	0	0	0.0	0
chr5	125880530	0	0	0.0	0
chr5	126044559	0	0	0.0	0
chr5	126223716	0	0	0.0	0
chr5	126336761	0	0	0.0	0
chr5	126648345	0	0	0.0	0
chr5	126728646	0	0	0.0	0
chr5	126800209	0	0	0.0	0
chr5	126820939	0	0	0.0	0
chr5	126973187	0	0	0.0	0
chr5	127136147	0	0	0.0	0
chr5	127302568	0	0	0.0	0
chr5	127611243	0	0	0.0	0
chr5	127658157	0	0	0.0	0
chr5	127679202	0	0	0.0	0
chr5	127865748	0	0	0.0	0
chr5	127873798	0	0	0.0	0
chr5	127968159	0	0	0.0	0
chr5	127992471	0	0	0.0	0
chr5	128096862	0	0	0.0	0
chr5	128181561	0	0	0.0	0
chr5	128195151	0	0	0.0	0
chr5	128731727	0	0	0.0	0
chr5	128798184	0	0	0.0	0
chr5	129008720	0	0	0.0	0
chr5	129203515	0	0	0.0	0
chr5	129244428	0	0	0.0	0
chr5	129250233	0	0	0.0	0
chr5	129331954	0	0	0.0	0
chr5	129458242	0	0	0.0	0
chr5	129584768	0	0	0.0	0
chr5	129751441	0	0	0.0	0
chr5	129771321	0	0	0.0	0
chr5	129803583	0	0	0.0	0
chr5	129816530	0	0	0.0	0
chr5	129826557	0	0	0.0	0
chr5	129930510	2	6	0.3	1
chr5	129964974	0	0	0.0	0
chr5	130006600	0	0	0.0	0
chr5	130017001	0	0	0.0	0
chr5	130074332	0	0	0.0	0
chr5	130293123	0	0	0.0	0
chr5	130686998	0	0	0.0	0
chr5	130841630	0	0	0.0	0
chr5	130894097	0	0	0.0	0
chr5	130925010	0	0	0.0	0
chr5	131149013	0	0	0.0	0
chr5	131222762	0	0	0.0	0
chr5	131352820	0	0	0.0	0
chr5	131364915	0	0	0.0	0
chr5	131451237	0	0	0.0	0
chr5	131688774	0	0	0.0	0
chr5	131712847	0	0	0.0	0
chr5	131765802	0	0	0.0	0
chr5	131776255	0	0	0.0	0
chr5	132003025	0	0	0.0	0
chr5	132003724	0	0	0.0	0
chr5	132066664	0	0	0.0	0
chr5	132077969	0	0	0.0	0
chr5	132156737	0	0	0.0	0
chr5	132165845	0	0	0.0	0
chr5	132272130	0	0	0.0	0
chr5	132281693	0	0	0.0	0
chr5	132452479	0	0	0.0	0
chr5	132666622	0	0	0.0	0
chr5	132754773	0	0	0.0	0
chr5	132785613	0	0	0.0	0
chr5	133115230	0	0	0.0	0
chr5	133248951	0	0	0.0	0
chr5	133309493	0	0	0.0	0
chr5	133366614	0	0	0.0	0
chr5	133381925	0	0	0.0	0
chr5	133447075	0	0	0.0	0
chr5	133489554	0	0	0.0	0
chr5	133499098	0	0	0.0	0
chr5	133581429	0	0	0.0	0
chr5	133590523	0	0	0.0	0
chr5	133667245	1	70	0.8642	1
chr5	133727046	0	0	0.0	0
chr5	133813099	0	0	0.0	0
chr5	133815195	0	0	0.0	0
chr5	133847100	0	0	0.0	0
chr5	133893564	0	0	0.0	0
chr5	133908124	0	0	0.0	0
chr5	133992955	0	0	0.0	0
chr5	134039889	0	0	0.0	0
chr5	134053650	0	0	0.0	0
chr5	134090806	0	1	0.0172	0
chr5	134097518	0	0	0.0	0
chr5	134179037	0	0	0.0	0
chr5	134320468	0	0	0.0	0
chr5	134438001	0	0	0.0	0
chr5	134462453	0	0	0.0	0
chr5	134559268	0	0	0.0	0
chr5	134572175	0	0	0.0	0
chr5	135103411	0	0	0.0	0
chr5	135169705	0	0	0.0	0
chr5	135215912	0	0	0.0	0
chr5	135295071	0	0	0.0	0
chr5	135373808	0	0	0.0	0
chr5	135401316	0	0	0.0	0
chr5	135414492	0	0	0.0	0
chr5	135487763	0	0	0.0	0
chr5	135551822	0	0	0.0	0
chr5	135575109	0	0	0.0	0
chr5	135679254	0	0	0.0	0
chr5	135691566	0	1	0.0169	0
chr5	135867843	0	0	0.0	0
chr5	135887634	0	0	0.0	0
chr5	136073321	0	0	0.0	0
chr5	136133520	0	0	0.0	0
chr5	136270099	0	1	0.0217	0
chr5	136311949	0	0	0.0	0
chr5	136635092	0	0	0.0	0
chr5	136725543	0	0	0.0	0
chr5	136767391	0	0	0.0	0
chr5	137028926	0	0	0.0	0
chr5	137409100	0	0	0.0	0
chr5	137410584	0	0	0.0	0
chr5	137433423	0	0	0.0	0
chr5	137637432	0	0	0.0	0
chr5	137642751	0	0	0.0	0
chr5	137746852	0	0	0.0	0
chr5	137801107	0	0	0.0	0
chr5	138127207	0	0	0.0	0
chr5	138289610	0	0	0.0	0
chr5	138440305	0	1	0.0159	0
chr5	138451033	0	0	0.0	0
chr5	138614976	0	0	0.0	0
chr5	138636783	0	0	0.0	0
chr5	138702538	0	0	0.0	0
chr5	138757498	0	0	0.0	0
chr5	138870127	0	0	0.0	0
chr5	138894725	0	0	0.0	0
chr5	138932371	0	0	0.0	0
chr5	139163596	0	0	0.0	0
chr5	139175521	0	0	0.0	0
chr5	139200099	0	0	0.0	0
chr5	139258068	0	0	0.0	0
chr5	139307483	0	0	0.0	0
chr5	139364164	0	0	0.0	0
chr5	139374627	0	0	0.0	0
chr5	139461486	0	0	0.0	0
chr5	139486324	0	0	0.0	0
chr5	139558381	0	0	0.0	0
chr5	139788653	0	0	0.0	0
chr5	139908827	0	0	0.0	0
chr5	139909524	0	0	0.0	0
chr5	140011635	0	0	0.0	0
chr5	140131103	0	0	0.0	0
chr5	140157464	0	0	0.0	0
chr5	140190726	0	0	0.0	0
chr5	140313159	0	0	0.0	0
chr5	140506135	0	0	0.0	0
chr5	140629981	0	0	0.0	0
chr5	140705781	0	1	0.0169	0
chr5	140721540	0	0	0.0	0
chr5	140728614	0	0	0.0	0
chr5	140729587	0	0	0.0	0
chr5	140742273	0	0	0.0	0
chr5	140881248	0	0	0.0	0
chr5	140958162	0	0	0.0	0
chr5	141176365	0	0	0.0	0
chr5	141213733	0	1	0.025	0
chr5	141396211	0	0	0.0	0
chr5	141399083	0	0	0.0	0
chr5	141563877	0	0	0.0	0
chr5	141567234	0	0	0.0	0
chr5	141632720	0	0	0.0	0
chr5	141735889	0	0	0.0	0
chr5	141815121	0	0	0.0	0
chr5	141929569	0	0	0.0	0
chr5	141971909	0	0	0.0	0
chr5	141991586	0	0	0.0	0
chr5	142079070	0	0	0.0	0
chr5	142187291	0	0	0.0	0
chr5	142263442	0	0	0.0	0
chr5	142320064	0	0	0.0	0
chr5	142426415	0	0	0.0	0
chr5	142530488	0	0	0.0	0
chr5	142996693	0	0	0.0	0
chr5	142998452	0	0	0.0	0
chr5	143040248	0	0	0.0	0
chr5	143044392	0	0	0.0	0
chr5	143045696	0	0	0.0	0
chr5	143274076	0	1	0.0118	0
chr5	143310917	0	0	0.0	0
chr5	143338860	0	0	0.0	0
chr5	143426947	0	0	0.0	0
chr5	143437679	0	0	0.0	0
chr5	143490529	0	0	0.0	0
chr5	143664825	0	0	0.0	0
chr5	143677636	0	0	0.0	0
chr5	143732542	0	0	0.0	0
chr5	143842038	0	0	0.0	0
chr5	143967804	0	1	0.0204	0
chr5	144065963	0	0	0.0	0
chr5	144092738	0	0	0.0	0
chr5	144122433	0	0	0.0	0
chr5	144229890	0	0	0.0	0
chr5	144457916	0	0	0.0	0
chr5	144487203	0	0	0.0	0
chr5	144487518	0	0	0.0	0
chr5	144549196	0	0	0.0	0
chr5	144566551	0	0	0.0	0
chr5	144750551	0	0	0.0	0
chr5	145237060	0	0	0.0	0
chr5	145333081	0	0	0.0	0
chr5	145380177	0	0	0.0	0
chr5	145484889	0	0	0.0	0
chr5	145679582	0	0	0.0	0
chr5	145743521	0	0	0.0	0
chr5	145816284	0	0	0.0	0
chr5	146046235	0	0	0.0	0
chr5	146060638	0	0	0.0	0
chr5	146095984	0	0	0.0	0
chr5	146204776	0	0	0.0	0
chr5	146232868	0	0	0.0	0
chr5	146234121	0	0	0.0	0
chr5	146376986	0	0	0.0	0
chr5	146413637	0	0	0.0	0
chr5	146477826	0	0	0.0	0
chr5	146536144	0	0	0.0	0
chr5	146922537	0	0	0.0	0
chr5	147131010	0	0	0.0	0
chr5	147142422	0	0	0.0	0
chr5	147204604	0	0	0.0	0
chr5	147211364	0	0	0.0	0
chr5	147397707	0	0	0.0	0
chr5	147592917	0	0	0.0	0
chr5	148043464	0	0	0.0	0
chr5	148051076	0	0	0.0	0
chr5	148281154	0	0	0.0	0
chr5	148502378	0	0	0.0	0
chr5	148718055	0	0	0.0	0
chr5	148828395	0	0	0.0	0
chr5	148904815	0	0	0.0	0
chr5	148924940	0	0	0.0	0
chr5	149006144	0	0	0.0	0
chr5	149033613	0	0	0.0	0
chr5	149059562	0	0	0.0	0
chr5	149093829	0	0	0.0	0
chr5	149198450	0	0	0.0	0
chr5	149204805	0	0	0.0	0
chr5	149314196	0	0	0.0	0
chr5	149678257	0	0	0.0	0
chr5	149771874	0	0	0.0	0
chr5	149772142	0	0	0.0	0
chr5	149779053	0	0	0.0	0
chr5	149818501	0	0	0.0	0
chr5	149897403	0	0	0.0	0
chr5	150016229	0	0	0.0	0
chr5	150066041	0	0	0.0	0
chr5	150166002	0	0	0.0	0
chr5	150204693	0	0	0.0	0
chr5	150217124	0	0	0.0	0
chr5	150249284	0	0	0.0	0
chr5	150256687	0	0	0.0	0
chr5	150269027	0	0	0.0	0
chr5	150269615	0	0	0.0	0
chr5	150347577	0	0	0.0	0
chr5	150410437	0	0	0.0	0
chr5	150507170	0	0	0.0	0
chr5	150580008	0	0	0.0	0
chr5	150608426	0	0	0.0	0
chr5	150636600	0	0	0.0	0
chr5	150681992	0	0	0.0	0
chr5	150779744	0	0	0.0	0
chr5	150789217	0	0	0.0	0
chr5	150836738	0	0	0.0	0
chr5	150838707	0	0	0.0	0
chr5	150870583	0	0	0.0	0
chr5	150930961	0	0	0.0	0
chr5	150974530	0	0	0.0	0
chr5	151023363	0	0	0.0	0
chr5	151087115	0	0	0.0	0
chr5	151090815	0	0	0.0	0
chr5	151173703	0	0	0.0	0
chr5	151295010	0	0	0.0	0
chr5	151349395	0	0	0.0	0
chr5	151356692	0	0	0.0	0
chr5	151414637	0	0	0.0	0
chr5	151540321	0	0	0.0	0
chr5	151592753	0	0	0.0	0
chr5	151607587	0	0	0.0	0
chr5	151688383	0	0	0.0	0
chr5	151740290	1	63	0.9403	1
chr5	152144413	0	0	0.0	0
chr5	152166170	0	0	0.0	0
chr5	152228256	0	0	0.0	0
chr5	152405303	0	0	0.0	0
chr5	152510250	0	1	0.0149	0
chr5	152520456	0	0	0.0	0
chr5	152885674	0	0	0.0	0
chr5	152939146	0	0	0.0	0
chr5	153095641	0	0	0.0	0
chr5	153438502	0	0	0.0	0
chr5	153453262	0	1	0.0208	0
chr5	153517822	0	0	0.0	0
chr5	153672913	0	0	0.0	0
chr5	153704941	0	0	0.0	0
chr5	153846940	0	0	0.0	0
chr5	153880875	0	1	0.0161	0
chr5	153917114	0	0	0.0	0
chr5	154100339	0	0	0.0	0
chr5	154196918	0	0	0.0	0
chr5	154208867	0	0	0.0	0
chr5	154270516	0	0	0.0	0
chr5	154378802	0	0	0.0	0
chr5	154506826	0	0	0.0	0
chr5	154602455	0	0	0.0	0
chr5	154627213	0	0	0.0	0
chr5	154706052	0	0	0.0	0
chr5	154733133	0	0	0.0	0
chr5	154742053	0	0	0.0	0
chr5	154818686	0	0	0.0	0
chr5	154881176	0	0	0.0	0
chr5	155004986	0	0	0.0	0
chr5	155310471	0	0	0.0	0
chr5	155694227	0	0	0.0	0
chr5	156325222	0	0	0.0	0
chr5	156370805	0	0	0.0	0
chr5	156406353	0	0	0.0	0
chr5	156423752	0	0	0.0	0
chr5	156511678	0	0	0.0	0
chr5	156613293	0	0	0.0	0
chr5	156733309	0	0	0.0	0
chr5	156806707	0	0	0.0	0
chr5	156816091	0	0	0.0	0
chr5	156821144	0	0	0.0	0
chr5	156905941	0	0	0.0	0
chr5	157063232	0	0	0.0	0
chr5	157084371	0	0	0.0	0
chr5	157089283	0	0	0.0	0
chr5	157458352	0	0	0.0	0
chr5	157486132	0	0	0.0	0
chr5	157502590	0	0	0.0	0
chr5	157539645	0	0	0.0	0
chr5	157709367	0	0	0.0	0
chr5	157756857	0	0	0.0	0
chr5	157897107	0	0	0.0	0
chr5	157918604	0	0	0.0	0
chr5	157992794	0	0	0.0	0
chr5	158016434	0	0	0.0	0
chr5	158073354	0	0	0.0	0
chr5	158209866	0	0	0.0	0
chr5	158227248	0	0	0.0	0
chr5	158276887	0	0	0.0	0
chr5	158278369	0	0	0.0	0
chr5	158291079	0	0	0.0	0
chr5	158301152	0	0	0.0	0
chr5	158422801	0	0	0.0	0
chr5	158450127	0	0	0.0	0
chr5	158595390	0	0	0.0	0
chr5	158615158	0	0	0.0	0
chr5	158670364	0	0	0.0	0
chr5	158729899	0	0	0.0	0
chr5	158842387	0	0	0.0	0
chr5	158893563	0	1	0.0159	0
chr5	158912365	0	0	0.0	0
chr5	159062425	0	0	0.0	0
chr5	159078486	0	0	0.0	0
chr5	159103455	0	0	0.0	0
chr5	159263655	0	0	0.0	0
chr5	159377025	0	0	0.0	0
chr5	159450162	0	0	0.0	0
chr5	159456498	0	0	0.0	0
chr5	159519280	0	0	0.0	0
chr5	159525935	0	0	0.0	0
chr5	159653522	0	0	0.0	0
chr5	160127764	0	0	0.0	0
chr5	160212415	0	0	0.0	0
chr5	160213394	0	0	0.0	0
chr5	160234864	0	0	0.0	0
chr5	160262754	0	0	0.0	0
chr5	160415577	0	0	0.0	0
chr5	160505334	0	0	0.0	0
chr5	160522869	0	0	0.0	0
chr5	160583881	0	0	0.0	0
chr5	160601129	0	0	0.0	0
chr5	160630198	0	0	0.0	0
chr5	160807139	0	0	0.0	0
chr5	161008264	0	0	0.0	0
chr5	161055365	0	0	0.0	0
chr5	161093562	0	0	0.0	0
chr5	161095470	0	0	0.0	0
chr5	161107933	0	0	0.0	0
chr5	161310011	0	0	0.0	0
chr5	161892761	0	0	0.0	0
chr5	161897711	0	0	0.0	0
chr5	161926065	0	0	0.0	0
chr5	161934661	0	0	0.0	0
chr5	161992970	0	0	0.0	0
chr5	162165461	0	0	0.0	0
chr5	162364733	0	0	0.0	0
chr5	162458404	0	0	0.0	0
chr5	162686705	0	0	0.0	0
chr5	162782892	0	0	0.0	0
chr5	162915265	0	0	0.0	0
chr5	163105135	0	0	0.0	0
chr5	163283897	0	0	0.0	0
chr5	163536127	0	0	0.0	0
chr5	163554313	0	0	0.0	0
chr5	163887461	0	0	0.0	0
chr5	164204319	0	0	0.0	0
chr5	164765669	0	0	0.0	0
chr5	164808046	0	0	0.0	0
chr5	164832201	0	0	0.0	0
chr5	164969667	0	0	0.0	0
chr5	165045728	0	0	0.0	0
chr5	165089585	0	0	0.0	0
chr5	165165215	0	0	0.0	0
chr5	165176028	0	0	0.0	0
chr5	165874006	0	0	0.0	0
chr5	165932410	0	0	0.0	0
chr5	165980812	0	0	0.0	0
chr5	165998197	0	0	0.0	0
chr5	166102695	0	0	0.0	0
chr5	166194264	0	0	0.0	0
chr5	166206743	0	0	0.0	0
chr5	166352239	0	0	0.0	0
chr5	166449839	0	0	0.0	0
chr5	166489922	0	0	0.0	0
chr5	166501316	0	0	0.0	0
chr5	166575978	0	0	0.0	0
chr5	166590428	0	0	0.0	0
chr5	166620701	0	0	0.0	0
chr5	166650091	0	0	0.0	0
chr5	166706504	0	0	0.0	0
chr5	166770243	0	0	0.0	0
chr5	166772057	0	0	0.0	0
chr5	166795240	0	0	0.0	0
chr5	166829320	0	0	0.0	0
chr5	166832713	0	0	0.0	0
chr5	166863059	0	0	0.0	0
chr5	166879027	0	0	0.0	0
chr5	166884645	0	0	0.0	0
chr5	167020860	0	0	0.0	0
chr5	167381989	0	0	0.0	0
chr5	167524754	0	0	0.0	0
chr5	167748522	0	0	0.0	0
chr5	167925925	0	0	0.0	0
chr5	167933356	0	0	0.0	0
chr5	167960568	0	0	0.0	0
chr5	168009864	0	0	0.0	0
chr5	168090296	0	0	0.0	0
chr5	168098424	0	0	0.0	0
chr5	168207614	0	0	0.0	0
chr5	168311184	0	0	0.0	0
chr5	168350494	0	0	0.0	0
chr5	168592383	0	0	0.0	0
chr5	168789682	0	0	0.0	0
chr5	168805847	0	0	0.0	0
chr5	168844407	0	0	0.0	0
chr5	168897135	1	65	0.9848	1
chr5	168934223	0	0	0.0	0
chr5	169065441	0	0	0.0	0
chr5	169120440	0	0	0.0	0
chr5	169127015	0	0	0.0	0
chr5	169153357	0	0	0.0	0
chr5	169206134	0	0	0.0	0
chr5	169213906	0	0	0.0	0
chr5	169224495	0	0	0.0	0
chr5	169276807	0	0	0.0	0
chr5	169296516	0	0	0.0	0
chr5	169322113	0	0	0.0	0
chr5	169424175	0	0	0.0	0
chr5	169801143	1	5	0.3846	1
chr5	169911913	0	0	0.0	0
chr5	170132547	0	0	0.0	0
chr5	170148608	0	0	0.0	0
chr5	170246425	0	0	0.0	0
chr5	170317515	0	0	0.0	0
chr5	170388470	0	0	0.0	0
chr5	170395986	0	0	0.0	0
chr5	170416120	0	1	0.0169	0
chr5	170496043	0	0	0.0	0
chr5	170534420	0	0	0.0	0
chr5	170604818	0	0	0.0	0
chr5	170606643	0	0	0.0	0
chr5	170662462	0	0	0.0	0
chr5	170665945	0	0	0.0	0
chr5	170678935	0	0	0.0	0
chr5	170817581	0	0	0.0	0
chr5	171314859	0	0	0.0	0
chr5	171351045	0	0	0.0	0
chr5	171586088	0	0	0.0	0
chr5	171597610	0	0	0.0	0
chr5	171623396	0	0	0.0	0
chr5	171705674	0	0	0.0	0
chr5	171777405	1	3	0.0462	1
chr5	171840214	0	0	0.0	0
chr5	171881140	0	0	0.0	0
chr5	171932412	0	0	0.0	0
chr5	172001226	0	0	0.0	0
chr5	172027190	0	0	0.0	0
chr5	172061272	0	0	0.0	0
chr5	172088648	0	0	0.0	0
chr5	172103712	0	0	0.0	0
chr5	172174262	0	0	0.0	0
chr5	172224623	0	0	0.0	0
chr5	172426002	0	0	0.0	0
chr5	172485647	0	0	0.0	0
chr5	172548766	0	0	0.0	0
chr5	172678724	0	0	0.0	0
chr5	172689772	0	0	0.0	0
chr5	172860028	0	0	0.0	0
chr5	172961256	0	0	0.0	0
chr5	172973616	0	0	0.0	0
chr5	173015365	0	0	0.0	0
chr5	173086504	0	0	0.0	0
chr5	173090442	0	0	0.0	0
chr5	173213800	0	0	0.0	0
chr5	173342481	0	0	0.0	0
chr5	173391799	0	0	0.0	0
chr5	173394864	0	0	0.0	0
chr5	173478142	0	0	0.0	0
chr5	173487006	0	0	0.0	0
chr5	173504050	0	0	0.0	0
chr5	173542863	0	0	0.0	0
chr5	173547850	0	0	0.0	0
chr5	173653953	0	0	0.0	0
chr5	173741029	0	0	0.0	0
chr5	173798999	0	0	0.0	0
chr5	173822661	0	0	0.0	0
chr5	173930915	0	0	0.0	0
chr5	174129347	0	0	0.0	0
chr5	174130711	0	0	0.0	0
chr5	174206537	0	0	0.0	0
chr5	174213583	0	0	0.0	0
chr5	174363790	0	0	0.0	0
chr5	174400340	0	0	0.0	0
chr5	174539081	0	1	0.0222	0
chr5	174584777	0	0	0.0	0
chr5	174848434	0	0	0.0	0
chr5	174901607	0	0	0.0	0
chr5	175078556	0	0	0.0	0
chr5	175218781	0	0	0.0	0
chr5	175285965	0	0	0.0	0
chr5	175394687	0	0	0.0	0
chr5	175588344	0	0	0.0	0
chr5	175666885	0	0	0.0	0
chr5	175693945	0	0	0.0	0
chr5	175707519	0	0	0.0	0
chr5	175826108	0	0	0.0	0
chr5	175940801	0	0	0.0	0
chr5	176076849	0	0	0.0	0
chr5	176100390	0	0	0.0	0
chr5	176172456	0	0	0.0	0
chr5	176587987	0	0	0.0	0
chr5	176691366	0	0	0.0	0
chr5	176766546	0	0	0.0	0
chr5	176838638	0	0	0.0	0
chr5	176845763	0	0	0.0	0
chr5	177087482	0	0	0.0	0
chr5	177096564	0	1	0.0159	0
chr5	177162926	0	0	0.0	0
chr5	177387649	0	0	0.0	0
chr5	177638824	0	0	0.0	0
chr5	177761299	0	0	0.0	0
chr5	177904348	0	0	0.0	0
chr5	177984218	0	0	0.0	0
chr5	178022471	0	0	0.0	0
chr5	178057946	0	0	0.0	0
chr5	178149242	0	0	0.0	0
chr5	178203933	0	0	0.0	0
chr5	178210077	0	0	0.0	0
chr5	178233289	0	0	0.0	0
chr5	178285273	0	0	0.0	0
chr5	178371983	0	0	0.0	0
chr5	178428999	0	0	0.0	0
chr5	178643655	0	1	0.0139	0
chr5	178655065	0	0	0.0	0
chr5	178678931	0	0	0.0	0
chr5	178731562	0	0	0.0	0
chr5	178752835	0	0	0.0	0
chr5	178774389	0	0	0.0	0
chr5	178844951	0	0	0.0	0
chr5	179001711	0	0	0.0	0
chr5	179054631	0	0	0.0	0
chr5	179064101	0	0	0.0	0
chr5	179113350	0	0	0.0	0
chr5	179165964	0	0	0.0	0
chr5	179307037	0	0	0.0	0
chr5	179709014	0	0	0.0	0
chr5	179774666	0	0	0.0	0
chr5	179795587	0	0	0.0	0
chr5	179990455	0	0	0.0	0
chr5	180341858	0	0	0.0	0
chr5	180355352	0	0	0.0	0
chr5	180384354	0	0	0.0	0
chr5	180391993	1	5	0.125	1
chr5	180489945	0	0	0.0	0
chr5	180591607	0	0	0.0	0
chr5	180605089	0	0	0.0	0
chr5	180788230	0	0	0.0	0
chr5	180846953	0	0	0.0	0
chr5	180889992	0	0	0.0	0
chr5	181110862	0	0	0.0	0
chr5	181119087	0	1	0.0167	0
chr5	181150306	0	0	0.0	0
chr5	181196835	0	0	0.0	0
chr5	181242316	0	0	0.0	0
chr5	181405109	0	0	0.0	0
chr5	181445526	0	0	0.0	0
chr5	181453574	0	0	0.0	0
chr5	181455006	0	0	0.0	0
chr5_GL339449v2_alt	242879	0	0	0.0	0
chr5_GL339449v2_alt	251759	0	0	0.0	0
chr5_GL339449v2_alt	329196	0	0	0.0	0
chr5_GL339449v2_alt	615734	0	0	0.0	0
chr5_GL339449v2_alt	616431	0	0	0.0	0
chr5_GL339449v2_alt	752477	0	0	0.0	0
chr5_GL339449v2_alt	807749	0	0	0.0	0
chr5_GL339449v2_alt	1011891	0	0	0.0	0
chr5_GL339449v2_alt	1128706	0	0	0.0	0
chr5_GL339449v2_alt	1129403	0	0	0.0	0
chr5_GL339449v2_alt	1327512	0	0	0.0	0
chr5_GL383532v1_alt	28459	0	0	0.0	0
chr5_GL949742v1_alt	35073	0	0	0.0	0
chr5_GL949742v1_alt	76212	0	0	0.0	0
chr5_KI270791v1_alt	13762	0	0	0.0	0
chr5_KI270791v1_alt	79005	0	0	0.0	0
chr5_KI270791v1_alt	119982	0	0	0.0	0
chr5_KI270791v1_alt	183669	0	0	0.0	0
chr5_KI270792v1_alt	12520	0	0	0.0	0
chr5_KI270792v1_alt	95189	0	0	0.0	0
chr5_KI270792v1_alt	138515	0	0	0.0	0
chr5_KI270792v1_alt	166602	0	0	0.0	0
chr5_KI270795v1_alt	38884	0	0	0.0	0
chr5_KI270795v1_alt	122797	0	0	0.0	0
chr5_KI270897v1_alt	10178	0	0	0.0	0
chr5_KI270897v1_alt	144344	0	0	0.0	0
chr5_KI270897v1_alt	145041	0	0	0.0	0
chr5_KI270897v1_alt	724117	0	0	0.0	0
chr5_KI270897v1_alt	724814	0	0	0.0	0
chr5_KI270897v1_alt	858991	0	0	0.0	0
chr5_KI270898v1_alt	38884	0	0	0.0	0
chr5_KI270898v1_alt	119032	0	0	0.0	0
chr6	96702	0	0	0.0	0
chr6	156617	0	0	0.0	0
chr6	157013	0	0	0.0	0
chr6	438335	0	0	0.0	0
chr6	714418	0	0	0.0	0
chr6	804430	0	0	0.0	0
chr6	807556	0	0	0.0	0
chr6	838490	0	0	0.0	0
chr6	912983	0	0	0.0	0
chr6	1031822	0	0	0.0	0
chr6	1069960	0	0	0.0	0
chr6	1147351	0	0	0.0	0
chr6	1185017	0	0	0.0	0
chr6	1199129	0	0	0.0	0
chr6	1211653	0	0	0.0	0
chr6	1264609	0	0	0.0	0
chr6	1290771	0	0	0.0	0
chr6	1307514	0	0	0.0	0
chr6	1478697	0	0	0.0	0
chr6	1491657	0	0	0.0	0
chr6	1491685	0	1	0.0172	0
chr6	1529255	0	0	0.0	0
chr6	1632410	0	0	0.0	0
chr6	1688068	0	0	0.0	0
chr6	1717110	0	0	0.0	0
chr6	1750865	0	0	0.0	0
chr6	1773519	0	1	0.0159	0
chr6	1775560	0	0	0.0	0
chr6	1786528	0	0	0.0	0
chr6	1995172	0	0	0.0	0
chr6	2005762	0	0	0.0	0
chr6	2615703	0	0	0.0	0
chr6	2673839	0	0	0.0	0
chr6	2828666	0	0	0.0	0
chr6	2840559	0	0	0.0	0
chr6	2848185	0	0	0.0	0
chr6	2877854	0	0	0.0	0
chr6	2947391	0	0	0.0	0
chr6	3004610	0	0	0.0	0
chr6	3006190	0	0	0.0	0
chr6	3051137	0	0	0.0	0
chr6	3160257	0	1	0.0182	0
chr6	3264401	0	0	0.0	0
chr6	3269754	0	0	0.0	0
chr6	3273089	0	0	0.0	0
chr6	3362696	0	0	0.0	0
chr6	3491232	0	0	0.0	0
chr6	3501393	0	0	0.0	0
chr6	3529081	0	0	0.0	0
chr6	3534762	0	0	0.0	0
chr6	3627370	0	0	0.0	0
chr6	3650886	0	0	0.0	0
chr6	3705452	0	0	0.0	0
chr6	3761194	0	0	0.0	0
chr6	3850677	0	0	0.0	0
chr6	3889127	0	0	0.0	0
chr6	3920438	0	0	0.0	0
chr6	3940648	0	1	0.0154	0
chr6	3975271	0	0	0.0	0
chr6	4153269	0	0	0.0	0
chr6	4158654	0	0	0.0	0
chr6	4205817	0	0	0.0	0
chr6	4375779	0	0	0.0	0
chr6	4441262	0	0	0.0	0
chr6	4584672	0	0	0.0	0
chr6	4680772	0	0	0.0	0
chr6	4712130	0	0	0.0	0
chr6	4745948	0	0	0.0	0
chr6	4768750	0	0	0.0	0
chr6	4820981	0	0	0.0	0
chr6	4852892	0	0	0.0	0
chr6	4984419	0	0	0.0	0
chr6	5044222	0	0	0.0	0
chr6	5109844	0	0	0.0	0
chr6	5217838	0	0	0.0	0
chr6	5239716	0	0	0.0	0
chr6	5293806	0	0	0.0	0
chr6	5308406	0	0	0.0	0
chr6	5403767	0	0	0.0	0
chr6	5500461	0	0	0.0	0
chr6	5503794	0	0	0.0	0
chr6	5642012	0	0	0.0	0
chr6	5659028	0	0	0.0	0
chr6	5776963	0	0	0.0	0
chr6	5936864	0	0	0.0	0
chr6	5958083	0	0	0.0	0
chr6	6031334	0	0	0.0	0
chr6	6061700	0	0	0.0	0
chr6	6201515	0	0	0.0	0
chr6	6285298	0	1	0.0213	0
chr6	6328465	0	0	0.0	0
chr6	6349953	0	0	0.0	0
chr6	6465923	0	0	0.0	0
chr6	6528310	0	0	0.0	0
chr6	6572623	0	0	0.0	0
chr6	6585716	0	0	0.0	0
chr6	6595930	0	0	0.0	0
chr6	6689535	0	0	0.0	0
chr6	6692996	0	0	0.0	0
chr6	6715351	0	0	0.0	0
chr6	6717927	0	0	0.0	0
chr6	6765839	0	0	0.0	0
chr6	6785465	0	0	0.0	0
chr6	6892001	0	0	0.0	0
chr6	6941104	0	0	0.0	0
chr6	6979027	0	0	0.0	0
chr6	7008379	0	0	0.0	0
chr6	7021245	0	0	0.0	0
chr6	7027692	0	0	0.0	0
chr6	7114395	0	0	0.0	0
chr6	7157189	0	0	0.0	0
chr6	7167133	0	0	0.0	0
chr6	7340931	0	0	0.0	0
chr6	7444066	0	0	0.0	0
chr6	7494391	0	0	0.0	0
chr6	7570163	0	1	0.0189	0
chr6	7583493	0	0	0.0	0
chr6	7663305	0	0	0.0	0
chr6	7859225	0	0	0.0	0
chr6	7879266	0	0	0.0	0
chr6	7938450	0	0	0.0	0
chr6	7965766	0	0	0.0	0
chr6	8009913	0	0	0.0	0
chr6	8048329	0	0	0.0	0
chr6	8269768	0	0	0.0	0
chr6	8298451	0	0	0.0	0
chr6	8623381	0	0	0.0	0
chr6	8646076	0	0	0.0	0
chr6	8730846	0	0	0.0	0
chr6	8804018	0	0	0.0	0
chr6	8812581	0	0	0.0	0
chr6	8943474	0	0	0.0	0
chr6	9646557	0	0	0.0	0
chr6	9671241	0	0	0.0	0
chr6	9692707	0	0	0.0	0
chr6	9984793	0	0	0.0	0
chr6	10021250	0	0	0.0	0
chr6	10120161	0	0	0.0	0
chr6	10151513	0	0	0.0	0
chr6	10259779	0	0	0.0	0
chr6	10270112	0	0	0.0	0
chr6	10385606	0	0	0.0	0
chr6	10470982	0	0	0.0	0
chr6	10482740	0	0	0.0	0
chr6	10487269	0	0	0.0	0
chr6	10497190	0	0	0.0	0
chr6	10505467	0	0	0.0	0
chr6	10648403	0	0	0.0	0
chr6	10692217	0	0	0.0	0
chr6	10850697	0	0	0.0	0
chr6	10894029	0	0	0.0	0
chr6	10988016	0	0	0.0	0
chr6	11088333	0	0	0.0	0
chr6	11104521	0	0	0.0	0
chr6	11110677	0	0	0.0	0
chr6	11345717	0	0	0.0	0
chr6	11607579	0	0	0.0	0
chr6	11639310	0	0	0.0	0
chr6	11689118	0	0	0.0	0
chr6	11694963	0	0	0.0	0
chr6	11779644	0	0	0.0	0
chr6	11795498	0	0	0.0	0
chr6	11827475	0	0	0.0	0
chr6	11837480	0	0	0.0	0
chr6	11862128	0	0	0.0	0
chr6	11959275	0	0	0.0	0
chr6	12026265	0	0	0.0	0
chr6	12500594	0	0	0.0	0
chr6	12519176	0	0	0.0	0
chr6	12605769	0	0	0.0	0
chr6	12650520	0	0	0.0	0
chr6	12680687	0	0	0.0	0
chr6	12735624	0	0	0.0	0
chr6	12775363	0	0	0.0	0
chr6	12876571	0	0	0.0	0
chr6	12898358	0	0	0.0	0
chr6	12961371	0	0	0.0	0
chr6	13197287	0	0	0.0	0
chr6	13225430	0	0	0.0	0
chr6	13253744	0	0	0.0	0
chr6	13282740	1	18	0.3158	1
chr6	13299074	0	0	0.0	0
chr6	13418796	0	0	0.0	0
chr6	13422853	0	0	0.0	0
chr6	13616232	0	0	0.0	0
chr6	13661179	0	0	0.0	0
chr6	13880000	0	0	0.0	0
chr6	13927417	0	0	0.0	0
chr6	13944075	0	0	0.0	0
chr6	14001740	0	0	0.0	0
chr6	14125825	0	0	0.0	0
chr6	14148715	0	0	0.0	0
chr6	14223090	0	0	0.0	0
chr6	14233315	0	0	0.0	0
chr6	14244365	0	0	0.0	0
chr6	14248945	0	0	0.0	0
chr6	14257299	0	0	0.0	0
chr6	14264109	0	0	0.0	0
chr6	14338219	0	0	0.0	0
chr6	14416249	0	0	0.0	0
chr6	14979136	0	0	0.0	0
chr6	15088756	0	0	0.0	0
chr6	15117810	0	0	0.0	0
chr6	15139548	0	0	0.0	0
chr6	15176721	0	0	0.0	0
chr6	15228616	0	0	0.0	0
chr6	15276233	0	0	0.0	0
chr6	15300026	0	0	0.0	0
chr6	15390247	0	0	0.0	0
chr6	15391712	0	0	0.0	0
chr6	15394054	0	0	0.0	0
chr6	15463301	0	0	0.0	0
chr6	15525451	0	0	0.0	0
chr6	15543497	0	0	0.0	0
chr6	15741164	0	0	0.0	0
chr6	15753909	0	0	0.0	0
chr6	15952602	0	0	0.0	0
chr6	16040402	0	0	0.0	0
chr6	16049116	0	0	0.0	0
chr6	16115477	0	0	0.0	0
chr6	16347214	0	0	0.0	0
chr6	16623430	0	0	0.0	0
chr6	16646194	0	0	0.0	0
chr6	16689152	0	0	0.0	0
chr6	16712694	1	50	0.6849	1
chr6	16720275	0	0	0.0	0
chr6	16738227	0	0	0.0	0
chr6	16752665	0	0	0.0	0
chr6	16797536	0	0	0.0	0
chr6	16833815	0	0	0.0	0
chr6	16858021	0	0	0.0	0
chr6	16870500	0	0	0.0	0
chr6	16921718	0	0	0.0	0
chr6	16940334	0	0	0.0	0
chr6	17074285	0	0	0.0	0
chr6	17104955	0	1	0.0141	0
chr6	17210615	0	0	0.0	0
chr6	17222392	0	0	0.0	0
chr6	17238992	0	0	0.0	0
chr6	17487732	0	0	0.0	0
chr6	17542118	0	0	0.0	0
chr6	17696830	0	0	0.0	0
chr6	17810171	0	0	0.0	0
chr6	17930590	0	0	0.0	0
chr6	17994803	0	0	0.0	0
chr6	18128569	0	0	0.0	0
chr6	18131555	0	0	0.0	0
chr6	18308677	0	0	0.0	0
chr6	18420590	0	0	0.0	0
chr6	18688149	0	1	0.0263	0
chr6	18732136	0	0	0.0	0
chr6	18753861	0	0	0.0	0
chr6	18811227	0	0	0.0	0
chr6	18836726	0	0	0.0	0
chr6	18868278	0	0	0.0	0
chr6	19041479	0	0	0.0	0
chr6	19142824	0	0	0.0	0
chr6	19155529	0	0	0.0	0
chr6	19275583	0	0	0.0	0
chr6	19404436	0	0	0.0	0
chr6	19427628	0	0	0.0	0
chr6	19438184	0	0	0.0	0
chr6	19534787	0	0	0.0	0
chr6	19541085	0	0	0.0	0
chr6	19598895	0	0	0.0	0
chr6	19742136	0	0	0.0	0
chr6	19746328	0	0	0.0	0
chr6	19796509	0	0	0.0	0
chr6	19894309	0	0	0.0	0
chr6	19911639	0	0	0.0	0
chr6	19978644	0	0	0.0	0
chr6	20036712	0	0	0.0	0
chr6	20136257	0	0	0.0	0
chr6	20186684	0	0	0.0	0
chr6	20317639	0	1	0.0139	0
chr6	20367006	0	0	0.0	0
chr6	20513401	0	0	0.0	0
chr6	20596533	0	0	0.0	0
chr6	20733540	0	0	0.0	0
chr6	20809753	0	0	0.0	0
chr6	21035184	0	0	0.0	0
chr6	21048059	0	0	0.0	0
chr6	21158588	0	0	0.0	0
chr6	21215957	0	0	0.0	0
chr6	21256347	0	0	0.0	0
chr6	21266003	0	0	0.0	0
chr6	21384063	0	0	0.0	0
chr6	21407309	0	0	0.0	0
chr6	21556531	0	0	0.0	0
chr6	21853880	0	0	0.0	0
chr6	21860271	0	0	0.0	0
chr6	21882266	0	0	0.0	0
chr6	22083001	0	0	0.0	0
chr6	22182141	0	0	0.0	0
chr6	22322109	0	0	0.0	0
chr6	22430176	0	0	0.0	0
chr6	22478603	0	0	0.0	0
chr6	22542832	0	0	0.0	0
chr6	22687650	0	0	0.0	0
chr6	22766137	0	0	0.0	0
chr6	23702955	0	0	0.0	0
chr6	24055316	0	0	0.0	0
chr6	24104541	0	0	0.0	0
chr6	24227364	0	0	0.0	0
chr6	24278556	0	0	0.0	0
chr6	24394185	0	0	0.0	0
chr6	24496882	0	0	0.0	0
chr6	24539300	0	0	0.0	0
chr6	24566666	0	0	0.0	0
chr6	24574947	0	0	0.0	0
chr6	24580600	0	0	0.0	0
chr6	24779602	0	0	0.0	0
chr6	24841205	0	0	0.0	0
chr6	24947266	0	0	0.0	0
chr6	25006674	0	0	0.0	0
chr6	25036880	0	0	0.0	0
chr6	25142685	0	0	0.0	0
chr6	25185904	0	0	0.0	0
chr6	25214760	0	0	0.0	0
chr6	25240649	0	0	0.0	0
chr6	25363658	0	0	0.0	0
chr6	25431813	0	0	0.0	0
chr6	25486257	0	0	0.0	0
chr6	25524980	0	0	0.0	0
chr6	25673890	0	0	0.0	0
chr6	25732122	0	0	0.0	0
chr6	25853509	0	0	0.0	0
chr6	25862408	0	0	0.0	0
chr6	25891983	0	0	0.0	0
chr6	25994295	0	0	0.0	0
chr6	26045448	0	0	0.0	0
chr6	26315081	0	0	0.0	0
chr6	26337424	0	0	0.0	0
chr6	26347104	0	0	0.0	0
chr6	26378748	0	0	0.0	0
chr6	26431726	0	0	0.0	0
chr6	26454166	0	0	0.0	0
chr6	26538384	0	0	0.0	0
chr6	26879523	0	0	0.0	0
chr6	26880239	0	0	0.0	0
chr6	26945499	0	0	0.0	0
chr6	26990388	0	0	0.0	0
chr6	27000142	0	0	0.0	0
chr6	27039600	0	0	0.0	0
chr6	27040819	0	0	0.0	0
chr6	27158300	0	0	0.0	0
chr6	27175265	0	0	0.0	0
chr6	27178176	0	0	0.0	0
chr6	27233142	0	0	0.0	0
chr6	27271431	0	0	0.0	0
chr6	27410921	0	0	0.0	0
chr6	27543466	0	0	0.0	0
chr6	27644644	0	0	0.0	0
chr6	27705513	0	0	0.0	0
chr6	27726623	0	0	0.0	0
chr6	27740351	0	0	0.0	0
chr6	27770896	0	0	0.0	0
chr6	27872278	0	0	0.0	0
chr6	27890755	0	0	0.0	0
chr6	27916977	0	0	0.0	0
chr6	27949793	0	0	0.0	0
chr6	27998142	0	0	0.0	0
chr6	28078254	0	0	0.0	0
chr6	28417698	0	0	0.0	0
chr6	28513335	0	0	0.0	0
chr6	28674241	0	0	0.0	0
chr6	28731846	0	0	0.0	0
chr6	28748548	0	0	0.0	0
chr6	28952314	0	0	0.0	0
chr6	28989197	0	0	0.0	0
chr6	29055386	0	0	0.0	0
chr6	29330224	0	0	0.0	0
chr6	29400135	0	0	0.0	0
chr6	29480274	0	0	0.0	0
chr6	29563274	0	0	0.0	0
chr6	29587751	0	0	0.0	0
chr6	29714690	0	0	0.0	0
chr6	29778514	0	0	0.0	0
chr6	29881261	0	0	0.0	0
chr6	29891945	0	0	0.0	0
chr6	29907255	0	0	0.0	0
chr6	30003113	1	56	0.7887	1
chr6	30075991	0	0	0.0	0
chr6	30282220	0	0	0.0	0
chr6	30339899	0	0	0.0	0
chr6	30347517	0	0	0.0	0
chr6	30510416	0	0	0.0	0
chr6	30553093	0	0	0.0	0
chr6	30578240	0	0	0.0	0
chr6	30604619	0	0	0.0	0
chr6	30766666	0	0	0.0	0
chr6	30774602	0	0	0.0	0
chr6	30821770	0	0	0.0	0
chr6	30872008	0	0	0.0	0
chr6	30903019	0	0	0.0	0
chr6	30933761	0	0	0.0	0
chr6	30946097	0	0	0.0	0
chr6	31147460	0	0	0.0	0
chr6	31168779	0	0	0.0	0
chr6	31357990	0	0	0.0	0
chr6	31416907	0	0	0.0	0
chr6	31463669	0	0	0.0	0
chr6	31530706	0	0	0.0	0
chr6	31536210	0	0	0.0	0
chr6	31550781	0	0	0.0	0
chr6	31683418	0	0	0.0	0
chr6	31766388	0	0	0.0	0
chr6	31779440	0	0	0.0	0
chr6	31816821	0	0	0.0	0
chr6	31829015	0	0	0.0	0
chr6	31963511	0	0	0.0	0
chr6	31983847	0	0	0.0	0
chr6	32013189	0	0	0.0	0
chr6	32016585	0	0	0.0	0
chr6	32078896	0	0	0.0	0
chr6	32086097	0	0	0.0	0
chr6	32204293	0	0	0.0	0
chr6	32311536	0	0	0.0	0
chr6	32368522	0	0	0.0	0
chr6	32401350	0	0	0.0	0
chr6	32586123	0	0	0.0	0
chr6	32638064	0	0	0.0	0
chr6	32641905	0	0	0.0	0
chr6	32679832	0	0	0.0	0
chr6	32742054	0	0	0.0	0
chr6	32807607	0	0	0.0	0
chr6	32808119	0	0	0.0	0
chr6	33036811	0	0	0.0	0
chr6	33117716	0	0	0.0	0
chr6	33173088	0	0	0.0	0
chr6	33197859	0	0	0.0	0
chr6	33198325	0	0	0.0	0
chr6	33380734	0	0	0.0	0
chr6	33398413	0	0	0.0	0
chr6	33418473	0	0	0.0	0
chr6	33499043	0	0	0.0	0
chr6	33611826	0	0	0.0	0
chr6	33664910	0	0	0.0	0
chr6	33689361	0	0	0.0	0
chr6	33780265	0	0	0.0	0
chr6	33848913	0	0	0.0	0
chr6	33982899	0	0	0.0	0
chr6	34067968	0	0	0.0	0
chr6	34238191	0	0	0.0	0
chr6	34288456	0	0	0.0	0
chr6	34460178	0	0	0.0	0
chr6	34518648	0	1	0.0208	0
chr6	34580973	0	0	0.0	0
chr6	34646959	0	1	0.025	0
chr6	34852020	0	0	0.0	0
chr6	34923391	0	0	0.0	0
chr6	35016978	1	5	0.2174	1
chr6	35024821	0	0	0.0	0
chr6	35132754	0	0	0.0	0
chr6	35168336	0	0	0.0	0
chr6	35192606	0	0	0.0	0
chr6	35240392	0	0	0.0	0
chr6	35346442	0	0	0.0	0
chr6	35644233	0	0	0.0	0
chr6	35779321	0	0	0.0	0
chr6	36089759	0	0	0.0	0
chr6	36121515	0	0	0.0	0
chr6	36132648	0	0	0.0	0
chr6	36135921	0	0	0.0	0
chr6	36508696	0	0	0.0	0
chr6	36637564	0	0	0.0	0
chr6	36676328	0	0	0.0	0
chr6	36680440	0	1	0.0256	0
chr6	36733438	0	0	0.0	0
chr6	36756981	0	0	0.0	0
chr6	36781108	0	0	0.0	0
chr6	36781372	0	0	0.0	0
chr6	36976687	0	0	0.0	0
chr6	37046658	0	0	0.0	0
chr6	37305974	0	0	0.0	0
chr6	37327838	0	0	0.0	0
chr6	37357192	0	0	0.0	0
chr6	37475224	0	0	0.0	0
chr6	37503816	0	0	0.0	0
chr6	37769684	0	0	0.0	0
chr6	37832065	0	0	0.0	0
chr6	37924851	0	0	0.0	0
chr6	37941476	0	0	0.0	0
chr6	38063989	0	0	0.0	0
chr6	38124341	0	0	0.0	0
chr6	38160778	0	0	0.0	0
chr6	38592338	0	0	0.0	0
chr6	38709366	0	0	0.0	0
chr6	38806946	0	0	0.0	0
chr6	38825917	0	0	0.0	0
chr6	38831042	0	0	0.0	0
chr6	38899905	0	0	0.0	0
chr6	38933237	0	0	0.0	0
chr6	39029164	0	0	0.0	0
chr6	39037605	0	0	0.0	0
chr6	39120867	0	0	0.0	0
chr6	39178378	0	0	0.0	0
chr6	39198391	0	0	0.0	0
chr6	39282639	0	0	0.0	0
chr6	39284668	0	0	0.0	0
chr6	39316909	0	0	0.0	0
chr6	39343287	0	0	0.0	0
chr6	39433131	0	0	0.0	0
chr6	39444663	1	55	0.8462	1
chr6	39476589	0	0	0.0	0
chr6	39526377	1	58	0.8788	1
chr6	39663377	0	0	0.0	0
chr6	39775455	0	0	0.0	0
chr6	39802470	0	0	0.0	0
chr6	39884869	0	0	0.0	0
chr6	39901942	0	0	0.0	0
chr6	40052502	0	0	0.0	0
chr6	40059504	0	0	0.0	0
chr6	40087174	0	0	0.0	0
chr6	40104749	0	1	0.0204	0
chr6	40167805	0	0	0.0	0
chr6	40191774	0	0	0.0	0
chr6	40220913	0	0	0.0	0
chr6	40352942	0	0	0.0	0
chr6	40384535	0	0	0.0	0
chr6	40494589	0	0	0.0	0
chr6	40622806	0	0	0.0	0
chr6	40647319	0	0	0.0	0
chr6	40665268	0	1	0.0149	0
chr6	40759079	0	0	0.0	0
chr6	40853414	0	0	0.0	0
chr6	40888126	0	0	0.0	0
chr6	40960443	0	0	0.0	0
chr6	40996996	0	0	0.0	0
chr6	41023670	0	0	0.0	0
chr6	41146731	0	0	0.0	0
chr6	41170187	0	0	0.0	0
chr6	41173837	0	1	0.0133	0
chr6	41181803	0	0	0.0	0
chr6	41194701	0	0	0.0	0
chr6	41249481	0	2	0.0435	0
chr6	41317441	0	0	0.0	0
chr6	41368655	0	0	0.0	0
chr6	41380437	0	0	0.0	0
chr6	41392981	0	0	0.0	0
chr6	41495584	0	0	0.0	0
chr6	41550209	0	0	0.0	0
chr6	41656054	0	0	0.0	0
chr6	41875630	0	0	0.0	0
chr6	41915201	0	0	0.0	0
chr6	41933195	0	0	0.0	0
chr6	42005983	0	1	0.0312	0
chr6	42014413	1	9	0.2727	1
chr6	42407642	0	0	0.0	0
chr6	42443270	0	0	0.0	0
chr6	42530737	0	0	0.0	0
chr6	42573992	0	0	0.0	0
chr6	42665046	0	0	0.0	0
chr6	42689668	0	1	0.0286	0
chr6	42745649	0	0	0.0	0
chr6	42937790	0	0	0.0	0
chr6	43154226	0	0	0.0	0
chr6	43244644	0	0	0.0	0
chr6	43319945	0	0	0.0	0
chr6	43495332	0	0	0.0	0
chr6	43795565	0	0	0.0	0
chr6	43861388	0	0	0.0	0
chr6	43939679	0	0	0.0	0
chr6	43998432	0	0	0.0	0
chr6	44002111	0	0	0.0	0
chr6	44011040	0	0	0.0	0
chr6	44033932	0	0	0.0	0
chr6	44227217	0	0	0.0	0
chr6	44272392	0	0	0.0	0
chr6	44283311	0	0	0.0	0
chr6	44396280	0	0	0.0	0
chr6	44415577	0	0	0.0	0
chr6	44543304	0	0	0.0	0
chr6	44650266	0	0	0.0	0
chr6	44692551	0	0	0.0	0
chr6	44717151	0	0	0.0	0
chr6	44834368	0	0	0.0	0
chr6	45527047	0	0	0.0	0
chr6	45668794	0	0	0.0	0
chr6	45813872	0	0	0.0	0
chr6	45897951	0	2	0.05	0
chr6	45927318	0	0	0.0	0
chr6	45929873	0	0	0.0	0
chr6	45955746	0	0	0.0	0
chr6	45978654	0	0	0.0	0
chr6	46022397	0	0	0.0	0
chr6	46045442	0	0	0.0	0
chr6	46087751	0	0	0.0	0
chr6	46095013	0	0	0.0	0
chr6	46210476	0	0	0.0	0
chr6	46247986	0	0	0.0	0
chr6	46320674	0	0	0.0	0
chr6	46324102	0	0	0.0	0
chr6	46607721	0	0	0.0	0
chr6	46781939	0	0	0.0	0
chr6	46921093	0	0	0.0	0
chr6	46924715	0	0	0.0	0
chr6	46926256	0	0	0.0	0
chr6	47031973	0	0	0.0	0
chr6	47102764	0	0	0.0	0
chr6	47180151	0	1	0.0222	0
chr6	47206206	0	0	0.0	0
chr6	47209677	0	0	0.0	0
chr6	47290268	0	0	0.0	0
chr6	47500070	0	0	0.0	0
chr6	47705798	0	0	0.0	0
chr6	47805555	0	0	0.0	0
chr6	48224519	0	0	0.0	0
chr6	48435276	0	0	0.0	0
chr6	48561018	0	0	0.0	0
chr6	48605135	0	0	0.0	0
chr6	48962309	0	0	0.0	0
chr6	48974028	1	29	0.5918	1
chr6	49118647	0	0	0.0	0
chr6	49239786	0	0	0.0	0
chr6	49341541	0	0	0.0	0
chr6	49424261	0	0	0.0	0
chr6	49459331	0	0	0.0	0
chr6	49503362	0	0	0.0	0
chr6	49755062	0	0	0.0	0
chr6	49977105	0	0	0.0	0
chr6	49989698	0	0	0.0	0
chr6	50022090	0	0	0.0	0
chr6	50167418	0	0	0.0	0
chr6	50314178	0	0	0.0	0
chr6	50475399	0	0	0.0	0
chr6	50547841	0	0	0.0	0
chr6	50712096	0	0	0.0	0
chr6	50722278	0	0	0.0	0
chr6	50824960	0	0	0.0	0
chr6	50841583	0	1	0.0233	0
chr6	51084850	0	0	0.0	0
chr6	51136310	0	0	0.0	0
chr6	51220771	0	0	0.0	0
chr6	51323382	0	0	0.0	0
chr6	51445362	0	0	0.0	0
chr6	51453566	0	0	0.0	0
chr6	51463782	0	0	0.0	0
chr6	51498104	0	0	0.0	0
chr6	51609991	0	0	0.0	0
chr6	51779575	0	0	0.0	0
chr6	51820783	0	0	0.0	0
chr6	51889354	0	0	0.0	0
chr6	51947868	0	0	0.0	0
chr6	51969126	0	0	0.0	0
chr6	52156590	0	0	0.0	0
chr6	52189284	0	0	0.0	0
chr6	52212934	0	0	0.0	0
chr6	52484867	0	0	0.0	0
chr6	52488631	0	0	0.0	0
chr6	52506620	0	0	0.0	0
chr6	52522031	0	0	0.0	0
chr6	52642750	0	0	0.0	0
chr6	52649773	0	0	0.0	0
chr6	52792900	0	0	0.0	0
chr6	52829196	0	0	0.0	0
chr6	52920071	0	0	0.0	0
chr6	52995370	0	0	0.0	0
chr6	53089336	0	0	0.0	0
chr6	53133984	0	0	0.0	0
chr6	53161816	0	0	0.0	0
chr6	53247342	0	0	0.0	0
chr6	53395504	0	0	0.0	0
chr6	53419270	0	0	0.0	0
chr6	53658491	0	0	0.0	0
chr6	53726199	0	0	0.0	0
chr6	53826062	0	0	0.0	0
chr6	54327747	0	0	0.0	0
chr6	54559623	0	0	0.0	0
chr6	54600278	0	0	0.0	0
chr6	54888509	0	0	0.0	0
chr6	54978749	0	0	0.0	0
chr6	55011424	0	0	0.0	0
chr6	55102725	0	0	0.0	0
chr6	55273159	0	0	0.0	0
chr6	55493676	0	0	0.0	0
chr6	55516096	0	0	0.0	0
chr6	55790632	0	0	0.0	0
chr6	55950683	0	0	0.0	0
chr6	56406817	0	0	0.0	0
chr6	56412537	0	0	0.0	0
chr6	56437600	0	0	0.0	0
chr6	56717984	0	0	0.0	0
chr6	56945244	0	0	0.0	0
chr6	57116309	0	0	0.0	0
chr6	57303259	0	0	0.0	0
chr6	57432712	0	0	0.0	0
chr6	57860124	0	0	0.0	0
chr6	57920608	0	0	0.0	0
chr6	57921325	0	0	0.0	0
chr6	58217092	0	0	0.0	0
chr6	58235536	0	0	0.0	0
chr6	58394663	0	0	0.0	0
chr6	60329084	0	0	0.0	0
chr6	60356800	0	0	0.0	0
chr6	60563436	0	0	0.0	0
chr6	61052686	0	0	0.0	0
chr6	61483292	0	0	0.0	0
chr6	61651153	0	0	0.0	0
chr6	61868543	0	0	0.0	0
chr6	62054664	0	0	0.0	0
chr6	62170204	0	0	0.0	0
chr6	62175877	0	0	0.0	0
chr6	62542010	0	0	0.0	0
chr6	62860997	0	0	0.0	0
chr6	63173497	0	0	0.0	0
chr6	63362847	0	0	0.0	0
chr6	63382191	0	0	0.0	0
chr6	63507537	0	0	0.0	0
chr6	63556319	1	6	0.0845	1
chr6	63688111	0	0	0.0	0
chr6	63689142	0	0	0.0	0
chr6	63778204	0	0	0.0	0
chr6	63829912	0	0	0.0	0
chr6	63887937	0	0	0.0	0
chr6	63972158	0	0	0.0	0
chr6	64077366	0	0	0.0	0
chr6	64209382	0	0	0.0	0
chr6	64333573	0	0	0.0	0
chr6	64385926	0	0	0.0	0
chr6	64605043	0	0	0.0	0
chr6	64613854	0	0	0.0	0
chr6	64790479	0	0	0.0	0
chr6	65299452	0	0	0.0	0
chr6	65510488	0	0	0.0	0
chr6	65966694	0	0	0.0	0
chr6	66173125	1	22	0.55	1
chr6	66181523	0	0	0.0	0
chr6	66331221	0	0	0.0	0
chr6	66407378	0	0	0.0	0
chr6	66469593	0	0	0.0	0
chr6	66631701	0	0	0.0	0
chr6	66755934	0	0	0.0	0
chr6	67153746	0	0	0.0	0
chr6	67314060	0	1	0.0217	0
chr6	67541135	0	0	0.0	0
chr6	67550998	0	0	0.0	0
chr6	67883223	0	0	0.0	0
chr6	67888994	0	0	0.0	0
chr6	67899512	0	0	0.0	0
chr6	68218825	0	0	0.0	0
chr6	68456179	0	0	0.0	0
chr6	68544148	0	0	0.0	0
chr6	68636527	0	0	0.0	0
chr6	69006769	0	0	0.0	0
chr6	69398208	0	0	0.0	0
chr6	69618705	0	0	0.0	0
chr6	69637800	0	0	0.0	0
chr6	69726392	0	0	0.0	0
chr6	70352822	0	0	0.0	0
chr6	70419957	0	0	0.0	0
chr6	70448495	0	0	0.0	0
chr6	70516629	0	0	0.0	0
chr6	70820961	0	0	0.0	0
chr6	70967300	0	0	0.0	0
chr6	71070932	0	0	0.0	0
chr6	71091202	0	0	0.0	0
chr6	71280051	0	0	0.0	0
chr6	71332529	0	0	0.0	0
chr6	71351744	0	0	0.0	0
chr6	71432791	0	0	0.0	0
chr6	71480834	0	0	0.0	0
chr6	71536823	0	0	0.0	0
chr6	71752100	0	0	0.0	0
chr6	71847780	0	0	0.0	0
chr6	72074888	0	0	0.0	0
chr6	72125294	0	0	0.0	0
chr6	72148857	0	0	0.0	0
chr6	72154748	0	0	0.0	0
chr6	72183740	0	0	0.0	0
chr6	72470305	0	0	0.0	0
chr6	72512360	0	0	0.0	0
chr6	72546657	0	0	0.0	0
chr6	72653528	0	0	0.0	0
chr6	72720030	0	0	0.0	0
chr6	72911672	0	0	0.0	0
chr6	72935511	0	0	0.0	0
chr6	72952496	0	0	0.0	0
chr6	73077199	0	0	0.0	0
chr6	73124917	0	0	0.0	0
chr6	73153065	0	0	0.0	0
chr6	73165513	0	0	0.0	0
chr6	73204382	0	0	0.0	0
chr6	73224387	0	0	0.0	0
chr6	73322684	0	1	0.0196	0
chr6	73391504	0	0	0.0	0
chr6	73419168	0	0	0.0	0
chr6	73636982	0	0	0.0	0
chr6	73710834	0	0	0.0	0
chr6	73938874	0	0	0.0	0
chr6	73972396	0	0	0.0	0
chr6	74074573	0	0	0.0	0
chr6	74084324	0	0	0.0	0
chr6	74135987	0	0	0.0	0
chr6	74288116	0	0	0.0	0
chr6	74378314	0	0	0.0	0
chr6	74646982	0	0	0.0	0
chr6	74819139	0	0	0.0	0
chr6	74854830	0	0	0.0	0
chr6	74994129	0	0	0.0	0
chr6	75048876	0	0	0.0	0
chr6	75163623	0	0	0.0	0
chr6	75301803	0	0	0.0	0
chr6	75351834	0	0	0.0	0
chr6	75514653	0	0	0.0	0
chr6	75552827	0	0	0.0	0
chr6	75821024	0	0	0.0	0
chr6	75914990	0	0	0.0	0
chr6	76030140	0	0	0.0	0
chr6	76143007	0	0	0.0	0
chr6	76184014	0	0	0.0	0
chr6	76307882	0	0	0.0	0
chr6	76327104	0	1	0.0294	0
chr6	76783366	0	0	0.0	0
chr6	76849592	0	0	0.0	0
chr6	77363489	0	0	0.0	0
chr6	77776468	0	0	0.0	0
chr6	77876575	0	0	0.0	0
chr6	77880858	0	0	0.0	0
chr6	78145381	0	0	0.0	0
chr6	78194642	0	0	0.0	0
chr6	78211431	0	0	0.0	0
chr6	78259435	0	0	0.0	0
chr6	78266852	0	0	0.0	0
chr6	78454179	0	0	0.0	0
chr6	78655697	0	0	0.0	0
chr6	78693313	0	0	0.0	0
chr6	78733715	0	0	0.0	0
chr6	78745695	0	0	0.0	0
chr6	78942532	0	0	0.0	0
chr6	79021703	0	0	0.0	0
chr6	79256593	0	0	0.0	0
chr6	79527469	0	0	0.0	0
chr6	79551847	0	0	0.0	0
chr6	79767646	0	0	0.0	0
chr6	79848467	0	0	0.0	0
chr6	79943326	0	0	0.0	0
chr6	79994523	0	0	0.0	0
chr6	80330861	0	0	0.0	0
chr6	80474981	0	0	0.0	0
chr6	80766180	0	0	0.0	0
chr6	80799673	0	0	0.0	0
chr6	80813288	0	0	0.0	0
chr6	80863365	0	0	0.0	0
chr6	81083128	0	0	0.0	0
chr6	81235869	0	0	0.0	0
chr6	81263376	0	0	0.0	0
chr6	81493375	0	0	0.0	0
chr6	81538730	0	0	0.0	0
chr6	81869886	0	0	0.0	0
chr6	82014743	0	0	0.0	0
chr6	82038841	0	0	0.0	0
chr6	82103676	0	0	0.0	0
chr6	82190340	0	0	0.0	0
chr6	82348051	0	0	0.0	0
chr6	82364051	0	0	0.0	0
chr6	82428250	0	0	0.0	0
chr6	82512571	0	0	0.0	0
chr6	82575601	0	0	0.0	0
chr6	82590590	0	0	0.0	0
chr6	82625543	0	0	0.0	0
chr6	82667633	0	0	0.0	0
chr6	82944442	0	0	0.0	0
chr6	82991391	0	0	0.0	0
chr6	83099919	0	0	0.0	0
chr6	83197745	0	0	0.0	0
chr6	83220094	0	0	0.0	0
chr6	83258772	0	0	0.0	0
chr6	83539468	0	0	0.0	0
chr6	83547321	0	0	0.0	0
chr6	83562512	0	0	0.0	0
chr6	83586194	0	0	0.0	0
chr6	83593627	0	0	0.0	0
chr6	83838200	0	0	0.0	0
chr6	84054947	0	0	0.0	0
chr6	84064108	0	0	0.0	0
chr6	84089270	0	0	0.0	0
chr6	84133144	0	0	0.0	0
chr6	84287829	0	0	0.0	0
chr6	84357640	0	0	0.0	0
chr6	84625033	0	0	0.0	0
chr6	84773058	0	0	0.0	0
chr6	84978286	0	0	0.0	0
chr6	84996222	0	1	0.0147	0
chr6	85012577	0	0	0.0	0
chr6	85318572	0	0	0.0	0
chr6	85345128	0	0	0.0	0
chr6	85370898	0	0	0.0	0
chr6	85500627	0	0	0.0	0
chr6	85628041	0	2	0.0417	0
chr6	85700045	0	0	0.0	0
chr6	85710062	0	0	0.0	0
chr6	85878778	0	0	0.0	0
chr6	85879850	0	0	0.0	0
chr6	85926147	0	0	0.0	0
chr6	85936989	0	0	0.0	0
chr6	86057096	0	0	0.0	0
chr6	86065657	0	0	0.0	0
chr6	86228236	0	0	0.0	0
chr6	86276263	0	0	0.0	0
chr6	86291776	0	0	0.0	0
chr6	86427603	0	0	0.0	0
chr6	86491907	0	0	0.0	0
chr6	86590946	0	0	0.0	0
chr6	86745932	0	0	0.0	0
chr6	86879378	0	0	0.0	0
chr6	87302239	0	0	0.0	0
chr6	87441368	0	0	0.0	0
chr6	87706811	0	0	0.0	0
chr6	87727836	0	0	0.0	0
chr6	87844610	0	0	0.0	0
chr6	87991063	0	0	0.0	0
chr6	88007498	0	0	0.0	0
chr6	88300722	0	0	0.0	0
chr6	88312843	0	0	0.0	0
chr6	88489291	0	0	0.0	0
chr6	88845425	0	0	0.0	0
chr6	88944563	0	0	0.0	0
chr6	89018799	0	0	0.0	0
chr6	89079686	0	0	0.0	0
chr6	89167832	0	1	0.0114	0
chr6	89194294	0	0	0.0	0
chr6	89244406	0	0	0.0	0
chr6	89352877	0	0	0.0	0
chr6	89501142	0	0	0.0	0
chr6	89716080	0	0	0.0	0
chr6	89804962	0	0	0.0	0
chr6	89917683	0	0	0.0	0
chr6	89998806	0	0	0.0	0
chr6	90080602	0	0	0.0	0
chr6	90116055	0	0	0.0	0
chr6	90236599	0	0	0.0	0
chr6	90266056	0	0	0.0	0
chr6	90363762	0	0	0.0	0
chr6	90390329	0	0	0.0	0
chr6	90500503	0	0	0.0	0
chr6	90563286	0	0	0.0	0
chr6	90623957	0	0	0.0	0
chr6	90654153	0	0	0.0	0
chr6	90681157	0	0	0.0	0
chr6	90812824	0	0	0.0	0
chr6	90816674	0	0	0.0	0
chr6	90831021	0	0	0.0	0
chr6	90868530	0	0	0.0	0
chr6	90872790	0	0	0.0	0
chr6	90873309	0	0	0.0	0
chr6	90932206	0	0	0.0	0
chr6	90941876	0	0	0.0	0
chr6	90981731	0	0	0.0	0
chr6	91127347	0	0	0.0	0
chr6	91381355	0	0	0.0	0
chr6	91868574	0	0	0.0	0
chr6	92189004	0	0	0.0	0
chr6	92200872	0	0	0.0	0
chr6	92443303	0	0	0.0	0
chr6	92508325	0	0	0.0	0
chr6	92593199	0	0	0.0	0
chr6	92693676	0	0	0.0	0
chr6	92699141	0	0	0.0	0
chr6	92870069	0	0	0.0	0
chr6	93199739	0	0	0.0	0
chr6	93464425	0	0	0.0	0
chr6	93474759	0	0	0.0	0
chr6	93626480	0	0	0.0	0
chr6	93668637	0	0	0.0	0
chr6	93681064	0	0	0.0	0
chr6	93718890	0	0	0.0	0
chr6	93758780	0	0	0.0	0
chr6	93764887	0	0	0.0	0
chr6	93767717	0	0	0.0	0
chr6	93772012	0	0	0.0	0
chr6	93857331	0	0	0.0	0
chr6	93944497	0	0	0.0	0
chr6	94145993	0	0	0.0	0
chr6	94218322	0	0	0.0	0
chr6	94340118	0	0	0.0	0
chr6	94474929	0	0	0.0	0
chr6	94672677	0	0	0.0	0
chr6	94680255	0	0	0.0	0
chr6	94792582	0	0	0.0	0
chr6	94797780	0	0	0.0	0
chr6	94819243	0	0	0.0	0
chr6	95075757	0	0	0.0	0
chr6	95143882	0	0	0.0	0
chr6	95175061	0	0	0.0	0
chr6	95196360	0	0	0.0	0
chr6	95349654	0	0	0.0	0
chr6	95357917	0	0	0.0	0
chr6	95374186	0	0	0.0	0
chr6	95636842	0	0	0.0	0
chr6	95654879	0	0	0.0	0
chr6	95660394	0	0	0.0	0
chr6	95857330	0	0	0.0	0
chr6	95916553	0	0	0.0	0
chr6	96216124	0	0	0.0	0
chr6	96418193	0	0	0.0	0
chr6	96616064	0	0	0.0	0
chr6	96627454	0	0	0.0	0
chr6	96644365	0	0	0.0	0
chr6	96838423	0	1	0.0143	0
chr6	96992347	0	0	0.0	0
chr6	97007904	0	0	0.0	0
chr6	97119485	0	0	0.0	0
chr6	97144719	0	0	0.0	0
chr6	97884004	0	0	0.0	0
chr6	98004860	0	0	0.0	0
chr6	98073344	0	0	0.0	0
chr6	98269624	0	0	0.0	0
chr6	98304194	0	0	0.0	0
chr6	98363373	0	0	0.0	0
chr6	98518503	0	0	0.0	0
chr6	98527681	0	0	0.0	0
chr6	98564767	0	0	0.0	0
chr6	98642674	0	0	0.0	0
chr6	98732780	0	0	0.0	0
chr6	98752882	0	1	0.0244	0
chr6	98876907	0	0	0.0	0
chr6	98946616	0	0	0.0	0
chr6	99068875	0	0	0.0	0
chr6	99271213	0	0	0.0	0
chr6	99296870	0	0	0.0	0
chr6	99367131	0	0	0.0	0
chr6	99560190	0	0	0.0	0
chr6	99620139	0	0	0.0	0
chr6	99681530	0	0	0.0	0
chr6	99836926	0	0	0.0	0
chr6	100060786	0	0	0.0	0
chr6	100077816	0	0	0.0	0
chr6	100110950	0	1	0.0156	0
chr6	100345865	0	0	0.0	0
chr6	100349118	0	0	0.0	0
chr6	100427146	0	0	0.0	0
chr6	100537705	0	0	0.0	0
chr6	100627486	0	0	0.0	0
chr6	100967094	0	0	0.0	0
chr6	101340568	0	0	0.0	0
chr6	101606993	0	0	0.0	0
chr6	101620914	0	0	0.0	0
chr6	101650586	0	0	0.0	0
chr6	101673038	0	0	0.0	0
chr6	101798561	0	0	0.0	0
chr6	101986784	0	0	0.0	0
chr6	102216537	0	0	0.0	0
chr6	102290076	0	0	0.0	0
chr6	102524883	0	0	0.0	0
chr6	102792988	0	0	0.0	0
chr6	102884243	0	0	0.0	0
chr6	102890180	0	0	0.0	0
chr6	103357667	0	0	0.0	0
chr6	103593170	0	0	0.0	0
chr6	103609267	0	0	0.0	0
chr6	103764274	0	0	0.0	0
chr6	103784077	0	1	0.0145	0
chr6	103872873	0	0	0.0	0
chr6	103882408	0	0	0.0	0
chr6	103934356	0	0	0.0	0
chr6	104027635	0	0	0.0	0
chr6	104034510	0	0	0.0	0
chr6	104085644	0	0	0.0	0
chr6	104184483	0	0	0.0	0
chr6	104375474	0	0	0.0	0
chr6	104460616	0	0	0.0	0
chr6	104515844	0	1	0.0238	0
chr6	104554173	0	0	0.0	0
chr6	104586302	0	0	0.0	0
chr6	104596603	0	0	0.0	0
chr6	104800571	0	0	0.0	0
chr6	104882733	0	1	0.0145	0
chr6	104910888	0	0	0.0	0
chr6	104983248	0	0	0.0	0
chr6	105145198	0	0	0.0	0
chr6	105360908	0	0	0.0	0
chr6	105536205	0	0	0.0	0
chr6	105560666	0	0	0.0	0
chr6	105731908	0	0	0.0	0
chr6	105908042	0	0	0.0	0
chr6	106064780	0	0	0.0	0
chr6	106066106	0	0	0.0	0
chr6	106146369	0	0	0.0	0
chr6	106363551	0	0	0.0	0
chr6	106487988	0	0	0.0	0
chr6	106575494	0	0	0.0	0
chr6	106853578	0	0	0.0	0
chr6	107031022	0	0	0.0	0
chr6	107243067	0	0	0.0	0
chr6	107277157	0	0	0.0	0
chr6	107421861	0	0	0.0	0
chr6	107678268	0	0	0.0	0
chr6	107705085	0	0	0.0	0
chr6	108095992	0	0	0.0	0
chr6	108375671	0	0	0.0	0
chr6	108915943	0	0	0.0	0
chr6	108929607	0	0	0.0	0
chr6	109442342	0	0	0.0	0
chr6	109450072	0	0	0.0	0
chr6	109502465	0	0	0.0	0
chr6	109535431	0	0	0.0	0
chr6	109687984	0	0	0.0	0
chr6	109849755	0	0	0.0	0
chr6	109852764	0	0	0.0	0
chr6	110020212	0	1	0.0294	0
chr6	110044549	0	0	0.0	0
chr6	110203537	0	0	0.0	0
chr6	110204106	0	0	0.0	0
chr6	110303456	0	0	0.0	0
chr6	110307383	0	0	0.0	0
chr6	110320179	0	0	0.0	0
chr6	110336294	0	0	0.0	0
chr6	110377482	0	0	0.0	0
chr6	110534690	0	0	0.0	0
chr6	110769906	0	0	0.0	0
chr6	110987603	0	0	0.0	0
chr6	111502712	0	0	0.0	0
chr6	111576608	0	0	0.0	0
chr6	111598123	0	0	0.0	0
chr6	111605427	0	1	0.0139	0
chr6	111623650	0	0	0.0	0
chr6	111747627	0	0	0.0	0
chr6	111783635	0	0	0.0	0
chr6	111845749	0	0	0.0	0
chr6	112027144	0	0	0.0	0
chr6	112100723	0	0	0.0	0
chr6	112106706	0	0	0.0	0
chr6	112181217	0	0	0.0	0
chr6	112219298	0	0	0.0	0
chr6	112268709	0	0	0.0	0
chr6	112270298	0	0	0.0	0
chr6	112367369	0	0	0.0	0
chr6	112408754	0	0	0.0	0
chr6	112541624	0	0	0.0	0
chr6	112632464	0	0	0.0	0
chr6	112685621	0	0	0.0	0
chr6	112787443	0	0	0.0	0
chr6	112979870	0	0	0.0	0
chr6	113188630	0	0	0.0	0
chr6	113191951	0	0	0.0	0
chr6	113224762	0	0	0.0	0
chr6	113399094	0	0	0.0	0
chr6	113402395	0	0	0.0	0
chr6	113420093	0	0	0.0	0
chr6	113438154	0	0	0.0	0
chr6	113448643	0	0	0.0	0
chr6	113586534	0	0	0.0	0
chr6	113815859	0	0	0.0	0
chr6	113844236	0	0	0.0	0
chr6	113888443	0	0	0.0	0
chr6	114015865	0	0	0.0	0
chr6	114020600	0	0	0.0	0
chr6	114031673	0	0	0.0	0
chr6	114102371	0	0	0.0	0
chr6	114188704	0	0	0.0	0
chr6	114192696	0	0	0.0	0
chr6	114230879	0	0	0.0	0
chr6	114425875	0	0	0.0	0
chr6	114928497	0	0	0.0	0
chr6	115051114	0	0	0.0	0
chr6	115126831	0	0	0.0	0
chr6	115212128	0	0	0.0	0
chr6	115220367	0	0	0.0	0
chr6	115274324	0	0	0.0	0
chr6	115276897	0	0	0.0	0
chr6	115289140	0	0	0.0	0
chr6	115336200	0	0	0.0	0
chr6	115394457	0	0	0.0	0
chr6	115555338	0	0	0.0	0
chr6	115643178	0	0	0.0	0
chr6	115646001	0	0	0.0	0
chr6	115815827	0	1	0.0196	0
chr6	115839757	0	0	0.0	0
chr6	115972912	0	0	0.0	0
chr6	115998032	0	0	0.0	0
chr6	116069906	0	0	0.0	0
chr6	116097694	0	0	0.0	0
chr6	116558860	0	0	0.0	0
chr6	116681810	0	0	0.0	0
chr6	116892834	0	0	0.0	0
chr6	117126444	0	0	0.0	0
chr6	117173876	0	0	0.0	0
chr6	117645913	0	0	0.0	0
chr6	117646431	0	0	0.0	0
chr6	117655703	0	0	0.0	0
chr6	117685181	0	0	0.0	0
chr6	117932281	0	0	0.0	0
chr6	118046330	0	0	0.0	0
chr6	118097120	0	0	0.0	0
chr6	118100326	0	0	0.0	0
chr6	118120525	0	0	0.0	0
chr6	118142146	0	0	0.0	0
chr6	118274093	0	0	0.0	0
chr6	118309820	0	0	0.0	0
chr6	118322164	0	1	0.0526	0
chr6	118342414	0	0	0.0	0
chr6	118384053	0	0	0.0	0
chr6	118432792	0	0	0.0	0
chr6	118471174	0	0	0.0	0
chr6	118598316	0	0	0.0	0
chr6	118670928	0	0	0.0	0
chr6	118693074	0	0	0.0	0
chr6	118775755	0	0	0.0	0
chr6	118954806	0	0	0.0	0
chr6	119138287	0	0	0.0	0
chr6	119286574	0	0	0.0	0
chr6	119563746	0	0	0.0	0
chr6	119587899	0	0	0.0	0
chr6	119614000	0	0	0.0	0
chr6	119643846	0	0	0.0	0
chr6	119759248	0	0	0.0	0
chr6	119768576	0	0	0.0	0
chr6	119966907	0	0	0.0	0
chr6	120262688	0	0	0.0	0
chr6	120267129	0	0	0.0	0
chr6	120271077	0	0	0.0	0
chr6	120405376	0	0	0.0	0
chr6	120461899	0	0	0.0	0
chr6	120469837	0	0	0.0	0
chr6	120587166	0	0	0.0	0
chr6	120786568	0	0	0.0	0
chr6	120794051	0	0	0.0	0
chr6	120815499	0	0	0.0	0
chr6	120842836	0	0	0.0	0
chr6	120938129	1	3	0.0462	1
chr6	121017068	0	0	0.0	0
chr6	121145133	0	0	0.0	0
chr6	121194263	0	0	0.0	0
chr6	121268324	0	0	0.0	0
chr6	121313756	0	0	0.0	0
chr6	121412378	0	0	0.0	0
chr6	121620923	0	0	0.0	0
chr6	121725091	0	0	0.0	0
chr6	121738336	0	0	0.0	0
chr6	121805649	0	0	0.0	0
chr6	121855828	0	0	0.0	0
chr6	121906960	0	0	0.0	0
chr6	121937002	0	0	0.0	0
chr6	121952897	0	0	0.0	0
chr6	122108582	0	0	0.0	0
chr6	122265026	0	0	0.0	0
chr6	122424177	0	0	0.0	0
chr6	122554130	0	0	0.0	0
chr6	122566175	0	0	0.0	0
chr6	122668687	0	0	0.0	0
chr6	122810661	0	0	0.0	0
chr6	122820208	0	0	0.0	0
chr6	122972786	0	0	0.0	0
chr6	123012616	0	0	0.0	0
chr6	123016986	0	0	0.0	0
chr6	123075517	0	0	0.0	0
chr6	123150338	0	0	0.0	0
chr6	123309572	0	0	0.0	0
chr6	123419021	0	0	0.0	0
chr6	123709913	0	0	0.0	0
chr6	123816840	0	0	0.0	0
chr6	123828119	0	0	0.0	0
chr6	123854997	0	0	0.0	0
chr6	123860892	0	0	0.0	0
chr6	123897262	0	0	0.0	0
chr6	124019553	0	0	0.0	0
chr6	124468245	0	0	0.0	0
chr6	124470177	0	0	0.0	0
chr6	124623172	0	0	0.0	0
chr6	124682614	0	0	0.0	0
chr6	124863622	0	0	0.0	0
chr6	124992582	0	2	0.0345	0
chr6	125259329	0	0	0.0	0
chr6	125448506	0	0	0.0	0
chr6	125627613	0	0	0.0	0
chr6	125705414	0	0	0.0	0
chr6	125710404	0	0	0.0	0
chr6	125722631	0	0	0.0	0
chr6	125766623	0	0	0.0	0
chr6	125823601	0	0	0.0	0
chr6	126035670	0	0	0.0	0
chr6	126042336	0	0	0.0	0
chr6	126526263	0	0	0.0	0
chr6	126727127	0	0	0.0	0
chr6	126755968	0	0	0.0	0
chr6	126765528	0	0	0.0	0
chr6	126790756	0	0	0.0	0
chr6	126881185	0	0	0.0	0
chr6	126888844	0	0	0.0	0
chr6	127229340	0	0	0.0	0
chr6	127283190	0	0	0.0	0
chr6	127333624	0	0	0.0	0
chr6	127416234	0	0	0.0	0
chr6	127475005	0	0	0.0	0
chr6	127589929	0	0	0.0	0
chr6	127819015	0	0	0.0	0
chr6	127901172	0	0	0.0	0
chr6	128329072	0	0	0.0	0
chr6	128420016	0	0	0.0	0
chr6	128561101	0	0	0.0	0
chr6	128732576	0	0	0.0	0
chr6	128968798	1	26	0.3421	1
chr6	129315989	0	0	0.0	0
chr6	129350488	0	0	0.0	0
chr6	129358213	0	0	0.0	0
chr6	129405539	0	0	0.0	0
chr6	129411295	0	0	0.0	0
chr6	129464374	0	0	0.0	0
chr6	129569271	0	0	0.0	0
chr6	129569816	0	0	0.0	0
chr6	129713396	0	0	0.0	0
chr6	129728293	0	0	0.0	0
chr6	129756645	0	0	0.0	0
chr6	129784345	0	0	0.0	0
chr6	129889046	0	0	0.0	0
chr6	130023933	0	0	0.0	0
chr6	130174047	0	0	0.0	0
chr6	130206320	0	0	0.0	0
chr6	130294481	0	0	0.0	0
chr6	130308304	0	0	0.0	0
chr6	130371238	0	0	0.0	0
chr6	130473066	0	0	0.0	0
chr6	130580819	0	0	0.0	0
chr6	130640814	0	0	0.0	0
chr6	130652514	0	0	0.0	0
chr6	130661806	0	0	0.0	0
chr6	130672893	0	0	0.0	0
chr6	131031171	0	0	0.0	0
chr6	131061246	0	0	0.0	0
chr6	131109205	0	0	0.0	0
chr6	131352828	0	0	0.0	0
chr6	131593759	0	0	0.0	0
chr6	131679939	0	1	0.0164	0
chr6	131687130	0	0	0.0	0
chr6	131791713	0	0	0.0	0
chr6	131918517	0	0	0.0	0
chr6	132135318	0	0	0.0	0
chr6	132656151	0	0	0.0	0
chr6	133131800	0	0	0.0	0
chr6	133154377	0	0	0.0	0
chr6	133202787	0	0	0.0	0
chr6	133396490	0	0	0.0	0
chr6	133590498	0	0	0.0	0
chr6	133593331	0	0	0.0	0
chr6	133620106	0	0	0.0	0
chr6	133621043	0	0	0.0	0
chr6	133690437	0	0	0.0	0
chr6	133722968	0	0	0.0	0
chr6	133744833	0	0	0.0	0
chr6	133806327	0	0	0.0	0
chr6	133812975	0	0	0.0	0
chr6	133889219	0	0	0.0	0
chr6	133904707	0	0	0.0	0
chr6	134114874	0	0	0.0	0
chr6	134175713	0	0	0.0	0
chr6	134353896	0	0	0.0	0
chr6	134460175	1	68	0.7816	1
chr6	134534733	0	0	0.0	0
chr6	134578797	0	0	0.0	0
chr6	134589834	0	0	0.0	0
chr6	134811071	0	0	0.0	0
chr6	135155656	0	0	0.0	0
chr6	135203830	0	0	0.0	0
chr6	135223358	0	0	0.0	0
chr6	135232879	0	0	0.0	0
chr6	135243652	0	0	0.0	0
chr6	135334161	0	0	0.0	0
chr6	135518066	0	0	0.0	0
chr6	135620098	0	0	0.0	0
chr6	135924402	0	0	0.0	0
chr6	135929840	0	0	0.0	0
chr6	135947736	0	0	0.0	0
chr6	135992083	0	0	0.0	0
chr6	136160811	0	0	0.0	0
chr6	136322639	0	0	0.0	0
chr6	136352092	0	0	0.0	0
chr6	136379685	0	0	0.0	0
chr6	136519000	0	0	0.0	0
chr6	136566265	0	0	0.0	0
chr6	136636529	0	0	0.0	0
chr6	136701574	0	0	0.0	0
chr6	136748101	0	0	0.0	0
chr6	136896492	0	0	0.0	0
chr6	136937276	0	0	0.0	0
chr6	137152075	0	0	0.0	0
chr6	137320170	0	0	0.0	0
chr6	137563881	1	16	0.3636	1
chr6	137603876	0	0	0.0	0
chr6	137766669	0	0	0.0	0
chr6	137943197	0	0	0.0	0
chr6	137989457	0	0	0.0	0
chr6	138372925	0	0	0.0	0
chr6	138447030	0	0	0.0	0
chr6	138593734	0	0	0.0	0
chr6	138739723	0	0	0.0	0
chr6	138786290	0	0	0.0	0
chr6	138919202	0	0	0.0	0
chr6	139154002	0	0	0.0	0
chr6	139251928	0	0	0.0	0
chr6	139298681	0	0	0.0	0
chr6	139312030	0	0	0.0	0
chr6	139382322	0	0	0.0	0
chr6	139447558	0	0	0.0	0
chr6	139540937	0	0	0.0	0
chr6	139551400	0	0	0.0	0
chr6	139797125	0	0	0.0	0
chr6	139864511	0	0	0.0	0
chr6	140417441	0	0	0.0	0
chr6	140507675	0	0	0.0	0
chr6	140644697	0	0	0.0	0
chr6	140655431	0	0	0.0	0
chr6	140656906	0	0	0.0	0
chr6	140693663	0	0	0.0	0
chr6	140696846	0	0	0.0	0
chr6	140766011	0	0	0.0	0
chr6	141375452	0	0	0.0	0
chr6	141644979	0	0	0.0	0
chr6	141902403	0	0	0.0	0
chr6	142043663	0	0	0.0	0
chr6	142190810	0	0	0.0	0
chr6	142493379	0	0	0.0	0
chr6	142658688	0	0	0.0	0
chr6	142693349	0	0	0.0	0
chr6	142768649	0	0	0.0	0
chr6	142820210	0	0	0.0	0
chr6	142957113	0	0	0.0	0
chr6	143035243	0	0	0.0	0
chr6	143086073	0	0	0.0	0
chr6	143165562	1	47	0.7344	1
chr6	143173324	0	0	0.0	0
chr6	143407031	0	0	0.0	0
chr6	143417051	0	0	0.0	0
chr6	143541618	0	0	0.0	0
chr6	143603999	0	0	0.0	0
chr6	143621222	0	0	0.0	0
chr6	143684467	0	0	0.0	0
chr6	143842412	0	0	0.0	0
chr6	143901100	0	0	0.0	0
chr6	144019205	0	0	0.0	0
chr6	144112264	0	0	0.0	0
chr6	144125645	0	0	0.0	0
chr6	144215721	0	0	0.0	0
chr6	144329572	0	1	0.0135	0
chr6	144341986	0	0	0.0	0
chr6	144356306	0	0	0.0	0
chr6	144626579	0	0	0.0	0
chr6	144659284	0	0	0.0	0
chr6	144744598	1	17	0.5152	1
chr6	144749117	0	0	0.0	0
chr6	144764921	0	1	0.0233	0
chr6	144780710	0	0	0.0	0
chr6	144852122	0	0	0.0	0
chr6	145002860	1	59	0.831	1
chr6	145021090	0	0	0.0	0
chr6	145074208	0	0	0.0	0
chr6	145472244	0	0	0.0	0
chr6	145573737	0	0	0.0	0
chr6	145637454	2	7	0.175	1
chr6	146063129	0	0	0.0	0
chr6	146164769	0	0	0.0	0
chr6	146280746	0	0	0.0	0
chr6	146322210	0	0	0.0	0
chr6	146324263	0	0	0.0	0
chr6	146336320	0	0	0.0	0
chr6	146445773	0	0	0.0	0
chr6	146514974	0	0	0.0	0
chr6	146658411	0	0	0.0	0
chr6	146738369	0	0	0.0	0
chr6	146828649	0	0	0.0	0
chr6	146920561	0	0	0.0	0
chr6	146937383	0	0	0.0	0
chr6	147241394	0	0	0.0	0
chr6	147408272	0	0	0.0	0
chr6	147495273	0	0	0.0	0
chr6	147511737	0	0	0.0	0
chr6	147537681	0	1	0.0625	0
chr6	147560347	0	0	0.0	0
chr6	147609528	0	0	0.0	0
chr6	147674653	0	0	0.0	0
chr6	147804058	0	0	0.0	0
chr6	147837342	0	0	0.0	0
chr6	147841080	0	0	0.0	0
chr6	148192583	0	0	0.0	0
chr6	148267639	0	0	0.0	0
chr6	148329106	0	0	0.0	0
chr6	148413595	0	0	0.0	0
chr6	148562488	0	0	0.0	0
chr6	148587644	0	0	0.0	0
chr6	148631033	0	0	0.0	0
chr6	148670913	0	0	0.0	0
chr6	149216120	0	0	0.0	0
chr6	149435828	0	0	0.0	0
chr6	149546414	0	0	0.0	0
chr6	149652839	0	0	0.0	0
chr6	149859846	0	0	0.0	0
chr6	149922408	0	0	0.0	0
chr6	149939233	0	0	0.0	0
chr6	149942676	0	0	0.0	0
chr6	149989587	0	0	0.0	0
chr6	150024870	0	0	0.0	0
chr6	150037407	0	0	0.0	0
chr6	150112194	0	0	0.0	0
chr6	150133232	0	0	0.0	0
chr6	150202491	0	0	0.0	0
chr6	150419355	0	0	0.0	0
chr6	150517356	0	0	0.0	0
chr6	150538917	0	0	0.0	0
chr6	150615701	0	0	0.0	0
chr6	150624238	0	0	0.0	0
chr6	150669374	0	0	0.0	0
chr6	150680215	0	0	0.0	0
chr6	150856331	0	0	0.0	0
chr6	150949716	0	0	0.0	0
chr6	151098453	0	0	0.0	0
chr6	151342397	0	0	0.0	0
chr6	151616555	0	0	0.0	0
chr6	151656697	0	0	0.0	0
chr6	151662393	0	0	0.0	0
chr6	151666785	0	0	0.0	0
chr6	151743235	0	0	0.0	0
chr6	151817213	0	0	0.0	0
chr6	151824961	0	0	0.0	0
chr6	151921089	0	0	0.0	0
chr6	152194601	0	0	0.0	0
chr6	152209507	0	0	0.0	0
chr6	152430910	0	0	0.0	0
chr6	152643582	0	1	0.0164	0
chr6	152646582	0	0	0.0	0
chr6	152661643	0	0	0.0	0
chr6	152702212	0	0	0.0	0
chr6	152757982	0	0	0.0	0
chr6	152982869	0	0	0.0	0
chr6	153208529	0	0	0.0	0
chr6	153390198	0	0	0.0	0
chr6	153406943	0	0	0.0	0
chr6	153540003	0	0	0.0	0
chr6	153547603	0	0	0.0	0
chr6	153701943	0	0	0.0	0
chr6	153743894	0	0	0.0	0
chr6	153785649	0	0	0.0	0
chr6	153884994	0	0	0.0	0
chr6	153899665	0	0	0.0	0
chr6	154140777	0	0	0.0	0
chr6	154308700	0	0	0.0	0
chr6	154354336	0	0	0.0	0
chr6	154355118	0	0	0.0	0
chr6	154395082	0	0	0.0	0
chr6	154458907	0	0	0.0	0
chr6	154514990	0	0	0.0	0
chr6	154530094	0	0	0.0	0
chr6	154636374	0	0	0.0	0
chr6	154679023	0	0	0.0	0
chr6	154712903	0	0	0.0	0
chr6	154820334	0	0	0.0	0
chr6	154882037	0	0	0.0	0
chr6	154930907	0	0	0.0	0
chr6	155003613	0	0	0.0	0
chr6	155023661	0	0	0.0	0
chr6	155040468	0	0	0.0	0
chr6	155074930	0	0	0.0	0
chr6	155345060	0	0	0.0	0
chr6	155346168	0	0	0.0	0
chr6	155422096	0	0	0.0	0
chr6	155697945	0	0	0.0	0
chr6	155748884	0	0	0.0	0
chr6	155836642	0	0	0.0	0
chr6	155959926	0	0	0.0	0
chr6	156158380	0	0	0.0	0
chr6	156213129	0	0	0.0	0
chr6	156374613	0	0	0.0	0
chr6	156392792	0	0	0.0	0
chr6	156466456	0	0	0.0	0
chr6	156487944	0	0	0.0	0
chr6	156525832	0	0	0.0	0
chr6	156637897	0	0	0.0	0
chr6	156664354	0	0	0.0	0
chr6	156814445	0	0	0.0	0
chr6	156822523	0	0	0.0	0
chr6	156824267	0	0	0.0	0
chr6	156852053	0	0	0.0	0
chr6	156908449	0	0	0.0	0
chr6	156946499	0	0	0.0	0
chr6	156949389	0	0	0.0	0
chr6	157012371	0	0	0.0	0
chr6	157190463	0	0	0.0	0
chr6	157456717	0	0	0.0	0
chr6	157647811	0	0	0.0	0
chr6	157676511	0	0	0.0	0
chr6	157718890	0	0	0.0	0
chr6	157722097	0	0	0.0	0
chr6	157933730	0	0	0.0	0
chr6	157983411	0	0	0.0	0
chr6	158158464	0	0	0.0	0
chr6	158173782	0	0	0.0	0
chr6	158177015	0	0	0.0	0
chr6	158417015	0	0	0.0	0
chr6	158625727	0	0	0.0	0
chr6	158642719	0	0	0.0	0
chr6	158690308	0	0	0.0	0
chr6	158713228	0	0	0.0	0
chr6	158767430	0	0	0.0	0
chr6	158941373	0	0	0.0	0
chr6	159015109	0	0	0.0	0
chr6	159133310	0	0	0.0	0
chr6	159176232	0	0	0.0	0
chr6	159278263	0	0	0.0	0
chr6	159481121	0	0	0.0	0
chr6	159492921	0	0	0.0	0
chr6	159747409	0	0	0.0	0
chr6	159762444	0	0	0.0	0
chr6	159845749	0	0	0.0	0
chr6	159850418	0	0	0.0	0
chr6	159967090	0	0	0.0	0
chr6	160034225	0	0	0.0	0
chr6	160042351	0	0	0.0	0
chr6	160121969	0	0	0.0	0
chr6	160302256	0	0	0.0	0
chr6	160331570	0	0	0.0	0
chr6	160373878	0	0	0.0	0
chr6	160485431	0	0	0.0	0
chr6	160571745	0	0	0.0	0
chr6	160595372	0	0	0.0	0
chr6	160674768	0	0	0.0	0
chr6	160830365	0	0	0.0	0
chr6	161116607	0	0	0.0	0
chr6	161140813	0	0	0.0	0
chr6	161159336	0	0	0.0	0
chr6	161165020	0	0	0.0	0
chr6	161380216	0	0	0.0	0
chr6	161445310	0	0	0.0	0
chr6	161460379	0	0	0.0	0
chr6	161484768	0	0	0.0	0
chr6	161529669	0	0	0.0	0
chr6	161613210	0	0	0.0	0
chr6	161676398	0	0	0.0	0
chr6	162723493	0	0	0.0	0
chr6	162783909	0	0	0.0	0
chr6	162955836	0	0	0.0	0
chr6	162997441	0	0	0.0	0
chr6	163116825	0	0	0.0	0
chr6	163157204	0	0	0.0	0
chr6	163282936	0	0	0.0	0
chr6	163314369	0	0	0.0	0
chr6	163612425	0	0	0.0	0
chr6	163768445	0	0	0.0	0
chr6	163841622	0	0	0.0	0
chr6	163856125	0	0	0.0	0
chr6	163904211	0	0	0.0	0
chr6	163963916	0	0	0.0	0
chr6	164078964	0	0	0.0	0
chr6	164101855	0	1	0.0182	0
chr6	164122675	0	0	0.0	0
chr6	164132266	0	0	0.0	0
chr6	164308318	0	0	0.0	0
chr6	164342282	0	0	0.0	0
chr6	164617020	0	0	0.0	0
chr6	164687506	0	0	0.0	0
chr6	164760353	0	0	0.0	0
chr6	164793733	0	0	0.0	0
chr6	165212485	0	0	0.0	0
chr6	165405152	0	0	0.0	0
chr6	165438045	0	0	0.0	0
chr6	165525540	0	0	0.0	0
chr6	165644749	0	1	0.0172	0
chr6	165662493	0	0	0.0	0
chr6	165708146	0	0	0.0	0
chr6	165767978	0	0	0.0	0
chr6	165848487	0	0	0.0	0
chr6	165852975	0	0	0.0	0
chr6	165856581	0	0	0.0	0
chr6	165998629	0	0	0.0	0
chr6	166314028	0	0	0.0	0
chr6	166379096	0	0	0.0	0
chr6	166404616	0	0	0.0	0
chr6	166457620	0	0	0.0	0
chr6	166506908	0	0	0.0	0
chr6	166652453	0	0	0.0	0
chr6	166982035	0	0	0.0	0
chr6	167037688	0	0	0.0	0
chr6	167042458	0	0	0.0	0
chr6	167125369	0	0	0.0	0
chr6	167140758	0	0	0.0	0
chr6	167176680	0	0	0.0	0
chr6	167186101	0	0	0.0	0
chr6	167286735	0	0	0.0	0
chr6	167293461	0	0	0.0	0
chr6	167339781	0	0	0.0	0
chr6	167368986	0	0	0.0	0
chr6	167378410	0	0	0.0	0
chr6	167570916	0	0	0.0	0
chr6	167647518	0	0	0.0	0
chr6	167765372	0	0	0.0	0
chr6	167769622	0	0	0.0	0
chr6	167782984	0	0	0.0	0
chr6	167805187	0	0	0.0	0
chr6	167871203	0	0	0.0	0
chr6	167888995	0	0	0.0	0
chr6	167919127	0	0	0.0	0
chr6	167975799	0	0	0.0	0
chr6	168064180	0	0	0.0	0
chr6	168103546	0	0	0.0	0
chr6	168166495	0	0	0.0	0
chr6	168242599	0	0	0.0	0
chr6	168326806	0	0	0.0	0
chr6	168336659	0	0	0.0	0
chr6	168339997	0	0	0.0	0
chr6	168452726	0	0	0.0	0
chr6	168463360	0	0	0.0	0
chr6	168633603	0	0	0.0	0
chr6	168660787	0	0	0.0	0
chr6	168766458	0	0	0.0	0
chr6	168897251	0	0	0.0	0
chr6	168915686	0	0	0.0	0
chr6	168916318	0	0	0.0	0
chr6	168941837	0	0	0.0	0
chr6	168996308	0	0	0.0	0
chr6	169160591	0	0	0.0	0
chr6	169173945	0	0	0.0	0
chr6	169232025	0	0	0.0	0
chr6	169233373	0	0	0.0	0
chr6	169234403	0	0	0.0	0
chr6	169288278	0	0	0.0	0
chr6	169399630	0	0	0.0	0
chr6	169417768	0	0	0.0	0
chr6	169448804	0	0	0.0	0
chr6	169502724	0	1	0.0196	0
chr6	169584545	0	0	0.0	0
chr6	169625146	0	0	0.0	0
chr6	169774413	0	0	0.0	0
chr6	169843523	0	0	0.0	0
chr6	169939059	0	0	0.0	0
chr6	170049311	0	0	0.0	0
chr6	170177060	0	0	0.0	0
chr6	170260017	0	0	0.0	0
chr6	170324698	0	0	0.0	0
chr6	170680665	0	0	0.0	0
chr6	170714630	0	0	0.0	0
chr6	170721265	0	0	0.0	0
chr6	170726803	0	0	0.0	0
chr6	170728235	0	0	0.0	0
chr6_GL000250v2_alt	321009	0	0	0.0	0
chr6_GL000250v2_alt	745935	0	0	0.0	0
chr6_GL000250v2_alt	778346	0	0	0.0	0
chr6_GL000250v2_alt	1044346	0	0	0.0	0
chr6_GL000250v2_alt	1260824	0	0	0.0	0
chr6_GL000250v2_alt	1334083	0	0	0.0	0
chr6_GL000250v2_alt	1669395	0	0	0.0	0
chr6_GL000250v2_alt	1839928	0	0	0.0	0
chr6_GL000250v2_alt	1882598	0	0	0.0	0
chr6_GL000250v2_alt	3112050	0	0	0.0	0
chr6_GL000250v2_alt	3149443	0	0	0.0	0
chr6_GL000250v2_alt	3411497	0	0	0.0	0
chr6_GL000250v2_alt	3700774	0	0	0.0	0
chr6_GL000250v2_alt	3733579	0	0	0.0	0
chr6_GL000250v2_alt	3833547	0	0	0.0	0
chr6_GL000250v2_alt	4048191	0	0	0.0	0
chr6_GL000250v2_alt	4113687	0	0	0.0	0
chr6_GL000250v2_alt	4114198	0	0	0.0	0
chr6_GL000251v2_alt	164077	0	0	0.0	0
chr6_GL000251v2_alt	438720	0	0	0.0	0
chr6_GL000251v2_alt	541861	0	0	0.0	0
chr6_GL000251v2_alt	816814	0	0	0.0	0
chr6_GL000251v2_alt	886596	0	0	0.0	0
chr6_GL000251v2_alt	966726	0	0	0.0	0
chr6_GL000251v2_alt	999137	0	0	0.0	0
chr6_GL000251v2_alt	1201202	0	0	0.0	0
chr6_GL000251v2_alt	1262296	0	0	0.0	0
chr6_GL000251v2_alt	1482500	0	0	0.0	0
chr6_GL000251v2_alt	1555762	0	0	0.0	0
chr6_GL000251v2_alt	1819580	0	0	0.0	0
chr6_GL000251v2_alt	1990145	0	0	0.0	0
chr6_GL000251v2_alt	2032813	0	0	0.0	0
chr6_GL000251v2_alt	2057963	0	0	0.0	0
chr6_GL000251v2_alt	2254314	0	0	0.0	0
chr6_GL000251v2_alt	2301500	0	0	0.0	0
chr6_GL000251v2_alt	2382789	0	0	0.0	0
chr6_GL000251v2_alt	2413343	0	0	0.0	0
chr6_GL000251v2_alt	2425671	0	0	0.0	0
chr6_GL000251v2_alt	2629877	0	0	0.0	0
chr6_GL000251v2_alt	2806700	0	0	0.0	0
chr6_GL000251v2_alt	2897277	0	0	0.0	0
chr6_GL000251v2_alt	2940994	0	0	0.0	0
chr6_GL000251v2_alt	3008039	0	0	0.0	0
chr6_GL000251v2_alt	3028105	0	0	0.0	0
chr6_GL000251v2_alt	3160708	0	0	0.0	0
chr6_GL000251v2_alt	3256681	0	0	0.0	0
chr6_GL000251v2_alt	3294072	0	0	0.0	0
chr6_GL000251v2_alt	3306268	0	0	0.0	0
chr6_GL000251v2_alt	3440937	0	0	0.0	0
chr6_GL000251v2_alt	3461274	0	0	0.0	0
chr6_GL000251v2_alt	3517234	0	0	0.0	0
chr6_GL000251v2_alt	3806672	0	0	0.0	0
chr6_GL000251v2_alt	3839427	0	0	0.0	0
chr6_GL000251v2_alt	3943056	0	0	0.0	0
chr6_GL000251v2_alt	4155625	0	0	0.0	0
chr6_GL000251v2_alt	4220866	0	0	0.0	0
chr6_GL000251v2_alt	4221378	0	0	0.0	0
chr6_GL000251v2_alt	4584595	0	0	0.0	0
chr6_GL000251v2_alt	4609366	0	0	0.0	0
chr6_GL000251v2_alt	4609831	0	0	0.0	0
chr6_GL000251v2_alt	4792233	0	0	0.0	0
chr6_GL000252v2_alt	320989	0	0	0.0	0
chr6_GL000252v2_alt	595867	0	0	0.0	0
chr6_GL000252v2_alt	665644	0	0	0.0	0
chr6_GL000252v2_alt	745797	0	0	0.0	0
chr6_GL000252v2_alt	778208	0	0	0.0	0
chr6_GL000252v2_alt	980375	0	0	0.0	0
chr6_GL000252v2_alt	1041499	0	0	0.0	0
chr6_GL000252v2_alt	1258650	0	0	0.0	0
chr6_GL000252v2_alt	1331907	0	0	0.0	0
chr6_GL000252v2_alt	1595745	0	0	0.0	0
chr6_GL000252v2_alt	1766244	0	0	0.0	0
chr6_GL000252v2_alt	1808917	0	0	0.0	0
chr6_GL000252v2_alt	1834071	0	0	0.0	0
chr6_GL000252v2_alt	2030573	0	0	0.0	0
chr6_GL000252v2_alt	2078032	0	0	0.0	0
chr6_GL000252v2_alt	2159326	0	0	0.0	0
chr6_GL000252v2_alt	2190068	0	0	0.0	0
chr6_GL000252v2_alt	2202403	0	0	0.0	0
chr6_GL000252v2_alt	2406768	0	0	0.0	0
chr6_GL000252v2_alt	2573853	0	0	0.0	0
chr6_GL000252v2_alt	2778478	0	0	0.0	0
chr6_GL000252v2_alt	2798545	0	0	0.0	0
chr6_GL000252v2_alt	2931191	0	0	0.0	0
chr6_GL000252v2_alt	3027213	0	0	0.0	0
chr6_GL000252v2_alt	3064600	0	0	0.0	0
chr6_GL000252v2_alt	3211285	0	0	0.0	0
chr6_GL000252v2_alt	3231620	0	0	0.0	0
chr6_GL000252v2_alt	3260964	0	0	0.0	0
chr6_GL000252v2_alt	3264360	0	0	0.0	0
chr6_GL000252v2_alt	3320303	0	0	0.0	0
chr6_GL000252v2_alt	3609652	0	0	0.0	0
chr6_GL000252v2_alt	3642427	0	0	0.0	0
chr6_GL000252v2_alt	3986808	0	0	0.0	0
chr6_GL000252v2_alt	4052377	0	0	0.0	0
chr6_GL000252v2_alt	4052888	0	0	0.0	0
chr6_GL000252v2_alt	4416586	0	0	0.0	0
chr6_GL000252v2_alt	4441358	0	0	0.0	0
chr6_GL000252v2_alt	4441823	0	0	0.0	0
chr6_GL000253v2_alt	217875	0	0	0.0	0
chr6_GL000253v2_alt	320944	0	0	0.0	0
chr6_GL000253v2_alt	595826	0	0	0.0	0
chr6_GL000253v2_alt	665280	0	0	0.0	0
chr6_GL000253v2_alt	745399	0	0	0.0	0
chr6_GL000253v2_alt	777810	0	0	0.0	0
chr6_GL000253v2_alt	979942	0	0	0.0	0
chr6_GL000253v2_alt	1041094	0	0	0.0	0
chr6_GL000253v2_alt	1263842	0	0	0.0	0
chr6_GL000253v2_alt	1336741	0	0	0.0	0
chr6_GL000253v2_alt	1650130	0	0	0.0	0
chr6_GL000253v2_alt	1820644	0	0	0.0	0
chr6_GL000253v2_alt	1863322	0	0	0.0	0
chr6_GL000253v2_alt	1888469	0	0	0.0	0
chr6_GL000253v2_alt	2084843	0	0	0.0	0
chr6_GL000253v2_alt	2132016	0	0	0.0	0
chr6_GL000253v2_alt	2213257	0	0	0.0	0
chr6_GL000253v2_alt	2243996	0	0	0.0	0
chr6_GL000253v2_alt	2457966	0	0	0.0	0
chr6_GL000253v2_alt	2634881	0	0	0.0	0
chr6_GL000253v2_alt	2725493	0	0	0.0	0
chr6_GL000253v2_alt	2835778	0	0	0.0	0
chr6_GL000253v2_alt	2855828	0	0	0.0	0
chr6_GL000253v2_alt	2988465	0	0	0.0	0
chr6_GL000253v2_alt	3383902	0	0	0.0	0
chr6_GL000253v2_alt	3673521	0	0	0.0	0
chr6_GL000253v2_alt	3706366	0	0	0.0	0
chr6_GL000253v2_alt	4098385	0	0	0.0	0
chr6_GL000253v2_alt	4161368	0	0	0.0	0
chr6_GL000253v2_alt	4226960	0	0	0.0	0
chr6_GL000253v2_alt	4227471	0	0	0.0	0
chr6_GL000253v2_alt	4592560	0	0	0.0	0
chr6_GL000253v2_alt	4617332	0	0	0.0	0
chr6_GL000253v2_alt	4617797	0	0	0.0	0
chr6_GL000254v2_alt	218058	0	0	0.0	0
chr6_GL000254v2_alt	321129	0	0	0.0	0
chr6_GL000254v2_alt	596047	0	0	0.0	0
chr6_GL000254v2_alt	665509	0	0	0.0	0
chr6_GL000254v2_alt	745648	0	0	0.0	0
chr6_GL000254v2_alt	778060	0	0	0.0	0
chr6_GL000254v2_alt	980034	0	0	0.0	0
chr6_GL000254v2_alt	1041165	0	0	0.0	0
chr6_GL000254v2_alt	1347168	0	0	0.0	0
chr6_GL000254v2_alt	1420081	0	0	0.0	0
chr6_GL000254v2_alt	1854466	0	0	0.0	0
chr6_GL000254v2_alt	1897139	0	0	0.0	0
chr6_GL000254v2_alt	1922286	0	0	0.0	0
chr6_GL000254v2_alt	2247170	0	0	0.0	0
chr6_GL000254v2_alt	2277892	0	0	0.0	0
chr6_GL000254v2_alt	2290230	0	0	0.0	0
chr6_GL000254v2_alt	2491579	0	0	0.0	0
chr6_GL000254v2_alt	2668485	0	0	0.0	0
chr6_GL000254v2_alt	2872648	0	0	0.0	0
chr6_GL000254v2_alt	2892714	0	0	0.0	0
chr6_GL000254v2_alt	3025290	0	0	0.0	0
chr6_GL000254v2_alt	3121328	0	0	0.0	0
chr6_GL000254v2_alt	3305546	0	0	0.0	0
chr6_GL000254v2_alt	3355225	0	0	0.0	0
chr6_GL000254v2_alt	3358621	0	0	0.0	0
chr6_GL000254v2_alt	3420928	0	0	0.0	0
chr6_GL000254v2_alt	3710287	0	0	0.0	0
chr6_GL000254v2_alt	3743104	0	0	0.0	0
chr6_GL000254v2_alt	4041427	0	0	0.0	0
chr6_GL000254v2_alt	4106699	0	0	0.0	0
chr6_GL000254v2_alt	4107210	0	0	0.0	0
chr6_GL000254v2_alt	4609044	0	0	0.0	0
chr6_GL000254v2_alt	4633813	0	0	0.0	0
chr6_GL000254v2_alt	4634278	0	0	0.0	0
chr6_GL000254v2_alt	4816678	0	0	0.0	0
chr6_GL000255v2_alt	217894	0	0	0.0	0
chr6_GL000255v2_alt	320966	0	0	0.0	0
chr6_GL000255v2_alt	745740	0	0	0.0	0
chr6_GL000255v2_alt	778151	0	0	0.0	0
chr6_GL000255v2_alt	980329	0	0	0.0	0
chr6_GL000255v2_alt	1041498	0	0	0.0	0
chr6_GL000255v2_alt	1258208	0	0	0.0	0
chr6_GL000255v2_alt	1331146	0	0	0.0	0
chr6_GL000255v2_alt	1594981	0	0	0.0	0
chr6_GL000255v2_alt	1765507	0	0	0.0	0
chr6_GL000255v2_alt	1808178	0	0	0.0	0
chr6_GL000255v2_alt	1833329	0	0	0.0	0
chr6_GL000255v2_alt	2029686	0	0	0.0	0
chr6_GL000255v2_alt	2076876	0	0	0.0	0
chr6_GL000255v2_alt	2158189	0	0	0.0	0
chr6_GL000255v2_alt	2188913	0	0	0.0	0
chr6_GL000255v2_alt	2201249	0	0	0.0	0
chr6_GL000255v2_alt	2405475	0	0	0.0	0
chr6_GL000255v2_alt	2672633	0	0	0.0	0
chr6_GL000255v2_alt	2786567	0	0	0.0	0
chr6_GL000255v2_alt	2806631	0	0	0.0	0
chr6_GL000255v2_alt	2939238	0	0	0.0	0
chr6_GL000255v2_alt	3072649	0	0	0.0	0
chr6_GL000255v2_alt	3084847	0	0	0.0	0
chr6_GL000255v2_alt	3219480	0	0	0.0	0
chr6_GL000255v2_alt	3239818	0	0	0.0	0
chr6_GL000255v2_alt	3302101	0	0	0.0	0
chr6_GL000255v2_alt	3591577	0	0	0.0	0
chr6_GL000255v2_alt	3624385	0	0	0.0	0
chr6_GL000255v2_alt	3724394	0	0	0.0	0
chr6_GL000255v2_alt	3936317	0	0	0.0	0
chr6_GL000255v2_alt	4367491	0	0	0.0	0
chr6_GL000255v2_alt	4392263	0	0	0.0	0
chr6_GL000255v2_alt	4392728	0	0	0.0	0
chr6_GL000255v2_alt	4575139	0	0	0.0	0
chr6_GL000256v2_alt	261699	0	0	0.0	0
chr6_GL000256v2_alt	364747	0	0	0.0	0
chr6_GL000256v2_alt	639662	0	0	0.0	0
chr6_GL000256v2_alt	709140	0	0	0.0	0
chr6_GL000256v2_alt	789285	0	0	0.0	0
chr6_GL000256v2_alt	821696	0	0	0.0	0
chr6_GL000256v2_alt	1023726	0	0	0.0	0
chr6_GL000256v2_alt	1084664	0	0	0.0	0
chr6_GL000256v2_alt	1300918	0	0	0.0	0
chr6_GL000256v2_alt	1374910	0	0	0.0	0
chr6_GL000256v2_alt	1638356	0	0	0.0	0
chr6_GL000256v2_alt	1811177	0	0	0.0	0
chr6_GL000256v2_alt	1853850	0	0	0.0	0
chr6_GL000256v2_alt	1879000	0	0	0.0	0
chr6_GL000256v2_alt	2122478	0	0	0.0	0
chr6_GL000256v2_alt	2719183	0	0	0.0	0
chr6_GL000256v2_alt	2762918	0	0	0.0	0
chr6_GL000256v2_alt	2850063	0	0	0.0	0
chr6_GL000256v2_alt	2982699	0	0	0.0	0
chr6_GL000256v2_alt	3078730	0	0	0.0	0
chr6_GL000256v2_alt	3264699	0	0	0.0	0
chr6_GL000256v2_alt	3285036	0	0	0.0	0
chr6_GL000256v2_alt	3314378	0	0	0.0	0
chr6_GL000256v2_alt	3317774	0	0	0.0	0
chr6_GL000256v2_alt	3684457	0	0	0.0	0
chr6_GL000256v2_alt	3717276	0	0	0.0	0
chr6_GL000256v2_alt	3907813	0	0	0.0	0
chr6_GL000256v2_alt	4078813	0	0	0.0	0
chr6_GL000256v2_alt	4142200	0	0	0.0	0
chr6_GL000256v2_alt	4208075	0	0	0.0	0
chr6_GL000256v2_alt	4208586	0	0	0.0	0
chr6_GL000256v2_alt	4621732	0	0	0.0	0
chr6_GL000256v2_alt	4867198	0	0	0.0	0
chr6_KB021644v2_alt	131427	0	0	0.0	0
chr6_KB021644v2_alt	149863	0	0	0.0	0
chr6_KB021644v2_alt	150494	0	0	0.0	0
chr6_KB021644v2_alt	176013	0	0	0.0	0
chr6_KI270758v1_alt	52605	0	0	0.0	0
chr6_KI270797v1_alt	49615	0	0	0.0	0
chr6_KI270797v1_alt	118724	0	0	0.0	0
chr6_KI270798v1_alt	51936	0	0	0.0	0
chr6_KI270801v1_alt	29625	0	0	0.0	0
chr6_KI270801v1_alt	164212	0	0	0.0	0
chr6_KI270801v1_alt	246370	0	0	0.0	0
chr6_KI270801v1_alt	678406	0	0	0.0	0
chr6_KI270801v1_alt	769350	0	0	0.0	0
chr7	60709	0	0	0.0	0
chr7	85812	0	0	0.0	0
chr7	247399	0	0	0.0	0
chr7	261904	0	0	0.0	0
chr7	278086	0	0	0.0	0
chr7	286292	0	0	0.0	0
chr7	345300	0	0	0.0	0
chr7	423246	0	0	0.0	0
chr7	424709	0	0	0.0	0
chr7	442249	0	0	0.0	0
chr7	593622	0	0	0.0	0
chr7	691211	0	0	0.0	0
chr7	770810	0	0	0.0	0
chr7	828896	0	0	0.0	0
chr7	848016	0	0	0.0	0
chr7	895900	0	0	0.0	0
chr7	959488	0	0	0.0	0
chr7	1079640	0	0	0.0	0
chr7	1085450	0	0	0.0	0
chr7	1093550	0	0	0.0	0
chr7	1231370	0	0	0.0	0
chr7	1286122	0	0	0.0	0
chr7	1325035	0	0	0.0	0
chr7	1356067	0	0	0.0	0
chr7	1377166	0	0	0.0	0
chr7	1427423	0	0	0.0	0
chr7	1546832	0	0	0.0	0
chr7	1702122	0	0	0.0	0
chr7	1867321	2	21	0.4038	1
chr7	1920011	1	73	0.9605	1
chr7	1953833	0	0	0.0	0
chr7	2033769	0	0	0.0	0
chr7	2038162	0	0	0.0	0
chr7	2044468	0	0	0.0	0
chr7	2048177	0	0	0.0	0
chr7	2066281	0	0	0.0	0
chr7	2138030	0	0	0.0	0
chr7	2233381	0	0	0.0	0
chr7	2311484	0	0	0.0	0
chr7	2355506	0	0	0.0	0
chr7	2398564	0	0	0.0	0
chr7	2408062	0	0	0.0	0
chr7	2505664	0	0	0.0	0
chr7	2531752	0	0	0.0	0
chr7	2621822	0	0	0.0	0
chr7	2641034	0	0	0.0	0
chr7	2659713	0	0	0.0	0
chr7	2714738	0	1	0.0227	0
chr7	2736067	0	0	0.0	0
chr7	2800635	0	0	0.0	0
chr7	2973863	0	0	0.0	0
chr7	3035865	0	0	0.0	0
chr7	3044190	0	0	0.0	0
chr7	3084933	0	0	0.0	0
chr7	3172350	0	0	0.0	0
chr7	3195081	0	0	0.0	0
chr7	3272324	0	0	0.0	0
chr7	3279857	0	0	0.0	0
chr7	3370554	0	0	0.0	0
chr7	3374735	0	0	0.0	0
chr7	3494909	0	0	0.0	0
chr7	3587026	0	0	0.0	0
chr7	3666584	0	0	0.0	0
chr7	3684597	0	0	0.0	0
chr7	3948619	0	1	0.0172	0
chr7	4017323	0	0	0.0	0
chr7	4040552	0	0	0.0	0
chr7	4141882	0	0	0.0	0
chr7	4150172	0	0	0.0	0
chr7	4191160	0	0	0.0	0
chr7	4209453	0	0	0.0	0
chr7	4226404	0	0	0.0	0
chr7	4230751	0	0	0.0	0
chr7	4234205	0	0	0.0	0
chr7	4295058	0	0	0.0	0
chr7	4303473	0	0	0.0	0
chr7	4337659	0	0	0.0	0
chr7	4358036	0	0	0.0	0
chr7	4372839	0	0	0.0	0
chr7	4379178	0	0	0.0	0
chr7	4398900	0	0	0.0	0
chr7	4443113	0	0	0.0	0
chr7	4548404	0	0	0.0	0
chr7	4557609	0	0	0.0	0
chr7	4605342	0	0	0.0	0
chr7	4613536	0	0	0.0	0
chr7	4668724	1	7	0.0921	1
chr7	4697120	0	0	0.0	0
chr7	4815917	0	0	0.0	0
chr7	4835683	0	0	0.0	0
chr7	4881796	0	0	0.0	0
chr7	4907547	0	0	0.0	0
chr7	4910993	0	0	0.0	0
chr7	4917744	0	0	0.0	0
chr7	4925623	0	0	0.0	0
chr7	4946846	0	0	0.0	0
chr7	4960642	0	0	0.0	0
chr7	5013938	0	0	0.0	0
chr7	5265791	0	0	0.0	0
chr7	5306622	0	0	0.0	0
chr7	5388163	0	0	0.0	0
chr7	5400158	0	0	0.0	0
chr7	5478861	0	0	0.0	0
chr7	5493056	0	0	0.0	0
chr7	5500235	0	0	0.0	0
chr7	5527040	0	0	0.0	0
chr7	5706147	0	0	0.0	0
chr7	5827670	0	0	0.0	0
chr7	6026579	0	0	0.0	0
chr7	6201021	0	0	0.0	0
chr7	6373579	0	0	0.0	0
chr7	6417204	0	0	0.0	0
chr7	6611059	0	0	0.0	0
chr7	6623480	0	0	0.0	0
chr7	6682295	0	0	0.0	0
chr7	6701266	0	0	0.0	0
chr7	6709006	0	0	0.0	0
chr7	6728054	0	0	0.0	0
chr7	6924591	0	1	0.0256	0
chr7	6936128	0	0	0.0	0
chr7	6957286	0	0	0.0	0
chr7	6989313	0	0	0.0	0
chr7	7119171	0	0	0.0	0
chr7	7128648	0	0	0.0	0
chr7	7201288	0	0	0.0	0
chr7	7251818	0	0	0.0	0
chr7	7265081	0	0	0.0	0
chr7	7274113	0	0	0.0	0
chr7	7352573	0	0	0.0	0
chr7	7393799	0	0	0.0	0
chr7	7411913	0	0	0.0	0
chr7	7434609	0	0	0.0	0
chr7	7460475	0	0	0.0	0
chr7	7478558	0	1	0.0233	0
chr7	7519404	0	0	0.0	0
chr7	7556627	0	0	0.0	0
chr7	7687379	0	0	0.0	0
chr7	7871080	0	0	0.0	0
chr7	7971920	0	0	0.0	0
chr7	8262664	0	0	0.0	0
chr7	8316146	0	0	0.0	0
chr7	8401475	0	1	0.0208	0
chr7	8412854	0	0	0.0	0
chr7	8483453	0	0	0.0	0
chr7	8487596	0	0	0.0	0
chr7	8513760	0	0	0.0	0
chr7	8624669	0	0	0.0	0
chr7	8678255	0	0	0.0	0
chr7	8799911	0	0	0.0	0
chr7	9130186	0	0	0.0	0
chr7	9135161	0	0	0.0	0
chr7	9249091	0	0	0.0	0
chr7	9388442	0	0	0.0	0
chr7	9616046	0	0	0.0	0
chr7	9735846	0	0	0.0	0
chr7	9966519	0	0	0.0	0
chr7	10109745	0	0	0.0	0
chr7	10110569	0	0	0.0	0
chr7	10296785	0	0	0.0	0
chr7	10439159	0	0	0.0	0
chr7	10657628	0	0	0.0	0
chr7	10742212	0	0	0.0	0
chr7	10766569	0	0	0.0	0
chr7	10882047	0	0	0.0	0
chr7	10958439	0	0	0.0	0
chr7	10974089	0	0	0.0	0
chr7	10996666	0	0	0.0	0
chr7	11613626	0	0	0.0	0
chr7	11675556	0	0	0.0	0
chr7	11792593	0	0	0.0	0
chr7	11820120	0	0	0.0	0
chr7	11856914	0	0	0.0	0
chr7	11953888	0	0	0.0	0
chr7	12111664	0	0	0.0	0
chr7	12170728	0	0	0.0	0
chr7	12651676	0	1	0.0227	0
chr7	13187416	0	0	0.0	0
chr7	13200023	0	0	0.0	0
chr7	13425890	0	0	0.0	0
chr7	13516465	0	0	0.0	0
chr7	13712322	0	0	0.0	0
chr7	13819516	0	0	0.0	0
chr7	13990975	0	0	0.0	0
chr7	14165933	0	0	0.0	0
chr7	14311506	0	0	0.0	0
chr7	14433134	0	0	0.0	0
chr7	14544617	0	0	0.0	0
chr7	14754959	0	0	0.0	0
chr7	14808957	0	0	0.0	0
chr7	14822611	0	0	0.0	0
chr7	14894692	0	0	0.0	0
chr7	14901477	0	0	0.0	0
chr7	14919355	0	0	0.0	0
chr7	15008171	0	0	0.0	0
chr7	15087035	0	0	0.0	0
chr7	15134402	0	0	0.0	0
chr7	15163433	0	0	0.0	0
chr7	15343856	0	0	0.0	0
chr7	15497552	0	0	0.0	0
chr7	15755719	0	0	0.0	0
chr7	15934756	0	0	0.0	0
chr7	16054883	0	0	0.0	0
chr7	16215121	0	0	0.0	0
chr7	16309535	0	0	0.0	0
chr7	16326441	0	0	0.0	0
chr7	16664660	0	0	0.0	0
chr7	16771557	0	0	0.0	0
chr7	16862631	0	0	0.0	0
chr7	16943356	0	0	0.0	0
chr7	17024077	0	0	0.0	0
chr7	17033098	0	0	0.0	0
chr7	17076133	0	0	0.0	0
chr7	17156551	0	0	0.0	0
chr7	17167855	0	0	0.0	0
chr7	17259976	0	0	0.0	0
chr7	17288495	0	0	0.0	0
chr7	17493300	0	0	0.0	0
chr7	17509764	0	0	0.0	0
chr7	17531563	0	0	0.0	0
chr7	17665052	0	0	0.0	0
chr7	17965573	0	1	0.0192	0
chr7	18260231	0	0	0.0	0
chr7	18487505	0	0	0.0	0
chr7	18601777	0	0	0.0	0
chr7	18602438	0	0	0.0	0
chr7	18814963	0	0	0.0	0
chr7	19128622	0	0	0.0	0
chr7	19154090	0	0	0.0	0
chr7	19248994	0	1	0.0238	0
chr7	19480756	0	0	0.0	0
chr7	19519462	0	0	0.0	0
chr7	19558710	0	0	0.0	0
chr7	19805864	0	0	0.0	0
chr7	20100100	0	0	0.0	0
chr7	20266164	0	0	0.0	0
chr7	20291924	0	0	0.0	0
chr7	20559865	0	0	0.0	0
chr7	20662898	0	0	0.0	0
chr7	20709687	0	0	0.0	0
chr7	21105286	0	0	0.0	0
chr7	21107346	0	0	0.0	0
chr7	21142291	0	0	0.0	0
chr7	21221435	0	0	0.0	0
chr7	21247235	0	0	0.0	0
chr7	21339061	0	0	0.0	0
chr7	21405372	0	0	0.0	0
chr7	21599482	0	0	0.0	0
chr7	21641119	0	1	0.0233	0
chr7	21776015	0	0	0.0	0
chr7	21779834	0	0	0.0	0
chr7	21897368	0	0	0.0	0
chr7	21917141	0	0	0.0	0
chr7	22108280	0	0	0.0	0
chr7	22119005	0	0	0.0	0
chr7	22157620	0	0	0.0	0
chr7	22266141	0	0	0.0	0
chr7	22543361	0	0	0.0	0
chr7	22555087	0	0	0.0	0
chr7	22562444	0	0	0.0	0
chr7	22682401	0	0	0.0	0
chr7	22694365	0	0	0.0	0
chr7	22719361	0	0	0.0	0
chr7	22734158	0	0	0.0	0
chr7	22748032	0	0	0.0	0
chr7	22865053	0	0	0.0	0
chr7	22974644	0	0	0.0	0
chr7	23048794	0	0	0.0	0
chr7	23228327	0	0	0.0	0
chr7	23235493	0	0	0.0	0
chr7	23268944	0	0	0.0	0
chr7	23379138	0	0	0.0	0
chr7	23596743	0	0	0.0	0
chr7	23623522	0	0	0.0	0
chr7	23701028	0	0	0.0	0
chr7	23724299	0	0	0.0	0
chr7	23745164	0	0	0.0	0
chr7	23836084	0	0	0.0	0
chr7	23956969	0	0	0.0	0
chr7	24048489	0	0	0.0	0
chr7	24364082	0	0	0.0	0
chr7	24731124	0	0	0.0	0
chr7	24761620	0	0	0.0	0
chr7	24878140	0	0	0.0	0
chr7	24988453	0	0	0.0	0
chr7	25175926	0	0	0.0	0
chr7	25430654	0	0	0.0	0
chr7	25482663	0	0	0.0	0
chr7	25662144	0	0	0.0	0
chr7	25783852	0	0	0.0	0
chr7	25867404	0	0	0.0	0
chr7	26167326	0	0	0.0	0
chr7	26530722	0	0	0.0	0
chr7	26614412	0	0	0.0	0
chr7	26645478	0	0	0.0	0
chr7	26770325	0	0	0.0	0
chr7	26901303	0	0	0.0	0
chr7	27012632	0	0	0.0	0
chr7	27087771	0	0	0.0	0
chr7	27100855	0	0	0.0	0
chr7	27264815	0	0	0.0	0
chr7	27399553	0	0	0.0	0
chr7	27414559	0	0	0.0	0
chr7	27448854	1	21	0.2838	1
chr7	27516773	0	0	0.0	0
chr7	27979121	0	0	0.0	0
chr7	28000197	0	0	0.0	0
chr7	28053120	0	0	0.0	0
chr7	28144539	0	0	0.0	0
chr7	28313046	0	0	0.0	0
chr7	28373887	1	42	0.6667	1
chr7	28496705	0	0	0.0	0
chr7	28567375	0	0	0.0	0
chr7	28791433	0	0	0.0	0
chr7	28853084	0	0	0.0	0
chr7	29001183	0	0	0.0	0
chr7	29035773	0	0	0.0	0
chr7	29153066	0	0	0.0	0
chr7	29282020	0	0	0.0	0
chr7	29454770	0	0	0.0	0
chr7	29479220	0	0	0.0	0
chr7	29586722	0	0	0.0	0
chr7	29648127	0	0	0.0	0
chr7	29701241	0	0	0.0	0
chr7	29759914	0	0	0.0	0
chr7	29817672	0	0	0.0	0
chr7	30084468	0	0	0.0	0
chr7	30095594	0	0	0.0	0
chr7	30123151	0	0	0.0	0
chr7	30138376	0	0	0.0	0
chr7	30277397	0	0	0.0	0
chr7	30452009	0	0	0.0	0
chr7	30785968	0	0	0.0	0
chr7	30794084	0	0	0.0	0
chr7	30905540	0	0	0.0	0
chr7	30963567	0	0	0.0	0
chr7	30966121	0	0	0.0	0
chr7	30989459	0	0	0.0	0
chr7	31003058	0	0	0.0	0
chr7	31065901	0	0	0.0	0
chr7	31179809	0	0	0.0	0
chr7	31185786	0	0	0.0	0
chr7	31186815	0	0	0.0	0
chr7	31249771	0	0	0.0	0
chr7	31307147	0	0	0.0	0
chr7	31402431	0	0	0.0	0
chr7	31531655	0	0	0.0	0
chr7	31758822	0	0	0.0	0
chr7	31761600	0	0	0.0	0
chr7	31816358	0	0	0.0	0
chr7	32021051	0	0	0.0	0
chr7	32029704	0	0	0.0	0
chr7	32070711	0	0	0.0	0
chr7	32263993	0	0	0.0	0
chr7	32330534	0	0	0.0	0
chr7	32421577	0	0	0.0	0
chr7	32573365	0	0	0.0	0
chr7	32586100	0	0	0.0	0
chr7	32660177	1	32	0.4923	1
chr7	32672856	0	0	0.0	0
chr7	32784349	0	0	0.0	0
chr7	32860510	0	0	0.0	0
chr7	32877274	0	0	0.0	0
chr7	33314673	0	0	0.0	0
chr7	33461442	0	0	0.0	0
chr7	33840838	0	0	0.0	0
chr7	33856677	0	0	0.0	0
chr7	33998984	0	0	0.0	0
chr7	34012617	0	0	0.0	0
chr7	34340570	0	0	0.0	0
chr7	34415063	0	0	0.0	0
chr7	34576665	0	0	0.0	0
chr7	34601982	0	0	0.0	0
chr7	34706944	0	0	0.0	0
chr7	34829713	0	0	0.0	0
chr7	34874474	0	0	0.0	0
chr7	34889836	0	0	0.0	0
chr7	34912957	0	0	0.0	0
chr7	35007380	0	0	0.0	0
chr7	35021436	0	0	0.0	0
chr7	35327882	0	0	0.0	0
chr7	35489968	0	0	0.0	0
chr7	35605051	0	0	0.0	0
chr7	35717016	0	0	0.0	0
chr7	35844719	0	1	0.0263	0
chr7	36000679	0	0	0.0	0
chr7	36002913	0	0	0.0	0
chr7	36021600	0	0	0.0	0
chr7	36058295	0	0	0.0	0
chr7	36141597	0	0	0.0	0
chr7	36186217	0	0	0.0	0
chr7	36202167	0	0	0.0	0
chr7	36287503	0	0	0.0	0
chr7	36309662	0	0	0.0	0
chr7	36311139	0	0	0.0	0
chr7	36511792	0	0	0.0	0
chr7	36524800	0	0	0.0	0
chr7	36537836	0	0	0.0	0
chr7	36639050	0	0	0.0	0
chr7	36794091	0	0	0.0	0
chr7	36830186	0	0	0.0	0
chr7	36859497	0	0	0.0	0
chr7	36874023	0	0	0.0	0
chr7	36893749	0	0	0.0	0
chr7	37320890	0	0	0.0	0
chr7	37434859	0	0	0.0	0
chr7	37443067	0	0	0.0	0
chr7	37497448	0	0	0.0	0
chr7	37542394	0	0	0.0	0
chr7	37943349	0	0	0.0	0
chr7	37963116	0	0	0.0	0
chr7	37978285	0	1	0.0137	0
chr7	38009794	0	0	0.0	0
chr7	38063258	0	0	0.0	0
chr7	38067946	0	0	0.0	0
chr7	38186450	0	0	0.0	0
chr7	38268702	0	0	0.0	0
chr7	38284058	0	0	0.0	0
chr7	38611949	0	0	0.0	0
chr7	38631578	0	0	0.0	0
chr7	38635715	0	0	0.0	0
chr7	38644122	1	40	0.8696	1
chr7	38682900	0	0	0.0	0
chr7	38728937	0	1	0.0294	0
chr7	38767009	0	0	0.0	0
chr7	38792230	0	0	0.0	0
chr7	38945146	0	0	0.0	0
chr7	39006093	0	0	0.0	0
chr7	39086829	0	0	0.0	0
chr7	39238823	0	0	0.0	0
chr7	39292322	0	0	0.0	0
chr7	39331389	0	0	0.0	0
chr7	39424063	0	0	0.0	0
chr7	39473865	1	39	0.4815	1
chr7	39475578	0	0	0.0	0
chr7	39481617	0	0	0.0	0
chr7	39552228	0	1	0.0139	0
chr7	39553843	0	0	0.0	0
chr7	39683573	0	0	0.0	0
chr7	39864745	0	0	0.0	0
chr7	40261970	0	0	0.0	0
chr7	40422186	0	0	0.0	0
chr7	40520080	0	0	0.0	0
chr7	40600807	0	0	0.0	0
chr7	40663763	0	0	0.0	0
chr7	40788145	0	0	0.0	0
chr7	40924635	0	0	0.0	0
chr7	40978466	0	0	0.0	0
chr7	40988013	0	0	0.0	0
chr7	41056851	0	0	0.0	0
chr7	41079652	0	0	0.0	0
chr7	41151085	0	0	0.0	0
chr7	41252701	0	1	0.012	0
chr7	41270419	0	0	0.0	0
chr7	41301008	0	0	0.0	0
chr7	41311787	0	0	0.0	0
chr7	41315799	0	0	0.0	0
chr7	41452348	0	0	0.0	0
chr7	41463960	0	0	0.0	0
chr7	41501463	0	0	0.0	0
chr7	41574359	0	0	0.0	0
chr7	41683164	0	0	0.0	0
chr7	41701271	0	0	0.0	0
chr7	41737440	0	0	0.0	0
chr7	41742438	0	0	0.0	0
chr7	42049489	0	0	0.0	0
chr7	42078155	0	0	0.0	0
chr7	42211058	0	0	0.0	0
chr7	42237499	0	0	0.0	0
chr7	42356542	0	0	0.0	0
chr7	42357741	0	0	0.0	0
chr7	42453322	0	0	0.0	0
chr7	42473001	0	0	0.0	0
chr7	42591138	0	0	0.0	0
chr7	42658437	0	0	0.0	0
chr7	42759989	0	0	0.0	0
chr7	42874160	0	0	0.0	0
chr7	42878664	0	0	0.0	0
chr7	43192447	0	0	0.0	0
chr7	43459866	0	0	0.0	0
chr7	43532372	0	0	0.0	0
chr7	43772553	0	0	0.0	0
chr7	43794967	0	0	0.0	0
chr7	43874000	0	0	0.0	0
chr7	43928583	0	0	0.0	0
chr7	44134518	0	0	0.0	0
chr7	44220847	0	0	0.0	0
chr7	44240655	0	0	0.0	0
chr7	44404304	0	0	0.0	0
chr7	44466023	0	0	0.0	0
chr7	44476943	0	0	0.0	0
chr7	44503136	0	0	0.0	0
chr7	44538571	0	0	0.0	0
chr7	44644166	0	0	0.0	0
chr7	44645544	0	0	0.0	0
chr7	44710476	0	0	0.0	0
chr7	44838936	0	0	0.0	0
chr7	44920620	0	0	0.0	0
chr7	44921987	0	0	0.0	0
chr7	44949587	0	0	0.0	0
chr7	44966760	0	0	0.0	0
chr7	44973999	0	0	0.0	0
chr7	45076484	0	0	0.0	0
chr7	45101944	0	0	0.0	0
chr7	45130662	0	0	0.0	0
chr7	45195546	0	0	0.0	0
chr7	45206931	0	0	0.0	0
chr7	45207648	0	0	0.0	0
chr7	45259435	0	0	0.0	0
chr7	45483520	0	0	0.0	0
chr7	45655556	0	0	0.0	0
chr7	45845761	0	0	0.0	0
chr7	45873119	0	0	0.0	0
chr7	45965280	0	0	0.0	0
chr7	46080837	0	0	0.0	0
chr7	46513801	0	0	0.0	0
chr7	46568986	0	0	0.0	0
chr7	46631470	0	0	0.0	0
chr7	46797892	0	0	0.0	0
chr7	46951155	0	0	0.0	0
chr7	46955422	0	0	0.0	0
chr7	46974508	0	0	0.0	0
chr7	47156494	0	0	0.0	0
chr7	47200415	0	0	0.0	0
chr7	47208086	0	1	0.0182	0
chr7	47211758	0	0	0.0	0
chr7	47245128	0	0	0.0	0
chr7	47344376	1	31	0.4189	1
chr7	47428185	0	0	0.0	0
chr7	47458115	0	0	0.0	0
chr7	47517631	0	0	0.0	0
chr7	47573438	0	0	0.0	0
chr7	47625899	0	0	0.0	0
chr7	47718773	0	0	0.0	0
chr7	47798234	0	0	0.0	0
chr7	47840629	0	0	0.0	0
chr7	47887732	0	0	0.0	0
chr7	47891080	0	0	0.0	0
chr7	47990527	0	0	0.0	0
chr7	48029356	0	0	0.0	0
chr7	48109654	0	0	0.0	0
chr7	48201479	0	0	0.0	0
chr7	48315766	0	0	0.0	0
chr7	48460048	0	0	0.0	0
chr7	48769235	0	0	0.0	0
chr7	48831809	0	0	0.0	0
chr7	48836503	0	0	0.0	0
chr7	48950238	0	0	0.0	0
chr7	48959389	0	0	0.0	0
chr7	49304330	0	0	0.0	0
chr7	49550492	0	0	0.0	0
chr7	50131976	0	0	0.0	0
chr7	50156647	0	0	0.0	0
chr7	50177942	0	0	0.0	0
chr7	50294823	0	0	0.0	0
chr7	50306713	0	1	0.0118	0
chr7	50380634	0	0	0.0	0
chr7	50383734	0	0	0.0	0
chr7	50504200	0	0	0.0	0
chr7	50589292	0	0	0.0	0
chr7	50607632	0	0	0.0	0
chr7	50611975	0	0	0.0	0
chr7	50623680	0	0	0.0	0
chr7	50771587	0	0	0.0	0
chr7	50808495	0	0	0.0	0
chr7	50914195	0	0	0.0	0
chr7	50937158	0	0	0.0	0
chr7	50980070	0	0	0.0	0
chr7	51093489	0	0	0.0	0
chr7	51118087	0	0	0.0	0
chr7	51490430	0	0	0.0	0
chr7	51564057	0	0	0.0	0
chr7	51624421	0	1	0.05	0
chr7	51769760	0	0	0.0	0
chr7	51927958	0	0	0.0	0
chr7	51955795	0	0	0.0	0
chr7	51971594	0	0	0.0	0
chr7	52056615	0	0	0.0	0
chr7	52112991	0	0	0.0	0
chr7	52175625	0	0	0.0	0
chr7	52302155	0	0	0.0	0
chr7	52335315	0	0	0.0	0
chr7	52361494	0	0	0.0	0
chr7	52833159	0	0	0.0	0
chr7	52959909	0	0	0.0	0
chr7	52999445	0	0	0.0	0
chr7	53024937	0	0	0.0	0
chr7	53297604	0	0	0.0	0
chr7	53309733	0	0	0.0	0
chr7	53377126	0	1	0.0143	0
chr7	53399675	0	0	0.0	0
chr7	53537836	0	0	0.0	0
chr7	53595415	0	0	0.0	0
chr7	53709643	0	0	0.0	0
chr7	53823191	0	1	0.0119	0
chr7	53829374	0	0	0.0	0
chr7	53931328	0	0	0.0	0
chr7	53941784	0	0	0.0	0
chr7	54048030	0	0	0.0	0
chr7	54185608	0	0	0.0	0
chr7	54185912	0	0	0.0	0
chr7	54275239	0	0	0.0	0
chr7	54401247	0	0	0.0	0
chr7	54449413	0	0	0.0	0
chr7	54566447	0	0	0.0	0
chr7	54948529	0	0	0.0	0
chr7	55033014	0	0	0.0	0
chr7	55145548	0	0	0.0	0
chr7	55248720	0	0	0.0	0
chr7	55254831	0	0	0.0	0
chr7	55272510	0	0	0.0	0
chr7	55294784	0	0	0.0	0
chr7	55371634	0	0	0.0	0
chr7	55434689	0	0	0.0	0
chr7	55477407	0	0	0.0	0
chr7	55484499	0	0	0.0	0
chr7	55498498	0	0	0.0	0
chr7	55523052	0	0	0.0	0
chr7	55864054	0	0	0.0	0
chr7	55903782	0	0	0.0	0
chr7	56116783	0	0	0.0	0
chr7	56191686	0	0	0.0	0
chr7	56317502	0	0	0.0	0
chr7	56436717	0	0	0.0	0
chr7	56617863	0	0	0.0	0
chr7	56714923	0	0	0.0	0
chr7	56809835	0	0	0.0	0
chr7	56907745	0	0	0.0	0
chr7	56967878	0	0	0.0	0
chr7	57007568	0	0	0.0	0
chr7	57128200	0	0	0.0	0
chr7	57183441	0	0	0.0	0
chr7	57235602	0	0	0.0	0
chr7	57236910	0	0	0.0	0
chr7	57359295	0	0	0.0	0
chr7	57399733	0	0	0.0	0
chr7	57768914	0	0	0.0	0
chr7	57900666	0	0	0.0	0
chr7	57920074	0	0	0.0	0
chr7	58019094	0	0	0.0	0
chr7	58029503	0	0	0.0	0
chr7	61097486	0	0	0.0	0
chr7	61114100	0	0	0.0	0
chr7	61734552	0	0	0.0	0
chr7	61805304	0	0	0.0	0
chr7	61823616	0	0	0.0	0
chr7	61826712	0	0	0.0	0
chr7	61829170	0	0	0.0	0
chr7	61848663	0	0	0.0	0
chr7	61880096	0	0	0.0	0
chr7	61893466	0	0	0.0	0
chr7	61927115	0	0	0.0	0
chr7	61948971	0	0	0.0	0
chr7	62218038	0	0	0.0	0
chr7	62237259	0	0	0.0	0
chr7	62251342	0	0	0.0	0
chr7	62619541	0	0	0.0	0
chr7	62622316	0	0	0.0	0
chr7	62633951	0	1	0.027	0
chr7	62742058	0	0	0.0	0
chr7	62844783	0	0	0.0	0
chr7	62895102	0	0	0.0	0
chr7	62908588	0	0	0.0	0
chr7	62921442	0	0	0.0	0
chr7	62940631	0	0	0.0	0
chr7	62956942	0	0	0.0	0
chr7	63072020	0	0	0.0	0
chr7	63174868	0	0	0.0	0
chr7	63221544	0	0	0.0	0
chr7	63569332	0	0	0.0	0
chr7	63609072	0	0	0.0	0
chr7	63669198	0	0	0.0	0
chr7	63828057	0	0	0.0	0
chr7	64117424	0	0	0.0	0
chr7	64185147	0	0	0.0	0
chr7	64430351	0	0	0.0	0
chr7	64525049	0	0	0.0	0
chr7	64569915	0	0	0.0	0
chr7	64704940	0	0	0.0	0
chr7	64837294	0	0	0.0	0
chr7	64947639	0	0	0.0	0
chr7	65136630	0	0	0.0	0
chr7	65200052	0	0	0.0	0
chr7	65559358	0	0	0.0	0
chr7	65643271	0	0	0.0	0
chr7	65705784	0	0	0.0	0
chr7	65937965	0	0	0.0	0
chr7	65955686	0	0	0.0	0
chr7	65965574	0	0	0.0	0
chr7	65985865	0	1	0.0192	0
chr7	66000889	0	0	0.0	0
chr7	66026017	0	0	0.0	0
chr7	66085055	0	0	0.0	0
chr7	66216032	0	0	0.0	0
chr7	66356473	0	0	0.0	0
chr7	66552575	0	0	0.0	0
chr7	66555988	0	0	0.0	0
chr7	66566445	0	0	0.0	0
chr7	66792829	0	0	0.0	0
chr7	66847388	0	0	0.0	0
chr7	66949058	0	0	0.0	0
chr7	66960688	0	0	0.0	0
chr7	67209520	0	0	0.0	0
chr7	67346872	0	0	0.0	0
chr7	67401554	0	0	0.0	0
chr7	67401851	0	0	0.0	0
chr7	67419932	0	0	0.0	0
chr7	67483208	0	0	0.0	0
chr7	67483746	0	0	0.0	0
chr7	67557988	0	0	0.0	0
chr7	67589516	0	0	0.0	0
chr7	67812343	0	0	0.0	0
chr7	67888829	0	0	0.0	0
chr7	68082074	0	0	0.0	0
chr7	68095533	0	0	0.0	0
chr7	68105768	0	0	0.0	0
chr7	68114415	0	0	0.0	0
chr7	68142837	0	0	0.0	0
chr7	68188333	0	0	0.0	0
chr7	68402710	0	0	0.0	0
chr7	68443599	0	0	0.0	0
chr7	68509992	0	0	0.0	0
chr7	68603684	0	1	0.0294	0
chr7	68934392	0	0	0.0	0
chr7	69094434	0	0	0.0	0
chr7	69118119	0	0	0.0	0
chr7	69233174	0	0	0.0	0
chr7	69263462	0	0	0.0	0
chr7	69358827	0	0	0.0	0
chr7	69396074	0	0	0.0	0
chr7	69420760	0	0	0.0	0
chr7	69422735	0	0	0.0	0
chr7	69434593	0	0	0.0	0
chr7	69464256	0	0	0.0	0
chr7	69619817	0	0	0.0	0
chr7	69718478	0	0	0.0	0
chr7	69842541	0	0	0.0	0
chr7	70094669	0	0	0.0	0
chr7	70168241	0	0	0.0	0
chr7	70204034	0	0	0.0	0
chr7	70269404	0	0	0.0	0
chr7	70389403	0	0	0.0	0
chr7	70442138	0	0	0.0	0
chr7	70631952	0	0	0.0	0
chr7	70647855	0	0	0.0	0
chr7	70707668	0	0	0.0	0
chr7	71092797	0	0	0.0	0
chr7	71220597	0	0	0.0	0
chr7	71280310	0	0	0.0	0
chr7	71280822	0	0	0.0	0
chr7	71350219	0	0	0.0	0
chr7	71486621	0	0	0.0	0
chr7	71737390	0	0	0.0	0
chr7	71789622	0	0	0.0	0
chr7	71866929	0	0	0.0	0
chr7	72017493	0	0	0.0	0
chr7	72109226	0	0	0.0	0
chr7	72153152	0	0	0.0	0
chr7	72323376	0	0	0.0	0
chr7	72404174	0	0	0.0	0
chr7	72465570	0	0	0.0	0
chr7	72473199	0	0	0.0	0
chr7	72484675	0	0	0.0	0
chr7	72701525	0	0	0.0	0
chr7	73422455	0	0	0.0	0
chr7	73554901	0	0	0.0	0
chr7	73624347	0	0	0.0	0
chr7	73625357	0	0	0.0	0
chr7	73626647	0	0	0.0	0
chr7	73702058	0	0	0.0	0
chr7	73839833	0	0	0.0	0
chr7	73893460	0	0	0.0	0
chr7	74019801	0	0	0.0	0
chr7	74041375	0	0	0.0	0
chr7	74086306	0	0	0.0	0
chr7	74109771	0	0	0.0	0
chr7	74113949	0	0	0.0	0
chr7	74173651	0	0	0.0	0
chr7	74293547	0	0	0.0	0
chr7	74312483	0	0	0.0	0
chr7	74589743	0	0	0.0	0
chr7	75015398	0	0	0.0	0
chr7	75591785	0	0	0.0	0
chr7	75821526	0	0	0.0	0
chr7	75928370	0	0	0.0	0
chr7	75994846	0	0	0.0	0
chr7	76016785	0	0	0.0	0
chr7	76083482	0	0	0.0	0
chr7	76120690	0	0	0.0	0
chr7	76214312	0	0	0.0	0
chr7	76224766	0	0	0.0	0
chr7	76236943	0	0	0.0	0
chr7	76385662	1	10	0.1587	1
chr7	76467160	0	0	0.0	0
chr7	76480989	0	0	0.0	0
chr7	76686229	0	0	0.0	0
chr7	76772180	0	0	0.0	0
chr7	76869542	0	0	0.0	0
chr7	76965269	0	0	0.0	0
chr7	76979088	0	0	0.0	0
chr7	77096101	0	0	0.0	0
chr7	77147693	0	0	0.0	0
chr7	77234736	0	1	0.0119	0
chr7	77343025	0	0	0.0	0
chr7	77348061	0	0	0.0	0
chr7	77468918	0	0	0.0	0
chr7	77497329	0	0	0.0	0
chr7	77529422	0	0	0.0	0
chr7	77542817	0	0	0.0	0
chr7	77636339	0	0	0.0	0
chr7	77662899	0	0	0.0	0
chr7	77664529	0	0	0.0	0
chr7	77668474	0	0	0.0	0
chr7	77782407	0	0	0.0	0
chr7	77900368	0	0	0.0	0
chr7	78015713	0	0	0.0	0
chr7	78256737	0	0	0.0	0
chr7	78335294	0	0	0.0	0
chr7	78429917	0	0	0.0	0
chr7	78451907	0	0	0.0	0
chr7	78472931	0	0	0.0	0
chr7	78519447	0	0	0.0	0
chr7	78566084	0	0	0.0	0
chr7	79346852	0	0	0.0	0
chr7	79441732	0	0	0.0	0
chr7	79513905	0	0	0.0	0
chr7	79698820	0	0	0.0	0
chr7	79740538	0	0	0.0	0
chr7	79905810	0	0	0.0	0
chr7	79919967	0	0	0.0	0
chr7	79934915	0	0	0.0	0
chr7	80020975	0	0	0.0	0
chr7	80118165	0	0	0.0	0
chr7	80159248	0	0	0.0	0
chr7	80767177	0	0	0.0	0
chr7	80993731	0	0	0.0	0
chr7	81135404	0	0	0.0	0
chr7	81358730	0	0	0.0	0
chr7	81459654	0	0	0.0	0
chr7	81464128	0	0	0.0	0
chr7	82256268	0	0	0.0	0
chr7	82290857	0	0	0.0	0
chr7	82492594	0	0	0.0	0
chr7	82497393	0	0	0.0	0
chr7	82576875	0	0	0.0	0
chr7	82595080	0	0	0.0	0
chr7	82626586	0	0	0.0	0
chr7	82684692	0	0	0.0	0
chr7	83001992	0	0	0.0	0
chr7	83014140	0	0	0.0	0
chr7	83341917	0	0	0.0	0
chr7	83367651	0	0	0.0	0
chr7	83510187	0	0	0.0	0
chr7	83660789	0	0	0.0	0
chr7	83716670	0	0	0.0	0
chr7	83886440	0	0	0.0	0
chr7	83982099	0	0	0.0	0
chr7	84020682	0	0	0.0	0
chr7	84111353	0	0	0.0	0
chr7	84279968	0	0	0.0	0
chr7	84303038	0	0	0.0	0
chr7	84472670	0	0	0.0	0
chr7	84824808	0	0	0.0	0
chr7	84895586	0	0	0.0	0
chr7	84992728	0	0	0.0	0
chr7	85080537	0	0	0.0	0
chr7	85103287	0	0	0.0	0
chr7	85348844	0	0	0.0	0
chr7	85469705	0	0	0.0	0
chr7	85580219	0	0	0.0	0
chr7	85581311	0	0	0.0	0
chr7	85692569	0	2	0.027	0
chr7	85850373	0	0	0.0	0
chr7	85956179	0	0	0.0	0
chr7	85961538	0	0	0.0	0
chr7	86174794	0	0	0.0	0
chr7	86211239	0	0	0.0	0
chr7	86282110	0	0	0.0	0
chr7	86333291	0	0	0.0	0
chr7	86506515	0	0	0.0	0
chr7	86713931	0	0	0.0	0
chr7	86736322	0	0	0.0	0
chr7	86805168	0	0	0.0	0
chr7	86912990	0	0	0.0	0
chr7	86996441	0	0	0.0	0
chr7	87077825	0	0	0.0	0
chr7	87107365	0	0	0.0	0
chr7	87182335	0	0	0.0	0
chr7	87317289	0	0	0.0	0
chr7	87355773	0	0	0.0	0
chr7	87567379	0	0	0.0	0
chr7	87609388	0	0	0.0	0
chr7	87945996	0	0	0.0	0
chr7	88089220	0	1	0.0122	0
chr7	88101894	0	0	0.0	0
chr7	88316229	0	0	0.0	0
chr7	88442855	0	0	0.0	0
chr7	88449192	0	0	0.0	0
chr7	88458823	0	0	0.0	0
chr7	88465344	0	0	0.0	0
chr7	88725076	0	0	0.0	0
chr7	88998105	0	0	0.0	0
chr7	89080848	0	0	0.0	0
chr7	89088117	0	0	0.0	0
chr7	89203591	0	0	0.0	0
chr7	89234814	0	0	0.0	0
chr7	89587270	0	0	0.0	0
chr7	89700963	0	0	0.0	0
chr7	90055320	0	0	0.0	0
chr7	90413367	0	0	0.0	0
chr7	90429123	0	0	0.0	0
chr7	90541737	0	0	0.0	0
chr7	90551059	0	0	0.0	0
chr7	90621436	0	0	0.0	0
chr7	90707305	0	0	0.0	0
chr7	90735695	0	0	0.0	0
chr7	90846663	0	0	0.0	0
chr7	91159855	0	0	0.0	0
chr7	91197324	0	0	0.0	0
chr7	91198050	0	0	0.0	0
chr7	91257746	0	0	0.0	0
chr7	91342535	0	0	0.0	0
chr7	91417864	0	0	0.0	0
chr7	91457370	0	0	0.0	0
chr7	91539904	0	0	0.0	0
chr7	91540812	0	0	0.0	0
chr7	91555635	0	0	0.0	0
chr7	91635290	0	0	0.0	0
chr7	91715851	0	0	0.0	0
chr7	92130562	0	0	0.0	0
chr7	92133723	0	0	0.0	0
chr7	92147329	0	0	0.0	0
chr7	92239970	0	0	0.0	0
chr7	92422882	0	0	0.0	0
chr7	92468267	0	0	0.0	0
chr7	92486227	0	0	0.0	0
chr7	92559181	0	0	0.0	0
chr7	92674214	0	0	0.0	0
chr7	92765690	0	0	0.0	0
chr7	92783812	0	0	0.0	0
chr7	92846725	0	0	0.0	0
chr7	92861886	0	0	0.0	0
chr7	92915508	0	0	0.0	0
chr7	92943314	0	0	0.0	0
chr7	93021185	0	0	0.0	0
chr7	93028769	0	0	0.0	0
chr7	93095435	0	0	0.0	0
chr7	93104456	0	0	0.0	0
chr7	93253796	0	0	0.0	0
chr7	93371111	0	0	0.0	0
chr7	93456481	0	0	0.0	0
chr7	93604283	0	0	0.0	0
chr7	93663334	0	0	0.0	0
chr7	93716311	0	0	0.0	0
chr7	93923972	0	1	0.0135	0
chr7	94147383	0	0	0.0	0
chr7	94318759	0	0	0.0	0
chr7	94372822	0	0	0.0	0
chr7	94728746	0	0	0.0	0
chr7	94786866	0	0	0.0	0
chr7	94970018	0	0	0.0	0
chr7	95081779	0	0	0.0	0
chr7	95115675	0	0	0.0	0
chr7	95286317	0	0	0.0	0
chr7	95340717	0	0	0.0	0
chr7	95428310	0	0	0.0	0
chr7	95631689	0	0	0.0	0
chr7	95819505	0	0	0.0	0
chr7	95822900	0	0	0.0	0
chr7	95900127	0	0	0.0	0
chr7	95941081	0	0	0.0	0
chr7	96086057	0	0	0.0	0
chr7	96115994	0	0	0.0	0
chr7	96153418	0	0	0.0	0
chr7	96181379	0	0	0.0	0
chr7	96185486	0	0	0.0	0
chr7	96236323	0	0	0.0	0
chr7	96296423	0	0	0.0	0
chr7	96311292	0	0	0.0	0
chr7	96397392	0	0	0.0	0
chr7	96415430	0	0	0.0	0
chr7	96431482	0	0	0.0	0
chr7	96450831	0	0	0.0	0
chr7	96454011	0	0	0.0	0
chr7	96548056	0	0	0.0	0
chr7	96549271	0	1	0.0182	0
chr7	96549899	0	0	0.0	0
chr7	96552000	0	0	0.0	0
chr7	96754299	0	0	0.0	0
chr7	96801455	0	0	0.0	0
chr7	96900282	0	0	0.0	0
chr7	96989646	0	0	0.0	0
chr7	97014854	0	0	0.0	0
chr7	97051202	0	0	0.0	0
chr7	97151592	0	0	0.0	0
chr7	97161291	0	0	0.0	0
chr7	97252752	0	0	0.0	0
chr7	97268641	0	0	0.0	0
chr7	97286023	0	0	0.0	0
chr7	97348843	0	0	0.0	0
chr7	97391380	0	0	0.0	0
chr7	97549451	0	0	0.0	0
chr7	97640804	0	0	0.0	0
chr7	97644185	0	0	0.0	0
chr7	97753867	0	0	0.0	0
chr7	97798844	0	1	0.0244	0
chr7	97823076	0	0	0.0	0
chr7	97837523	0	0	0.0	0
chr7	97842885	0	0	0.0	0
chr7	97905376	0	0	0.0	0
chr7	98040934	0	0	0.0	0
chr7	98240676	0	0	0.0	0
chr7	98312637	0	1	0.0139	0
chr7	98322690	0	0	0.0	0
chr7	98331133	0	0	0.0	0
chr7	98360388	0	0	0.0	0
chr7	98409523	0	0	0.0	0
chr7	98441162	0	1	0.0238	0
chr7	98682300	0	0	0.0	0
chr7	98953719	0	0	0.0	0
chr7	98955791	0	0	0.0	0
chr7	99196549	0	0	0.0	0
chr7	99350063	0	0	0.0	0
chr7	99429015	0	0	0.0	0
chr7	99553670	0	0	0.0	0
chr7	99749315	0	0	0.0	0
chr7	99796590	0	0	0.0	0
chr7	99837779	0	0	0.0	0
chr7	99879743	0	0	0.0	0
chr7	99954090	0	0	0.0	0
chr7	100080989	0	0	0.0	0
chr7	100081340	0	0	0.0	0
chr7	100172361	0	0	0.0	0
chr7	100270796	0	0	0.0	0
chr7	100288902	0	0	0.0	0
chr7	100356946	0	0	0.0	0
chr7	100467317	0	0	0.0	0
chr7	100612244	0	1	0.0167	0
chr7	100683502	0	0	0.0	0
chr7	100877073	0	0	0.0	0
chr7	100906208	0	0	0.0	0
chr7	100970174	0	0	0.0	0
chr7	101034301	0	0	0.0	0
chr7	101036776	0	0	0.0	0
chr7	101038189	0	0	0.0	0
chr7	101121933	0	0	0.0	0
chr7	101218402	0	0	0.0	0
chr7	101388687	0	0	0.0	0
chr7	101400007	0	0	0.0	0
chr7	101453829	0	0	0.0	0
chr7	101462879	0	0	0.0	0
chr7	101468549	0	0	0.0	0
chr7	101533003	0	0	0.0	0
chr7	101538739	0	0	0.0	0
chr7	101583644	0	0	0.0	0
chr7	101766705	0	0	0.0	0
chr7	101844849	0	0	0.0	0
chr7	101855578	0	0	0.0	0
chr7	101911520	0	0	0.0	0
chr7	101939324	0	0	0.0	0
chr7	101947318	0	0	0.0	0
chr7	101970887	0	0	0.0	0
chr7	102007325	0	0	0.0	0
chr7	102025145	0	0	0.0	0
chr7	102071084	0	0	0.0	0
chr7	102136650	0	0	0.0	0
chr7	102179880	0	0	0.0	0
chr7	102305939	0	0	0.0	0
chr7	102720017	0	0	0.0	0
chr7	102723422	0	0	0.0	0
chr7	102775274	0	0	0.0	0
chr7	102844672	0	0	0.0	0
chr7	102979042	0	0	0.0	0
chr7	103017206	0	0	0.0	0
chr7	103019065	0	0	0.0	0
chr7	103047505	0	0	0.0	0
chr7	103084450	0	0	0.0	0
chr7	103133223	0	1	0.0204	0
chr7	103405496	0	0	0.0	0
chr7	103528246	0	0	0.0	0
chr7	103870446	0	0	0.0	0
chr7	104059441	0	0	0.0	0
chr7	104152275	0	0	0.0	0
chr7	104191334	0	0	0.0	0
chr7	104492448	0	0	0.0	0
chr7	104523882	0	0	0.0	0
chr7	104534950	0	0	0.0	0
chr7	104595353	0	0	0.0	0
chr7	104618925	0	0	0.0	0
chr7	104713937	0	0	0.0	0
chr7	104802841	0	0	0.0	0
chr7	104864956	0	1	0.0147	0
chr7	104928037	0	0	0.0	0
chr7	104930667	0	0	0.0	0
chr7	105219078	0	0	0.0	0
chr7	105798715	0	0	0.0	0
chr7	105839350	0	0	0.0	0
chr7	105867934	0	0	0.0	0
chr7	105874512	0	0	0.0	0
chr7	105995231	0	0	0.0	0
chr7	106001271	0	0	0.0	0
chr7	106050124	0	0	0.0	0
chr7	106125484	0	0	0.0	0
chr7	106169561	0	1	0.0135	0
chr7	106200325	0	0	0.0	0
chr7	106217255	0	0	0.0	0
chr7	106313177	0	0	0.0	0
chr7	106332196	0	0	0.0	0
chr7	106338052	0	0	0.0	0
chr7	106358282	0	0	0.0	0
chr7	106359229	0	0	0.0	0
chr7	106384786	0	0	0.0	0
chr7	106489373	0	0	0.0	0
chr7	106531953	0	0	0.0	0
chr7	106659723	0	0	0.0	0
chr7	106862052	0	0	0.0	0
chr7	106885188	0	0	0.0	0
chr7	107060872	0	0	0.0	0
chr7	107069560	0	0	0.0	0
chr7	107119633	0	0	0.0	0
chr7	107182411	0	0	0.0	0
chr7	107185872	0	0	0.0	0
chr7	107209951	0	0	0.0	0
chr7	107304728	0	0	0.0	0
chr7	107442098	0	0	0.0	0
chr7	107505422	0	0	0.0	0
chr7	107662105	0	0	0.0	0
chr7	107756817	0	0	0.0	0
chr7	107791101	0	0	0.0	0
chr7	107885796	0	0	0.0	0
chr7	107939233	0	0	0.0	0
chr7	107946145	0	0	0.0	0
chr7	108103274	0	0	0.0	0
chr7	108137132	0	0	0.0	0
chr7	108138056	0	0	0.0	0
chr7	108249237	0	0	0.0	0
chr7	108250592	0	0	0.0	0
chr7	108410755	0	0	0.0	0
chr7	108645228	0	0	0.0	0
chr7	108818183	0	0	0.0	0
chr7	108837536	0	0	0.0	0
chr7	109083121	0	0	0.0	0
chr7	109234533	0	0	0.0	0
chr7	109278950	0	0	0.0	0
chr7	109292693	0	0	0.0	0
chr7	109719988	0	0	0.0	0
chr7	109808745	0	0	0.0	0
chr7	110119984	0	0	0.0	0
chr7	110267769	0	0	0.0	0
chr7	110338082	0	0	0.0	0
chr7	110519041	0	0	0.0	0
chr7	110575522	0	0	0.0	0
chr7	110641334	0	0	0.0	0
chr7	110683710	0	0	0.0	0
chr7	110726148	0	0	0.0	0
chr7	110776220	0	0	0.0	0
chr7	110852635	0	0	0.0	0
chr7	110937622	0	0	0.0	0
chr7	111496807	0	0	0.0	0
chr7	111585794	0	0	0.0	0
chr7	111646844	0	0	0.0	0
chr7	111712816	0	0	0.0	0
chr7	111750595	0	0	0.0	0
chr7	111876345	0	0	0.0	0
chr7	112100122	0	0	0.0	0
chr7	112226510	0	0	0.0	0
chr7	112262929	0	0	0.0	0
chr7	112379106	0	0	0.0	0
chr7	112672601	0	0	0.0	0
chr7	112743989	0	0	0.0	0
chr7	112785868	0	0	0.0	0
chr7	113115421	0	0	0.0	0
chr7	113124223	0	0	0.0	0
chr7	113303931	0	0	0.0	0
chr7	113737469	0	0	0.0	0
chr7	113901679	0	0	0.0	0
chr7	113944753	0	0	0.0	0
chr7	114053483	0	0	0.0	0
chr7	114185616	0	0	0.0	0
chr7	114203461	0	0	0.0	0
chr7	114263580	0	0	0.0	0
chr7	114347674	0	0	0.0	0
chr7	114506076	0	0	0.0	0
chr7	114589959	0	0	0.0	0
chr7	114698599	0	0	0.0	0
chr7	114752901	0	0	0.0	0
chr7	115134504	0	0	0.0	0
chr7	115190416	0	0	0.0	0
chr7	115504317	0	0	0.0	0
chr7	115592065	0	0	0.0	0
chr7	115715190	0	0	0.0	0
chr7	115750217	0	0	0.0	0
chr7	115776457	0	0	0.0	0
chr7	115870904	0	0	0.0	0
chr7	115953061	0	0	0.0	0
chr7	116065357	0	0	0.0	0
chr7	116181995	0	0	0.0	0
chr7	116201934	0	0	0.0	0
chr7	116220284	0	0	0.0	0
chr7	116743520	0	0	0.0	0
chr7	116743887	0	0	0.0	0
chr7	116814665	0	0	0.0	0
chr7	116877891	0	0	0.0	0
chr7	116954780	0	0	0.0	0
chr7	117045147	0	0	0.0	0
chr7	117241083	0	0	0.0	0
chr7	117310473	0	0	0.0	0
chr7	117421306	0	0	0.0	0
chr7	117518692	0	0	0.0	0
chr7	117655888	0	0	0.0	0
chr7	117675195	0	0	0.0	0
chr7	117771202	0	0	0.0	0
chr7	117889023	0	0	0.0	0
chr7	118036910	0	0	0.0	0
chr7	118142395	0	0	0.0	0
chr7	118150432	0	0	0.0	0
chr7	118294569	0	0	0.0	0
chr7	118332396	0	0	0.0	0
chr7	118588020	0	0	0.0	0
chr7	118754198	0	0	0.0	0
chr7	118775886	0	0	0.0	0
chr7	119141881	0	0	0.0	0
chr7	119428269	0	0	0.0	0
chr7	119501144	0	0	0.0	0
chr7	119807551	0	0	0.0	0
chr7	119855677	0	0	0.0	0
chr7	119974994	0	0	0.0	0
chr7	120042478	0	0	0.0	0
chr7	120690012	0	0	0.0	0
chr7	120792028	0	0	0.0	0
chr7	121009809	0	0	0.0	0
chr7	121053965	0	0	0.0	0
chr7	121057713	0	0	0.0	0
chr7	121124789	0	0	0.0	0
chr7	121156664	0	0	0.0	0
chr7	121467900	0	0	0.0	0
chr7	121533555	0	0	0.0	0
chr7	121839151	0	0	0.0	0
chr7	121850435	0	0	0.0	0
chr7	121895969	0	0	0.0	0
chr7	121898031	0	0	0.0	0
chr7	122140411	0	0	0.0	0
chr7	122276077	0	0	0.0	0
chr7	122409849	0	0	0.0	0
chr7	122422057	0	0	0.0	0
chr7	122433636	0	0	0.0	0
chr7	122665414	0	0	0.0	0
chr7	122677953	0	0	0.0	0
chr7	122914079	0	0	0.0	0
chr7	123004231	0	0	0.0	0
chr7	123044949	0	0	0.0	0
chr7	123149624	0	0	0.0	0
chr7	123397639	0	0	0.0	0
chr7	123475559	0	0	0.0	0
chr7	123595048	0	0	0.0	0
chr7	123844308	0	0	0.0	0
chr7	124142997	0	0	0.0	0
chr7	124153553	0	0	0.0	0
chr7	124193016	0	0	0.0	0
chr7	124786214	0	0	0.0	0
chr7	124796623	0	0	0.0	0
chr7	124805148	0	0	0.0	0
chr7	124854025	0	0	0.0	0
chr7	125125089	0	0	0.0	0
chr7	125477194	0	0	0.0	0
chr7	125630999	0	0	0.0	0
chr7	125766185	0	0	0.0	0
chr7	126025096	0	0	0.0	0
chr7	126147698	0	1	0.0127	0
chr7	126208386	0	0	0.0	0
chr7	126334924	0	0	0.0	0
chr7	126337405	0	0	0.0	0
chr7	126473068	0	0	0.0	0
chr7	126513755	0	0	0.0	0
chr7	126571466	0	0	0.0	0
chr7	126682578	0	0	0.0	0
chr7	126756835	0	0	0.0	0
chr7	126878760	0	0	0.0	0
chr7	126914319	0	0	0.0	0
chr7	127091869	0	0	0.0	0
chr7	127150361	0	0	0.0	0
chr7	127236682	0	0	0.0	0
chr7	127464635	0	0	0.0	0
chr7	127563695	0	0	0.0	0
chr7	127608634	0	0	0.0	0
chr7	127613524	0	0	0.0	0
chr7	127629557	0	0	0.0	0
chr7	127679358	0	0	0.0	0
chr7	128192314	0	0	0.0	0
chr7	128233756	0	0	0.0	0
chr7	128275812	0	0	0.0	0
chr7	128430340	0	0	0.0	0
chr7	128446382	0	0	0.0	0
chr7	128486589	2	10	0.122	1
chr7	128519408	0	0	0.0	0
chr7	128558361	0	0	0.0	0
chr7	128691786	0	0	0.0	0
chr7	128698242	0	0	0.0	0
chr7	128720727	0	0	0.0	0
chr7	128837276	0	0	0.0	0
chr7	128980079	0	0	0.0	0
chr7	129153597	0	0	0.0	0
chr7	129155298	0	0	0.0	0
chr7	129168196	0	0	0.0	0
chr7	129252657	0	0	0.0	0
chr7	129400552	0	0	0.0	0
chr7	129402370	0	0	0.0	0
chr7	129558512	0	0	0.0	0
chr7	129642245	0	0	0.0	0
chr7	129702234	0	0	0.0	0
chr7	129835493	0	0	0.0	0
chr7	129905279	0	0	0.0	0
chr7	129967124	0	0	0.0	0
chr7	130135014	0	0	0.0	0
chr7	130264667	0	0	0.0	0
chr7	130386971	0	0	0.0	0
chr7	130460018	0	0	0.0	0
chr7	130468482	0	0	0.0	0
chr7	130523645	0	0	0.0	0
chr7	130527870	0	0	0.0	0
chr7	130532062	0	0	0.0	0
chr7	130532247	0	0	0.0	0
chr7	130638598	0	0	0.0	0
chr7	131000676	0	0	0.0	0
chr7	131219378	0	0	0.0	0
chr7	131255420	0	0	0.0	0
chr7	131447457	0	0	0.0	0
chr7	131533308	0	0	0.0	0
chr7	131669008	0	0	0.0	0
chr7	131840094	0	0	0.0	0
chr7	131883359	0	1	0.0116	0
chr7	132133337	0	0	0.0	0
chr7	132141575	0	0	0.0	0
chr7	132214131	0	0	0.0	0
chr7	132234474	0	0	0.0	0
chr7	132435517	0	0	0.0	0
chr7	132470280	0	0	0.0	0
chr7	132498750	0	0	0.0	0
chr7	132549009	0	0	0.0	0
chr7	132567604	0	0	0.0	0
chr7	132594112	0	0	0.0	0
chr7	132616174	0	0	0.0	0
chr7	132634419	0	0	0.0	0
chr7	133001276	0	0	0.0	0
chr7	133090519	0	0	0.0	0
chr7	133138485	0	0	0.0	0
chr7	133188530	0	0	0.0	0
chr7	133330292	0	0	0.0	0
chr7	133333739	0	0	0.0	0
chr7	133423144	0	0	0.0	0
chr7	134162872	0	0	0.0	0
chr7	134239930	0	0	0.0	0
chr7	134273257	0	0	0.0	0
chr7	134281960	0	0	0.0	0
chr7	134316707	0	0	0.0	0
chr7	134399436	0	0	0.0	0
chr7	134517656	0	0	0.0	0
chr7	134548377	0	0	0.0	0
chr7	134587482	0	0	0.0	0
chr7	134613361	0	0	0.0	0
chr7	134705080	0	0	0.0	0
chr7	134764684	0	0	0.0	0
chr7	134926211	0	0	0.0	0
chr7	135222410	0	0	0.0	0
chr7	135251904	0	0	0.0	0
chr7	135308095	0	0	0.0	0
chr7	135353407	0	0	0.0	0
chr7	135420791	0	0	0.0	0
chr7	135439574	0	0	0.0	0
chr7	135567340	0	0	0.0	0
chr7	135748860	0	0	0.0	0
chr7	135798428	0	0	0.0	0
chr7	135909967	0	0	0.0	0
chr7	135934268	0	0	0.0	0
chr7	135973856	0	0	0.0	0
chr7	135976972	0	0	0.0	0
chr7	136000677	0	0	0.0	0
chr7	136006042	0	0	0.0	0
chr7	136068827	0	0	0.0	0
chr7	136116997	0	0	0.0	0
chr7	136199500	0	0	0.0	0
chr7	136222775	0	0	0.0	0
chr7	136228461	0	0	0.0	0
chr7	136252533	0	0	0.0	0
chr7	136266558	0	0	0.0	0
chr7	136280747	0	0	0.0	0
chr7	136534211	0	0	0.0	0
chr7	136709041	0	0	0.0	0
chr7	136845304	0	0	0.0	0
chr7	137103681	0	0	0.0	0
chr7	137165821	0	0	0.0	0
chr7	137168627	0	0	0.0	0
chr7	137319756	0	0	0.0	0
chr7	137520095	0	0	0.0	0
chr7	137667777	0	0	0.0	0
chr7	137769212	0	0	0.0	0
chr7	137819091	0	0	0.0	0
chr7	137963081	0	0	0.0	0
chr7	137967992	0	0	0.0	0
chr7	138229434	0	0	0.0	0
chr7	138442535	0	0	0.0	0
chr7	138472149	0	0	0.0	0
chr7	138508293	0	0	0.0	0
chr7	138738864	0	0	0.0	0
chr7	138841068	0	0	0.0	0
chr7	138924052	0	0	0.0	0
chr7	138925164	0	0	0.0	0
chr7	138948147	0	0	0.0	0
chr7	138988165	0	0	0.0	0
chr7	139001995	0	0	0.0	0
chr7	139035554	0	1	0.0213	0
chr7	139106973	1	20	0.4	1
chr7	139125186	0	0	0.0	0
chr7	139157961	0	0	0.0	0
chr7	139222474	0	0	0.0	0
chr7	139305519	0	0	0.0	0
chr7	139510685	0	0	0.0	0
chr7	139514671	0	0	0.0	0
chr7	139731262	0	0	0.0	0
chr7	139823990	0	0	0.0	0
chr7	139873279	0	0	0.0	0
chr7	139991253	0	0	0.0	0
chr7	140012184	0	0	0.0	0
chr7	140111141	0	0	0.0	0
chr7	140126680	0	0	0.0	0
chr7	140204535	0	0	0.0	0
chr7	140220407	0	0	0.0	0
chr7	140456036	0	0	0.0	0
chr7	140494041	0	0	0.0	0
chr7	140532403	0	0	0.0	0
chr7	140549152	0	0	0.0	0
chr7	140704859	0	0	0.0	0
chr7	140705704	0	0	0.0	0
chr7	140791528	0	0	0.0	0
chr7	140801463	0	0	0.0	0
chr7	140933092	0	0	0.0	0
chr7	141238440	0	0	0.0	0
chr7	141334395	0	0	0.0	0
chr7	141503429	0	0	0.0	0
chr7	141576323	0	0	0.0	0
chr7	141636344	0	0	0.0	0
chr7	141715842	0	0	0.0	0
chr7	141760542	0	0	0.0	0
chr7	141909199	0	0	0.0	0
chr7	141926908	0	0	0.0	0
chr7	142036692	0	0	0.0	0
chr7	142074321	0	0	0.0	0
chr7	142097198	0	0	0.0	0
chr7	142099359	0	0	0.0	0
chr7	142211040	0	0	0.0	0
chr7	142518996	0	0	0.0	0
chr7	142612216	0	0	0.0	0
chr7	142626030	0	0	0.0	0
chr7	142782913	0	0	0.0	0
chr7	142786478	0	0	0.0	0
chr7	142792024	0	0	0.0	0
chr7	142797472	0	1	0.0182	0
chr7	142801371	0	0	0.0	0
chr7	142865357	0	0	0.0	0
chr7	143204882	0	0	0.0	0
chr7	143264533	0	0	0.0	0
chr7	143351229	0	0	0.0	0
chr7	143621478	0	0	0.0	0
chr7	143836182	0	0	0.0	0
chr7	144250865	0	0	0.0	0
chr7	144300112	0	0	0.0	0
chr7	144426435	0	0	0.0	0
chr7	144500864	0	0	0.0	0
chr7	144622639	0	0	0.0	0
chr7	144784399	0	0	0.0	0
chr7	145125310	0	0	0.0	0
chr7	145350619	0	0	0.0	0
chr7	145374925	0	0	0.0	0
chr7	145441009	0	0	0.0	0
chr7	145494736	0	1	0.013	0
chr7	145514379	0	0	0.0	0
chr7	145587270	0	0	0.0	0
chr7	145644752	0	0	0.0	0
chr7	145774340	0	0	0.0	0
chr7	145922328	0	1	0.0244	0
chr7	145975578	0	0	0.0	0
chr7	145978445	0	0	0.0	0
chr7	146243639	0	0	0.0	0
chr7	146253813	0	0	0.0	0
chr7	146372528	0	0	0.0	0
chr7	146424074	0	0	0.0	0
chr7	146708919	0	0	0.0	0
chr7	146763019	0	0	0.0	0
chr7	146787002	0	0	0.0	0
chr7	147047005	1	22	0.5	1
chr7	147069415	0	0	0.0	0
chr7	147106793	0	0	0.0	0
chr7	147129103	0	0	0.0	0
chr7	147569871	0	0	0.0	0
chr7	147721970	0	0	0.0	0
chr7	147822524	0	0	0.0	0
chr7	147918041	0	0	0.0	0
chr7	147922314	0	0	0.0	0
chr7	148153111	0	0	0.0	0
chr7	148329462	0	0	0.0	0
chr7	148791583	0	0	0.0	0
chr7	148802333	0	0	0.0	0
chr7	148841458	0	0	0.0	0
chr7	148847919	0	0	0.0	0
chr7	148854360	0	0	0.0	0
chr7	148901735	0	0	0.0	0
chr7	148926051	0	0	0.0	0
chr7	149071126	0	0	0.0	0
chr7	149102517	0	0	0.0	0
chr7	149105065	0	0	0.0	0
chr7	149199575	0	0	0.0	0
chr7	149213324	0	0	0.0	0
chr7	149224732	0	0	0.0	0
chr7	149318304	0	0	0.0	0
chr7	149419682	0	0	0.0	0
chr7	149602826	0	0	0.0	0
chr7	149607066	0	0	0.0	0
chr7	149631511	0	0	0.0	0
chr7	149651425	0	0	0.0	0
chr7	149673353	0	0	0.0	0
chr7	149675507	0	0	0.0	0
chr7	149700596	0	0	0.0	0
chr7	149754259	0	0	0.0	0
chr7	149789653	0	0	0.0	0
chr7	149819293	0	0	0.0	0
chr7	149836693	0	0	0.0	0
chr7	149962612	0	0	0.0	0
chr7	150052079	0	0	0.0	0
chr7	150092904	0	0	0.0	0
chr7	150383628	0	0	0.0	0
chr7	150412610	0	0	0.0	0
chr7	150439393	0	0	0.0	0
chr7	150566949	0	0	0.0	0
chr7	150860508	0	0	0.0	0
chr7	150946450	0	0	0.0	0
chr7	151038116	0	0	0.0	0
chr7	151050475	0	1	0.0256	0
chr7	151064930	0	0	0.0	0
chr7	151141596	0	0	0.0	0
chr7	151211537	0	1	0.0139	0
chr7	151242669	0	0	0.0	0
chr7	151251196	0	0	0.0	0
chr7	151279350	0	0	0.0	0
chr7	151298392	0	0	0.0	0
chr7	151352321	0	0	0.0	0
chr7	151364345	0	0	0.0	0
chr7	151400165	0	0	0.0	0
chr7	151564912	0	0	0.0	0
chr7	151583283	0	0	0.0	0
chr7	151617016	0	0	0.0	0
chr7	151624130	1	15	0.2239	1
chr7	151672598	0	0	0.0	0
chr7	151687344	0	0	0.0	0
chr7	151739063	0	0	0.0	0
chr7	151842742	0	0	0.0	0
chr7	151988454	0	0	0.0	0
chr7	152043989	0	0	0.0	0
chr7	152087512	0	0	0.0	0
chr7	152106483	0	0	0.0	0
chr7	152130883	0	0	0.0	0
chr7	152150760	0	0	0.0	0
chr7	152546655	0	0	0.0	0
chr7	152622889	0	0	0.0	0
chr7	152684965	0	1	0.0357	0
chr7	152828739	0	0	0.0	0
chr7	152831762	0	0	0.0	0
chr7	153053840	0	0	0.0	0
chr7	153068374	0	0	0.0	0
chr7	153084537	0	0	0.0	0
chr7	153103194	0	0	0.0	0
chr7	153185513	0	0	0.0	0
chr7	153234862	0	0	0.0	0
chr7	153257026	0	0	0.0	0
chr7	153262094	0	0	0.0	0
chr7	153542244	0	0	0.0	0
chr7	153566443	0	0	0.0	0
chr7	153612404	0	0	0.0	0
chr7	153614055	0	0	0.0	0
chr7	153658071	0	0	0.0	0
chr7	154048626	0	0	0.0	0
chr7	154134362	0	0	0.0	0
chr7	154232431	0	0	0.0	0
chr7	154371499	0	0	0.0	0
chr7	154483293	0	0	0.0	0
chr7	154568527	0	0	0.0	0
chr7	154582930	0	0	0.0	0
chr7	154624785	0	0	0.0	0
chr7	154641970	0	0	0.0	0
chr7	154694823	0	0	0.0	0
chr7	154719378	1	33	0.3548	1
chr7	154725678	0	0	0.0	0
chr7	154794375	0	0	0.0	0
chr7	154860882	0	0	0.0	0
chr7	154907269	0	1	0.02	0
chr7	155080157	0	0	0.0	0
chr7	155153853	0	0	0.0	0
chr7	155317374	0	0	0.0	0
chr7	155436027	0	0	0.0	0
chr7	155506430	0	0	0.0	0
chr7	155572982	0	0	0.0	0
chr7	155603386	0	0	0.0	0
chr7	155746277	0	0	0.0	0
chr7	155780288	0	0	0.0	0
chr7	155889896	0	0	0.0	0
chr7	155986240	0	0	0.0	0
chr7	156019856	0	0	0.0	0
chr7	156045624	0	0	0.0	0
chr7	156121518	0	0	0.0	0
chr7	156127672	0	0	0.0	0
chr7	156129831	0	0	0.0	0
chr7	156397152	0	0	0.0	0
chr7	156471723	0	0	0.0	0
chr7	156557435	0	0	0.0	0
chr7	156618470	0	0	0.0	0
chr7	156756944	0	0	0.0	0
chr7	156850089	0	0	0.0	0
chr7	156900645	0	0	0.0	0
chr7	157074226	0	0	0.0	0
chr7	157080245	0	0	0.0	0
chr7	157383494	0	0	0.0	0
chr7	157399930	0	0	0.0	0
chr7	157412315	0	0	0.0	0
chr7	157418216	0	0	0.0	0
chr7	157441357	0	1	0.0161	0
chr7	157505854	0	0	0.0	0
chr7	157550342	0	0	0.0	0
chr7	157607424	0	0	0.0	0
chr7	157615148	0	1	0.0294	0
chr7	157633020	0	0	0.0	0
chr7	157789574	0	0	0.0	0
chr7	157818286	0	0	0.0	0
chr7	157818901	0	0	0.0	0
chr7	157824924	0	1	0.0204	0
chr7	157885715	0	0	0.0	0
chr7	157938567	0	0	0.0	0
chr7	158006348	0	0	0.0	0
chr7	158017969	0	0	0.0	0
chr7	158040118	0	0	0.0	0
chr7	158206172	0	0	0.0	0
chr7	158265057	0	0	0.0	0
chr7	158300391	0	0	0.0	0
chr7	158376546	0	0	0.0	0
chr7	158376816	0	0	0.0	0
chr7	158454935	0	0	0.0	0
chr7	158540095	0	0	0.0	0
chr7	158784611	0	0	0.0	0
chr7	158937875	0	0	0.0	0
chr7	158985464	0	0	0.0	0
chr7	159087174	0	0	0.0	0
chr7	159087457	0	0	0.0	0
chr7	159087784	0	0	0.0	0
chr7	159092601	0	0	0.0	0
chr7	159151342	0	0	0.0	0
chr7_GL383534v2_alt	88442	0	0	0.0	0
chr7_KI270803v1_alt	61239	0	0	0.0	0
chr7_KI270803v1_alt	172920	0	0	0.0	0
chr7_KI270803v1_alt	327106	0	0	0.0	0
chr7_KI270803v1_alt	615879	0	0	0.0	0
chr7_KI270803v1_alt	809450	0	0	0.0	0
chr7_KI270803v1_alt	814995	0	0	0.0	0
chr7_KI270803v1_alt	820445	0	0	0.0	0
chr7_KI270803v1_alt	824342	0	0	0.0	0
chr7_KI270804v1_alt	16808	0	0	0.0	0
chr7_KI270805v1_alt	22240	0	0	0.0	0
chr7_KI270805v1_alt	100358	0	0	0.0	0
chr7_KI270805v1_alt	100628	0	0	0.0	0
chr7_KI270805v1_alt	177347	0	0	0.0	0
chr7_KI270807v1_alt	95422	0	0	0.0	0
chr7_KI270807v1_alt	124749	0	0	0.0	0
chr7_KI270808v1_alt	186054	0	0	0.0	0
chr7_KI270899v1_alt	53030	0	0	0.0	0
chr8	79123	0	0	0.0	0
chr8	80555	0	0	0.0	0
chr8	86621	0	0	0.0	0
chr8	127512	0	0	0.0	0
chr8	294760	0	0	0.0	0
chr8	334591	0	0	0.0	0
chr8	362809	0	0	0.0	0
chr8	626847	0	0	0.0	0
chr8	716542	0	0	0.0	0
chr8	733720	0	0	0.0	0
chr8	875158	0	0	0.0	0
chr8	896412	0	0	0.0	0
chr8	1001841	0	0	0.0	0
chr8	1037796	0	0	0.0	0
chr8	1089585	0	0	0.0	0
chr8	1089779	0	0	0.0	0
chr8	1162055	0	0	0.0	0
chr8	1204425	0	0	0.0	0
chr8	1364398	0	0	0.0	0
chr8	1546503	0	0	0.0	0
chr8	1557151	0	0	0.0	0
chr8	1595169	0	0	0.0	0
chr8	1700144	0	0	0.0	0
chr8	1846480	0	0	0.0	0
chr8	1849621	0	1	0.0179	0
chr8	1855326	0	0	0.0	0
chr8	1858151	1	13	0.3023	1
chr8	1864544	0	0	0.0	0
chr8	1910266	0	0	0.0	0
chr8	1934091	0	0	0.0	0
chr8	2022691	0	0	0.0	0
chr8	2204732	0	0	0.0	0
chr8	2485466	0	0	0.0	0
chr8	2506381	0	0	0.0	0
chr8	2575529	0	0	0.0	0
chr8	2814704	0	0	0.0	0
chr8	2825052	0	0	0.0	0
chr8	2851712	0	0	0.0	0
chr8	2853069	0	0	0.0	0
chr8	2990812	0	0	0.0	0
chr8	3026548	0	0	0.0	0
chr8	3106372	0	0	0.0	0
chr8	3123650	0	0	0.0	0
chr8	3153489	0	0	0.0	0
chr8	3195307	0	0	0.0	0
chr8	3205077	0	0	0.0	0
chr8	3277257	0	0	0.0	0
chr8	3468888	0	0	0.0	0
chr8	3529093	0	0	0.0	0
chr8	3598287	0	0	0.0	0
chr8	3742617	0	0	0.0	0
chr8	3762956	1	69	0.9857	1
chr8	3857602	0	0	0.0	0
chr8	3887010	0	0	0.0	0
chr8	3900302	0	0	0.0	0
chr8	3928857	0	0	0.0	0
chr8	4045198	0	0	0.0	0
chr8	4045806	0	0	0.0	0
chr8	4085757	0	0	0.0	0
chr8	4107434	0	0	0.0	0
chr8	4168796	0	0	0.0	0
chr8	4227542	0	0	0.0	0
chr8	4254622	0	0	0.0	0
chr8	4320749	0	0	0.0	0
chr8	4381362	0	0	0.0	0
chr8	4490974	0	0	0.0	0
chr8	4530214	0	0	0.0	0
chr8	4583203	0	0	0.0	0
chr8	4624420	0	0	0.0	0
chr8	4692877	0	0	0.0	0
chr8	4958815	0	0	0.0	0
chr8	4961370	0	0	0.0	0
chr8	4988973	0	0	0.0	0
chr8	5039374	0	0	0.0	0
chr8	5288785	0	0	0.0	0
chr8	5300427	0	0	0.0	0
chr8	5473619	0	0	0.0	0
chr8	5490519	0	0	0.0	0
chr8	5600317	0	0	0.0	0
chr8	5710185	0	0	0.0	0
chr8	5714062	0	0	0.0	0
chr8	5780669	0	0	0.0	0
chr8	5809216	0	0	0.0	0
chr8	5890594	0	1	0.0152	0
chr8	5907758	0	0	0.0	0
chr8	6009164	1	14	0.4	1
chr8	6043412	0	0	0.0	0
chr8	6045073	0	0	0.0	0
chr8	6189914	0	0	0.0	0
chr8	6210412	0	0	0.0	0
chr8	6223714	0	0	0.0	0
chr8	6348200	0	0	0.0	0
chr8	6489356	0	0	0.0	0
chr8	6504033	0	0	0.0	0
chr8	6553203	0	0	0.0	0
chr8	6720947	0	1	0.0217	0
chr8	6821010	0	0	0.0	0
chr8	6869761	0	0	0.0	0
chr8	6873921	0	0	0.0	0
chr8	6959250	0	0	0.0	0
chr8	6983503	0	0	0.0	0
chr8	7002608	0	0	0.0	0
chr8	7021704	0	0	0.0	0
chr8	7022521	0	0	0.0	0
chr8	7116643	0	0	0.0	0
chr8	7155702	0	0	0.0	0
chr8	7473881	0	0	0.0	0
chr8	7486176	0	0	0.0	0
chr8	7825384	0	0	0.0	0
chr8	7837674	0	0	0.0	0
chr8	8131770	0	0	0.0	0
chr8	8173719	0	0	0.0	0
chr8	8243820	0	0	0.0	0
chr8	8364741	0	0	0.0	0
chr8	8374404	0	0	0.0	0
chr8	8535213	0	0	0.0	0
chr8	8588665	0	0	0.0	0
chr8	8645296	0	0	0.0	0
chr8	8664532	0	0	0.0	0
chr8	8814469	0	0	0.0	0
chr8	8825137	0	0	0.0	0
chr8	8897351	0	0	0.0	0
chr8	9025008	0	0	0.0	0
chr8	9090133	0	0	0.0	0
chr8	9148842	0	0	0.0	0
chr8	9477374	0	0	0.0	0
chr8	9527148	0	0	0.0	0
chr8	9814807	0	0	0.0	0
chr8	9816255	0	0	0.0	0
chr8	9904829	0	0	0.0	0
chr8	9999512	0	0	0.0	0
chr8	10004843	0	0	0.0	0
chr8	10078651	0	0	0.0	0
chr8	10104749	0	0	0.0	0
chr8	10198635	0	0	0.0	0
chr8	10229155	0	0	0.0	0
chr8	10415265	0	0	0.0	0
chr8	10518895	0	0	0.0	0
chr8	10620198	0	0	0.0	0
chr8	10643672	0	0	0.0	0
chr8	10754559	0	0	0.0	0
chr8	10898712	0	0	0.0	0
chr8	10925331	0	0	0.0	0
chr8	10949801	0	0	0.0	0
chr8	10992903	0	0	0.0	0
chr8	11011448	0	0	0.0	0
chr8	11039545	0	0	0.0	0
chr8	11058654	0	0	0.0	0
chr8	11079132	0	0	0.0	0
chr8	11181011	0	0	0.0	0
chr8	11200836	0	0	0.0	0
chr8	11233037	0	0	0.0	0
chr8	11282886	0	0	0.0	0
chr8	11334028	0	0	0.0	0
chr8	11593485	0	0	0.0	0
chr8	11627842	0	0	0.0	0
chr8	11628328	0	0	0.0	0
chr8	11660823	0	0	0.0	0
chr8	11687274	0	1	0.0111	0
chr8	11739282	0	0	0.0	0
chr8	11748808	0	1	0.0185	0
chr8	11757536	0	0	0.0	0
chr8	11786018	0	0	0.0	0
chr8	11786562	0	0	0.0	0
chr8	11797327	0	0	0.0	0
chr8	11969228	0	0	0.0	0
chr8	12187621	0	0	0.0	0
chr8	12190030	0	0	0.0	0
chr8	12231340	0	0	0.0	0
chr8	12429899	0	0	0.0	0
chr8	12432304	0	0	0.0	0
chr8	12491945	0	0	0.0	0
chr8	12533914	0	0	0.0	0
chr8	12577409	0	0	0.0	0
chr8	12635509	0	0	0.0	0
chr8	12759800	0	0	0.0	0
chr8	12924206	0	0	0.0	0
chr8	13034022	0	0	0.0	0
chr8	13100064	0	0	0.0	0
chr8	13244547	0	0	0.0	0
chr8	13425225	0	0	0.0	0
chr8	13700318	0	0	0.0	0
chr8	13710492	0	0	0.0	0
chr8	13744441	0	0	0.0	0
chr8	13753130	0	0	0.0	0
chr8	14127964	0	0	0.0	0
chr8	14317082	0	0	0.0	0
chr8	14435171	0	0	0.0	0
chr8	14444357	0	0	0.0	0
chr8	14492712	0	0	0.0	0
chr8	14493002	0	0	0.0	0
chr8	14936496	0	0	0.0	0
chr8	15032798	0	0	0.0	0
chr8	15145328	0	0	0.0	0
chr8	15239862	0	0	0.0	0
chr8	15363080	0	0	0.0	0
chr8	15372681	0	0	0.0	0
chr8	15388801	0	0	0.0	0
chr8	15583729	0	0	0.0	0
chr8	15613554	0	0	0.0	0
chr8	15756879	0	1	0.0145	0
chr8	15767567	0	0	0.0	0
chr8	15896210	0	0	0.0	0
chr8	15941496	1	72	0.9114	1
chr8	16040114	0	0	0.0	0
chr8	16106128	0	0	0.0	0
chr8	16234754	0	0	0.0	0
chr8	16346345	0	0	0.0	0
chr8	16376209	0	0	0.0	0
chr8	16497538	0	0	0.0	0
chr8	16507836	0	0	0.0	0
chr8	16527128	0	0	0.0	0
chr8	16561673	0	0	0.0	0
chr8	16598887	0	0	0.0	0
chr8	16702126	0	0	0.0	0
chr8	16761511	0	0	0.0	0
chr8	16786116	0	0	0.0	0
chr8	16979128	0	0	0.0	0
chr8	17090225	0	0	0.0	0
chr8	17124916	0	0	0.0	0
chr8	17158527	0	0	0.0	0
chr8	17383714	0	0	0.0	0
chr8	17388767	0	0	0.0	0
chr8	17446962	0	0	0.0	0
chr8	17553540	0	0	0.0	0
chr8	17577318	0	0	0.0	0
chr8	17606595	0	0	0.0	0
chr8	17628821	0	0	0.0	0
chr8	17634351	0	0	0.0	0
chr8	17665187	0	0	0.0	0
chr8	17672763	0	0	0.0	0
chr8	17722253	1	10	0.3448	1
chr8	17746351	0	0	0.0	0
chr8	17797979	0	0	0.0	0
chr8	17887489	0	0	0.0	0
chr8	17929677	0	0	0.0	0
chr8	17945448	0	0	0.0	0
chr8	18213432	0	0	0.0	0
chr8	18448842	0	0	0.0	0
chr8	18459185	0	0	0.0	0
chr8	18564806	0	0	0.0	0
chr8	18828206	0	0	0.0	0
chr8	18903326	0	0	0.0	0
chr8	18963646	0	0	0.0	0
chr8	18966908	0	0	0.0	0
chr8	19053346	0	0	0.0	0
chr8	19058966	0	0	0.0	0
chr8	19167122	0	0	0.0	0
chr8	19474217	0	0	0.0	0
chr8	19671496	0	0	0.0	0
chr8	19678411	0	0	0.0	0
chr8	19810592	0	0	0.0	0
chr8	19860049	0	0	0.0	0
chr8	20087569	0	1	0.0222	0
chr8	20159912	0	0	0.0	0
chr8	20243080	0	0	0.0	0
chr8	20272941	0	0	0.0	0
chr8	20396903	0	0	0.0	0
chr8	20406237	0	0	0.0	0
chr8	20463353	0	0	0.0	0
chr8	20503906	0	0	0.0	0
chr8	20557382	0	0	0.0	0
chr8	20650469	0	0	0.0	0
chr8	20724206	0	0	0.0	0
chr8	20829331	0	0	0.0	0
chr8	20829728	0	0	0.0	0
chr8	20884197	0	0	0.0	0
chr8	21021566	0	0	0.0	0
chr8	21049521	0	0	0.0	0
chr8	21053918	0	0	0.0	0
chr8	21171925	0	0	0.0	0
chr8	21324279	0	0	0.0	0
chr8	21343710	0	0	0.0	0
chr8	21462621	0	0	0.0	0
chr8	21610726	0	0	0.0	0
chr8	21672276	0	0	0.0	0
chr8	21702895	0	0	0.0	0
chr8	21710531	0	0	0.0	0
chr8	21805946	0	0	0.0	0
chr8	22067254	0	0	0.0	0
chr8	22121371	0	0	0.0	0
chr8	22154422	0	0	0.0	0
chr8	22194607	0	0	0.0	0
chr8	22287142	0	0	0.0	0
chr8	22380693	1	37	0.5286	1
chr8	22487079	0	0	0.0	0
chr8	22573981	0	1	0.0141	0
chr8	22606147	0	0	0.0	0
chr8	22669765	0	0	0.0	0
chr8	22681909	0	0	0.0	0
chr8	22719316	0	0	0.0	0
chr8	22725471	0	0	0.0	0
chr8	22756811	0	0	0.0	0
chr8	22840503	0	0	0.0	0
chr8	22946760	0	1	0.0189	0
chr8	22999316	0	0	0.0	0
chr8	23034322	0	0	0.0	0
chr8	23043299	0	0	0.0	0
chr8	23112494	0	0	0.0	0
chr8	23135923	0	0	0.0	0
chr8	23171714	0	0	0.0	0
chr8	23220734	0	0	0.0	0
chr8	23223868	0	0	0.0	0
chr8	23356449	0	0	0.0	0
chr8	23524410	0	0	0.0	0
chr8	23552280	0	0	0.0	0
chr8	23577870	0	0	0.0	0
chr8	23798243	0	0	0.0	0
chr8	23804732	0	0	0.0	0
chr8	23864207	0	0	0.0	0
chr8	23977875	0	0	0.0	0
chr8	23989576	0	0	0.0	0
chr8	24076978	0	0	0.0	0
chr8	24141154	0	0	0.0	0
chr8	24278949	0	0	0.0	0
chr8	24346520	0	0	0.0	0
chr8	24515468	0	0	0.0	0
chr8	24529896	0	0	0.0	0
chr8	24548556	0	0	0.0	0
chr8	24769030	0	1	0.0227	0
chr8	24896326	0	0	0.0	0
chr8	24986416	0	0	0.0	0
chr8	25084172	0	0	0.0	0
chr8	25142362	0	0	0.0	0
chr8	25260201	0	0	0.0	0
chr8	25281106	0	0	0.0	0
chr8	25290107	0	0	0.0	0
chr8	25343752	0	0	0.0	0
chr8	25438157	0	0	0.0	0
chr8	25488013	0	0	0.0	0
chr8	25769122	0	0	0.0	0
chr8	25796084	0	0	0.0	0
chr8	25813890	0	0	0.0	0
chr8	25846852	0	0	0.0	0
chr8	25925094	0	0	0.0	0
chr8	25950656	0	0	0.0	0
chr8	25952643	0	0	0.0	0
chr8	26070064	0	0	0.0	0
chr8	26144033	0	0	0.0	0
chr8	26330581	0	0	0.0	0
chr8	26437651	0	0	0.0	0
chr8	26499785	0	0	0.0	0
chr8	26545543	0	0	0.0	0
chr8	26612844	0	0	0.0	0
chr8	26888363	0	0	0.0	0
chr8	26960740	0	0	0.0	0
chr8	27224390	0	0	0.0	0
chr8	27298567	0	0	0.0	0
chr8	27428719	0	0	0.0	0
chr8	27481626	0	0	0.0	0
chr8	27521176	0	0	0.0	0
chr8	27563703	0	0	0.0	0
chr8	27581554	0	0	0.0	0
chr8	27606540	0	0	0.0	0
chr8	27653669	0	0	0.0	0
chr8	27686190	0	0	0.0	0
chr8	27904540	0	0	0.0	0
chr8	27983720	0	0	0.0	0
chr8	28421421	0	0	0.0	0
chr8	28461356	0	0	0.0	0
chr8	28549218	0	0	0.0	0
chr8	29045903	0	0	0.0	0
chr8	29110712	0	0	0.0	0
chr8	29204982	0	0	0.0	0
chr8	29396487	0	0	0.0	0
chr8	29440741	0	0	0.0	0
chr8	29495537	0	0	0.0	0
chr8	29568789	0	0	0.0	0
chr8	29662274	1	50	0.8929	1
chr8	29725572	0	0	0.0	0
chr8	29734445	0	0	0.0	0
chr8	29759894	0	0	0.0	0
chr8	29880759	0	0	0.0	0
chr8	29887388	0	0	0.0	0
chr8	29934796	0	0	0.0	0
chr8	29988186	0	0	0.0	0
chr8	30058867	0	0	0.0	0
chr8	30086578	0	0	0.0	0
chr8	30094522	0	0	0.0	0
chr8	30151332	0	0	0.0	0
chr8	30162183	0	0	0.0	0
chr8	30269548	0	0	0.0	0
chr8	30429010	0	0	0.0	0
chr8	30431140	0	0	0.0	0
chr8	30588798	0	0	0.0	0
chr8	30730523	0	0	0.0	0
chr8	30773509	0	0	0.0	0
chr8	30868429	0	0	0.0	0
chr8	30903349	0	0	0.0	0
chr8	30964075	0	0	0.0	0
chr8	31009210	0	0	0.0	0
chr8	31246405	0	0	0.0	0
chr8	31267603	0	0	0.0	0
chr8	31373972	0	0	0.0	0
chr8	31416724	0	0	0.0	0
chr8	31438860	0	0	0.0	0
chr8	31452466	0	0	0.0	0
chr8	31478493	0	0	0.0	0
chr8	31545402	0	0	0.0	0
chr8	31645219	0	0	0.0	0
chr8	32006623	0	0	0.0	0
chr8	32147463	0	0	0.0	0
chr8	32297588	0	0	0.0	0
chr8	32379010	0	0	0.0	0
chr8	32456889	0	0	0.0	0
chr8	32463319	0	0	0.0	0
chr8	32493338	0	0	0.0	0
chr8	32655403	0	0	0.0	0
chr8	32778815	0	0	0.0	0
chr8	32856674	0	0	0.0	0
chr8	32928119	0	0	0.0	0
chr8	33016654	0	0	0.0	0
chr8	33311566	0	0	0.0	0
chr8	33338174	0	0	0.0	0
chr8	33352796	0	0	0.0	0
chr8	33436668	0	0	0.0	0
chr8	33529020	0	0	0.0	0
chr8	33594081	0	0	0.0	0
chr8	33742477	0	0	0.0	0
chr8	33763179	0	0	0.0	0
chr8	33797893	0	0	0.0	0
chr8	33967001	0	0	0.0	0
chr8	33973939	0	0	0.0	0
chr8	34035661	0	0	0.0	0
chr8	34047133	0	0	0.0	0
chr8	34271074	0	0	0.0	0
chr8	34349951	0	0	0.0	0
chr8	34525566	0	0	0.0	0
chr8	34535798	0	0	0.0	0
chr8	34542963	0	0	0.0	0
chr8	34629582	0	0	0.0	0
chr8	34770253	0	0	0.0	0
chr8	34786392	0	0	0.0	0
chr8	34809171	0	0	0.0	0
chr8	34872572	0	0	0.0	0
chr8	34880807	0	0	0.0	0
chr8	34985193	0	0	0.0	0
chr8	35099798	0	0	0.0	0
chr8	35142224	0	0	0.0	0
chr8	35298263	0	0	0.0	0
chr8	35398588	0	0	0.0	0
chr8	35566595	0	0	0.0	0
chr8	35609817	0	0	0.0	0
chr8	35863508	0	0	0.0	0
chr8	36017167	0	0	0.0	0
chr8	36181904	0	0	0.0	0
chr8	36307724	0	0	0.0	0
chr8	36395534	0	0	0.0	0
chr8	36415816	0	0	0.0	0
chr8	36440890	0	0	0.0	0
chr8	36511007	0	0	0.0	0
chr8	36587197	0	0	0.0	0
chr8	36907278	0	0	0.0	0
chr8	37347431	0	0	0.0	0
chr8	37369155	0	0	0.0	0
chr8	37380167	0	0	0.0	0
chr8	37419913	0	0	0.0	0
chr8	37445161	0	1	0.025	0
chr8	37529809	0	0	0.0	0
chr8	37594944	0	0	0.0	0
chr8	37690321	0	0	0.0	0
chr8	37789630	0	0	0.0	0
chr8	37877120	0	0	0.0	0
chr8	37898858	1	6	0.24	1
chr8	37904511	0	0	0.0	0
chr8	37961046	0	0	0.0	0
chr8	37976926	0	0	0.0	0
chr8	37978550	0	0	0.0	0
chr8	37979270	0	0	0.0	0
chr8	38889969	0	1	0.0455	0
chr8	38938405	0	0	0.0	0
chr8	39001474	0	0	0.0	0
chr8	39021819	0	0	0.0	0
chr8	39122109	0	0	0.0	0
chr8	39357432	0	0	0.0	0
chr8	39414879	0	0	0.0	0
chr8	39580866	0	0	0.0	0
chr8	39650907	0	0	0.0	0
chr8	39870952	0	0	0.0	0
chr8	39988950	0	0	0.0	0
chr8	39994998	0	0	0.0	0
chr8	40203762	0	2	0.0308	0
chr8	40336047	0	0	0.0	0
chr8	40347129	0	0	0.0	0
chr8	40393554	0	0	0.0	0
chr8	40417946	0	0	0.0	0
chr8	40418367	0	0	0.0	0
chr8	40430904	0	0	0.0	0
chr8	40492088	0	0	0.0	0
chr8	40599194	0	0	0.0	0
chr8	40752803	0	0	0.0	0
chr8	40782964	0	0	0.0	0
chr8	40864692	0	0	0.0	0
chr8	41008638	0	0	0.0	0
chr8	41103588	0	0	0.0	0
chr8	41202661	0	0	0.0	0
chr8	41301576	0	0	0.0	0
chr8	41329150	0	0	0.0	0
chr8	41340583	0	0	0.0	0
chr8	41341790	0	0	0.0	0
chr8	41357220	0	0	0.0	0
chr8	41431378	0	0	0.0	0
chr8	41441688	0	0	0.0	0
chr8	41463223	0	0	0.0	0
chr8	41465768	0	1	0.0141	0
chr8	41569714	0	0	0.0	0
chr8	41604371	0	0	0.0	0
chr8	41640801	0	0	0.0	0
chr8	41665647	0	0	0.0	0
chr8	41687023	0	0	0.0	0
chr8	41722548	0	0	0.0	0
chr8	41730826	0	0	0.0	0
chr8	41762758	0	0	0.0	0
chr8	41773867	0	0	0.0	0
chr8	41789228	0	0	0.0	0
chr8	41810608	0	0	0.0	0
chr8	41916184	0	0	0.0	0
chr8	41953852	0	0	0.0	0
chr8	41967687	0	0	0.0	0
chr8	42140870	0	0	0.0	0
chr8	42152343	0	0	0.0	0
chr8	42217937	0	0	0.0	0
chr8	42218403	0	0	0.0	0
chr8	42280136	0	0	0.0	0
chr8	42326207	0	0	0.0	0
chr8	42439307	0	0	0.0	0
chr8	42731246	0	0	0.0	0
chr8	42982499	0	0	0.0	0
chr8	43178132	0	0	0.0	0
chr8	43212996	0	0	0.0	0
chr8	43270749	0	0	0.0	0
chr8	43423557	0	0	0.0	0
chr8	43454979	0	0	0.0	0
chr8	43465443	0	0	0.0	0
chr8	43519133	0	0	0.0	0
chr8	43597031	0	0	0.0	0
chr8	43624122	0	0	0.0	0
chr8	43641863	0	0	0.0	0
chr8	43694118	0	0	0.0	0
chr8	43841095	0	0	0.0	0
chr8	46012146	0	0	0.0	0
chr8	46089669	0	0	0.0	0
chr8	46097939	0	0	0.0	0
chr8	46115210	0	0	0.0	0
chr8	46116383	0	0	0.0	0
chr8	46141452	0	0	0.0	0
chr8	46144929	0	0	0.0	0
chr8	46152239	0	0	0.0	0
chr8	46187802	0	0	0.0	0
chr8	46224173	0	0	0.0	0
chr8	46463576	0	0	0.0	0
chr8	46510190	0	0	0.0	0
chr8	46559629	0	0	0.0	0
chr8	46667544	0	1	0.0147	0
chr8	46806892	0	1	0.013	0
chr8	46999515	0	0	0.0	0
chr8	47024591	0	0	0.0	0
chr8	47207303	0	1	0.0118	0
chr8	47553594	0	0	0.0	0
chr8	47641072	0	0	0.0	0
chr8	47725182	0	0	0.0	0
chr8	47751568	0	0	0.0	0
chr8	47752808	0	1	0.0114	0
chr8	47860775	0	1	0.027	0
chr8	47887083	0	0	0.0	0
chr8	47957912	0	0	0.0	0
chr8	48043651	0	0	0.0	0
chr8	48143198	0	0	0.0	0
chr8	48392087	0	0	0.0	0
chr8	48396650	0	0	0.0	0
chr8	48431750	0	1	0.0147	0
chr8	48433056	0	1	0.0139	0
chr8	48486395	0	0	0.0	0
chr8	48589872	0	0	0.0	0
chr8	48592849	0	0	0.0	0
chr8	48653149	0	0	0.0	0
chr8	48715987	0	0	0.0	0
chr8	48914648	0	0	0.0	0
chr8	48923896	0	0	0.0	0
chr8	48973382	0	0	0.0	0
chr8	49263645	0	0	0.0	0
chr8	49336369	0	1	0.0208	0
chr8	49429876	0	0	0.0	0
chr8	49652670	0	0	0.0	0
chr8	49756639	0	0	0.0	0
chr8	49865023	0	0	0.0	0
chr8	50010776	0	1	0.0769	0
chr8	50260861	0	0	0.0	0
chr8	50405676	0	0	0.0	0
chr8	50419475	0	0	0.0	0
chr8	50469394	0	0	0.0	0
chr8	50630376	0	0	0.0	0
chr8	50712700	0	0	0.0	0
chr8	50792932	0	0	0.0	0
chr8	50816853	0	0	0.0	0
chr8	50874441	0	0	0.0	0
chr8	51080465	0	0	0.0	0
chr8	51247487	0	0	0.0	0
chr8	51295749	0	0	0.0	0
chr8	51377890	0	0	0.0	0
chr8	51394946	0	1	0.0244	0
chr8	51457312	0	0	0.0	0
chr8	51507422	0	0	0.0	0
chr8	51510979	0	0	0.0	0
chr8	51698654	0	0	0.0	0
chr8	51736878	0	0	0.0	0
chr8	51751880	0	0	0.0	0
chr8	52031925	0	0	0.0	0
chr8	52214701	0	0	0.0	0
chr8	52314942	0	1	0.0208	0
chr8	52433781	0	0	0.0	0
chr8	52846578	0	0	0.0	0
chr8	52874997	0	0	0.0	0
chr8	52958201	0	0	0.0	0
chr8	53025747	0	0	0.0	0
chr8	53071156	0	0	0.0	0
chr8	53139237	0	0	0.0	0
chr8	53193161	0	0	0.0	0
chr8	53209363	0	0	0.0	0
chr8	53215337	0	0	0.0	0
chr8	53439113	0	0	0.0	0
chr8	53565042	0	0	0.0	0
chr8	53751331	0	0	0.0	0
chr8	53759169	0	0	0.0	0
chr8	53879603	0	0	0.0	0
chr8	53942631	0	0	0.0	0
chr8	54001094	0	0	0.0	0
chr8	54366149	0	0	0.0	0
chr8	54443761	0	0	0.0	0
chr8	54458231	0	0	0.0	0
chr8	54503500	0	0	0.0	0
chr8	54548768	0	2	0.04	0
chr8	54572557	0	0	0.0	0
chr8	54579951	0	0	0.0	0
chr8	54849297	0	0	0.0	0
chr8	54977180	0	0	0.0	0
chr8	55059420	0	0	0.0	0
chr8	55096902	0	0	0.0	0
chr8	55128225	0	0	0.0	0
chr8	55228670	0	0	0.0	0
chr8	55266807	0	0	0.0	0
chr8	55277274	0	0	0.0	0
chr8	55312886	0	0	0.0	0
chr8	55317665	0	0	0.0	0
chr8	55991322	0	0	0.0	0
chr8	56007243	0	0	0.0	0
chr8	56100821	0	0	0.0	0
chr8	56111527	0	0	0.0	0
chr8	56234594	0	0	0.0	0
chr8	56338052	0	0	0.0	0
chr8	56573116	0	0	0.0	0
chr8	56629017	0	0	0.0	0
chr8	56662643	0	0	0.0	0
chr8	56959466	0	0	0.0	0
chr8	56964528	0	0	0.0	0
chr8	57268650	0	0	0.0	0
chr8	57275096	0	0	0.0	0
chr8	57275895	0	0	0.0	0
chr8	57308833	0	0	0.0	0
chr8	57326220	0	0	0.0	0
chr8	57355304	0	0	0.0	0
chr8	57361273	0	0	0.0	0
chr8	57524835	0	0	0.0	0
chr8	57646864	0	0	0.0	0
chr8	57677230	0	0	0.0	0
chr8	57696028	0	0	0.0	0
chr8	57839529	0	0	0.0	0
chr8	57901487	0	0	0.0	0
chr8	57979857	0	0	0.0	0
chr8	58121391	0	0	0.0	0
chr8	58129495	0	0	0.0	0
chr8	58332574	0	0	0.0	0
chr8	58411443	0	0	0.0	0
chr8	58411799	0	0	0.0	0
chr8	58551973	0	0	0.0	0
chr8	58749876	0	0	0.0	0
chr8	58855543	0	0	0.0	0
chr8	58890446	0	0	0.0	0
chr8	59012294	0	0	0.0	0
chr8	59038273	0	0	0.0	0
chr8	59274613	0	0	0.0	0
chr8	59328555	0	0	0.0	0
chr8	59403747	0	0	0.0	0
chr8	59524528	0	0	0.0	0
chr8	59559432	0	0	0.0	0
chr8	59588808	0	0	0.0	0
chr8	59655310	0	0	0.0	0
chr8	59680379	0	0	0.0	0
chr8	59683487	0	0	0.0	0
chr8	59683966	0	0	0.0	0
chr8	59993361	0	0	0.0	0
chr8	60000230	0	0	0.0	0
chr8	60041039	0	0	0.0	0
chr8	60082805	0	0	0.0	0
chr8	60083973	0	0	0.0	0
chr8	60293777	0	0	0.0	0
chr8	60310053	0	0	0.0	0
chr8	60583795	0	0	0.0	0
chr8	60664195	0	0	0.0	0
chr8	60981517	0	0	0.0	0
chr8	61112769	0	0	0.0	0
chr8	61227934	0	0	0.0	0
chr8	61241652	0	0	0.0	0
chr8	61336905	0	1	0.027	0
chr8	61554207	0	1	0.04	0
chr8	61581445	0	0	0.0	0
chr8	61854320	0	0	0.0	0
chr8	61870105	0	0	0.0	0
chr8	62293520	0	0	0.0	0
chr8	62397629	0	0	0.0	0
chr8	62492876	0	0	0.0	0
chr8	62523895	0	0	0.0	0
chr8	62577861	0	0	0.0	0
chr8	62861211	0	0	0.0	0
chr8	63026778	0	0	0.0	0
chr8	63078035	0	0	0.0	0
chr8	63084990	0	0	0.0	0
chr8	63174550	0	0	0.0	0
chr8	63263983	0	0	0.0	0
chr8	63394889	0	0	0.0	0
chr8	63417197	1	32	0.4848	1
chr8	63426176	0	0	0.0	0
chr8	63441134	0	0	0.0	0
chr8	63584353	0	0	0.0	0
chr8	63648515	0	0	0.0	0
chr8	63761357	0	0	0.0	0
chr8	64056816	0	0	0.0	0
chr8	64310808	0	0	0.0	0
chr8	64352620	0	0	0.0	0
chr8	64404826	0	0	0.0	0
chr8	64581677	0	0	0.0	0
chr8	64624543	1	4	0.0597	1
chr8	64672443	0	0	0.0	0
chr8	64764722	0	0	0.0	0
chr8	64884297	0	0	0.0	0
chr8	64916091	0	0	0.0	0
chr8	64956430	0	0	0.0	0
chr8	64988140	0	0	0.0	0
chr8	65025725	0	0	0.0	0
chr8	65042124	0	0	0.0	0
chr8	65232571	0	0	0.0	0
chr8	65269536	0	2	0.0278	0
chr8	65316266	0	1	0.0196	0
chr8	65327304	0	0	0.0	0
chr8	65514746	0	0	0.0	0
chr8	65779779	0	0	0.0	0
chr8	65782785	0	0	0.0	0
chr8	65975252	0	0	0.0	0
chr8	65977809	0	0	0.0	0
chr8	66128414	0	0	0.0	0
chr8	66239216	0	0	0.0	0
chr8	66439478	0	0	0.0	0
chr8	66463113	0	0	0.0	0
chr8	66523657	0	0	0.0	0
chr8	66831901	0	0	0.0	0
chr8	66848564	0	0	0.0	0
chr8	66875101	0	0	0.0	0
chr8	67059374	0	0	0.0	0
chr8	67320592	0	0	0.0	0
chr8	67496053	0	0	0.0	0
chr8	67718131	0	0	0.0	0
chr8	67759993	0	0	0.0	0
chr8	67761413	0	0	0.0	0
chr8	67819244	0	0	0.0	0
chr8	67979605	0	0	0.0	0
chr8	67999386	0	0	0.0	0
chr8	68250116	0	0	0.0	0
chr8	68265320	0	0	0.0	0
chr8	68274492	0	0	0.0	0
chr8	68393176	0	1	0.025	0
chr8	68709438	0	0	0.0	0
chr8	68990038	0	0	0.0	0
chr8	69074824	0	0	0.0	0
chr8	69131813	0	0	0.0	0
chr8	69280491	0	0	0.0	0
chr8	69281047	0	0	0.0	0
chr8	69447123	0	0	0.0	0
chr8	69478199	0	0	0.0	0
chr8	69478609	0	0	0.0	0
chr8	69548355	0	0	0.0	0
chr8	69609435	0	0	0.0	0
chr8	69623277	0	0	0.0	0
chr8	69709765	0	0	0.0	0
chr8	69893569	0	0	0.0	0
chr8	70058515	0	0	0.0	0
chr8	70090099	0	0	0.0	0
chr8	70091755	0	0	0.0	0
chr8	70189337	0	0	0.0	0
chr8	70288000	0	0	0.0	0
chr8	70396702	0	0	0.0	0
chr8	70398982	0	0	0.0	0
chr8	70581661	0	0	0.0	0
chr8	70837683	0	0	0.0	0
chr8	70918067	0	0	0.0	0
chr8	70954596	0	0	0.0	0
chr8	71090040	0	0	0.0	0
chr8	71197505	0	0	0.0	0
chr8	71223093	0	0	0.0	0
chr8	71301144	0	0	0.0	0
chr8	71452650	0	0	0.0	0
chr8	71917760	0	0	0.0	0
chr8	71938799	0	0	0.0	0
chr8	71981633	0	0	0.0	0
chr8	72112029	0	0	0.0	0
chr8	72143744	0	0	0.0	0
chr8	72205340	0	0	0.0	0
chr8	72371081	0	0	0.0	0
chr8	72403904	0	0	0.0	0
chr8	72405599	0	0	0.0	0
chr8	72460065	0	0	0.0	0
chr8	72545239	0	0	0.0	0
chr8	72582817	0	1	0.0185	0
chr8	72628764	0	0	0.0	0
chr8	72671768	0	0	0.0	0
chr8	72807720	0	0	0.0	0
chr8	72898171	0	0	0.0	0
chr8	73148352	0	0	0.0	0
chr8	73191737	0	0	0.0	0
chr8	73203162	0	0	0.0	0
chr8	73218738	0	0	0.0	0
chr8	73299928	0	0	0.0	0
chr8	73418199	0	0	0.0	0
chr8	73484847	0	0	0.0	0
chr8	73739626	0	0	0.0	0
chr8	73786560	0	0	0.0	0
chr8	73812558	0	0	0.0	0
chr8	73908758	0	0	0.0	0
chr8	73956899	0	0	0.0	0
chr8	73967117	0	0	0.0	0
chr8	73972769	0	0	0.0	0
chr8	74039490	0	0	0.0	0
chr8	74079928	0	0	0.0	0
chr8	74086733	0	0	0.0	0
chr8	74153531	0	0	0.0	0
chr8	74303710	0	0	0.0	0
chr8	74330179	0	0	0.0	0
chr8	74414560	0	0	0.0	0
chr8	74514822	0	1	0.0175	0
chr8	74577332	0	0	0.0	0
chr8	74776706	0	0	0.0	0
chr8	74844956	0	0	0.0	0
chr8	75011470	0	0	0.0	0
chr8	75126215	0	0	0.0	0
chr8	75198606	0	1	0.0156	0
chr8	75219286	0	0	0.0	0
chr8	75296977	0	0	0.0	0
chr8	75771626	0	0	0.0	0
chr8	75808722	0	0	0.0	0
chr8	75843922	0	0	0.0	0
chr8	75847099	0	0	0.0	0
chr8	75995503	0	0	0.0	0
chr8	76286424	0	0	0.0	0
chr8	76292376	0	0	0.0	0
chr8	76319756	0	0	0.0	0
chr8	76418329	0	0	0.0	0
chr8	76442178	0	0	0.0	0
chr8	76550548	0	0	0.0	0
chr8	76558046	0	0	0.0	0
chr8	76665318	0	0	0.0	0
chr8	76711629	0	0	0.0	0
chr8	76740536	0	0	0.0	0
chr8	76837033	0	0	0.0	0
chr8	77133712	0	0	0.0	0
chr8	77408490	0	0	0.0	0
chr8	77411804	0	0	0.0	0
chr8	77619740	0	0	0.0	0
chr8	77648667	0	0	0.0	0
chr8	77728611	0	1	0.0227	0
chr8	77919130	0	0	0.0	0
chr8	78411696	0	0	0.0	0
chr8	78413995	0	0	0.0	0
chr8	78437783	0	0	0.0	0
chr8	78444894	0	0	0.0	0
chr8	78668720	0	0	0.0	0
chr8	78864242	0	0	0.0	0
chr8	78883580	0	0	0.0	0
chr8	78946873	0	0	0.0	0
chr8	79377216	0	0	0.0	0
chr8	79392852	0	0	0.0	0
chr8	79435651	0	0	0.0	0
chr8	79502489	0	0	0.0	0
chr8	79559963	0	0	0.0	0
chr8	79584549	0	0	0.0	0
chr8	79609313	0	0	0.0	0
chr8	79670207	0	0	0.0	0
chr8	79765302	0	0	0.0	0
chr8	79919385	0	0	0.0	0
chr8	80126875	0	0	0.0	0
chr8	80534423	0	0	0.0	0
chr8	80667028	0	0	0.0	0
chr8	80675356	0	0	0.0	0
chr8	80729263	0	0	0.0	0
chr8	80760083	0	0	0.0	0
chr8	80838911	0	0	0.0	0
chr8	80924343	0	0	0.0	0
chr8	81058225	0	0	0.0	0
chr8	81194778	0	0	0.0	0
chr8	81213021	0	0	0.0	0
chr8	81230176	0	0	0.0	0
chr8	81459146	0	1	0.0312	0
chr8	81473016	0	0	0.0	0
chr8	81631021	0	0	0.0	0
chr8	81631076	0	0	0.0	0
chr8	81760073	0	0	0.0	0
chr8	81849064	0	0	0.0	0
chr8	81906023	0	0	0.0	0
chr8	82035018	0	0	0.0	0
chr8	82091845	0	0	0.0	0
chr8	82248247	0	0	0.0	0
chr8	82346144	0	0	0.0	0
chr8	82655839	0	0	0.0	0
chr8	82663711	0	0	0.0	0
chr8	82733466	0	0	0.0	0
chr8	83037736	0	0	0.0	0
chr8	83066698	0	0	0.0	0
chr8	83095542	0	0	0.0	0
chr8	83097404	0	0	0.0	0
chr8	83208389	0	0	0.0	0
chr8	83372993	0	0	0.0	0
chr8	83602559	0	0	0.0	0
chr8	83761919	0	0	0.0	0
chr8	83912721	0	0	0.0	0
chr8	83943480	0	0	0.0	0
chr8	83966196	0	0	0.0	0
chr8	84445211	0	0	0.0	0
chr8	84476100	0	0	0.0	0
chr8	84978673	0	0	0.0	0
chr8	85087135	0	0	0.0	0
chr8	85403127	0	0	0.0	0
chr8	85424126	0	0	0.0	0
chr8	85438605	1	14	0.4516	1
chr8	85470884	0	0	0.0	0
chr8	85480705	0	0	0.0	0
chr8	85535541	0	0	0.0	0
chr8	85591864	0	0	0.0	0
chr8	85655835	0	0	0.0	0
chr8	85662672	0	0	0.0	0
chr8	85714685	0	0	0.0	0
chr8	85736139	0	0	0.0	0
chr8	85745691	0	0	0.0	0
chr8	85764058	0	0	0.0	0
chr8	85776252	0	0	0.0	0
chr8	85791527	0	0	0.0	0
chr8	85803720	0	0	0.0	0
chr8	85815911	0	0	0.0	0
chr8	85828101	0	0	0.0	0
chr8	86191024	0	0	0.0	0
chr8	86209189	0	0	0.0	0
chr8	86274615	0	0	0.0	0
chr8	86295873	0	0	0.0	0
chr8	86334967	0	0	0.0	0
chr8	86451127	0	0	0.0	0
chr8	86563171	0	0	0.0	0
chr8	86594183	0	0	0.0	0
chr8	86603318	0	0	0.0	0
chr8	86619882	0	0	0.0	0
chr8	86624052	0	0	0.0	0
chr8	86726552	0	0	0.0	0
chr8	86859337	0	0	0.0	0
chr8	87089486	0	0	0.0	0
chr8	87385998	0	0	0.0	0
chr8	87392651	0	0	0.0	0
chr8	87778683	0	0	0.0	0
chr8	87860035	0	0	0.0	0
chr8	87906354	0	0	0.0	0
chr8	87917896	0	0	0.0	0
chr8	88070415	0	0	0.0	0
chr8	88081069	0	0	0.0	0
chr8	88081341	0	0	0.0	0
chr8	88164876	0	0	0.0	0
chr8	88323220	0	0	0.0	0
chr8	88399741	0	0	0.0	0
chr8	88450351	0	0	0.0	0
chr8	88627521	0	0	0.0	0
chr8	88724752	0	0	0.0	0
chr8	88859912	0	0	0.0	0
chr8	89147163	0	0	0.0	0
chr8	89192403	0	0	0.0	0
chr8	89219056	0	0	0.0	0
chr8	89304485	0	0	0.0	0
chr8	89515914	0	0	0.0	0
chr8	89673335	0	0	0.0	0
chr8	89867583	0	0	0.0	0
chr8	90008716	0	0	0.0	0
chr8	90109063	0	0	0.0	0
chr8	90129495	0	0	0.0	0
chr8	90137784	0	0	0.0	0
chr8	90189974	0	0	0.0	0
chr8	90734079	1	20	0.3279	1
chr8	90900830	0	0	0.0	0
chr8	91002166	0	0	0.0	0
chr8	91040283	0	0	0.0	0
chr8	91041996	0	0	0.0	0
chr8	91068387	0	0	0.0	0
chr8	91185107	0	0	0.0	0
chr8	91206975	0	0	0.0	0
chr8	91326594	0	0	0.0	0
chr8	91380192	0	0	0.0	0
chr8	91454264	0	0	0.0	0
chr8	91513623	0	0	0.0	0
chr8	91544870	0	0	0.0	0
chr8	91665108	0	0	0.0	0
chr8	91934727	0	0	0.0	0
chr8	92414049	0	0	0.0	0
chr8	92516040	0	0	0.0	0
chr8	92539918	0	0	0.0	0
chr8	92562135	0	0	0.0	0
chr8	92752395	0	0	0.0	0
chr8	92780237	0	0	0.0	0
chr8	92843838	0	0	0.0	0
chr8	93047884	0	0	0.0	0
chr8	93058334	0	0	0.0	0
chr8	93075440	0	0	0.0	0
chr8	93323245	0	0	0.0	0
chr8	93345338	0	0	0.0	0
chr8	93463036	0	0	0.0	0
chr8	93467188	0	0	0.0	0
chr8	93597369	0	0	0.0	0
chr8	93825802	0	0	0.0	0
chr8	93855581	0	0	0.0	0
chr8	93901667	0	0	0.0	0
chr8	93981737	0	0	0.0	0
chr8	93997180	0	0	0.0	0
chr8	94167619	0	0	0.0	0
chr8	94229277	0	0	0.0	0
chr8	94568947	0	0	0.0	0
chr8	94793924	0	0	0.0	0
chr8	94815023	0	0	0.0	0
chr8	94953844	0	0	0.0	0
chr8	94959269	0	0	0.0	0
chr8	95043833	0	0	0.0	0
chr8	95105593	0	0	0.0	0
chr8	95205392	0	0	0.0	0
chr8	95271494	0	0	0.0	0
chr8	95351446	0	0	0.0	0
chr8	95385061	0	0	0.0	0
chr8	95417518	0	0	0.0	0
chr8	95421493	0	0	0.0	0
chr8	95456602	0	0	0.0	0
chr8	95474297	0	0	0.0	0
chr8	95493196	0	2	0.0833	0
chr8	95508613	0	0	0.0	0
chr8	95733569	0	0	0.0	0
chr8	95800976	0	0	0.0	0
chr8	95903035	0	0	0.0	0
chr8	95970997	0	0	0.0	0
chr8	96091600	0	1	0.0185	0
chr8	96096005	0	0	0.0	0
chr8	96146959	0	0	0.0	0
chr8	96365111	0	0	0.0	0
chr8	96380472	0	0	0.0	0
chr8	96437963	0	0	0.0	0
chr8	96460736	0	0	0.0	0
chr8	96466861	0	0	0.0	0
chr8	96498554	0	0	0.0	0
chr8	96635650	0	0	0.0	0
chr8	96642169	0	0	0.0	0
chr8	96886617	0	0	0.0	0
chr8	97053567	0	0	0.0	0
chr8	97111066	0	0	0.0	0
chr8	97112577	0	0	0.0	0
chr8	97129998	0	0	0.0	0
chr8	97155290	0	0	0.0	0
chr8	97248380	0	0	0.0	0
chr8	97476033	0	0	0.0	0
chr8	97531020	0	0	0.0	0
chr8	97557284	0	0	0.0	0
chr8	97650049	0	0	0.0	0
chr8	97821347	0	2	0.0253	0
chr8	97848549	0	0	0.0	0
chr8	97895493	0	0	0.0	0
chr8	97948996	0	0	0.0	0
chr8	98027432	0	0	0.0	0
chr8	98029656	0	0	0.0	0
chr8	98065768	0	0	0.0	0
chr8	98182865	0	0	0.0	0
chr8	98384782	0	0	0.0	0
chr8	98443632	0	0	0.0	0
chr8	98557608	0	0	0.0	0
chr8	98562201	0	0	0.0	0
chr8	98711724	0	0	0.0	0
chr8	98808073	0	0	0.0	0
chr8	98917882	0	0	0.0	0
chr8	98924037	0	0	0.0	0
chr8	99300174	0	0	0.0	0
chr8	99606415	0	0	0.0	0
chr8	99633635	0	0	0.0	0
chr8	99642406	0	0	0.0	0
chr8	99711943	0	0	0.0	0
chr8	99764676	0	0	0.0	0
chr8	100310438	0	0	0.0	0
chr8	100326121	0	0	0.0	0
chr8	100461535	0	0	0.0	0
chr8	100467117	0	0	0.0	0
chr8	100482544	0	0	0.0	0
chr8	100519041	0	0	0.0	0
chr8	100598071	0	0	0.0	0
chr8	100607326	0	0	0.0	0
chr8	100893273	0	0	0.0	0
chr8	101110946	0	0	0.0	0
chr8	101156006	0	0	0.0	0
chr8	101195961	0	0	0.0	0
chr8	101267057	0	0	0.0	0
chr8	101272463	0	0	0.0	0
chr8	101340249	0	0	0.0	0
chr8	101371558	0	0	0.0	0
chr8	101461889	0	0	0.0	0
chr8	101478260	0	0	0.0	0
chr8	101587154	0	1	0.0156	0
chr8	101888665	0	0	0.0	0
chr8	101972647	0	0	0.0	0
chr8	102059874	0	0	0.0	0
chr8	102173830	0	0	0.0	0
chr8	102408815	0	0	0.0	0
chr8	102550746	0	0	0.0	0
chr8	102569088	0	0	0.0	0
chr8	102574541	0	0	0.0	0
chr8	102738900	0	0	0.0	0
chr8	102762117	0	0	0.0	0
chr8	102778262	0	0	0.0	0
chr8	102817752	0	0	0.0	0
chr8	102830476	0	0	0.0	0
chr8	102872859	0	0	0.0	0
chr8	102956628	0	1	0.0278	0
chr8	103077582	0	0	0.0	0
chr8	103140337	0	0	0.0	0
chr8	103192975	0	0	0.0	0
chr8	103201476	0	0	0.0	0
chr8	103241295	0	0	0.0	0
chr8	103274822	0	1	0.0164	0
chr8	103667051	0	0	0.0	0
chr8	103734819	0	0	0.0	0
chr8	104332802	0	0	0.0	0
chr8	104365710	0	0	0.0	0
chr8	104677270	0	0	0.0	0
chr8	105267388	0	0	0.0	0
chr8	105429974	0	0	0.0	0
chr8	105611063	0	0	0.0	0
chr8	105717960	0	0	0.0	0
chr8	105897824	0	0	0.0	0
chr8	105971701	0	0	0.0	0
chr8	106126971	0	0	0.0	0
chr8	106180773	0	0	0.0	0
chr8	106257374	0	0	0.0	0
chr8	106276284	0	0	0.0	0
chr8	106350928	0	0	0.0	0
chr8	106650359	0	0	0.0	0
chr8	106689458	0	0	0.0	0
chr8	106706469	0	0	0.0	0
chr8	106781918	0	0	0.0	0
chr8	106845533	0	0	0.0	0
chr8	106969864	0	0	0.0	0
chr8	106986610	0	0	0.0	0
chr8	107144718	0	0	0.0	0
chr8	107317864	0	0	0.0	0
chr8	107364936	0	0	0.0	0
chr8	107423316	0	0	0.0	0
chr8	107490510	0	0	0.0	0
chr8	107527404	0	0	0.0	0
chr8	107597041	0	0	0.0	0
chr8	107661208	0	0	0.0	0
chr8	107725344	0	0	0.0	0
chr8	107736460	0	0	0.0	0
chr8	107756864	0	0	0.0	0
chr8	107815522	0	0	0.0	0
chr8	107823127	0	0	0.0	0
chr8	107877485	0	0	0.0	0
chr8	108030074	0	0	0.0	0
chr8	108114295	0	0	0.0	0
chr8	108122896	0	0	0.0	0
chr8	108142782	0	0	0.0	0
chr8	108177712	0	0	0.0	0
chr8	108200844	0	0	0.0	0
chr8	108458382	0	0	0.0	0
chr8	108674716	0	0	0.0	0
chr8	108773541	0	0	0.0	0
chr8	108796998	0	0	0.0	0
chr8	108803384	0	0	0.0	0
chr8	108931310	0	0	0.0	0
chr8	109218323	0	0	0.0	0
chr8	109293434	0	0	0.0	0
chr8	109647260	0	0	0.0	0
chr8	109691391	0	0	0.0	0
chr8	109876724	0	0	0.0	0
chr8	109976097	0	0	0.0	0
chr8	110278274	0	0	0.0	0
chr8	110411892	0	0	0.0	0
chr8	110420800	0	0	0.0	0
chr8	110485543	0	0	0.0	0
chr8	110536196	0	0	0.0	0
chr8	110691955	0	0	0.0	0
chr8	110737940	0	0	0.0	0
chr8	111012190	0	0	0.0	0
chr8	111115253	0	0	0.0	0
chr8	111235659	0	0	0.0	0
chr8	111283414	0	0	0.0	0
chr8	111493283	0	0	0.0	0
chr8	111572467	0	0	0.0	0
chr8	111640562	0	0	0.0	0
chr8	111770640	0	0	0.0	0
chr8	111807377	0	0	0.0	0
chr8	111876617	0	0	0.0	0
chr8	111904443	0	0	0.0	0
chr8	111981906	0	0	0.0	0
chr8	111985870	0	0	0.0	0
chr8	112169900	0	0	0.0	0
chr8	112389359	0	0	0.0	0
chr8	112558133	0	0	0.0	0
chr8	112580535	1	52	0.8387	1
chr8	112792494	0	1	0.0286	0
chr8	113042333	0	0	0.0	0
chr8	113044777	0	0	0.0	0
chr8	113479029	0	0	0.0	0
chr8	113499038	0	0	0.0	0
chr8	113792605	0	0	0.0	0
chr8	114149384	0	0	0.0	0
chr8	114354861	0	0	0.0	0
chr8	114373291	0	0	0.0	0
chr8	114429337	0	0	0.0	0
chr8	114681765	0	0	0.0	0
chr8	114719683	0	0	0.0	0
chr8	114777055	0	0	0.0	0
chr8	115017677	0	0	0.0	0
chr8	115024310	0	0	0.0	0
chr8	115274917	0	0	0.0	0
chr8	115277435	0	0	0.0	0
chr8	115751360	0	0	0.0	0
chr8	115786764	0	0	0.0	0
chr8	115901395	0	0	0.0	0
chr8	115949371	0	0	0.0	0
chr8	116046050	0	0	0.0	0
chr8	116100304	0	0	0.0	0
chr8	116205824	0	0	0.0	0
chr8	116235581	0	0	0.0	0
chr8	116272704	0	0	0.0	0
chr8	116442447	0	0	0.0	0
chr8	116495017	0	0	0.0	0
chr8	116621951	0	0	0.0	0
chr8	116880445	0	0	0.0	0
chr8	116919736	0	0	0.0	0
chr8	116968630	1	18	0.3273	1
chr8	117003623	0	0	0.0	0
chr8	117071592	0	0	0.0	0
chr8	117078816	0	0	0.0	0
chr8	117088740	0	0	0.0	0
chr8	117127084	0	0	0.0	0
chr8	117179460	0	0	0.0	0
chr8	117343956	0	0	0.0	0
chr8	117514482	0	0	0.0	0
chr8	117549053	0	0	0.0	0
chr8	117585883	0	0	0.0	0
chr8	117705408	0	0	0.0	0
chr8	117794901	0	0	0.0	0
chr8	117901066	0	0	0.0	0
chr8	117947759	0	0	0.0	0
chr8	117988728	0	0	0.0	0
chr8	118009948	0	0	0.0	0
chr8	118039037	0	0	0.0	0
chr8	118100245	0	0	0.0	0
chr8	118207240	0	0	0.0	0
chr8	118350251	0	0	0.0	0
chr8	118447151	0	0	0.0	0
chr8	118590399	0	0	0.0	0
chr8	118653265	0	0	0.0	0
chr8	118948394	0	0	0.0	0
chr8	118993810	0	0	0.0	0
chr8	119031763	0	0	0.0	0
chr8	119055274	0	0	0.0	0
chr8	119278765	0	0	0.0	0
chr8	119619318	0	0	0.0	0
chr8	119660737	0	0	0.0	0
chr8	119801407	0	0	0.0	0
chr8	119960275	0	0	0.0	0
chr8	120010589	0	0	0.0	0
chr8	120167032	0	0	0.0	0
chr8	120395426	0	0	0.0	0
chr8	120407404	0	0	0.0	0
chr8	120458988	0	0	0.0	0
chr8	120485898	0	0	0.0	0
chr8	120522367	1	44	0.4632	1
chr8	120854205	0	0	0.0	0
chr8	120854985	0	0	0.0	0
chr8	121014918	0	0	0.0	0
chr8	121033186	0	0	0.0	0
chr8	121241358	0	2	0.0345	0
chr8	121617757	0	0	0.0	0
chr8	121864092	0	0	0.0	0
chr8	121948455	0	0	0.0	0
chr8	121979085	0	1	0.0182	0
chr8	122096250	0	0	0.0	0
chr8	122156190	0	0	0.0	0
chr8	122496171	0	0	0.0	0
chr8	122603497	0	0	0.0	0
chr8	122642292	0	1	0.0263	0
chr8	122800327	0	0	0.0	0
chr8	122985082	0	0	0.0	0
chr8	123014775	0	0	0.0	0
chr8	123140503	0	0	0.0	0
chr8	123460492	0	0	0.0	0
chr8	123472569	0	0	0.0	0
chr8	123599604	0	0	0.0	0
chr8	123873676	0	0	0.0	0
chr8	123894155	0	0	0.0	0
chr8	124082450	0	0	0.0	0
chr8	124142908	0	0	0.0	0
chr8	124151486	0	0	0.0	0
chr8	124191228	0	0	0.0	0
chr8	124195997	0	0	0.0	0
chr8	124205191	0	0	0.0	0
chr8	124281720	0	0	0.0	0
chr8	124374155	0	0	0.0	0
chr8	124533465	0	0	0.0	0
chr8	124570625	0	0	0.0	0
chr8	124573141	0	0	0.0	0
chr8	124694435	0	0	0.0	0
chr8	124774253	0	0	0.0	0
chr8	124922888	0	0	0.0	0
chr8	124953385	0	0	0.0	0
chr8	124960014	0	0	0.0	0
chr8	125166702	0	0	0.0	0
chr8	125201485	0	0	0.0	0
chr8	125238117	0	0	0.0	0
chr8	125258870	0	1	0.0294	0
chr8	125425393	0	0	0.0	0
chr8	125468578	0	0	0.0	0
chr8	125470602	0	0	0.0	0
chr8	125472191	0	0	0.0	0
chr8	125914927	0	1	0.0179	0
chr8	126012269	0	0	0.0	0
chr8	126160263	0	0	0.0	0
chr8	126299768	0	0	0.0	0
chr8	126367887	0	0	0.0	0
chr8	126394078	0	0	0.0	0
chr8	126437405	0	0	0.0	0
chr8	126473014	0	0	0.0	0
chr8	126481706	0	0	0.0	0
chr8	126493298	0	0	0.0	0
chr8	126608931	1	28	0.3457	1
chr8	126760298	0	0	0.0	0
chr8	126889411	0	0	0.0	0
chr8	127061716	0	0	0.0	0
chr8	127273519	0	0	0.0	0
chr8	127424861	0	0	0.0	0
chr8	127556352	0	0	0.0	0
chr8	127587794	0	0	0.0	0
chr8	127597143	0	0	0.0	0
chr8	127729357	0	0	0.0	0
chr8	127755422	0	0	0.0	0
chr8	127805671	0	0	0.0	0
chr8	127843536	0	0	0.0	0
chr8	127843765	1	34	0.5075	1
chr8	127864222	0	0	0.0	0
chr8	127876938	0	0	0.0	0
chr8	127968881	0	0	0.0	0
chr8	128004020	0	0	0.0	0
chr8	128142734	0	0	0.0	0
chr8	128250685	0	0	0.0	0
chr8	128290110	0	0	0.0	0
chr8	128325231	0	0	0.0	0
chr8	128371436	0	0	0.0	0
chr8	128372126	0	0	0.0	0
chr8	128428837	0	0	0.0	0
chr8	128631342	0	0	0.0	0
chr8	128695731	0	0	0.0	0
chr8	128773026	0	0	0.0	0
chr8	128900144	0	0	0.0	0
chr8	128904333	0	0	0.0	0
chr8	129209817	1	42	0.4828	1
chr8	129238982	0	0	0.0	0
chr8	129418096	0	0	0.0	0
chr8	129431489	0	0	0.0	0
chr8	129445347	0	0	0.0	0
chr8	129487727	0	0	0.0	0
chr8	129608988	0	0	0.0	0
chr8	129868630	0	0	0.0	0
chr8	130127642	0	0	0.0	0
chr8	130233411	0	0	0.0	0
chr8	130242662	0	0	0.0	0
chr8	130256256	0	0	0.0	0
chr8	130336569	0	0	0.0	0
chr8	130469820	0	0	0.0	0
chr8	130529344	0	0	0.0	0
chr8	130545493	0	0	0.0	0
chr8	130612421	0	0	0.0	0
chr8	130747409	0	0	0.0	0
chr8	130795322	0	0	0.0	0
chr8	130838930	0	0	0.0	0
chr8	131011829	0	0	0.0	0
chr8	131100754	0	0	0.0	0
chr8	131139120	0	0	0.0	0
chr8	131483009	0	0	0.0	0
chr8	131499484	0	0	0.0	0
chr8	131607834	0	0	0.0	0
chr8	131756759	0	0	0.0	0
chr8	131782150	0	0	0.0	0
chr8	131843926	0	0	0.0	0
chr8	131932331	0	0	0.0	0
chr8	131936143	0	0	0.0	0
chr8	131977401	0	0	0.0	0
chr8	132073800	0	0	0.0	0
chr8	132141434	0	0	0.0	0
chr8	132153100	0	0	0.0	0
chr8	132172385	2	10	0.2703	1
chr8	132350578	0	0	0.0	0
chr8	132356957	0	0	0.0	0
chr8	132400917	0	0	0.0	0
chr8	132417345	0	0	0.0	0
chr8	132419612	0	0	0.0	0
chr8	132556455	0	0	0.0	0
chr8	132687826	0	0	0.0	0
chr8	132735011	0	0	0.0	0
chr8	132777602	0	0	0.0	0
chr8	132785866	0	0	0.0	0
chr8	132799663	0	0	0.0	0
chr8	132877931	0	0	0.0	0
chr8	132912705	0	0	0.0	0
chr8	132923329	0	0	0.0	0
chr8	132970925	0	0	0.0	0
chr8	132984194	0	0	0.0	0
chr8	133016799	0	0	0.0	0
chr8	133052436	0	0	0.0	0
chr8	133104376	0	0	0.0	0
chr8	133212256	0	0	0.0	0
chr8	133252917	0	0	0.0	0
chr8	133269427	0	0	0.0	0
chr8	133271483	0	0	0.0	0
chr8	133399837	0	0	0.0	0
chr8	133422705	0	0	0.0	0
chr8	133480565	0	0	0.0	0
chr8	133500282	0	0	0.0	0
chr8	133520321	0	0	0.0	0
chr8	133520606	0	0	0.0	0
chr8	133524864	0	0	0.0	0
chr8	133573382	0	0	0.0	0
chr8	133654801	0	0	0.0	0
chr8	133737536	0	0	0.0	0
chr8	133831965	0	0	0.0	0
chr8	133847300	0	0	0.0	0
chr8	133853610	0	0	0.0	0
chr8	133967530	0	0	0.0	0
chr8	133969884	0	2	0.0571	0
chr8	134047901	0	0	0.0	0
chr8	134174253	0	0	0.0	0
chr8	134240155	0	0	0.0	0
chr8	134434037	0	0	0.0	0
chr8	134453671	0	0	0.0	0
chr8	134465941	0	0	0.0	0
chr8	134605730	0	0	0.0	0
chr8	134620230	0	0	0.0	0
chr8	134623955	0	0	0.0	0
chr8	134625910	0	0	0.0	0
chr8	134823616	0	0	0.0	0
chr8	134851900	0	0	0.0	0
chr8	134978912	0	0	0.0	0
chr8	135046136	0	0	0.0	0
chr8	135052966	0	0	0.0	0
chr8	135126230	0	0	0.0	0
chr8	135133687	0	0	0.0	0
chr8	135140788	0	0	0.0	0
chr8	135146878	0	0	0.0	0
chr8	135227356	0	0	0.0	0
chr8	135253613	0	0	0.0	0
chr8	135472963	0	0	0.0	0
chr8	135496870	0	0	0.0	0
chr8	135748261	0	0	0.0	0
chr8	135748807	0	0	0.0	0
chr8	135764680	0	0	0.0	0
chr8	135825617	0	0	0.0	0
chr8	136012543	0	0	0.0	0
chr8	136016063	0	1	0.0127	0
chr8	136350229	0	0	0.0	0
chr8	136554625	0	0	0.0	0
chr8	136583807	0	0	0.0	0
chr8	136598784	0	0	0.0	0
chr8	136606473	0	0	0.0	0
chr8	136628378	0	0	0.0	0
chr8	136648151	0	0	0.0	0
chr8	136954146	0	0	0.0	0
chr8	136996191	0	0	0.0	0
chr8	137043957	0	0	0.0	0
chr8	137143175	0	0	0.0	0
chr8	137186480	0	0	0.0	0
chr8	137288226	0	0	0.0	0
chr8	137373459	0	0	0.0	0
chr8	137457261	0	0	0.0	0
chr8	137565858	0	0	0.0	0
chr8	137643637	0	0	0.0	0
chr8	137907894	0	0	0.0	0
chr8	137922926	0	0	0.0	0
chr8	138248044	0	0	0.0	0
chr8	138325310	0	0	0.0	0
chr8	138364319	0	0	0.0	0
chr8	138648674	0	0	0.0	0
chr8	138663291	0	0	0.0	0
chr8	138741048	0	0	0.0	0
chr8	138918034	0	0	0.0	0
chr8	138935486	0	0	0.0	0
chr8	138948530	0	0	0.0	0
chr8	139020967	0	0	0.0	0
chr8	139028159	0	0	0.0	0
chr8	139069636	0	0	0.0	0
chr8	139117589	0	0	0.0	0
chr8	139190915	0	0	0.0	0
chr8	139243441	0	0	0.0	0
chr8	139277086	0	0	0.0	0
chr8	139353937	0	0	0.0	0
chr8	139396012	0	0	0.0	0
chr8	139627957	0	0	0.0	0
chr8	139655868	0	0	0.0	0
chr8	139735890	0	0	0.0	0
chr8	139753460	0	0	0.0	0
chr8	139774701	0	0	0.0	0
chr8	139776160	0	0	0.0	0
chr8	139846883	0	0	0.0	0
chr8	139864948	0	0	0.0	0
chr8	139871498	0	0	0.0	0
chr8	139909241	0	0	0.0	0
chr8	140021287	0	0	0.0	0
chr8	140042751	0	0	0.0	0
chr8	140112474	0	0	0.0	0
chr8	140128417	0	0	0.0	0
chr8	140197923	0	0	0.0	0
chr8	140245594	0	0	0.0	0
chr8	140265009	0	0	0.0	0
chr8	140344967	0	0	0.0	0
chr8	140522625	0	0	0.0	0
chr8	140612957	0	0	0.0	0
chr8	140616803	0	0	0.0	0
chr8	140732869	0	0	0.0	0
chr8	140786715	0	0	0.0	0
chr8	140871804	0	0	0.0	0
chr8	140926109	0	0	0.0	0
chr8	141000129	0	0	0.0	0
chr8	141026670	0	0	0.0	0
chr8	141037550	0	0	0.0	0
chr8	141056879	0	0	0.0	0
chr8	141224150	0	0	0.0	0
chr8	141255473	0	0	0.0	0
chr8	141293540	0	0	0.0	0
chr8	141308898	0	0	0.0	0
chr8	141363679	0	0	0.0	0
chr8	141472135	1	28	0.3836	1
chr8	141567684	0	0	0.0	0
chr8	141570659	1	66	0.8049	1
chr8	141591433	0	0	0.0	0
chr8	141666958	0	0	0.0	0
chr8	141709136	0	0	0.0	0
chr8	141752952	0	0	0.0	0
chr8	141950556	0	0	0.0	0
chr8	142078506	0	0	0.0	0
chr8	142087930	0	0	0.0	0
chr8	142099618	0	0	0.0	0
chr8	142106358	0	0	0.0	0
chr8	142188379	0	0	0.0	0
chr8	142199117	0	0	0.0	0
chr8	142206945	0	0	0.0	0
chr8	142236822	0	0	0.0	0
chr8	142255229	0	0	0.0	0
chr8	142328668	0	0	0.0	0
chr8	142339365	0	0	0.0	0
chr8	142420310	0	0	0.0	0
chr8	142424709	0	1	0.0164	0
chr8	142447944	0	0	0.0	0
chr8	142465981	0	0	0.0	0
chr8	142613430	0	0	0.0	0
chr8	142659036	0	0	0.0	0
chr8	142664773	0	0	0.0	0
chr8	142682866	0	0	0.0	0
chr8	142737710	0	0	0.0	0
chr8	142769282	0	0	0.0	0
chr8	142813953	0	0	0.0	0
chr8	142902303	0	0	0.0	0
chr8	142918888	0	0	0.0	0
chr8	143019258	0	0	0.0	0
chr8	143122805	0	0	0.0	0
chr8	143266193	0	0	0.0	0
chr8	143296456	0	0	0.0	0
chr8	143297719	0	0	0.0	0
chr8	143375031	0	0	0.0	0
chr8	143384796	0	0	0.0	0
chr8	143440794	0	0	0.0	0
chr8	143472437	0	0	0.0	0
chr8	143483368	0	0	0.0	0
chr8	143527270	0	0	0.0	0
chr8	143615612	0	0	0.0	0
chr8	143676638	0	0	0.0	0
chr8	143726340	0	0	0.0	0
chr8	143739974	0	0	0.0	0
chr8	143792968	0	0	0.0	0
chr8	143919926	0	0	0.0	0
chr8	143921102	0	0	0.0	0
chr8	144068617	0	0	0.0	0
chr8	144097878	0	0	0.0	0
chr8	144167859	0	0	0.0	0
chr8	144239968	0	0	0.0	0
chr8	144243242	0	0	0.0	0
chr8	144259970	0	0	0.0	0
chr8	144263368	0	0	0.0	0
chr8	144264975	0	0	0.0	0
chr8	144340683	0	0	0.0	0
chr8	144408054	0	0	0.0	0
chr8	144441866	0	0	0.0	0
chr8	144522241	1	66	0.88	1
chr8	144826908	0	0	0.0	0
chr8	144857721	0	0	0.0	0
chr8_KI270810v1_alt	76620	0	0	0.0	0
chr8_KI270810v1_alt	141009	0	0	0.0	0
chr8_KI270810v1_alt	221688	0	0	0.0	0
chr8_KI270810v1_alt	348818	0	0	0.0	0
chr8_KI270811v1_alt	262683	0	0	0.0	0
chr8_KI270812v1_alt	34770	0	0	0.0	0
chr8_KI270812v1_alt	143130	0	0	0.0	0
chr8_KI270812v1_alt	179086	0	0	0.0	0
chr8_KI270812v1_alt	230875	0	0	0.0	0
chr8_KI270813v1_alt	156989	0	0	0.0	0
chr8_KI270813v1_alt	169281	0	0	0.0	0
chr8_KI270814v1_alt	113510	0	0	0.0	0
chr8_KI270814v1_alt	114309	0	0	0.0	0
chr8_KI270816v1_alt	17309	0	0	0.0	0
chr8_KI270816v1_alt	105651	0	0	0.0	0
chr8_KI270816v1_alt	153685	0	0	0.0	0
chr8_KI270816v1_alt	203387	0	0	0.0	0
chr8_KI270816v1_alt	270015	0	0	0.0	0
chr8_KI270817v1_alt	9546	0	0	0.0	0
chr8_KI270818v1_alt	15311	0	0	0.0	0
chr8_KI270821v1_alt	41503	0	0	0.0	0
chr8_KI270821v1_alt	93641	0	0	0.0	0
chr8_KI270821v1_alt	387580	0	0	0.0	0
chr8_KI270821v1_alt	674063	0	0	0.0	0
chr8_KI270821v1_alt	743188	0	0	0.0	0
chr8_KI270822v1_alt	263172	0	0	0.0	0
chr8_KI270822v1_alt	401537	0	0	0.0	0
chr8_KI270822v1_alt	621587	0	0	0.0	0
chr8_KI270900v1_alt	168122	0	0	0.0	0
chr8_KI270900v1_alt	204784	0	0	0.0	0
chr8_KI270900v1_alt	309411	0	0	0.0	0
chr8_KI270901v1_alt	62978	0	0	0.0	0
chr8_KI270926v1_alt	8265	0	0	0.0	0
chr8_KI270926v1_alt	112806	0	0	0.0	0
chr9	67738	0	0	0.0	0
chr9	303628	0	0	0.0	0
chr9	327290	0	0	0.0	0
chr9	348815	0	0	0.0	0
chr9	561900	0	0	0.0	0
chr9	624885	0	0	0.0	0
chr9	948038	0	0	0.0	0
chr9	972683	0	0	0.0	0
chr9	1016795	0	0	0.0	0
chr9	1042204	0	0	0.0	0
chr9	1070609	0	0	0.0	0
chr9	1208292	0	0	0.0	0
chr9	1250700	0	0	0.0	0
chr9	1305277	0	0	0.0	0
chr9	1393669	0	0	0.0	0
chr9	1396303	0	0	0.0	0
chr9	1476335	0	0	0.0	0
chr9	1542169	0	0	0.0	0
chr9	1609980	0	0	0.0	0
chr9	1675194	0	0	0.0	0
chr9	1766554	0	0	0.0	0
chr9	1936348	0	0	0.0	0
chr9	1950114	0	0	0.0	0
chr9	1980887	0	0	0.0	0
chr9	2307973	0	1	0.0143	0
chr9	2334429	0	0	0.0	0
chr9	2382823	1	3	0.04	1
chr9	2498922	0	0	0.0	0
chr9	2527205	0	0	0.0	0
chr9	2611162	0	0	0.0	0
chr9	2723984	1	9	0.1875	1
chr9	2743479	0	0	0.0	0
chr9	2786758	0	0	0.0	0
chr9	2875346	0	0	0.0	0
chr9	3006470	0	0	0.0	0
chr9	3033376	0	0	0.0	0
chr9	3107132	0	0	0.0	0
chr9	3113818	0	0	0.0	0
chr9	3271005	0	0	0.0	0
chr9	3330428	0	0	0.0	0
chr9	3353815	0	0	0.0	0
chr9	3526287	0	0	0.0	0
chr9	3574495	0	0	0.0	0
chr9	3659138	0	0	0.0	0
chr9	3699170	0	0	0.0	0
chr9	3750462	0	0	0.0	0
chr9	3756110	1	38	0.475	1
chr9	3792988	0	0	0.0	0
chr9	3802845	0	0	0.0	0
chr9	3904918	0	0	0.0	0
chr9	4060465	0	0	0.0	0
chr9	4080843	0	0	0.0	0
chr9	4095311	0	0	0.0	0
chr9	4160288	0	0	0.0	0
chr9	4195101	0	0	0.0	0
chr9	4196790	0	0	0.0	0
chr9	4209150	0	0	0.0	0
chr9	4235884	0	0	0.0	0
chr9	4434150	0	0	0.0	0
chr9	4482642	0	0	0.0	0
chr9	4528122	0	0	0.0	0
chr9	4598904	0	0	0.0	0
chr9	4621240	0	0	0.0	0
chr9	4642245	0	0	0.0	0
chr9	4851974	0	0	0.0	0
chr9	4901394	0	0	0.0	0
chr9	4919881	0	0	0.0	0
chr9	4938894	0	0	0.0	0
chr9	5020261	0	0	0.0	0
chr9	5083461	0	0	0.0	0
chr9	5173674	0	0	0.0	0
chr9	5178461	0	0	0.0	0
chr9	5272796	0	0	0.0	0
chr9	5439667	0	0	0.0	0
chr9	5467892	0	0	0.0	0
chr9	5554496	0	0	0.0	0
chr9	5721477	0	1	0.025	0
chr9	5878635	0	0	0.0	0
chr9	6022180	0	0	0.0	0
chr9	6145203	0	0	0.0	0
chr9	6242993	0	0	0.0	0
chr9	6346796	0	0	0.0	0
chr9	6580058	0	0	0.0	0
chr9	6614363	0	0	0.0	0
chr9	6673919	0	0	0.0	0
chr9	6726581	0	0	0.0	0
chr9	6887034	0	0	0.0	0
chr9	6989004	0	0	0.0	0
chr9	6993984	0	0	0.0	0
chr9	7028512	0	0	0.0	0
chr9	7129681	0	0	0.0	0
chr9	7240127	0	0	0.0	0
chr9	7320188	0	0	0.0	0
chr9	7350591	0	0	0.0	0
chr9	7416493	0	0	0.0	0
chr9	7513993	0	0	0.0	0
chr9	7518424	0	0	0.0	0
chr9	7525598	0	0	0.0	0
chr9	7741486	0	0	0.0	0
chr9	7799606	0	0	0.0	0
chr9	7828890	0	0	0.0	0
chr9	7898643	0	0	0.0	0
chr9	8032953	0	0	0.0	0
chr9	8115803	0	0	0.0	0
chr9	8134107	0	0	0.0	0
chr9	8290520	0	0	0.0	0
chr9	8329326	0	0	0.0	0
chr9	8350139	0	0	0.0	0
chr9	8522266	0	0	0.0	0
chr9	8528753	0	0	0.0	0
chr9	8538599	0	0	0.0	0
chr9	8636754	0	0	0.0	0
chr9	8722748	0	0	0.0	0
chr9	8738526	0	0	0.0	0
chr9	8959445	0	0	0.0	0
chr9	9004230	0	0	0.0	0
chr9	9245391	0	0	0.0	0
chr9	9356336	0	0	0.0	0
chr9	9406463	0	0	0.0	0
chr9	9573970	0	0	0.0	0
chr9	9629688	0	0	0.0	0
chr9	9640521	0	0	0.0	0
chr9	9651103	0	0	0.0	0
chr9	9837055	0	0	0.0	0
chr9	9874194	0	0	0.0	0
chr9	9888704	0	0	0.0	0
chr9	10031374	0	0	0.0	0
chr9	10281021	0	0	0.0	0
chr9	10633885	0	0	0.0	0
chr9	10949233	0	0	0.0	0
chr9	10954628	0	0	0.0	0
chr9	10961955	0	1	0.0233	0
chr9	10967967	0	0	0.0	0
chr9	11066811	0	0	0.0	0
chr9	11166624	0	0	0.0	0
chr9	11797642	0	0	0.0	0
chr9	11919314	0	0	0.0	0
chr9	11993746	0	0	0.0	0
chr9	12396654	0	0	0.0	0
chr9	12499664	0	0	0.0	0
chr9	12617025	0	0	0.0	0
chr9	12643963	0	0	0.0	0
chr9	12681716	0	0	0.0	0
chr9	12773846	0	0	0.0	0
chr9	12872771	0	0	0.0	0
chr9	12919204	0	0	0.0	0
chr9	12920410	0	0	0.0	0
chr9	13035438	0	0	0.0	0
chr9	13177625	0	0	0.0	0
chr9	13309236	0	0	0.0	0
chr9	13321640	0	0	0.0	0
chr9	13411870	0	0	0.0	0
chr9	13426471	0	0	0.0	0
chr9	13453022	0	0	0.0	0
chr9	13476439	0	1	0.037	0
chr9	13484029	0	0	0.0	0
chr9	13518491	0	0	0.0	0
chr9	13561457	0	0	0.0	0
chr9	13598854	0	0	0.0	0
chr9	13727531	0	0	0.0	0
chr9	13738056	0	0	0.0	0
chr9	13792490	0	0	0.0	0
chr9	13811742	0	0	0.0	0
chr9	14004361	0	0	0.0	0
chr9	14150402	0	0	0.0	0
chr9	14153116	0	0	0.0	0
chr9	14204657	0	0	0.0	0
chr9	14252299	0	0	0.0	0
chr9	14266773	0	0	0.0	0
chr9	14270664	0	0	0.0	0
chr9	14313149	0	0	0.0	0
chr9	14376342	0	0	0.0	0
chr9	14485557	0	0	0.0	0
chr9	14497815	0	0	0.0	0
chr9	14522917	0	0	0.0	0
chr9	14547140	0	0	0.0	0
chr9	14719760	0	0	0.0	0
chr9	14950023	0	0	0.0	0
chr9	14993303	0	0	0.0	0
chr9	14996475	0	0	0.0	0
chr9	14999451	0	0	0.0	0
chr9	15015138	0	0	0.0	0
chr9	15055123	0	0	0.0	0
chr9	15119680	0	0	0.0	0
chr9	15186308	0	0	0.0	0
chr9	15246529	0	0	0.0	0
chr9	15423973	0	0	0.0	0
chr9	15501769	0	0	0.0	0
chr9	15519257	0	0	0.0	0
chr9	15639933	0	0	0.0	0
chr9	15689951	0	0	0.0	0
chr9	15818075	0	0	0.0	0
chr9	15846266	0	0	0.0	0
chr9	15888037	0	1	0.0217	0
chr9	15999565	0	0	0.0	0
chr9	16025005	0	0	0.0	0
chr9	16170856	0	0	0.0	0
chr9	16183010	0	0	0.0	0
chr9	16231865	0	0	0.0	0
chr9	16321879	0	0	0.0	0
chr9	16331098	0	0	0.0	0
chr9	16474543	0	0	0.0	0
chr9	16509153	0	0	0.0	0
chr9	16523567	0	0	0.0	0
chr9	16554637	0	0	0.0	0
chr9	16581135	0	0	0.0	0
chr9	16689403	0	0	0.0	0
chr9	16940788	0	0	0.0	0
chr9	17042977	0	0	0.0	0
chr9	17422079	0	0	0.0	0
chr9	17559655	0	0	0.0	0
chr9	17974541	0	0	0.0	0
chr9	17995989	0	0	0.0	0
chr9	18068161	0	0	0.0	0
chr9	18119009	0	0	0.0	0
chr9	18302395	0	0	0.0	0
chr9	18420351	0	0	0.0	0
chr9	18651312	0	0	0.0	0
chr9	18656221	0	0	0.0	0
chr9	18861330	0	0	0.0	0
chr9	18906429	0	0	0.0	0
chr9	18967057	0	0	0.0	0
chr9	18967615	0	0	0.0	0
chr9	19005529	0	0	0.0	0
chr9	19136314	0	0	0.0	0
chr9	19229164	0	0	0.0	0
chr9	19323729	0	0	0.0	0
chr9	19489650	0	0	0.0	0
chr9	19533358	0	0	0.0	0
chr9	19572708	0	0	0.0	0
chr9	19612013	0	0	0.0	0
chr9	19627156	0	0	0.0	0
chr9	19680410	0	0	0.0	0
chr9	19873762	0	0	0.0	0
chr9	19912119	0	0	0.0	0
chr9	19941635	0	0	0.0	0
chr9	19942437	0	0	0.0	0
chr9	20226832	0	0	0.0	0
chr9	20405868	0	0	0.0	0
chr9	20800422	0	0	0.0	0
chr9	20803772	0	0	0.0	0
chr9	20812706	0	0	0.0	0
chr9	20827603	0	0	0.0	0
chr9	20922758	0	0	0.0	0
chr9	21060304	0	0	0.0	0
chr9	21101412	0	0	0.0	0
chr9	21110417	0	0	0.0	0
chr9	21147604	0	0	0.0	0
chr9	21210246	0	0	0.0	0
chr9	21239935	0	0	0.0	0
chr9	21260531	0	0	0.0	0
chr9	21290776	0	0	0.0	0
chr9	21348552	0	0	0.0	0
chr9	21635199	0	0	0.0	0
chr9	21663886	0	0	0.0	0
chr9	21926889	0	0	0.0	0
chr9	22061236	0	0	0.0	0
chr9	22066545	0	0	0.0	0
chr9	22066752	0	0	0.0	0
chr9	22138687	0	0	0.0	0
chr9	22162481	0	0	0.0	0
chr9	22209207	0	0	0.0	0
chr9	22257864	0	0	0.0	0
chr9	22438093	0	0	0.0	0
chr9	22490685	0	0	0.0	0
chr9	22756280	0	0	0.0	0
chr9	22838113	0	0	0.0	0
chr9	22867862	0	0	0.0	0
chr9	22891787	0	0	0.0	0
chr9	22907547	0	0	0.0	0
chr9	23102936	0	0	0.0	0
chr9	23105961	0	0	0.0	0
chr9	23123533	0	0	0.0	0
chr9	23132001	0	0	0.0	0
chr9	23215488	0	0	0.0	0
chr9	23483299	0	0	0.0	0
chr9	23498538	0	0	0.0	0
chr9	23535171	0	0	0.0	0
chr9	23750461	0	0	0.0	0
chr9	23922349	0	0	0.0	0
chr9	23992546	0	0	0.0	0
chr9	24051011	0	0	0.0	0
chr9	24103761	0	0	0.0	0
chr9	24153768	0	0	0.0	0
chr9	24358150	0	0	0.0	0
chr9	24362107	0	0	0.0	0
chr9	24544503	0	1	0.0135	0
chr9	24799544	1	20	0.3922	1
chr9	24912981	0	0	0.0	0
chr9	25004702	0	0	0.0	0
chr9	25005745	0	0	0.0	0
chr9	25052093	0	0	0.0	0
chr9	25061180	0	0	0.0	0
chr9	25305904	0	0	0.0	0
chr9	25320642	0	0	0.0	0
chr9	25327032	0	0	0.0	0
chr9	25680644	0	0	0.0	0
chr9	25717554	0	0	0.0	0
chr9	25871206	0	0	0.0	0
chr9	25889785	0	0	0.0	0
chr9	25953785	0	0	0.0	0
chr9	25974955	0	0	0.0	0
chr9	26083814	0	0	0.0	0
chr9	26218184	0	0	0.0	0
chr9	26221561	0	0	0.0	0
chr9	26292172	0	0	0.0	0
chr9	26603955	0	0	0.0	0
chr9	26714175	0	0	0.0	0
chr9	26790528	0	0	0.0	0
chr9	26846948	0	0	0.0	0
chr9	26876625	0	0	0.0	0
chr9	26956529	0	0	0.0	0
chr9	27221058	0	0	0.0	0
chr9	27286102	0	0	0.0	0
chr9	27528390	0	0	0.0	0
chr9	27632237	0	0	0.0	0
chr9	27963945	0	0	0.0	0
chr9	27989653	0	0	0.0	0
chr9	28015529	0	0	0.0	0
chr9	28147705	0	1	0.0149	0
chr9	28192001	0	0	0.0	0
chr9	28259902	0	0	0.0	0
chr9	28339532	0	0	0.0	0
chr9	28424071	0	0	0.0	0
chr9	28497941	0	0	0.0	0
chr9	28571883	0	0	0.0	0
chr9	28982357	0	0	0.0	0
chr9	28984972	0	0	0.0	0
chr9	28990738	0	0	0.0	0
chr9	29088490	0	0	0.0	0
chr9	29108583	0	0	0.0	0
chr9	29171127	0	0	0.0	0
chr9	29303457	0	0	0.0	0
chr9	29330157	0	0	0.0	0
chr9	29472495	0	0	0.0	0
chr9	29485240	0	0	0.0	0
chr9	29628080	0	0	0.0	0
chr9	29726270	0	0	0.0	0
chr9	29970475	0	0	0.0	0
chr9	30189370	0	1	0.0278	0
chr9	30199835	0	0	0.0	0
chr9	30378113	0	0	0.0	0
chr9	30408333	0	0	0.0	0
chr9	30415230	0	0	0.0	0
chr9	30471434	0	0	0.0	0
chr9	30778650	0	0	0.0	0
chr9	30854407	0	0	0.0	0
chr9	30976280	0	0	0.0	0
chr9	31250840	0	1	0.0312	0
chr9	31335510	0	0	0.0	0
chr9	31391990	0	0	0.0	0
chr9	31420804	0	0	0.0	0
chr9	31445256	0	0	0.0	0
chr9	31469550	0	0	0.0	0
chr9	31506949	0	0	0.0	0
chr9	31836486	0	0	0.0	0
chr9	31922706	0	0	0.0	0
chr9	32076040	0	0	0.0	0
chr9	32099358	0	0	0.0	0
chr9	32496842	0	0	0.0	0
chr9	32523020	0	0	0.0	0
chr9	32534302	0	0	0.0	0
chr9	32690447	0	0	0.0	0
chr9	32723626	0	0	0.0	0
chr9	32875439	0	1	0.0192	0
chr9	33064547	0	0	0.0	0
chr9	33174104	0	0	0.0	0
chr9	33217494	0	0	0.0	0
chr9	33241603	0	0	0.0	0
chr9	33363616	0	0	0.0	0
chr9	33438871	0	0	0.0	0
chr9	33441266	0	0	0.0	0
chr9	33586858	0	0	0.0	0
chr9	33692144	0	0	0.0	0
chr9	33722083	0	0	0.0	0
chr9	33802823	0	0	0.0	0
chr9	33803307	0	0	0.0	0
chr9	33919704	0	2	0.0488	0
chr9	34046813	0	0	0.0	0
chr9	34180274	0	0	0.0	0
chr9	34426857	0	0	0.0	0
chr9	34447190	0	0	0.0	0
chr9	34503656	0	0	0.0	0
chr9	34519003	0	0	0.0	0
chr9	34553341	0	0	0.0	0
chr9	34715060	0	0	0.0	0
chr9	34971259	0	0	0.0	0
chr9	34974917	0	0	0.0	0
chr9	35339778	0	0	0.0	0
chr9	35436580	0	0	0.0	0
chr9	35539528	0	0	0.0	0
chr9	35582526	0	0	0.0	0
chr9	35750504	0	0	0.0	0
chr9	35910651	0	0	0.0	0
chr9	35981300	0	0	0.0	0
chr9	36121156	0	0	0.0	0
chr9	36229613	0	0	0.0	0
chr9	36270449	0	0	0.0	0
chr9	36368115	0	0	0.0	0
chr9	36379864	0	0	0.0	0
chr9	36817929	0	0	0.0	0
chr9	37026732	0	0	0.0	0
chr9	37046518	0	0	0.0	0
chr9	37076714	0	0	0.0	0
chr9	37595028	0	0	0.0	0
chr9	37701465	0	1	0.0133	0
chr9	37928202	0	0	0.0	0
chr9	37937234	0	0	0.0	0
chr9	38120250	0	0	0.0	0
chr9	38194008	0	0	0.0	0
chr9	38322372	0	0	0.0	0
chr9	38428591	0	0	0.0	0
chr9	38506874	0	0	0.0	0
chr9	38557373	0	0	0.0	0
chr9	38563561	0	0	0.0	0
chr9	38566784	0	0	0.0	0
chr9	38639983	0	0	0.0	0
chr9	38646220	0	1	0.02	0
chr9	39227193	0	0	0.0	0
chr9	39710365	0	0	0.0	0
chr9	39735025	0	0	0.0	0
chr9	39897890	0	0	0.0	0
chr9	39935515	0	0	0.0	0
chr9	39966397	0	0	0.0	0
chr9	40107654	0	0	0.0	0
chr9	40118864	0	0	0.0	0
chr9	40195148	0	0	0.0	0
chr9	40385965	0	0	0.0	0
chr9	40472905	0	0	0.0	0
chr9	40477374	0	0	0.0	0
chr9	40503728	0	0	0.0	0
chr9	40750657	0	0	0.0	0
chr9	40802207	0	0	0.0	0
chr9	40830558	0	0	0.0	0
chr9	40832775	0	0	0.0	0
chr9	40839079	0	0	0.0	0
chr9	40852018	0	0	0.0	0
chr9	40857304	0	0	0.0	0
chr9	40891159	0	0	0.0	0
chr9	41037510	0	0	0.0	0
chr9	41068924	0	0	0.0	0
chr9	41272545	0	0	0.0	0
chr9	41344668	0	0	0.0	0
chr9	41357859	0	0	0.0	0
chr9	41497158	0	0	0.0	0
chr9	41528013	0	0	0.0	0
chr9	41568462	0	0	0.0	0
chr9	41757031	0	0	0.0	0
chr9	41795666	0	0	0.0	0
chr9	42065072	0	0	0.0	0
chr9	42394070	0	0	0.0	0
chr9	42468387	0	0	0.0	0
chr9	42492967	0	0	0.0	0
chr9	42624410	0	0	0.0	0
chr9	42669907	0	0	0.0	0
chr9	42824310	0	0	0.0	0
chr9	42831499	0	0	0.0	0
chr9	42978404	0	0	0.0	0
chr9	43012346	0	1	0.0192	0
chr9	43101250	0	0	0.0	0
chr9	43105706	0	0	0.0	0
chr9	43132014	0	0	0.0	0
chr9	43159439	0	0	0.0	0
chr9	43181137	0	0	0.0	0
chr9	60760815	0	0	0.0	0
chr9	61391874	0	0	0.0	0
chr9	61531908	0	0	0.0	0
chr9	61556298	0	0	0.0	0
chr9	61557926	0	0	0.0	0
chr9	61578959	0	0	0.0	0
chr9	62284322	0	0	0.0	0
chr9	62315206	0	0	0.0	0
chr9	62352833	0	0	0.0	0
chr9	62431856	0	0	0.0	0
chr9	62477354	0	0	0.0	0
chr9	62607400	0	0	0.0	0
chr9	62632052	0	0	0.0	0
chr9	62836897	0	0	0.0	0
chr9	62844980	0	0	0.0	0
chr9	63063406	0	0	0.0	0
chr9	63121246	0	0	0.0	0
chr9	63147589	0	0	0.0	0
chr9	63152061	0	0	0.0	0
chr9	63308443	0	0	0.0	0
chr9	63312910	0	0	0.0	0
chr9	63339194	0	0	0.0	0
chr9	63564554	0	0	0.0	0
chr9	63704882	0	0	0.0	0
chr9	63716765	0	0	0.0	0
chr9	64021920	0	0	0.0	0
chr9	64022222	0	0	0.0	0
chr9	64075753	0	0	0.0	0
chr9	64077031	0	0	0.0	0
chr9	64205348	0	0	0.0	0
chr9	64612917	0	0	0.0	0
chr9	64617390	0	0	0.0	0
chr9	64643700	0	0	0.0	0
chr9	64701548	0	0	0.0	0
chr9	64874264	0	0	0.0	0
chr9	64922996	0	0	0.0	0
chr9	64946036	0	0	0.0	0
chr9	64963806	0	0	0.0	0
chr9	64966023	0	0	0.0	0
chr9	64972327	0	0	0.0	0
chr9	64987652	0	0	0.0	0
chr9	65148900	0	0	0.0	0
chr9	65185813	0	0	0.0	0
chr9	65416145	0	0	0.0	0
chr9	65484546	0	0	0.0	0
chr9	65489034	0	0	0.0	0
chr9	65510055	0	0	0.0	0
chr9	65835885	0	0	0.0	0
chr9	65872653	0	0	0.0	0
chr9	65898947	0	0	0.0	0
chr9	65990341	0	0	0.0	0
chr9	66181226	0	0	0.0	0
chr9	66257131	0	0	0.0	0
chr9	66268972	0	0	0.0	0
chr9	66641922	0	0	0.0	0
chr9	66666570	0	0	0.0	0
chr9	67122405	0	0	0.0	0
chr9	67619513	0	0	0.0	0
chr9	67802539	0	0	0.0	0
chr9	68362814	0	0	0.0	0
chr9	68394576	0	0	0.0	0
chr9	68487539	0	0	0.0	0
chr9	68594017	0	0	0.0	0
chr9	68665736	0	0	0.0	0
chr9	68870786	0	0	0.0	0
chr9	69008316	0	0	0.0	0
chr9	69010477	0	0	0.0	0
chr9	69015804	0	0	0.0	0
chr9	69030632	0	0	0.0	0
chr9	69134508	0	0	0.0	0
chr9	69269809	0	0	0.0	0
chr9	69292297	0	0	0.0	0
chr9	69492620	0	0	0.0	0
chr9	69582565	0	0	0.0	0
chr9	69731274	0	0	0.0	0
chr9	69933908	0	0	0.0	0
chr9	69953126	0	0	0.0	0
chr9	70079033	0	0	0.0	0
chr9	70185193	0	0	0.0	0
chr9	70437714	0	0	0.0	0
chr9	70443028	0	0	0.0	0
chr9	70937974	0	0	0.0	0
chr9	70996864	0	0	0.0	0
chr9	71056976	0	0	0.0	0
chr9	71058845	0	0	0.0	0
chr9	71274274	0	0	0.0	0
chr9	71286372	0	0	0.0	0
chr9	71325299	0	0	0.0	0
chr9	71378577	0	0	0.0	0
chr9	71755933	0	2	0.1111	0
chr9	71864664	0	0	0.0	0
chr9	72086391	0	0	0.0	0
chr9	72142337	0	0	0.0	0
chr9	72148088	0	0	0.0	0
chr9	72165557	0	0	0.0	0
chr9	72197917	0	0	0.0	0
chr9	72287701	0	0	0.0	0
chr9	72585883	0	0	0.0	0
chr9	72656298	0	0	0.0	0
chr9	72679935	0	0	0.0	0
chr9	72762005	0	0	0.0	0
chr9	72901842	0	0	0.0	0
chr9	73049289	0	0	0.0	0
chr9	73296965	0	0	0.0	0
chr9	73760714	0	0	0.0	0
chr9	74025802	0	0	0.0	0
chr9	74390927	0	0	0.0	0
chr9	74511719	0	0	0.0	0
chr9	74633332	0	0	0.0	0
chr9	74661178	0	0	0.0	0
chr9	74727969	0	0	0.0	0
chr9	74849107	0	0	0.0	0
chr9	74964696	0	0	0.0	0
chr9	74968100	0	0	0.0	0
chr9	74978111	0	0	0.0	0
chr9	75099487	0	0	0.0	0
chr9	75108198	0	0	0.0	0
chr9	75177546	0	0	0.0	0
chr9	75254270	0	0	0.0	0
chr9	75333261	0	0	0.0	0
chr9	75698492	0	0	0.0	0
chr9	75799184	0	0	0.0	0
chr9	75821614	0	0	0.0	0
chr9	75822775	0	0	0.0	0
chr9	75864236	0	0	0.0	0
chr9	75985441	0	0	0.0	0
chr9	76234313	0	0	0.0	0
chr9	76410955	0	0	0.0	0
chr9	76437708	0	0	0.0	0
chr9	76584375	0	0	0.0	0
chr9	76712192	0	0	0.0	0
chr9	76814288	0	0	0.0	0
chr9	76925038	0	0	0.0	0
chr9	77023887	0	0	0.0	0
chr9	77177590	0	0	0.0	0
chr9	77198046	0	0	0.0	0
chr9	77272081	0	0	0.0	0
chr9	77579247	0	0	0.0	0
chr9	77588451	0	0	0.0	0
chr9	77630934	0	0	0.0	0
chr9	77847464	0	0	0.0	0
chr9	77925166	0	0	0.0	0
chr9	78019583	0	0	0.0	0
chr9	78043665	0	0	0.0	0
chr9	78063385	0	0	0.0	0
chr9	78075833	0	0	0.0	0
chr9	78079385	0	0	0.0	0
chr9	78147969	0	0	0.0	0
chr9	78209690	0	0	0.0	0
chr9	78335647	0	0	0.0	0
chr9	78348960	0	0	0.0	0
chr9	78372194	0	0	0.0	0
chr9	78413945	0	0	0.0	0
chr9	78539244	0	0	0.0	0
chr9	78556234	0	0	0.0	0
chr9	78645334	0	0	0.0	0
chr9	78680529	0	0	0.0	0
chr9	78769400	1	48	0.7059	1
chr9	78846503	0	0	0.0	0
chr9	78890498	0	0	0.0	0
chr9	78943930	0	0	0.0	0
chr9	78985283	0	0	0.0	0
chr9	79006035	0	0	0.0	0
chr9	79191853	0	0	0.0	0
chr9	79215980	0	0	0.0	0
chr9	79265014	0	0	0.0	0
chr9	79369664	0	0	0.0	0
chr9	79390158	0	1	0.0238	0
chr9	79395450	0	0	0.0	0
chr9	79432729	0	0	0.0	0
chr9	79594311	0	0	0.0	0
chr9	79694211	0	0	0.0	0
chr9	79723489	0	0	0.0	0
chr9	79850943	0	0	0.0	0
chr9	79910138	0	0	0.0	0
chr9	79947852	0	0	0.0	0
chr9	80185294	0	0	0.0	0
chr9	80197109	0	0	0.0	0
chr9	80287305	0	0	0.0	0
chr9	80338167	0	0	0.0	0
chr9	80418319	0	0	0.0	0
chr9	80446431	0	0	0.0	0
chr9	80493184	0	0	0.0	0
chr9	80527780	0	0	0.0	0
chr9	80553105	0	0	0.0	0
chr9	80621505	0	0	0.0	0
chr9	80725238	0	0	0.0	0
chr9	80736058	0	0	0.0	0
chr9	80806483	0	0	0.0	0
chr9	80812244	0	0	0.0	0
chr9	81162704	0	0	0.0	0
chr9	81227075	0	0	0.0	0
chr9	81374986	0	0	0.0	0
chr9	81454387	0	0	0.0	0
chr9	81468280	0	0	0.0	0
chr9	81652301	0	0	0.0	0
chr9	81717530	0	0	0.0	0
chr9	81927525	0	0	0.0	0
chr9	81942597	0	0	0.0	0
chr9	81995194	0	0	0.0	0
chr9	82014224	0	0	0.0	0
chr9	82048135	0	0	0.0	0
chr9	82074780	0	0	0.0	0
chr9	82142507	0	0	0.0	0
chr9	82328114	0	0	0.0	0
chr9	83017242	0	0	0.0	0
chr9	83323071	0	0	0.0	0
chr9	83416190	0	0	0.0	0
chr9	83541576	0	0	0.0	0
chr9	83641269	0	0	0.0	0
chr9	83644051	0	0	0.0	0
chr9	83678810	0	0	0.0	0
chr9	83696340	0	0	0.0	0
chr9	83802074	0	0	0.0	0
chr9	83959590	0	0	0.0	0
chr9	84112825	0	0	0.0	0
chr9	84179538	0	0	0.0	0
chr9	84181303	0	0	0.0	0
chr9	84368731	0	0	0.0	0
chr9	84535726	0	0	0.0	0
chr9	84689364	0	1	0.0135	0
chr9	84764522	0	0	0.0	0
chr9	84803390	0	0	0.0	0
chr9	84968279	0	0	0.0	0
chr9	85011491	0	0	0.0	0
chr9	85041022	0	0	0.0	0
chr9	85300184	0	0	0.0	0
chr9	85454539	0	0	0.0	0
chr9	85929691	0	0	0.0	0
chr9	85963774	0	0	0.0	0
chr9	86006877	0	0	0.0	0
chr9	86039586	0	0	0.0	0
chr9	86165222	0	2	0.069	0
chr9	86174654	0	0	0.0	0
chr9	86250006	0	0	0.0	0
chr9	86265250	0	0	0.0	0
chr9	86342868	0	0	0.0	0
chr9	86382754	0	0	0.0	0
chr9	86447431	0	0	0.0	0
chr9	86480486	0	0	0.0	0
chr9	86497679	0	0	0.0	0
chr9	86532515	0	0	0.0	0
chr9	86657409	0	0	0.0	0
chr9	86738577	0	0	0.0	0
chr9	86743610	0	0	0.0	0
chr9	86870504	0	0	0.0	0
chr9	86909532	0	0	0.0	0
chr9	87032647	0	0	0.0	0
chr9	87082923	0	0	0.0	0
chr9	87203858	0	0	0.0	0
chr9	87300086	0	0	0.0	0
chr9	87343801	0	0	0.0	0
chr9	87657442	0	0	0.0	0
chr9	87674003	0	0	0.0	0
chr9	87701650	0	0	0.0	0
chr9	87769033	0	0	0.0	0
chr9	87814707	0	0	0.0	0
chr9	87848871	0	0	0.0	0
chr9	87870814	0	0	0.0	0
chr9	87938123	0	0	0.0	0
chr9	88027649	0	0	0.0	0
chr9	88114838	0	0	0.0	0
chr9	88259249	0	0	0.0	0
chr9	88399679	0	0	0.0	0
chr9	88412242	0	0	0.0	0
chr9	88630603	0	0	0.0	0
chr9	88685937	0	0	0.0	0
chr9	88781979	0	0	0.0	0
chr9	88813589	0	0	0.0	0
chr9	89217934	0	0	0.0	0
chr9	89220100	0	0	0.0	0
chr9	89381137	0	0	0.0	0
chr9	89467791	0	0	0.0	0
chr9	89496272	0	0	0.0	0
chr9	89590608	0	0	0.0	0
chr9	89632051	0	0	0.0	0
chr9	89842241	0	0	0.0	0
chr9	89918959	0	0	0.0	0
chr9	90088199	0	0	0.0	0
chr9	90137419	0	0	0.0	0
chr9	90175351	0	0	0.0	0
chr9	90183188	0	0	0.0	0
chr9	90188049	0	0	0.0	0
chr9	90223996	0	0	0.0	0
chr9	90396884	0	0	0.0	0
chr9	90442890	0	0	0.0	0
chr9	90515663	0	0	0.0	0
chr9	90556091	0	0	0.0	0
chr9	90704985	0	0	0.0	0
chr9	90758915	0	0	0.0	0
chr9	90846738	0	0	0.0	0
chr9	90867613	0	0	0.0	0
chr9	91103136	0	0	0.0	0
chr9	91133330	0	0	0.0	0
chr9	91163160	0	0	0.0	0
chr9	91190176	0	1	0.0175	0
chr9	91267142	0	0	0.0	0
chr9	91492566	0	0	0.0	0
chr9	91652469	0	0	0.0	0
chr9	91675360	0	0	0.0	0
chr9	91680227	0	0	0.0	0
chr9	91692246	1	31	0.3974	1
chr9	91816147	0	0	0.0	0
chr9	91932716	0	0	0.0	0
chr9	91944814	0	0	0.0	0
chr9	91991397	0	0	0.0	0
chr9	92145002	0	1	0.0141	0
chr9	92310963	0	0	0.0	0
chr9	92325116	0	0	0.0	0
chr9	92477649	0	0	0.0	0
chr9	92524687	0	0	0.0	0
chr9	92639625	0	0	0.0	0
chr9	92784192	0	0	0.0	0
chr9	92799070	0	0	0.0	0
chr9	92934508	0	0	0.0	0
chr9	93006184	0	0	0.0	0
chr9	93021208	0	0	0.0	0
chr9	93031242	0	0	0.0	0
chr9	93151505	0	0	0.0	0
chr9	93195003	1	5	0.0877	1
chr9	93292699	0	0	0.0	0
chr9	93311084	0	0	0.0	0
chr9	93565932	0	0	0.0	0
chr9	93615863	0	0	0.0	0
chr9	93713188	0	0	0.0	0
chr9	93821149	0	0	0.0	0
chr9	93855599	0	0	0.0	0
chr9	93873231	0	0	0.0	0
chr9	93880285	0	0	0.0	0
chr9	93910464	0	0	0.0	0
chr9	93914525	0	0	0.0	0
chr9	93919892	0	0	0.0	0
chr9	93960077	0	0	0.0	0
chr9	93995715	0	0	0.0	0
chr9	94000841	0	0	0.0	0
chr9	94311244	0	0	0.0	0
chr9	94325526	0	0	0.0	0
chr9	94328031	0	0	0.0	0
chr9	94516028	0	0	0.0	0
chr9	94606808	0	0	0.0	0
chr9	94721053	0	0	0.0	0
chr9	95007148	0	0	0.0	0
chr9	95041838	0	0	0.0	0
chr9	95045248	0	0	0.0	0
chr9	95095358	0	0	0.0	0
chr9	95187172	0	0	0.0	0
chr9	95260963	0	0	0.0	0
chr9	95302229	0	0	0.0	0
chr9	95307955	0	0	0.0	0
chr9	95331947	0	0	0.0	0
chr9	95339439	0	0	0.0	0
chr9	95388875	0	0	0.0	0
chr9	95414674	0	0	0.0	0
chr9	95478661	0	0	0.0	0
chr9	95532257	0	0	0.0	0
chr9	95548675	0	0	0.0	0
chr9	95643201	0	0	0.0	0
chr9	95710169	0	0	0.0	0
chr9	95769638	0	0	0.0	0
chr9	95958264	0	0	0.0	0
chr9	96050794	0	0	0.0	0
chr9	96085628	0	0	0.0	0
chr9	96092147	0	0	0.0	0
chr9	96112352	0	0	0.0	0
chr9	96161324	0	0	0.0	0
chr9	96286399	0	0	0.0	0
chr9	96501793	0	2	0.0526	0
chr9	96688505	0	0	0.0	0
chr9	96731420	1	3	0.0789	1
chr9	96832552	0	0	0.0	0
chr9	96874914	0	0	0.0	0
chr9	96929614	0	0	0.0	0
chr9	96932131	0	0	0.0	0
chr9	96944851	0	0	0.0	0
chr9	97096063	0	0	0.0	0
chr9	97148057	0	0	0.0	0
chr9	97225530	0	0	0.0	0
chr9	97238607	0	0	0.0	0
chr9	97313786	0	0	0.0	0
chr9	97356530	0	0	0.0	0
chr9	97364910	0	0	0.0	0
chr9	97388554	0	0	0.0	0
chr9	97463722	0	0	0.0	0
chr9	97860815	0	0	0.0	0
chr9	98040273	0	0	0.0	0
chr9	98085688	0	0	0.0	0
chr9	98155606	0	0	0.0	0
chr9	98170968	0	0	0.0	0
chr9	98265165	0	0	0.0	0
chr9	98389908	0	0	0.0	0
chr9	98415944	0	0	0.0	0
chr9	98480724	0	0	0.0	0
chr9	98690688	0	0	0.0	0
chr9	98708113	0	0	0.0	0
chr9	98710657	0	0	0.0	0
chr9	98712911	0	0	0.0	0
chr9	98790559	0	0	0.0	0
chr9	98840225	0	0	0.0	0
chr9	98906546	0	0	0.0	0
chr9	99092484	0	0	0.0	0
chr9	99103619	0	0	0.0	0
chr9	99190536	0	0	0.0	0
chr9	99320803	0	0	0.0	0
chr9	99361624	0	0	0.0	0
chr9	99455744	0	0	0.0	0
chr9	100258701	0	0	0.0	0
chr9	100367613	0	0	0.0	0
chr9	100391046	0	0	0.0	0
chr9	100492892	0	0	0.0	0
chr9	100638036	0	0	0.0	0
chr9	100829055	0	0	0.0	0
chr9	100838600	0	0	0.0	0
chr9	100899355	0	0	0.0	0
chr9	100917760	0	0	0.0	0
chr9	101315335	0	0	0.0	0
chr9	101486397	0	0	0.0	0
chr9	101502308	0	0	0.0	0
chr9	101587493	0	0	0.0	0
chr9	101589234	0	0	0.0	0
chr9	101944673	0	0	0.0	0
chr9	102168491	0	0	0.0	0
chr9	102204617	0	0	0.0	0
chr9	102328976	0	0	0.0	0
chr9	102752799	0	0	0.0	0
chr9	103191498	0	0	0.0	0
chr9	103197104	0	0	0.0	0
chr9	103501322	0	0	0.0	0
chr9	103711323	0	0	0.0	0
chr9	103738197	0	0	0.0	0
chr9	103773806	0	0	0.0	0
chr9	103803451	0	0	0.0	0
chr9	103805254	0	0	0.0	0
chr9	103997553	0	1	0.0161	0
chr9	104038827	0	0	0.0	0
chr9	104228956	0	0	0.0	0
chr9	104330478	0	0	0.0	0
chr9	104339471	0	0	0.0	0
chr9	104346748	0	0	0.0	0
chr9	104349157	0	0	0.0	0
chr9	104442666	0	0	0.0	0
chr9	104447176	0	0	0.0	0
chr9	104520466	0	0	0.0	0
chr9	104618273	0	0	0.0	0
chr9	104674456	0	0	0.0	0
chr9	104767324	0	0	0.0	0
chr9	104825287	0	0	0.0	0
chr9	104895470	0	0	0.0	0
chr9	104922248	0	0	0.0	0
chr9	105096556	0	0	0.0	0
chr9	105109835	0	0	0.0	0
chr9	105178023	0	0	0.0	0
chr9	105185463	0	0	0.0	0
chr9	105238791	0	0	0.0	0
chr9	105272339	0	0	0.0	0
chr9	105379314	0	0	0.0	0
chr9	105416130	0	0	0.0	0
chr9	105601028	0	0	0.0	0
chr9	105642809	0	0	0.0	0
chr9	105674207	0	0	0.0	0
chr9	105790356	0	0	0.0	0
chr9	105843391	0	0	0.0	0
chr9	105850560	0	0	0.0	0
chr9	105866213	0	0	0.0	0
chr9	106051921	0	0	0.0	0
chr9	106152194	0	0	0.0	0
chr9	106243815	0	0	0.0	0
chr9	106439689	3	32	0.8889	1
chr9	106519430	0	1	0.0132	0
chr9	106757087	0	0	0.0	0
chr9	106757322	0	0	0.0	0
chr9	106929111	0	0	0.0	0
chr9	106950980	0	0	0.0	0
chr9	107133122	0	0	0.0	0
chr9	107158289	0	0	0.0	0
chr9	107206288	0	0	0.0	0
chr9	107300553	0	0	0.0	0
chr9	107426036	0	0	0.0	0
chr9	107493244	0	0	0.0	0
chr9	107527359	0	0	0.0	0
chr9	107538264	0	0	0.0	0
chr9	107572269	0	0	0.0	0
chr9	107586372	0	0	0.0	0
chr9	107778578	0	0	0.0	0
chr9	107942481	0	0	0.0	0
chr9	108238962	0	0	0.0	0
chr9	108309005	0	0	0.0	0
chr9	108318317	0	0	0.0	0
chr9	108483087	0	0	0.0	0
chr9	108673701	0	0	0.0	0
chr9	108675424	0	0	0.0	0
chr9	108708503	0	0	0.0	0
chr9	108772390	0	0	0.0	0
chr9	108907780	0	0	0.0	0
chr9	108953208	0	0	0.0	0
chr9	109000814	0	0	0.0	0
chr9	109230471	0	0	0.0	0
chr9	109287679	0	0	0.0	0
chr9	109301876	0	0	0.0	0
chr9	109353235	0	0	0.0	0
chr9	109386198	0	0	0.0	0
chr9	109431289	0	0	0.0	0
chr9	109495118	0	0	0.0	0
chr9	109504414	0	0	0.0	0
chr9	109521125	0	0	0.0	0
chr9	109535276	0	0	0.0	0
chr9	109632943	0	0	0.0	0
chr9	109708919	0	0	0.0	0
chr9	109725960	0	0	0.0	0
chr9	109836260	0	0	0.0	0
chr9	110054325	0	0	0.0	0
chr9	110113867	0	0	0.0	0
chr9	110136363	0	1	0.0196	0
chr9	110250024	0	0	0.0	0
chr9	110317500	0	0	0.0	0
chr9	110432786	0	0	0.0	0
chr9	110580696	0	0	0.0	0
chr9	110748012	0	0	0.0	0
chr9	110875737	0	0	0.0	0
chr9	110891278	0	0	0.0	0
chr9	110906237	0	0	0.0	0
chr9	111154877	0	0	0.0	0
chr9	111286037	0	0	0.0	0
chr9	111305455	0	0	0.0	0
chr9	111330865	0	0	0.0	0
chr9	111430915	0	0	0.0	0
chr9	111583531	0	0	0.0	0
chr9	111723305	0	0	0.0	0
chr9	111748184	0	0	0.0	0
chr9	111817215	0	0	0.0	0
chr9	111824036	0	1	0.0147	0
chr9	112457994	0	0	0.0	0
chr9	112470281	0	0	0.0	0
chr9	112721080	0	0	0.0	0
chr9	112726236	0	0	0.0	0
chr9	112743379	0	0	0.0	0
chr9	112764065	0	0	0.0	0
chr9	112772056	0	0	0.0	0
chr9	112838261	0	0	0.0	0
chr9	112865593	0	0	0.0	0
chr9	112963694	0	0	0.0	0
chr9	113111355	0	0	0.0	0
chr9	113113219	0	0	0.0	0
chr9	113136266	0	0	0.0	0
chr9	113141769	0	0	0.0	0
chr9	113429253	0	1	0.0222	0
chr9	113534980	0	0	0.0	0
chr9	113539537	0	0	0.0	0
chr9	113542671	0	0	0.0	0
chr9	113583552	0	0	0.0	0
chr9	113704892	0	0	0.0	0
chr9	113721463	0	0	0.0	0
chr9	114107618	0	0	0.0	0
chr9	114170499	0	0	0.0	0
chr9	114202467	0	0	0.0	0
chr9	114218575	0	0	0.0	0
chr9	114373052	0	0	0.0	0
chr9	114510633	0	0	0.0	0
chr9	114656415	0	0	0.0	0
chr9	114659105	0	0	0.0	0
chr9	114669702	0	0	0.0	0
chr9	114697433	0	0	0.0	0
chr9	114715435	0	0	0.0	0
chr9	114733942	0	0	0.0	0
chr9	114765308	0	0	0.0	0
chr9	114799060	0	0	0.0	0
chr9	114836089	0	0	0.0	0
chr9	114853299	0	0	0.0	0
chr9	114870002	0	0	0.0	0
chr9	114897812	0	0	0.0	0
chr9	114944342	0	0	0.0	0
chr9	115006787	0	0	0.0	0
chr9	115018020	0	0	0.0	0
chr9	115030046	0	0	0.0	0
chr9	115084644	0	0	0.0	0
chr9	115100655	0	0	0.0	0
chr9	115159360	0	0	0.0	0
chr9	115164088	0	0	0.0	0
chr9	115262757	0	0	0.0	0
chr9	115732630	0	0	0.0	0
chr9	115967137	0	0	0.0	0
chr9	115996410	0	0	0.0	0
chr9	116002377	0	0	0.0	0
chr9	116053451	0	0	0.0	0
chr9	116058844	0	0	0.0	0
chr9	116104697	0	0	0.0	0
chr9	116180090	0	0	0.0	0
chr9	116204459	0	0	0.0	0
chr9	116226640	0	0	0.0	0
chr9	116284959	0	0	0.0	0
chr9	116307464	0	0	0.0	0
chr9	116486716	0	0	0.0	0
chr9	116747157	0	0	0.0	0
chr9	116877057	0	0	0.0	0
chr9	116911250	0	0	0.0	0
chr9	116923936	0	0	0.0	0
chr9	116987181	0	0	0.0	0
chr9	117135899	0	0	0.0	0
chr9	117146094	0	0	0.0	0
chr9	117160320	0	0	0.0	0
chr9	117184541	0	0	0.0	0
chr9	117255910	0	0	0.0	0
chr9	117337841	0	0	0.0	0
chr9	117348225	0	0	0.0	0
chr9	117371985	0	0	0.0	0
chr9	117422471	0	0	0.0	0
chr9	117443055	0	0	0.0	0
chr9	117494708	0	0	0.0	0
chr9	117551288	0	0	0.0	0
chr9	117603182	0	0	0.0	0
chr9	117744926	0	0	0.0	0
chr9	117747356	0	0	0.0	0
chr9	117805572	0	0	0.0	0
chr9	117890196	0	0	0.0	0
chr9	118017744	0	0	0.0	0
chr9	118164066	0	0	0.0	0
chr9	118194473	0	0	0.0	0
chr9	118201851	0	0	0.0	0
chr9	118448830	0	0	0.0	0
chr9	118979099	0	0	0.0	0
chr9	119240799	0	0	0.0	0
chr9	119245678	0	0	0.0	0
chr9	119279171	0	0	0.0	0
chr9	119359710	0	0	0.0	0
chr9	119368540	0	0	0.0	0
chr9	119375889	0	0	0.0	0
chr9	119482468	0	0	0.0	0
chr9	119736904	0	0	0.0	0
chr9	119764277	0	0	0.0	0
chr9	119768824	0	0	0.0	0
chr9	119857983	0	0	0.0	0
chr9	119869078	0	0	0.0	0
chr9	119959982	0	0	0.0	0
chr9	119989681	0	0	0.0	0
chr9	120027136	0	0	0.0	0
chr9	120029961	0	0	0.0	0
chr9	120034805	0	0	0.0	0
chr9	120118849	0	0	0.0	0
chr9	120240433	0	0	0.0	0
chr9	120468736	0	0	0.0	0
chr9	120689503	0	0	0.0	0
chr9	120901992	0	1	0.0185	0
chr9	120932194	0	0	0.0	0
chr9	120938616	0	0	0.0	0
chr9	121027019	0	0	0.0	0
chr9	121072697	0	0	0.0	0
chr9	121095841	0	0	0.0	0
chr9	121233027	0	0	0.0	0
chr9	121266058	0	0	0.0	0
chr9	121268958	0	0	0.0	0
chr9	121475519	0	0	0.0	0
chr9	121518201	0	0	0.0	0
chr9	121571145	0	0	0.0	0
chr9	121574471	0	0	0.0	0
chr9	121733332	0	0	0.0	0
chr9	121784314	0	0	0.0	0
chr9	121866842	0	0	0.0	0
chr9	121868096	0	0	0.0	0
chr9	121955472	0	0	0.0	0
chr9	121955971	0	1	0.25	0
chr9	122014934	0	0	0.0	0
chr9	122058200	0	0	0.0	0
chr9	122169959	0	1	0.0238	0
chr9	122195730	0	0	0.0	0
chr9	122216755	0	0	0.0	0
chr9	122252568	0	0	0.0	0
chr9	122255612	0	0	0.0	0
chr9	122284719	0	0	0.0	0
chr9	122389631	0	0	0.0	0
chr9	122392175	0	1	0.0154	0
chr9	122427309	0	0	0.0	0
chr9	122478319	0	0	0.0	0
chr9	122611258	0	0	0.0	0
chr9	122686515	0	0	0.0	0
chr9	122728871	0	0	0.0	0
chr9	122823663	0	0	0.0	0
chr9	122897197	0	0	0.0	0
chr9	122934022	0	0	0.0	0
chr9	123381707	0	0	0.0	0
chr9	123414844	0	0	0.0	0
chr9	123417837	0	0	0.0	0
chr9	123421453	0	0	0.0	0
chr9	123435030	0	0	0.0	0
chr9	123591982	0	0	0.0	0
chr9	123682596	0	0	0.0	0
chr9	123737053	0	0	0.0	0
chr9	123807750	0	0	0.0	0
chr9	123923264	0	0	0.0	0
chr9	123948401	0	0	0.0	0
chr9	123962518	0	0	0.0	0
chr9	123980704	0	1	0.0196	0
chr9	123982359	0	0	0.0	0
chr9	124022444	0	0	0.0	0
chr9	124044665	0	0	0.0	0
chr9	124282608	0	0	0.0	0
chr9	124482137	0	0	0.0	0
chr9	124490439	0	0	0.0	0
chr9	124571111	0	0	0.0	0
chr9	124786192	0	0	0.0	0
chr9	124810060	0	0	0.0	0
chr9	124853421	0	0	0.0	0
chr9	124886148	0	0	0.0	0
chr9	125205749	0	0	0.0	0
chr9	125305777	0	0	0.0	0
chr9	125376467	0	0	0.0	0
chr9	125490154	0	0	0.0	0
chr9	125634638	0	0	0.0	0
chr9	125644954	0	0	0.0	0
chr9	125671889	0	0	0.0	0
chr9	125872956	0	0	0.0	0
chr9	125986391	0	0	0.0	0
chr9	126046864	0	0	0.0	0
chr9	126229096	0	0	0.0	0
chr9	126276603	0	0	0.0	0
chr9	126524915	0	0	0.0	0
chr9	126695812	0	0	0.0	0
chr9	126793532	0	1	0.0128	0
chr9	126969231	0	0	0.0	0
chr9	127133226	0	0	0.0	0
chr9	127211739	0	0	0.0	0
chr9	127459452	0	0	0.0	0
chr9	127540849	0	0	0.0	0
chr9	127554361	0	0	0.0	0
chr9	127630264	0	0	0.0	0
chr9	127738883	0	0	0.0	0
chr9	127908445	0	0	0.0	0
chr9	128074674	0	0	0.0	0
chr9	128080819	0	0	0.0	0
chr9	128197440	0	0	0.0	0
chr9	128202911	0	0	0.0	0
chr9	128206123	0	0	0.0	0
chr9	128390176	0	0	0.0	0
chr9	128410098	0	0	0.0	0
chr9	128419420	0	0	0.0	0
chr9	128555111	0	0	0.0	0
chr9	128624942	0	0	0.0	0
chr9	128647300	0	0	0.0	0
chr9	128688419	0	0	0.0	0
chr9	128809104	0	0	0.0	0
chr9	128826625	0	0	0.0	0
chr9	128925179	0	0	0.0	0
chr9	128945092	0	0	0.0	0
chr9	129009883	0	0	0.0	0
chr9	129061142	0	0	0.0	0
chr9	129071903	0	0	0.0	0
chr9	129085177	0	0	0.0	0
chr9	129216318	0	0	0.0	0
chr9	129257565	0	0	0.0	0
chr9	129341103	0	0	0.0	0
chr9	129362071	0	0	0.0	0
chr9	129371045	0	0	0.0	0
chr9	129415285	0	0	0.0	0
chr9	129495107	0	1	0.0182	0
chr9	129510652	0	0	0.0	0
chr9	129643891	0	0	0.0	0
chr9	129823314	0	0	0.0	0
chr9	129966091	0	0	0.0	0
chr9	130047095	0	0	0.0	0
chr9	130135652	0	0	0.0	0
chr9	130234803	0	0	0.0	0
chr9	130342363	0	0	0.0	0
chr9	130404752	0	0	0.0	0
chr9	130411795	0	0	0.0	0
chr9	130425713	0	0	0.0	0
chr9	130431276	0	0	0.0	0
chr9	130449579	0	0	0.0	0
chr9	130550628	0	0	0.0	0
chr9	130630503	0	0	0.0	0
chr9	130741158	0	0	0.0	0
chr9	130829489	0	0	0.0	0
chr9	130864722	0	0	0.0	0
chr9	130891468	0	0	0.0	0
chr9	130894737	0	0	0.0	0
chr9	130946928	0	0	0.0	0
chr9	131192749	0	0	0.0	0
chr9	131234244	0	0	0.0	0
chr9	131284502	0	0	0.0	0
chr9	131426095	0	0	0.0	0
chr9	131531053	0	0	0.0	0
chr9	131643090	0	2	0.0204	0
chr9	131667444	0	0	0.0	0
chr9	131845840	0	0	0.0	0
chr9	131853660	0	0	0.0	0
chr9	131973343	0	0	0.0	0
chr9	132024063	0	0	0.0	0
chr9	132198367	0	0	0.0	0
chr9	132254287	0	0	0.0	0
chr9	132264394	0	0	0.0	0
chr9	132295156	0	0	0.0	0
chr9	132318144	0	0	0.0	0
chr9	132447873	0	0	0.0	0
chr9	132532057	0	0	0.0	0
chr9	132636343	0	0	0.0	0
chr9	132638714	0	0	0.0	0
chr9	132694604	0	0	0.0	0
chr9	132848684	0	0	0.0	0
chr9	132884240	0	0	0.0	0
chr9	132893597	0	0	0.0	0
chr9	133024339	0	0	0.0	0
chr9	133031139	0	0	0.0	0
chr9	133066146	0	0	0.0	0
chr9	133079964	0	0	0.0	0
chr9	133089246	0	1	0.025	0
chr9	133193671	0	0	0.0	0
chr9	133204642	0	0	0.0	0
chr9	133284281	0	0	0.0	0
chr9	133341497	0	0	0.0	0
chr9	133350239	0	0	0.0	0
chr9	133413882	0	0	0.0	0
chr9	133464343	0	0	0.0	0
chr9	133586571	0	0	0.0	0
chr9	133629228	0	0	0.0	0
chr9	133633655	0	0	0.0	0
chr9	133646230	0	0	0.0	0
chr9	133651992	0	0	0.0	0
chr9	133681268	0	0	0.0	0
chr9	133708637	0	0	0.0	0
chr9	133810175	0	0	0.0	0
chr9	133852071	0	0	0.0	0
chr9	133907574	0	0	0.0	0
chr9	134229289	0	0	0.0	0
chr9	134234945	0	0	0.0	0
chr9	134416927	0	0	0.0	0
chr9	134422933	0	0	0.0	0
chr9	134463486	0	0	0.0	0
chr9	134583933	0	0	0.0	0
chr9	134680542	0	0	0.0	0
chr9	134761568	0	0	0.0	0
chr9	134773466	0	0	0.0	0
chr9	134789417	0	0	0.0	0
chr9	134799092	0	0	0.0	0
chr9	134818489	0	0	0.0	0
chr9	134941562	0	0	0.0	0
chr9	135008960	0	0	0.0	0
chr9	135029775	0	0	0.0	0
chr9	135112805	0	0	0.0	0
chr9	135187644	0	0	0.0	0
chr9	135266836	0	0	0.0	0
chr9	135378393	0	0	0.0	0
chr9	135384291	0	0	0.0	0
chr9	135442679	0	0	0.0	0
chr9	135588556	0	0	0.0	0
chr9	135717793	0	0	0.0	0
chr9	135733075	0	0	0.0	0
chr9	135781209	0	0	0.0	0
chr9	135809837	0	0	0.0	0
chr9	135861913	0	0	0.0	0
chr9	135886751	0	0	0.0	0
chr9	135979977	0	0	0.0	0
chr9	136049726	0	0	0.0	0
chr9	136051419	0	0	0.0	0
chr9	136072303	0	0	0.0	0
chr9	136147925	0	0	0.0	0
chr9	136160158	0	1	0.0087	0
chr9	136241180	0	0	0.0	0
chr9	136263706	0	0	0.0	0
chr9	136277622	0	0	0.0	0
chr9	136290467	0	0	0.0	0
chr9	136316130	0	0	0.0	0
chr9	136357084	0	0	0.0	0
chr9	136423514	0	0	0.0	0
chr9	136456329	0	0	0.0	0
chr9	136495999	0	0	0.0	0
chr9	136531131	0	0	0.0	0
chr9	136563902	0	0	0.0	0
chr9	136606220	0	0	0.0	0
chr9	136671758	0	0	0.0	0
chr9	136757827	0	0	0.0	0
chr9	136762066	0	1	0.0149	0
chr9	136875728	0	0	0.0	0
chr9	136878791	0	0	0.0	0
chr9	136943454	0	0	0.0	0
chr9	136970438	0	0	0.0	0
chr9	137030019	0	0	0.0	0
chr9	137041321	0	0	0.0	0
chr9	137081808	0	0	0.0	0
chr9	137095755	0	0	0.0	0
chr9	137136634	0	0	0.0	0
chr9	137153525	0	1	0.0119	0
chr9	137230788	0	0	0.0	0
chr9	137264875	0	0	0.0	0
chr9	137358817	0	0	0.0	0
chr9	137408236	0	1	0.0169	0
chr9	137427732	0	0	0.0	0
chr9	137463526	0	0	0.0	0
chr9	137570369	0	0	0.0	0
chr9	137606146	0	0	0.0	0
chr9	137713180	0	0	0.0	0
chr9	137725872	0	0	0.0	0
chr9	137792311	0	1	0.012	0
chr9	137942803	0	0	0.0	0
chr9	137975378	0	0	0.0	0
chr9	138000359	0	0	0.0	0
chr9	138023308	0	0	0.0	0
chr9	138051029	0	0	0.0	0
chr9	138112896	0	0	0.0	0
chr9	138114009	0	0	0.0	0
chr9	138175462	0	0	0.0	0
chr9	138199060	0	0	0.0	0
chr9_GL383541v1_alt	54921	0	0	0.0	0
chr9_GL383541v1_alt	167160	0	0	0.0	0
chr9_KI270719v1_random	102336	0	0	0.0	0
chr9_KI270719v1_random	171501	0	0	0.0	0
chr9_KI270720v1_random	35195	0	0	0.0	0
chr9_KI270823v1_alt	366537	0	0	0.0	0
chrUn_GL000195v1	105859	0	0	0.0	0
chrUn_GL000214v1	108144	0	0	0.0	0
chrUn_GL000216v2	13134	0	0	0.0	0
chrUn_GL000220v1	5668	0	0	0.0	0
chrUn_GL000220v1	26279	0	0	0.0	0
chrUn_KI270438v1	47971	0	0	0.0	0
chrUn_KI270438v1	71010	1	9	0.3333	1
chrUn_KI270438v1	73152	0	0	0.0	0
chrUn_KI270438v1	84766	0	0	0.0	0
chrUn_KI270442v1	18989	0	0	0.0	0
chrUn_KI270442v1	22440	0	0	0.0	0
chrUn_KI270442v1	23889	0	0	0.0	0
chrUn_KI270442v1	58174	1	3	0.75	1
chrUn_KI270442v1	71566	0	0	0.0	0
chrUn_KI270442v1	76681	0	0	0.0	0
chrUn_KI270442v1	83366	0	0	0.0	0
chrUn_KI270442v1	101797	0	0	0.0	0
chrUn_KI270442v1	108113	0	0	0.0	0
chrUn_KI270442v1	109297	0	0	0.0	0
chrUn_KI270442v1	110312	0	0	0.0	0
chrUn_KI270442v1	128770	0	0	0.0	0
chrUn_KI270442v1	234230	0	0	0.0	0
chrUn_KI270509v1	237	0	0	0.0	0
chrUn_KI270511v1	3221	0	0	0.0	0
chrUn_KI270512v1	21612	0	0	0.0	0
chrUn_KI270579v1	12851	0	0	0.0	0
chrUn_KI270588v1	3475	0	0	0.0	0
chrUn_KI270589v1	42477	0	2	0.2	0
chrUn_KI270743v1	81449	0	0	0.0	0
chrUn_KI270743v1	172907	0	0	0.0	0
chrUn_KI270743v1	194415	0	0	0.0	0
chrUn_KI270746v1	29569	0	0	0.0	0
chrUn_KI270748v1	29889	0	0	0.0	0
chrUn_KI270748v1	84066	0	0	0.0	0
chrUn_KI270748v1	85499	0	0	0.0	0
chrUn_KI270749v1	129302	0	0	0.0	0
chrUn_KI270756v1	50558	0	0	0.0	0
chrUn_KI270756v1	62898	0	0	0.0	0
chrX	20619	0	1	0.0159	0
chrX	282238	0	0	0.0	0
chrX	356090	0	0	0.0	0
chrX	370842	0	0	0.0	0
chrX	385838	0	0	0.0	0
chrX	423040	0	0	0.0	0
chrX	461323	0	0	0.0	0
chrX	504410	0	0	0.0	0
chrX	542193	0	0	0.0	0
chrX	651742	0	0	0.0	0
chrX	658236	0	0	0.0	0
chrX	700205	0	0	0.0	0
chrX	700517	0	0	0.0	0
chrX	788866	0	0	0.0	0
chrX	792078	0	0	0.0	0
chrX	831723	0	0	0.0	0
chrX	833280	0	0	0.0	0
chrX	884138	0	0	0.0	0
chrX	894521	0	0	0.0	0
chrX	936841	0	0	0.0	0
chrX	982140	0	1	0.0128	0
chrX	1060315	0	0	0.0	0
chrX	1072125	0	0	0.0	0
chrX	1092575	0	1	0.0169	0
chrX	1114430	0	0	0.0	0
chrX	1123555	0	0	0.0	0
chrX	1130406	0	0	0.0	0
chrX	1138359	0	0	0.0	0
chrX	1179931	0	0	0.0	0
chrX	1186908	0	0	0.0	0
chrX	1248383	0	0	0.0	0
chrX	1444883	0	0	0.0	0
chrX	1451010	0	0	0.0	0
chrX	1550070	0	0	0.0	0
chrX	1574238	0	0	0.0	0
chrX	1632820	0	0	0.0	0
chrX	1774953	0	0	0.0	0
chrX	1934146	0	0	0.0	0
chrX	2192859	0	0	0.0	0
chrX	2220898	0	0	0.0	0
chrX	2232322	1	22	0.3333	1
chrX	2244802	0	0	0.0	0
chrX	2256254	0	0	0.0	0
chrX	2412345	0	0	0.0	0
chrX	2459864	0	0	0.0	0
chrX	2679047	0	0	0.0	0
chrX	2835351	0	0	0.0	0
chrX	2855604	0	0	0.0	0
chrX	3209115	0	1	0.0217	0
chrX	3397503	0	0	0.0	0
chrX	4360234	0	0	0.0	0
chrX	4393307	0	0	0.0	0
chrX	4401196	0	0	0.0	0
chrX	4684638	0	0	0.0	0
chrX	4782402	0	0	0.0	0
chrX	4932669	0	0	0.0	0
chrX	5073176	0	0	0.0	0
chrX	5209384	0	0	0.0	0
chrX	5454780	0	0	0.0	0
chrX	5676513	0	0	0.0	0
chrX	5751621	0	0	0.0	0
chrX	5800319	0	0	0.0	0
chrX	5968011	0	0	0.0	0
chrX	6415404	0	0	0.0	0
chrX	6458336	0	0	0.0	0
chrX	6588946	0	0	0.0	0
chrX	7020103	0	0	0.0	0
chrX	7060081	0	0	0.0	0
chrX	7148632	0	0	0.0	0
chrX	7298654	0	0	0.0	0
chrX	7383631	0	0	0.0	0
chrX	7631794	0	0	0.0	0
chrX	7727605	0	0	0.0	0
chrX	7842731	0	0	0.0	0
chrX	7902690	0	0	0.0	0
chrX	7934782	0	0	0.0	0
chrX	7938527	0	0	0.0	0
chrX	7972555	0	0	0.0	0
chrX	8105568	0	0	0.0	0
chrX	8346053	0	0	0.0	0
chrX	8365308	0	1	0.0213	0
chrX	8390233	0	0	0.0	0
chrX	8522462	0	0	0.0	0
chrX	8702839	0	0	0.0	0
chrX	8803827	0	0	0.0	0
chrX	8879243	0	0	0.0	0
chrX	8910814	0	0	0.0	0
chrX	9144922	0	0	0.0	0
chrX	9186331	0	0	0.0	0
chrX	9224958	0	0	0.0	0
chrX	9266699	0	0	0.0	0
chrX	9342840	0	0	0.0	0
chrX	9384826	0	0	0.0	0
chrX	9456266	0	0	0.0	0
chrX	9465076	0	0	0.0	0
chrX	9772040	0	0	0.0	0
chrX	9804153	0	0	0.0	0
chrX	9807152	0	0	0.0	0
chrX	9813241	0	0	0.0	0
chrX	9822834	0	0	0.0	0
chrX	9983771	0	0	0.0	0
chrX	10067643	0	0	0.0	0
chrX	10116654	0	0	0.0	0
chrX	10257048	0	0	0.0	0
chrX	10369421	0	0	0.0	0
chrX	10601990	0	0	0.0	0
chrX	10697755	0	1	0.0175	0
chrX	10834615	0	0	0.0	0
chrX	11024664	0	0	0.0	0
chrX	11140891	0	0	0.0	0
chrX	11215715	0	0	0.0	0
chrX	11263900	0	0	0.0	0
chrX	11601786	0	0	0.0	0
chrX	11783517	0	0	0.0	0
chrX	11849670	2	12	0.3871	1
chrX	11976856	0	0	0.0	0
chrX	11991242	0	0	0.0	0
chrX	12007501	0	0	0.0	0
chrX	12097237	0	0	0.0	0
chrX	12209591	0	0	0.0	0
chrX	12349985	0	0	0.0	0
chrX	12439000	0	0	0.0	0
chrX	12464297	0	0	0.0	0
chrX	12619486	0	0	0.0	0
chrX	12792373	0	0	0.0	0
chrX	12829416	0	0	0.0	0
chrX	12839228	0	0	0.0	0
chrX	12854636	0	0	0.0	0
chrX	12903933	0	0	0.0	0
chrX	12974955	0	0	0.0	0
chrX	12994383	0	0	0.0	0
chrX	13081595	0	0	0.0	0
chrX	13181904	0	0	0.0	0
chrX	13599692	0	0	0.0	0
chrX	13718234	0	1	0.0213	0
chrX	13810418	0	0	0.0	0
chrX	13923571	0	0	0.0	0
chrX	13936671	0	0	0.0	0
chrX	14619269	0	0	0.0	0
chrX	14736105	0	0	0.0	0
chrX	14913612	0	0	0.0	0
chrX	15015917	0	0	0.0	0
chrX	15052998	0	1	0.0278	0
chrX	15146681	0	0	0.0	0
chrX	15310094	0	0	0.0	0
chrX	15536982	0	0	0.0	0
chrX	15673679	0	0	0.0	0
chrX	15687973	0	0	0.0	0
chrX	15712362	0	0	0.0	0
chrX	15763047	0	0	0.0	0
chrX	15972990	0	0	0.0	0
chrX	16002529	0	0	0.0	0
chrX	16002948	0	0	0.0	0
chrX	16471335	0	1	0.0233	0
chrX	16493618	0	0	0.0	0
chrX	16555102	0	0	0.0	0
chrX	16652864	0	0	0.0	0
chrX	16722945	0	0	0.0	0
chrX	16762762	0	0	0.0	0
chrX	16819192	0	0	0.0	0
chrX	16938240	0	0	0.0	0
chrX	17042864	0	0	0.0	0
chrX	17145034	0	0	0.0	0
chrX	17160896	0	0	0.0	0
chrX	17283921	0	0	0.0	0
chrX	17535173	0	0	0.0	0
chrX	17544428	0	1	0.0263	0
chrX	17567106	0	0	0.0	0
chrX	17755368	0	0	0.0	0
chrX	17779713	0	1	0.0222	0
chrX	17818905	0	0	0.0	0
chrX	17929631	0	0	0.0	0
chrX	17985000	0	0	0.0	0
chrX	18061482	0	1	0.0185	0
chrX	18234241	0	0	0.0	0
chrX	18595369	0	0	0.0	0
chrX	18721091	0	0	0.0	0
chrX	18728592	0	0	0.0	0
chrX	18751456	0	0	0.0	0
chrX	18876398	0	0	0.0	0
chrX	19087437	0	0	0.0	0
chrX	19138944	0	0	0.0	0
chrX	19321416	0	0	0.0	0
chrX	19823515	0	0	0.0	0
chrX	19856350	0	0	0.0	0
chrX	20217462	0	0	0.0	0
chrX	20261384	0	0	0.0	0
chrX	20408612	0	0	0.0	0
chrX	20726280	0	0	0.0	0
chrX	20875049	0	0	0.0	0
chrX	21019493	0	0	0.0	0
chrX	21077712	0	0	0.0	0
chrX	21085812	0	0	0.0	0
chrX	21141286	0	0	0.0	0
chrX	21349047	0	0	0.0	0
chrX	21376681	0	0	0.0	0
chrX	21571916	0	0	0.0	0
chrX	22234636	0	0	0.0	0
chrX	22238560	0	0	0.0	0
chrX	22243977	0	0	0.0	0
chrX	22419316	0	0	0.0	0
chrX	22482689	0	0	0.0	0
chrX	22525143	0	0	0.0	0
chrX	22680610	0	0	0.0	0
chrX	22966070	0	0	0.0	0
chrX	23001065	0	0	0.0	0
chrX	23039404	0	0	0.0	0
chrX	23066125	0	0	0.0	0
chrX	23352620	0	0	0.0	0
chrX	23450271	0	0	0.0	0
chrX	23512870	0	0	0.0	0
chrX	23703858	0	0	0.0	0
chrX	23870410	0	0	0.0	0
chrX	24095450	0	0	0.0	0
chrX	24481981	0	0	0.0	0
chrX	24621885	0	0	0.0	0
chrX	24650073	0	0	0.0	0
chrX	24797606	0	0	0.0	0
chrX	25040040	0	0	0.0	0
chrX	25047738	0	0	0.0	0
chrX	25247372	0	0	0.0	0
chrX	25432522	0	0	0.0	0
chrX	25443176	0	0	0.0	0
chrX	25704982	0	0	0.0	0
chrX	25781433	0	0	0.0	0
chrX	25872520	0	0	0.0	0
chrX	25897264	0	0	0.0	0
chrX	25968769	0	0	0.0	0
chrX	25984034	0	0	0.0	0
chrX	26044482	0	0	0.0	0
chrX	26144096	0	0	0.0	0
chrX	26163902	0	0	0.0	0
chrX	26197124	0	0	0.0	0
chrX	26783976	0	1	0.0278	0
chrX	27253551	0	0	0.0	0
chrX	27638225	0	0	0.0	0
chrX	27734322	0	0	0.0	0
chrX	27754666	0	0	0.0	0
chrX	28034256	0	0	0.0	0
chrX	28036252	0	0	0.0	0
chrX	28045538	0	0	0.0	0
chrX	28145318	0	0	0.0	0
chrX	28172389	0	0	0.0	0
chrX	28306652	0	0	0.0	0
chrX	28675346	0	0	0.0	0
chrX	28852751	0	0	0.0	0
chrX	28868502	0	0	0.0	0
chrX	29290854	0	0	0.0	0
chrX	29348264	0	0	0.0	0
chrX	29610600	0	0	0.0	0
chrX	29838907	0	0	0.0	0
chrX	30277259	0	0	0.0	0
chrX	30285351	0	0	0.0	0
chrX	30489746	0	0	0.0	0
chrX	31011395	0	0	0.0	0
chrX	31112188	0	0	0.0	0
chrX	31249175	0	0	0.0	0
chrX	31505319	0	0	0.0	0
chrX	31589287	0	0	0.0	0
chrX	31741447	0	0	0.0	0
chrX	31873865	0	0	0.0	0
chrX	31911161	0	0	0.0	0
chrX	31940190	0	0	0.0	0
chrX	32593131	0	0	0.0	0
chrX	32624650	0	0	0.0	0
chrX	33485347	0	0	0.0	0
chrX	33551920	0	0	0.0	0
chrX	33619568	0	0	0.0	0
chrX	34019380	0	0	0.0	0
chrX	34241963	0	0	0.0	0
chrX	34408205	0	0	0.0	0
chrX	34620425	0	0	0.0	0
chrX	35321322	0	0	0.0	0
chrX	35986017	0	0	0.0	0
chrX	35987479	0	0	0.0	0
chrX	36210670	0	0	0.0	0
chrX	36478403	0	0	0.0	0
chrX	36555519	0	0	0.0	0
chrX	36564810	0	0	0.0	0
chrX	36607233	0	0	0.0	0
chrX	36928785	0	0	0.0	0
chrX	37025543	0	0	0.0	0
chrX	37058947	0	0	0.0	0
chrX	37064790	0	0	0.0	0
chrX	37319935	0	0	0.0	0
chrX	37467924	0	0	0.0	0
chrX	37497327	0	0	0.0	0
chrX	37642404	0	0	0.0	0
chrX	37868113	0	0	0.0	0
chrX	37933249	0	0	0.0	0
chrX	38038104	0	0	0.0	0
chrX	38141240	0	0	0.0	0
chrX	38392843	0	0	0.0	0
chrX	38404879	0	0	0.0	0
chrX	38673339	1	18	0.75	1
chrX	38701616	0	0	0.0	0
chrX	38861595	0	0	0.0	0
chrX	38871646	0	0	0.0	0
chrX	39089098	0	0	0.0	0
chrX	39131276	0	0	0.0	0
chrX	39380913	0	0	0.0	0
chrX	39482788	0	0	0.0	0
chrX	39519855	0	0	0.0	0
chrX	39524659	0	0	0.0	0
chrX	39603527	0	0	0.0	0
chrX	39730181	0	0	0.0	0
chrX	39803584	0	0	0.0	0
chrX	39810716	0	0	0.0	0
chrX	39866143	0	0	0.0	0
chrX	39959088	0	0	0.0	0
chrX	40096661	0	0	0.0	0
chrX	40111901	0	0	0.0	0
chrX	40142977	0	0	0.0	0
chrX	40158700	0	0	0.0	0
chrX	40239147	0	0	0.0	0
chrX	40298989	0	0	0.0	0
chrX	40299537	0	0	0.0	0
chrX	40410765	0	0	0.0	0
chrX	40417768	0	0	0.0	0
chrX	40588493	0	0	0.0	0
chrX	40645413	0	0	0.0	0
chrX	41300104	0	0	0.0	0
chrX	41312510	0	0	0.0	0
chrX	41624161	0	0	0.0	0
chrX	41657958	0	0	0.0	0
chrX	41799568	0	0	0.0	0
chrX	41877175	0	0	0.0	0
chrX	42244901	0	0	0.0	0
chrX	42330276	0	0	0.0	0
chrX	42374724	0	0	0.0	0
chrX	42375871	0	0	0.0	0
chrX	42409421	0	0	0.0	0
chrX	42681891	0	0	0.0	0
chrX	42716992	0	0	0.0	0
chrX	42756362	0	0	0.0	0
chrX	43513050	0	0	0.0	0
chrX	43839565	0	0	0.0	0
chrX	44032513	0	0	0.0	0
chrX	44168692	0	0	0.0	0
chrX	44302376	0	0	0.0	0
chrX	44366784	0	0	0.0	0
chrX	44469822	0	0	0.0	0
chrX	44986855	0	0	0.0	0
chrX	45066854	0	0	0.0	0
chrX	45099278	0	2	0.0571	0
chrX	45411537	0	0	0.0	0
chrX	45451716	0	0	0.0	0
chrX	45663563	0	0	0.0	0
chrX	46419864	0	0	0.0	0
chrX	46611878	0	0	0.0	0
chrX	46715639	0	0	0.0	0
chrX	46766125	0	0	0.0	0
chrX	47091073	0	0	0.0	0
chrX	47270993	0	0	0.0	0
chrX	47300290	1	7	0.3043	1
chrX	47413708	0	0	0.0	0
chrX	47595926	0	0	0.0	0
chrX	47663924	0	0	0.0	0
chrX	47674889	0	0	0.0	0
chrX	47896846	0	0	0.0	0
chrX	47983304	0	0	0.0	0
chrX	48508471	0	0	0.0	0
chrX	48576162	0	0	0.0	0
chrX	48691027	0	0	0.0	0
chrX	49005580	0	0	0.0	0
chrX	49149077	0	0	0.0	0
chrX	49165889	0	0	0.0	0
chrX	49191380	0	1	0.0227	0
chrX	49215558	0	0	0.0	0
chrX	49287163	0	0	0.0	0
chrX	49299881	0	0	0.0	0
chrX	49633295	0	0	0.0	0
chrX	49702987	0	0	0.0	0
chrX	49793588	0	0	0.0	0
chrX	49845563	0	0	0.0	0
chrX	49880643	0	0	0.0	0
chrX	50156349	0	0	0.0	0
chrX	50160359	0	0	0.0	0
chrX	50491986	0	0	0.0	0
chrX	50528871	0	0	0.0	0
chrX	50587966	0	0	0.0	0
chrX	50713609	0	0	0.0	0
chrX	50765161	0	0	0.0	0
chrX	50973192	0	0	0.0	0
chrX	51037118	0	0	0.0	0
chrX	51126077	0	0	0.0	0
chrX	51157085	0	0	0.0	0
chrX	51368737	0	0	0.0	0
chrX	51684541	0	0	0.0	0
chrX	51708802	0	0	0.0	0
chrX	52049022	0	0	0.0	0
chrX	52051209	0	0	0.0	0
chrX	52062595	0	0	0.0	0
chrX	52107051	0	0	0.0	0
chrX	52108753	0	0	0.0	0
chrX	52121112	0	0	0.0	0
chrX	52191501	0	0	0.0	0
chrX	52202887	0	0	0.0	0
chrX	52205074	0	0	0.0	0
chrX	52335276	0	0	0.0	0
chrX	52392238	0	0	0.0	0
chrX	52478762	0	0	0.0	0
chrX	52534126	0	0	0.0	0
chrX	52555149	0	0	0.0	0
chrX	52581697	0	0	0.0	0
chrX	52593679	0	0	0.0	0
chrX	52834472	0	0	0.0	0
chrX	52851346	0	0	0.0	0
chrX	52889886	0	0	0.0	0
chrX	52916236	0	0	0.0	0
chrX	52939579	0	0	0.0	0
chrX	52965928	0	0	0.0	0
chrX	53049448	0	0	0.0	0
chrX	53084550	0	0	0.0	0
chrX	53175647	0	0	0.0	0
chrX	53374740	0	0	0.0	0
chrX	53733448	0	0	0.0	0
chrX	53794216	0	0	0.0	0
chrX	53814038	0	0	0.0	0
chrX	53962985	0	0	0.0	0
chrX	54286568	0	0	0.0	0
chrX	54553359	0	0	0.0	0
chrX	54597228	0	0	0.0	0
chrX	54645713	0	0	0.0	0
chrX	54660866	0	0	0.0	0
chrX	54934377	0	0	0.0	0
chrX	55007140	0	0	0.0	0
chrX	55170312	0	0	0.0	0
chrX	55305588	0	0	0.0	0
chrX	55338629	0	0	0.0	0
chrX	55344525	0	0	0.0	0
chrX	55564660	0	0	0.0	0
chrX	55645813	0	0	0.0	0
chrX	55811559	0	0	0.0	0
chrX	55934900	0	0	0.0	0
chrX	56029422	0	0	0.0	0
chrX	56228666	0	0	0.0	0
chrX	56587732	0	0	0.0	0
chrX	56659022	0	0	0.0	0
chrX	56844443	0	0	0.0	0
chrX	56912681	0	0	0.0	0
chrX	57030334	0	0	0.0	0
chrX	57211576	0	0	0.0	0
chrX	57348175	0	0	0.0	0
chrX	57386400	0	0	0.0	0
chrX	57401842	0	0	0.0	0
chrX	57404019	0	0	0.0	0
chrX	57864038	0	0	0.0	0
chrX	57871797	0	0	0.0	0
chrX	57889298	0	0	0.0	0
chrX	57964594	0	0	0.0	0
chrX	57988549	0	0	0.0	0
chrX	58044612	0	0	0.0	0
chrX	58245246	0	0	0.0	0
chrX	58406190	0	0	0.0	0
chrX	58412330	0	0	0.0	0
chrX	58459233	0	0	0.0	0
chrX	62529304	0	0	0.0	0
chrX	62556311	0	0	0.0	0
chrX	62812704	0	0	0.0	0
chrX	63451643	0	0	0.0	0
chrX	63577333	0	0	0.0	0
chrX	63707483	0	0	0.0	0
chrX	63741899	0	0	0.0	0
chrX	63910217	0	0	0.0	0
chrX	63965592	0	0	0.0	0
chrX	63992600	0	0	0.0	0
chrX	64191350	0	0	0.0	0
chrX	64192374	0	0	0.0	0
chrX	64208919	0	0	0.0	0
chrX	64315213	0	0	0.0	0
chrX	64327957	0	0	0.0	0
chrX	64433503	0	0	0.0	0
chrX	64451380	0	0	0.0	0
chrX	64702475	0	0	0.0	0
chrX	64729635	0	0	0.0	0
chrX	64741301	0	0	0.0	0
chrX	64919096	0	0	0.0	0
chrX	64945950	0	0	0.0	0
chrX	65084633	0	0	0.0	0
chrX	65419174	0	0	0.0	0
chrX	65714209	0	0	0.0	0
chrX	65745859	0	0	0.0	0
chrX	65819553	0	0	0.0	0
chrX	65837589	0	0	0.0	0
chrX	66024091	0	0	0.0	0
chrX	66107613	0	0	0.0	0
chrX	66127091	0	0	0.0	0
chrX	66131165	0	0	0.0	0
chrX	66191531	0	0	0.0	0
chrX	66405371	0	0	0.0	0
chrX	66832526	0	0	0.0	0
chrX	67236819	0	0	0.0	0
chrX	67509481	0	0	0.0	0
chrX	67768841	0	0	0.0	0
chrX	67864607	0	0	0.0	0
chrX	68271756	0	0	0.0	0
chrX	68289540	0	0	0.0	0
chrX	68696992	0	0	0.0	0
chrX	68716074	0	0	0.0	0
chrX	68917408	0	0	0.0	0
chrX	68988638	0	0	0.0	0
chrX	69077336	0	0	0.0	0
chrX	69351624	0	0	0.0	0
chrX	69428412	0	0	0.0	0
chrX	69474619	0	0	0.0	0
chrX	69554324	0	0	0.0	0
chrX	69648424	0	0	0.0	0
chrX	69702639	0	0	0.0	0
chrX	69829443	0	0	0.0	0
chrX	70135634	0	0	0.0	0
chrX	70206481	0	0	0.0	0
chrX	70468047	0	0	0.0	0
chrX	70483689	0	0	0.0	0
chrX	70491574	0	0	0.0	0
chrX	70508201	0	0	0.0	0
chrX	70579421	0	0	0.0	0
chrX	70636502	0	0	0.0	0
chrX	70687654	0	0	0.0	0
chrX	70920517	0	0	0.0	0
chrX	70997558	0	0	0.0	0
chrX	71076765	0	0	0.0	0
chrX	71170679	0	0	0.0	0
chrX	71185187	0	0	0.0	0
chrX	71187119	0	0	0.0	0
chrX	71249052	0	0	0.0	0
chrX	71386848	0	0	0.0	0
chrX	71486183	0	0	0.0	0
chrX	71538032	0	0	0.0	0
chrX	71970759	0	0	0.0	0
chrX	72007061	0	0	0.0	0
chrX	72309551	0	0	0.0	0
chrX	72348018	0	0	0.0	0
chrX	72521843	0	0	0.0	0
chrX	72782049	0	0	0.0	0
chrX	72786645	0	0	0.0	0
chrX	72913218	0	0	0.0	0
chrX	72934179	0	0	0.0	0
chrX	72938773	0	0	0.0	0
chrX	73026915	0	0	0.0	0
chrX	73140674	0	0	0.0	0
chrX	73456205	0	0	0.0	0
chrX	73497909	0	0	0.0	0
chrX	73598182	0	0	0.0	0
chrX	73669316	0	0	0.0	0
chrX	73873017	0	0	0.0	0
chrX	74207485	0	0	0.0	0
chrX	74324949	0	0	0.0	0
chrX	74402600	0	0	0.0	0
chrX	74507513	0	0	0.0	0
chrX	74857496	0	0	0.0	0
chrX	74915897	0	0	0.0	0
chrX	75075699	0	0	0.0	0
chrX	75297621	0	0	0.0	0
chrX	75583614	0	0	0.0	0
chrX	75764286	0	0	0.0	0
chrX	75814490	0	0	0.0	0
chrX	75903372	0	0	0.0	0
chrX	76012434	0	0	0.0	0
chrX	76025697	0	0	0.0	0
chrX	76169199	0	0	0.0	0
chrX	76233937	0	0	0.0	0
chrX	76279242	0	0	0.0	0
chrX	76671325	0	0	0.0	0
chrX	76998849	0	0	0.0	0
chrX	77007285	0	0	0.0	0
chrX	77060776	0	0	0.0	0
chrX	77411910	0	0	0.0	0
chrX	77454011	0	0	0.0	0
chrX	77616889	0	0	0.0	0
chrX	77876268	0	0	0.0	0
chrX	78086286	0	0	0.0	0
chrX	78179870	0	0	0.0	0
chrX	78216622	0	0	0.0	0
chrX	78232373	0	0	0.0	0
chrX	78692745	0	0	0.0	0
chrX	78747118	0	0	0.0	0
chrX	79013300	0	0	0.0	0
chrX	79232607	0	0	0.0	0
chrX	79632242	0	0	0.0	0
chrX	79828105	0	0	0.0	0
chrX	79936572	0	1	0.0233	0
chrX	79975823	0	0	0.0	0
chrX	80026288	0	0	0.0	0
chrX	80043214	0	0	0.0	0
chrX	80083930	0	0	0.0	0
chrX	80320131	0	0	0.0	0
chrX	80646342	0	0	0.0	0
chrX	80776880	0	0	0.0	0
chrX	80874585	0	0	0.0	0
chrX	80903248	0	0	0.0	0
chrX	81047111	0	0	0.0	0
chrX	81173963	0	1	0.0233	0
chrX	81264849	0	0	0.0	0
chrX	81270990	0	0	0.0	0
chrX	81323883	0	0	0.0	0
chrX	81567322	0	0	0.0	0
chrX	81931229	0	0	0.0	0
chrX	81996302	0	0	0.0	0
chrX	82149416	0	0	0.0	0
chrX	82166630	0	0	0.0	0
chrX	82445889	0	0	0.0	0
chrX	82593468	0	0	0.0	0
chrX	82713154	0	0	0.0	0
chrX	82797513	0	0	0.0	0
chrX	83113007	0	0	0.0	0
chrX	83181887	1	3	0.0667	1
chrX	83225289	0	0	0.0	0
chrX	83670376	0	0	0.0	0
chrX	84085441	0	0	0.0	0
chrX	84226456	0	0	0.0	0
chrX	84391914	0	0	0.0	0
chrX	84582991	1	12	0.3529	1
chrX	84873181	0	0	0.0	0
chrX	85241407	0	0	0.0	0
chrX	85370708	0	0	0.0	0
chrX	85958863	0	0	0.0	0
chrX	86026164	0	0	0.0	0
chrX	86156297	0	0	0.0	0
chrX	86188378	0	0	0.0	0
chrX	86278834	0	0	0.0	0
chrX	86487329	0	0	0.0	0
chrX	86626789	0	0	0.0	0
chrX	86785178	0	0	0.0	0
chrX	86997847	0	0	0.0	0
chrX	87123726	0	0	0.0	0
chrX	87569019	0	0	0.0	0
chrX	87735619	0	0	0.0	0
chrX	87753679	0	0	0.0	0
chrX	88639183	0	0	0.0	0
chrX	88828331	0	0	0.0	0
chrX	89636627	0	0	0.0	0
chrX	89768014	0	1	0.1667	0
chrX	89815977	0	0	0.0	0
chrX	89842532	0	0	0.0	0
chrX	90084853	0	0	0.0	0
chrX	90124991	0	0	0.0	0
chrX	90204260	0	0	0.0	0
chrX	90278663	0	0	0.0	0
chrX	90378286	0	0	0.0	0
chrX	90404422	0	0	0.0	0
chrX	90427894	0	0	0.0	0
chrX	90472712	0	0	0.0	0
chrX	90665486	0	0	0.0	0
chrX	90914957	0	0	0.0	0
chrX	90936321	0	0	0.0	0
chrX	90983599	0	0	0.0	0
chrX	91111147	0	0	0.0	0
chrX	91167199	0	0	0.0	0
chrX	91212865	0	0	0.0	0
chrX	91285450	0	0	0.0	0
chrX	91384133	0	0	0.0	0
chrX	91602964	0	0	0.0	0
chrX	92005785	0	0	0.0	0
chrX	92019258	0	0	0.0	0
chrX	92615503	0	0	0.0	0
chrX	92701369	0	0	0.0	0
chrX	92716400	0	0	0.0	0
chrX	93260433	0	0	0.0	0
chrX	93372968	0	0	0.0	0
chrX	93431621	0	0	0.0	0
chrX	93616354	0	0	0.0	0
chrX	93804241	0	0	0.0	0
chrX	93854404	0	0	0.0	0
chrX	93931764	0	0	0.0	0
chrX	94125332	0	0	0.0	0
chrX	94230761	0	0	0.0	0
chrX	94369317	0	0	0.0	0
chrX	94669596	0	0	0.0	0
chrX	94702370	0	0	0.0	0
chrX	94729956	0	0	0.0	0
chrX	94777000	0	0	0.0	0
chrX	94823366	0	0	0.0	0
chrX	95239749	0	0	0.0	0
chrX	95321718	0	0	0.0	0
chrX	95322134	0	0	0.0	0
chrX	95403710	0	0	0.0	0
chrX	95555187	0	0	0.0	0
chrX	95887340	0	0	0.0	0
chrX	96084789	0	0	0.0	0
chrX	96196717	0	0	0.0	0
chrX	96270253	0	0	0.0	0
chrX	96342970	0	0	0.0	0
chrX	96383889	0	0	0.0	0
chrX	96475078	0	0	0.0	0
chrX	96533557	0	0	0.0	0
chrX	96688728	0	0	0.0	0
chrX	96702793	0	0	0.0	0
chrX	97906003	0	0	0.0	0
chrX	98210566	0	0	0.0	0
chrX	98240709	0	0	0.0	0
chrX	98325028	0	0	0.0	0
chrX	98390052	0	0	0.0	0
chrX	98397467	0	0	0.0	0
chrX	98400306	0	0	0.0	0
chrX	98415863	0	0	0.0	0
chrX	98679034	0	0	0.0	0
chrX	99119323	0	0	0.0	0
chrX	99147182	0	0	0.0	0
chrX	99162988	0	0	0.0	0
chrX	99187762	0	0	0.0	0
chrX	99208918	0	0	0.0	0
chrX	99269801	0	1	0.0227	0
chrX	99425569	0	0	0.0	0
chrX	99468776	0	0	0.0	0
chrX	99618002	0	0	0.0	0
chrX	99950367	0	0	0.0	0
chrX	100080832	0	0	0.0	0
chrX	100214643	0	0	0.0	0
chrX	100236334	0	0	0.0	0
chrX	100402591	0	0	0.0	0
chrX	100720488	0	1	0.0167	0
chrX	101034438	0	0	0.0	0
chrX	101037990	0	0	0.0	0
chrX	101196215	0	0	0.0	0
chrX	101386794	0	0	0.0	0
chrX	101441125	0	0	0.0	0
chrX	101551731	0	0	0.0	0
chrX	101698615	0	0	0.0	0
chrX	101783840	0	0	0.0	0
chrX	101992118	0	0	0.0	0
chrX	102004823	0	0	0.0	0
chrX	102044019	0	0	0.0	0
chrX	102224779	0	0	0.0	0
chrX	102260031	0	0	0.0	0
chrX	102281383	0	0	0.0	0
chrX	102405733	0	0	0.0	0
chrX	102427091	0	0	0.0	0
chrX	102462331	0	0	0.0	0
chrX	102490410	0	0	0.0	0
chrX	102698245	0	0	0.0	0
chrX	102699525	0	0	0.0	0
chrX	103380280	0	0	0.0	0
chrX	103642124	0	0	0.0	0
chrX	103727268	0	0	0.0	0
chrX	104115475	0	0	0.0	0
chrX	104160185	0	0	0.0	0
chrX	104534265	0	0	0.0	0
chrX	104562187	0	0	0.0	0
chrX	104924285	0	0	0.0	0
chrX	105140851	0	0	0.0	0
chrX	105158283	0	0	0.0	0
chrX	105259233	0	0	0.0	0
chrX	105413376	0	0	0.0	0
chrX	105418464	0	0	0.0	0
chrX	105465223	0	0	0.0	0
chrX	105466012	0	0	0.0	0
chrX	105492138	0	0	0.0	0
chrX	105625831	1	25	0.8929	1
chrX	105631455	0	0	0.0	0
chrX	105668291	0	0	0.0	0
chrX	105685269	0	0	0.0	0
chrX	106072401	0	0	0.0	0
chrX	106099787	0	0	0.0	0
chrX	106184293	0	0	0.0	0
chrX	106330347	0	0	0.0	0
chrX	106363935	0	0	0.0	0
chrX	106393032	0	0	0.0	0
chrX	106402524	0	0	0.0	0
chrX	106525640	0	0	0.0	0
chrX	107014209	0	0	0.0	0
chrX	107134582	0	0	0.0	0
chrX	107268080	0	0	0.0	0
chrX	107272602	0	0	0.0	0
chrX	107520397	0	0	0.0	0
chrX	107570659	0	0	0.0	0
chrX	108017288	0	0	0.0	0
chrX	108168837	0	0	0.0	0
chrX	108480755	0	0	0.0	0
chrX	108674877	0	0	0.0	0
chrX	108687252	0	0	0.0	0
chrX	108766245	0	0	0.0	0
chrX	108807625	0	0	0.0	0
chrX	108816973	0	0	0.0	0
chrX	108970155	0	0	0.0	0
chrX	109286769	0	0	0.0	0
chrX	109337716	0	0	0.0	0
chrX	109472403	0	0	0.0	0
chrX	109594247	0	0	0.0	0
chrX	109624439	0	0	0.0	0
chrX	109800553	0	0	0.0	0
chrX	109848424	0	0	0.0	0
chrX	109928726	0	0	0.0	0
chrX	109976052	0	0	0.0	0
chrX	110332806	0	0	0.0	0
chrX	110407625	0	0	0.0	0
chrX	110543210	0	0	0.0	0
chrX	110627169	0	0	0.0	0
chrX	110754543	0	0	0.0	0
chrX	110948549	0	0	0.0	0
chrX	110986965	0	0	0.0	0
chrX	111056301	0	0	0.0	0
chrX	111281066	0	0	0.0	0
chrX	111354282	0	0	0.0	0
chrX	111399235	0	2	0.05	0
chrX	111435001	0	0	0.0	0
chrX	111630618	0	0	0.0	0
chrX	111823285	0	0	0.0	0
chrX	112006212	0	0	0.0	0
chrX	112020574	0	0	0.0	0
chrX	112054346	0	0	0.0	0
chrX	112187075	0	0	0.0	0
chrX	112279844	0	0	0.0	0
chrX	112315581	0	0	0.0	0
chrX	112468290	0	0	0.0	0
chrX	112814514	0	0	0.0	0
chrX	113480137	0	0	0.0	0
chrX	113558800	0	0	0.0	0
chrX	113668281	0	0	0.0	0
chrX	113716315	0	0	0.0	0
chrX	113849888	0	1	0.027	0
chrX	114066014	0	0	0.0	0
chrX	114555579	0	0	0.0	0
chrX	114579735	0	0	0.0	0
chrX	114943083	0	0	0.0	0
chrX	114964131	0	0	0.0	0
chrX	115009187	1	24	0.8889	1
chrX	115064597	0	0	0.0	0
chrX	115072507	0	0	0.0	0
chrX	115196883	0	0	0.0	0
chrX	115325838	0	0	0.0	0
chrX	115421794	0	0	0.0	0
chrX	115495302	0	0	0.0	0
chrX	115935077	0	0	0.0	0
chrX	116266010	0	0	0.0	0
chrX	116407622	0	0	0.0	0
chrX	116546212	0	0	0.0	0
chrX	116667887	0	1	0.0213	0
chrX	117268641	0	0	0.0	0
chrX	117269217	0	0	0.0	0
chrX	117690616	0	0	0.0	0
chrX	117864907	0	0	0.0	0
chrX	118075551	0	0	0.0	0
chrX	118233421	0	0	0.0	0
chrX	118312507	0	0	0.0	0
chrX	118465187	0	0	0.0	0
chrX	118492202	0	0	0.0	0
chrX	118572969	0	0	0.0	0
chrX	118670067	0	0	0.0	0
chrX	118676125	0	0	0.0	0
chrX	118756252	0	0	0.0	0
chrX	118826614	0	0	0.0	0
chrX	118878320	0	1	0.0217	0
chrX	118949975	0	0	0.0	0
chrX	119068403	0	0	0.0	0
chrX	119140003	0	0	0.0	0
chrX	119167842	0	0	0.0	0
chrX	119593762	0	0	0.0	0
chrX	119854916	0	0	0.0	0
chrX	119903536	0	0	0.0	0
chrX	119972182	0	0	0.0	0
chrX	120294043	0	0	0.0	0
chrX	120636872	0	0	0.0	0
chrX	120708374	0	0	0.0	0
chrX	121017406	0	0	0.0	0
chrX	121232059	0	0	0.0	0
chrX	121260169	0	0	0.0	0
chrX	121990588	0	0	0.0	0
chrX	122029776	0	1	0.0286	0
chrX	122045619	0	0	0.0	0
chrX	122346931	0	0	0.0	0
chrX	122441450	3	47	0.94	1
chrX	122722877	0	0	0.0	0
chrX	123016676	0	0	0.0	0
chrX	123085878	0	0	0.0	0
chrX	123107153	0	0	0.0	0
chrX	123127510	0	0	0.0	0
chrX	123136275	0	0	0.0	0
chrX	123643093	0	0	0.0	0
chrX	123776408	0	0	0.0	0
chrX	123790950	0	0	0.0	0
chrX	123807805	0	0	0.0	0
chrX	123824207	0	0	0.0	0
chrX	124095508	0	0	0.0	0
chrX	124151215	0	0	0.0	0
chrX	124282800	0	0	0.0	0
chrX	124607627	0	0	0.0	0
chrX	125134155	0	0	0.0	0
chrX	125187658	0	0	0.0	0
chrX	125284915	0	0	0.0	0
chrX	125372620	0	0	0.0	0
chrX	125416584	0	0	0.0	0
chrX	125638741	0	0	0.0	0
chrX	125656374	0	0	0.0	0
chrX	125681278	0	0	0.0	0
chrX	126034430	0	0	0.0	0
chrX	126123354	0	0	0.0	0
chrX	126141882	0	0	0.0	0
chrX	126184715	0	0	0.0	0
chrX	126666257	0	0	0.0	0
chrX	126815760	0	0	0.0	0
chrX	126816951	0	0	0.0	0
chrX	127017742	0	0	0.0	0
chrX	127025879	0	0	0.0	0
chrX	127059981	0	0	0.0	0
chrX	127249784	0	0	0.0	0
chrX	127392716	0	0	0.0	0
chrX	127565634	0	0	0.0	0
chrX	127856525	0	0	0.0	0
chrX	128172297	0	0	0.0	0
chrX	128607000	0	0	0.0	0
chrX	128686309	0	0	0.0	0
chrX	129227275	0	0	0.0	0
chrX	129364089	0	0	0.0	0
chrX	129441206	0	0	0.0	0
chrX	129747527	0	0	0.0	0
chrX	129813819	0	0	0.0	0
chrX	129957075	0	0	0.0	0
chrX	130027033	0	0	0.0	0
chrX	130081652	0	0	0.0	0
chrX	130408677	0	0	0.0	0
chrX	130528019	0	0	0.0	0
chrX	130696886	0	0	0.0	0
chrX	130713576	0	0	0.0	0
chrX	130718134	0	0	0.0	0
chrX	130814035	0	0	0.0	0
chrX	130838870	0	0	0.0	0
chrX	130900047	0	0	0.0	0
chrX	130920632	0	0	0.0	0
chrX	130988265	0	0	0.0	0
chrX	131171810	0	0	0.0	0
chrX	131180540	0	0	0.0	0
chrX	131230368	0	0	0.0	0
chrX	131415226	0	0	0.0	0
chrX	131429117	0	0	0.0	0
chrX	131560088	0	0	0.0	0
chrX	131980902	0	0	0.0	0
chrX	132084688	0	0	0.0	0
chrX	132181406	0	0	0.0	0
chrX	132260049	0	0	0.0	0
chrX	132658893	0	0	0.0	0
chrX	132750954	0	0	0.0	0
chrX	132838308	0	0	0.0	0
chrX	133096665	0	0	0.0	0
chrX	133292726	0	0	0.0	0
chrX	133332632	0	0	0.0	0
chrX	133781823	0	0	0.0	0
chrX	133994955	0	0	0.0	0
chrX	134098958	0	0	0.0	0
chrX	134222719	0	0	0.0	0
chrX	134460897	0	0	0.0	0
chrX	134962392	0	0	0.0	0
chrX	135142167	0	0	0.0	0
chrX	135230371	0	0	0.0	0
chrX	135424177	0	0	0.0	0
chrX	135436901	0	0	0.0	0
chrX	136429530	0	0	0.0	0
chrX	136433596	0	0	0.0	0
chrX	136454464	1	4	0.0952	1
chrX	136530891	0	0	0.0	0
chrX	136794000	0	0	0.0	0
chrX	136795601	0	0	0.0	0
chrX	137115103	0	0	0.0	0
chrX	137310761	0	0	0.0	0
chrX	137453273	0	0	0.0	0
chrX	137520787	0	0	0.0	0
chrX	137562783	0	0	0.0	0
chrX	137627589	0	0	0.0	0
chrX	137758434	0	0	0.0	0
chrX	137792882	0	0	0.0	0
chrX	138240063	0	0	0.0	0
chrX	138456709	0	0	0.0	0
chrX	138752680	0	1	0.0256	0
chrX	138850312	0	0	0.0	0
chrX	138996478	0	0	0.0	0
chrX	139002859	0	0	0.0	0
chrX	139238259	0	0	0.0	0
chrX	139282560	0	0	0.0	0
chrX	139417540	0	0	0.0	0
chrX	139476683	0	0	0.0	0
chrX	139657003	0	0	0.0	0
chrX	139723482	0	0	0.0	0
chrX	139738006	0	0	0.0	0
chrX	139927655	0	0	0.0	0
chrX	140187030	0	0	0.0	0
chrX	140415387	0	0	0.0	0
chrX	140416623	0	0	0.0	0
chrX	140432032	0	0	0.0	0
chrX	140459246	0	0	0.0	0
chrX	140466331	0	0	0.0	0
chrX	140751953	0	0	0.0	0
chrX	140829413	0	0	0.0	0
chrX	141061494	0	0	0.0	0
chrX	141271715	0	0	0.0	0
chrX	141373397	0	0	0.0	0
chrX	141383980	0	0	0.0	0
chrX	141525919	0	0	0.0	0
chrX	141604974	0	0	0.0	0
chrX	141624877	0	0	0.0	0
chrX	142116037	0	0	0.0	0
chrX	142167260	0	0	0.0	0
chrX	142199255	0	0	0.0	0
chrX	142267970	0	0	0.0	0
chrX	142521751	0	0	0.0	0
chrX	142760423	0	0	0.0	0
chrX	143176112	0	0	0.0	0
chrX	143203122	0	0	0.0	0
chrX	143409826	0	0	0.0	0
chrX	143533481	0	0	0.0	0
chrX	143726248	0	0	0.0	0
chrX	143767530	0	0	0.0	0
chrX	143980840	0	0	0.0	0
chrX	144118553	0	0	0.0	0
chrX	144500701	0	0	0.0	0
chrX	144536221	0	0	0.0	0
chrX	144773262	0	0	0.0	0
chrX	144977777	0	0	0.0	0
chrX	145037268	0	0	0.0	0
chrX	145137975	0	0	0.0	0
chrX	145281943	0	0	0.0	0
chrX	145471451	0	0	0.0	0
chrX	145562637	0	0	0.0	0
chrX	145962892	0	0	0.0	0
chrX	146206362	0	0	0.0	0
chrX	146422622	0	0	0.0	0
chrX	146677838	0	0	0.0	0
chrX	147073976	0	1	0.0294	0
chrX	147390482	0	0	0.0	0
chrX	147542699	0	0	0.0	0
chrX	147557013	0	0	0.0	0
chrX	147856112	0	0	0.0	0
chrX	147885088	0	0	0.0	0
chrX	147929861	0	0	0.0	0
chrX	147994239	0	0	0.0	0
chrX	148095363	0	0	0.0	0
chrX	148253745	0	0	0.0	0
chrX	148571265	0	0	0.0	0
chrX	148654909	0	0	0.0	0
chrX	148689318	0	0	0.0	0
chrX	148881581	0	0	0.0	0
chrX	148898626	0	0	0.0	0
chrX	148944350	0	0	0.0	0
chrX	148999949	0	0	0.0	0
chrX	149044707	0	0	0.0	0
chrX	149118770	0	0	0.0	0
chrX	149225288	0	0	0.0	0
chrX	149232978	0	0	0.0	0
chrX	149298689	0	0	0.0	0
chrX	149344530	0	0	0.0	0
chrX	149459501	0	0	0.0	0
chrX	149496027	0	0	0.0	0
chrX	149510036	0	0	0.0	0
chrX	149533139	0	0	0.0	0
chrX	149621138	0	0	0.0	0
chrX	149903381	0	0	0.0	0
chrX	149947091	0	0	0.0	0
chrX	150027401	0	0	0.0	0
chrX	150062669	0	1	0.037	0
chrX	150093015	0	0	0.0	0
chrX	150094393	0	1	0.0175	0
chrX	150206656	0	0	0.0	0
chrX	150453729	0	0	0.0	0
chrX	150507636	0	0	0.0	0
chrX	150632628	0	0	0.0	0
chrX	150737430	0	0	0.0	0
chrX	150794230	0	0	0.0	0
chrX	150872978	0	0	0.0	0
chrX	151022830	0	0	0.0	0
chrX	151169143	0	0	0.0	0
chrX	151282248	0	0	0.0	0
chrX	151312244	0	0	0.0	0
chrX	151353383	0	0	0.0	0
chrX	151462940	0	0	0.0	0
chrX	151737086	0	0	0.0	0
chrX	151737253	0	0	0.0	0
chrX	151799215	0	0	0.0	0
chrX	151821237	0	0	0.0	0
chrX	151977544	0	0	0.0	0
chrX	151979042	0	0	0.0	0
chrX	152203648	0	0	0.0	0
chrX	152576010	0	0	0.0	0
chrX	152595399	0	0	0.0	0
chrX	152907820	0	0	0.0	0
chrX	153106614	0	0	0.0	0
chrX	153111269	0	0	0.0	0
chrX	153288675	0	0	0.0	0
chrX	153293330	0	0	0.0	0
chrX	153491019	0	0	0.0	0
chrX	153639551	0	0	0.0	0
chrX	153714922	0	0	0.0	0
chrX	153752748	0	0	0.0	0
chrX	153773160	0	1	0.0196	0
chrX	153817124	0	0	0.0	0
chrX	153925295	0	0	0.0	0
chrX	154351698	0	0	0.0	0
chrX	154456309	0	0	0.0	0
chrX	154467114	0	0	0.0	0
chrX	154712496	0	0	0.0	0
chrX	154747348	0	0	0.0	0
chrX	154855637	0	0	0.0	0
chrX	155007050	0	0	0.0	0
chrX	155147879	0	0	0.0	0
chrX	155242419	0	1	0.0278	0
chrX	155260838	0	0	0.0	0
chrX	155264234	0	0	0.0	0
chrX	155310180	0	0	0.0	0
chrX	155353102	0	0	0.0	0
chrX	155368420	0	0	0.0	0
chrX	155472830	0	0	0.0	0
chrX	155488147	0	0	0.0	0
chrX	155633451	0	0	0.0	0
chrX	155755696	0	0	0.0	0
chrX	155776164	0	0	0.0	0
chrX	155910570	1	3	0.0526	1
chrX	155999883	0	0	0.0	0
chrX_KI270880v1_alt	39442	0	0	0.0	0
chrX_KI270880v1_alt	69190	0	0	0.0	0
chrX_KI270881v1_alt	53870	0	0	0.0	0
chrX_KI270881v1_alt	70794	0	0	0.0	0
chrX_KI270881v1_alt	133536	0	0	0.0	0
chrX_KI270913v1_alt	28582	0	0	0.0	0
chrX_KI270913v1_alt	58330	0	0	0.0	0
chrY	20619	0	0	0.0	0
chrY	282238	0	0	0.0	0
chrY	356090	0	0	0.0	0
chrY	370842	0	0	0.0	0
chrY	385838	0	0	0.0	0
chrY	461323	0	0	0.0	0
chrY	651742	0	0	0.0	0
chrY	658236	0	0	0.0	0
chrY	788866	0	0	0.0	0
chrY	792078	0	0	0.0	0
chrY	831723	0	0	0.0	0
chrY	833280	0	0	0.0	0
chrY	884138	0	0	0.0	0
chrY	936841	0	0	0.0	0
chrY	1072125	0	0	0.0	0
chrY	1114430	0	0	0.0	0
chrY	1123555	0	0	0.0	0
chrY	1138359	0	0	0.0	0
chrY	1248383	0	0	0.0	0
chrY	1444883	0	0	0.0	0
chrY	1451010	0	0	0.0	0
chrY	1510499	0	0	0.0	0
chrY	1550070	0	0	0.0	0
chrY	1574238	0	0	0.0	0
chrY	1774953	0	0	0.0	0
chrY	2192859	0	0	0.0	0
chrY	2232322	0	0	0.0	0
chrY	2256254	0	0	0.0	0
chrY	2412345	0	0	0.0	0
chrY	2679046	0	0	0.0	0
chrY	3297999	0	0	0.0	0
chrY	3415873	0	0	0.0	0
chrY	3497322	0	0	0.0	0
chrY	3650538	0	0	0.0	0
chrY	3695102	0	0	0.0	0
chrY	3773380	0	0	0.0	0
chrY	3855431	0	0	0.0	0
chrY	3955221	0	0	0.0	0
chrY	4004855	0	0	0.0	0
chrY	4023891	0	0	0.0	0
chrY	4060823	0	0	0.0	0
chrY	4110442	0	0	0.0	0
chrY	4228458	0	0	0.0	0
chrY	4247632	0	0	0.0	0
chrY	4497879	0	0	0.0	0
chrY	4512740	0	0	0.0	0
chrY	4559038	0	0	0.0	0
chrY	4676632	0	0	0.0	0
chrY	4844207	0	0	0.0	0
chrY	5230324	0	0	0.0	0
chrY	5243818	0	0	0.0	0
chrY	5647809	0	0	0.0	0
chrY	5734507	0	0	0.0	0
chrY	5818107	0	0	0.0	0
chrY	5833093	0	0	0.0	0
chrY	6399840	0	0	0.0	0
chrY	6891376	0	0	0.0	0
chrY	6996074	0	0	0.0	0
chrY	7128444	0	0	0.0	0
chrY	7199428	0	0	0.0	0
chrY	7344915	0	0	0.0	0
chrY	7625536	0	0	0.0	0
chrY	7729720	0	0	0.0	0
chrY	7956927	0	0	0.0	0
chrY	8149159	0	0	0.0	0
chrY	8276149	0	0	0.0	0
chrY	8376998	0	0	0.0	0
chrY	8495334	0	0	0.0	0
chrY	8527085	0	0	0.0	0
chrY	8629099	0	0	0.0	0
chrY	8715408	0	0	0.0	0
chrY	8773443	0	0	0.0	0
chrY	8907608	0	0	0.0	0
chrY	8912125	0	0	0.0	0
chrY	8971316	0	0	0.0	0
chrY	8976424	0	0	0.0	0
chrY	9023842	0	0	0.0	0
chrY	9300803	0	0	0.0	0
chrY	9321788	0	0	0.0	0
chrY	9623415	0	0	0.0	0
chrY	9764881	0	0	0.0	0
chrY	9935471	0	0	0.0	0
chrY	9952638	0	0	0.0	0
chrY	10057976	0	0	0.0	0
chrY	10147855	0	0	0.0	0
chrY	10182570	1	26	0.8966	1
chrY	10655041	1	13	0.3023	1
chrY	10655719	0	0	0.0	0
chrY	10658204	0	0	0.0	0
chrY	10663829	1	7	0.1707	1
chrY	10671240	0	0	0.0	0
chrY	10673845	0	1	0.0435	0
chrY	10683527	0	0	0.0	0
chrY	10691149	0	0	0.0	0
chrY	10745242	0	0	0.0	0
chrY	10750450	0	0	0.0	0
chrY	10752351	0	0	0.0	0
chrY	10759585	0	0	0.0	0
chrY	10761050	0	0	0.0	0
chrY	10767489	0	0	0.0	0
chrY	10767888	0	0	0.0	0
chrY	10768358	0	0	0.0	0
chrY	10768915	0	0	0.0	0
chrY	10770685	0	0	0.0	0
chrY	10773338	0	0	0.0	0
chrY	10773887	0	0	0.0	0
chrY	10776097	1	5	0.4167	1
chrY	10777175	0	0	0.0	0
chrY	10777713	0	0	0.0	0
chrY	10784433	0	0	0.0	0
chrY	10786814	0	0	0.0	0
chrY	10790550	0	0	0.0	0
chrY	10794823	0	0	0.0	0
chrY	10795888	0	0	0.0	0
chrY	10797604	0	0	0.0	0
chrY	10798258	0	0	0.0	0
chrY	10799345	0	0	0.0	0
chrY	10799647	1	17	0.9444	1
chrY	10801744	0	0	0.0	0
chrY	10803093	0	0	0.0	0
chrY	10803253	0	0	0.0	0
chrY	10805947	0	0	0.0	0
chrY	10816314	0	0	0.0	0
chrY	10823819	0	0	0.0	0
chrY	10825177	0	0	0.0	0
chrY	10826253	0	0	0.0	0
chrY	10828389	0	0	0.0	0
chrY	10838846	0	0	0.0	0
chrY	10840128	0	0	0.0	0
chrY	10840184	0	0	0.0	0
chrY	10843117	0	0	0.0	0
chrY	10845010	0	0	0.0	0
chrY	10848534	0	0	0.0	0
chrY	10848934	0	0	0.0	0
chrY	10850867	0	0	0.0	0
chrY	10857219	0	0	0.0	0
chrY	10864117	0	0	0.0	0
chrY	10869692	0	0	0.0	0
chrY	10873360	0	0	0.0	0
chrY	10876688	0	0	0.0	0
chrY	10877805	0	1	0.0385	0
chrY	10881255	0	0	0.0	0
chrY	10884344	0	0	0.0	0
chrY	10884699	0	0	0.0	0
chrY	10887622	0	0	0.0	0
chrY	10888473	0	0	0.0	0
chrY	10892053	0	0	0.0	0
chrY	10893903	1	3	0.1765	1
chrY	10895356	0	0	0.0	0
chrY	10898290	0	0	0.0	0
chrY	10899706	0	0	0.0	0
chrY	10926528	0	0	0.0	0
chrY	10932917	0	0	0.0	0
chrY	10940039	0	0	0.0	0
chrY	10942649	0	0	0.0	0
chrY	10949435	0	0	0.0	0
chrY	10950544	0	0	0.0	0
chrY	10953514	0	0	0.0	0
chrY	10956686	0	0	0.0	0
chrY	10959361	0	1	0.0385	0
chrY	10962645	0	0	0.0	0
chrY	10963494	0	0	0.0	0
chrY	10969103	0	0	0.0	0
chrY	10969906	0	0	0.0	0
chrY	10984395	0	0	0.0	0
chrY	10985981	0	0	0.0	0
chrY	10992183	0	0	0.0	0
chrY	11009071	0	0	0.0	0
chrY	11040841	0	0	0.0	0
chrY	11089011	0	0	0.0	0
chrY	11092633	0	0	0.0	0
chrY	11097799	0	0	0.0	0
chrY	11108479	0	0	0.0	0
chrY	11296080	0	0	0.0	0
chrY	11359647	0	0	0.0	0
chrY	11447244	0	0	0.0	0
chrY	11679516	0	0	0.0	0
chrY	11771336	0	0	0.0	0
chrY	11821252	0	0	0.0	0
chrY	12158456	0	0	0.0	0
chrY	12277446	0	0	0.0	0
chrY	12284082	0	0	0.0	0
chrY	12414660	0	0	0.0	0
chrY	12595272	0	0	0.0	0
chrY	12837209	0	0	0.0	0
chrY	12993647	0	0	0.0	0
chrY	13081606	0	0	0.0	0
chrY	13150370	0	0	0.0	0
chrY	13175280	0	0	0.0	0
chrY	13338614	0	0	0.0	0
chrY	13389231	0	0	0.0	0
chrY	13549344	0	0	0.0	0
chrY	13592390	0	0	0.0	0
chrY	13719284	0	0	0.0	0
chrY	13926117	0	0	0.0	0
chrY	13961158	0	0	0.0	0
chrY	14008350	0	0	0.0	0
chrY	14034381	0	0	0.0	0
chrY	14075984	0	0	0.0	0
chrY	14178091	0	0	0.0	0
chrY	14317559	0	0	0.0	0
chrY	14534318	0	0	0.0	0
chrY	14613163	0	0	0.0	0
chrY	14717034	0	0	0.0	0
chrY	14808466	0	0	0.0	0
chrY	14882692	0	0	0.0	0
chrY	14920107	0	0	0.0	0
chrY	14930794	0	0	0.0	0
chrY	14997497	0	0	0.0	0
chrY	15328726	0	0	0.0	0
chrY	15343178	0	0	0.0	0
chrY	15393867	0	0	0.0	0
chrY	15455723	0	0	0.0	0
chrY	15639383	0	0	0.0	0
chrY	15852010	0	0	0.0	0
chrY	16196739	0	0	0.0	0
chrY	16289012	0	0	0.0	0
chrY	16388604	0	0	0.0	0
chrY	16593874	0	0	0.0	0
chrY	16682065	0	0	0.0	0
chrY	16692150	0	0	0.0	0
chrY	16792180	0	0	0.0	0
chrY	17007492	0	0	0.0	0
chrY	17174175	0	0	0.0	0
chrY	17185620	0	0	0.0	0
chrY	17256574	0	0	0.0	0
chrY	17289475	0	0	0.0	0
chrY	17412089	0	0	0.0	0
chrY	17491814	0	0	0.0	0
chrY	17738920	0	0	0.0	0
chrY	17768140	0	0	0.0	0
chrY	18137870	0	0	0.0	0
chrY	18167091	0	0	0.0	0
chrY	18414194	0	0	0.0	0
chrY	18880502	0	0	0.0	0
chrY	19105694	0	0	0.0	0
chrY	19206944	0	0	0.0	0
chrY	19246099	0	0	0.0	0
chrY	19269789	0	0	0.0	0
chrY	19413052	0	0	0.0	0
chrY	19472815	0	0	0.0	0
chrY	19509364	0	0	0.0	0
chrY	19690350	0	0	0.0	0
chrY	19710756	0	0	0.0	0
chrY	19890824	0	0	0.0	0
chrY	19899585	0	0	0.0	0
chrY	20763945	0	0	0.0	0
chrY	21146305	0	0	0.0	0
chrY	21174156	0	0	0.0	0
chrY	21245628	0	0	0.0	0
chrY	21273050	0	0	0.0	0
chrY	21320770	0	0	0.0	0
chrY	21400527	0	0	0.0	0
chrY	21462773	0	0	0.0	0
chrY	21506897	0	0	0.0	0
chrY	21530437	0	0	0.0	0
chrY	21559966	0	0	0.0	0
chrY	21600663	0	0	0.0	0
chrY	21824993	0	0	0.0	0
chrY	21845716	0	0	0.0	0
chrY	21869437	0	0	0.0	0
chrY	21898967	0	0	0.0	0
chrY	21922508	0	0	0.0	0
chrY	22031697	0	0	0.0	0
chrY	22152062	0	0	0.0	0
chrY	22154399	0	0	0.0	0
chrY	22199496	0	0	0.0	0
chrY	22210474	0	0	0.0	0
chrY	22311896	0	0	0.0	0
chrY	22386923	0	0	0.0	0
chrY	22432025	0	0	0.0	0
chrY	22434363	0	0	0.0	0
chrY	22554699	0	0	0.0	0
chrY	22705574	0	0	0.0	0
chrY	22992796	0	0	0.0	0
chrY	22997514	0	0	0.0	0
chrY	23036439	0	0	0.0	0
chrY	23490617	0	0	0.0	0
chrY	23713868	0	0	0.0	0
chrY	23814277	0	0	0.0	0
chrY	24105667	0	0	0.0	0
chrY	24255813	0	0	0.0	0
chrY	24258707	0	0	0.0	0
chrY	24314988	0	0	0.0	0
chrY	24626537	0	0	0.0	0
chrY	24631256	0	0	0.0	0
chrY	24670183	0	0	0.0	0
chrY	24999921	0	0	0.0	0
chrY	25038852	0	0	0.0	0
chrY	25043572	0	0	0.0	0
chrY	25355157	0	0	0.0	0
chrY	25411436	0	0	0.0	0
chrY	25414332	0	0	0.0	0
chrY	25564473	0	0	0.0	0
chrY	25855813	0	0	0.0	0
chrY	25956207	0	0	0.0	0
chrY	26179992	0	0	0.0	0
chrY	26476716	0	0	0.0	0
chrY	26539211	0	0	0.0	0
chrY	26577686	0	0	0.0	0
chrY	26643351	0	0	0.0	0
chrY	26645731	0	0	0.0	0
chrY	26646404	0	0	0.0	0
chrY	26648611	0	0	0.0	0
chrY	26649284	0	1	0.0078	0
chrY	26656286	0	0	0.0	0
chrY	26664407	0	0	0.0	0
chrY	26666588	0	0	0.0	0
chrY	26667260	0	0	0.0	0
chrY	56830200	1	7	0.1667	1
chrY	56942216	0	0	0.0	0
chrY	56962684	0	0	0.0	0
chrY	57186403	0	0	0.0	0
