chr1,9777638602,42.4228
chr2,9958727750,41.4001
chr3,8160352382,41.1931
chr4,7546223370,39.7687
chr5,7308963911,40.836
chr6,7015290497,41.2474
chr7,6470537532,40.7029
chr8,5904057211,40.7829
chr9,4896353147,40.2031
chr10,5608504439,42.086
chr11,5623705668,41.8014
chr12,5572568127,41.8556
chr13,3910116102,39.906
chr14,3741100276,42.2637
chr15,3436095414,40.596
chr16,3512411844,42.9359
chr17,3568708566,43.0379
chr18,3100867811,38.7175
chr19,2583677779,46.3304
chr20,2749553975,42.9992
chr21,1418222677,37.4343
chr22,1670990716,45.0742
chrX,3104516975,20.043
chrY,370771590,15.6865
chrM,115372745,6963.59
chr1_KI270706v1_random,7002179,39.9999
chr1_KI270707v1_random,1188233,37.0952
chr1_KI270708v1_random,2775284,21.7359
chr1_KI270709v1_random,17541653,262.364
chr1_KI270710v1_random,990140,24.6451
chr1_KI270711v1_random,2496173,59.137
chr1_KI270712v1_random,3052194,17.3378
chr1_KI270713v1_random,2612509,64.1185
chr1_KI270714v1_random,1684753,40.3853
chr2_KI270715v1_random,1782645,11.04
chr2_KI270716v1_random,919845,5.98083
chr3_GL000221v1_random,1628143,10.4773
chr4_GL000008v2_random,8145586,38.8423
chr5_GL000208v1_random,4254559,45.9014
chr9_KI270717v1_random,539325,13.4623
chr9_KI270718v1_random,543152,14.2732
chr9_KI270719v1_random,769367,4.35052
chr9_KI270720v1_random,240699,6.16387
chr11_KI270721v1_random,1043350,10.4006
chr14_GL000009v2_random,210537,1.04377
chr14_GL000225v1_random,3438741,16.284
chr14_KI270722v1_random,94973,0.489425
chr14_GL000194v1_random,250467,1.30813
chr14_KI270723v1_random,102187,2.68102
chr14_KI270724v1_random,850285,21.4963
chr14_KI270725v1_random,579125,3.35122
chr14_KI270726v1_random,328,0.00749903
chr15_KI270727v1_random,13088,0.0291981
chr16_KI270728v1_random,12075602,7.67797
chr17_GL000205v2_random,1727034,9.30559
chr17_KI270729v1_random,14579018,54.1002
chr17_KI270730v1_random,1999566,18.7608
chr22_KI270731v1_random,2311350,15.3319
chr22_KI270732v1_random,1179519,28.3927
chr22_KI270733v1_random,18682055,103.921
chr22_KI270734v1_random,2248353,13.6223
chr22_KI270735v1_random,1058761,24.7311
chr22_KI270736v1_random,1007994,5.94206
chr22_KI270737v1_random,1315684,12.7209
chr22_KI270738v1_random,3446590,35.9694
chr22_KI270739v1_random,517844,7.15027
chrY_KI270740v1_random,449252,12.0637
chrUn_KI270302v1,47635,20.9477
chrUn_KI270304v1,8804,4.06651
chrUn_KI270303v1,61458,31.6468
chrUn_KI270305v1,65401,44.43
chrUn_KI270322v1,360428,58.0586
chrUn_KI270320v1,677553,153.431
chrUn_KI270310v1,52842,43.9983
chrUn_KI270316v1,12031,8.33172
chrUn_KI270315v1,67509,29.6612
chrUn_KI270312v1,24728,24.7776
chrUn_KI270311v1,140177,47.2613
chrUn_KI270317v1,26474,7.30519
chrUn_KI270412v1,28209,23.9262
chrUn_KI270411v1,81207,30.6905
chrUn_KI270414v1,14857,5.96906
chrUn_KI270419v1,29513,28.6812
chrUn_KI270418v1,69873,32.5748
chrUn_KI270420v1,145623,62.7415
chrUn_KI270424v1,17313,8.09019
chrUn_KI270417v1,74344,36.3896
chrUn_KI270422v1,181776,125.797
chrUn_KI270423v1,52526,53.5433
chrUn_KI270425v1,11913,6.32325
chrUn_KI270429v1,225952,166.019
chrUn_KI270442v1,1944055,5.23963
chrUn_KI270466v1,176634,143.255
chrUn_KI270465v1,330081,186.066
chrUn_KI270467v1,524095,133.698
chrUn_KI270435v1,1290808,13.8943
chrUn_KI270438v1,1413142,16.8209
chrUn_KI270468v1,284809,70.2365
chrUn_KI270510v1,154661,64.0418
chrUn_KI270509v1,45229,19.5121
chrUn_KI270518v1,21078,9.64227
chrUn_KI270508v1,66236,33.9498
chrUn_KI270516v1,70565,54.2808
chrUn_KI270512v1,153598,6.76971
chrUn_KI270519v1,6513003,47.3095
chrUn_KI270522v1,170000,29.9612
chrUn_KI270511v1,449136,55.2647
chrUn_KI270515v1,427201,67.1594
chrUn_KI270507v1,360294,67.3069
chrUn_KI270517v1,597,0.183523
chrUn_KI270529v1,54352,28.6214
chrUn_KI270528v1,27686,9.28126
chrUn_KI270530v1,10755,4.96079
chrUn_KI270539v1,7060,7.10977
chrUn_KI270538v1,5269515,82.8188
chrUn_KI270544v1,120942,100.617
chrUn_KI270548v1,0,0
chrUn_KI270583v1,11551,8.25071
chrUn_KI270587v1,293801,98.9562
chrUn_KI270580v1,0,0
chrUn_KI270581v1,35567,5.04783
chrUn_KI270579v1,32573,1.04962
chrUn_KI270589v1,347949,9.83018
chrUn_KI270590v1,328001,70.0109
chrUn_KI270584v1,37326,8.27077
chrUn_KI270582v1,31695,4.87316
chrUn_KI270588v1,12582,2.0432
chrUn_KI270593v1,69462,22.8418
chrUn_KI270591v1,20356,3.51208
chrUn_KI270330v1,25461,15.4122
chrUn_KI270329v1,27555,26.4952
chrUn_KI270334v1,239,0.174708
chrUn_KI270333v1,1413957,523.882
chrUn_KI270335v1,0,0
chrUn_KI270338v1,0,0
chrUn_KI270340v1,2299,1.60994
chrUn_KI270336v1,349108,340.261
chrUn_KI270337v1,2033848,1814.32
chrUn_KI270363v1,56083,31.1054
chrUn_KI270364v1,20380,7.13835
chrUn_KI270362v1,109955,31.1487
chrUn_KI270366v1,131742,15.8344
chrUn_KI270378v1,0,0
chrUn_KI270379v1,0,0
chrUn_KI270389v1,3001,2.31202
chrUn_KI270390v1,299,0.125262
chrUn_KI270387v1,2667,1.7352
chrUn_KI270395v1,59713,52.2423
chrUn_KI270396v1,1823,0.969681
chrUn_KI270388v1,514,0.422697
chrUn_KI270394v1,5329,5.49381
chrUn_KI270386v1,47255,26.429
chrUn_KI270391v1,540,0.363881
chrUn_KI270383v1,10507,6.004
chrUn_KI270393v1,846,0.646789
chrUn_KI270384v1,6676,4.02654
chrUn_KI270392v1,15460,15.9217
chrUn_KI270381v1,8014,4.15233
chrUn_KI270385v1,958,0.967677
chrUn_KI270382v1,40090,9.51127
chrUn_KI270376v1,2702,2.37852
chrUn_KI270374v1,13579,5.11258
chrUn_KI270372v1,604,0.366061
chrUn_KI270373v1,0,0
chrUn_KI270375v1,1802,0.75778
chrUn_KI270371v1,4697,1.67451
chrUn_KI270448v1,505890,63.2995
chrUn_KI270521v1,267186,34.9628
chrUn_GL000195v1,2791671,15.2637
chrUn_GL000219v1,3399274,18.9694
chrUn_GL000220v1,1501492,9.27981
chrUn_GL000224v1,504974,2.8102
chrUn_KI270741v1,495525,3.1842
chrUn_GL000226v1,1053777,70.2144
chrUn_GL000213v1,939746,5.72182
chrUn_KI270743v1,619025,2.93853
chrUn_KI270744v1,2886030,17.1306
chrUn_KI270745v1,534773,12.7658
chrUn_KI270746v1,1465069,22.0358
chrUn_KI270747v1,1055057,5.30886
chrUn_KI270748v1,243479,2.60905
chrUn_KI270749v1,3170825,19.9726
chrUn_KI270750v1,1706950,11.4676
chrUn_KI270751v1,48271,0.320223
chrUn_KI270752v1,190,0.00684808
chrUn_KI270753v1,63213,1.00427
chrUn_KI270754v1,2268431,56.4413
chrUn_KI270755v1,375991,10.2386
chrUn_KI270756v1,783568,9.85323
chrUn_KI270757v1,652546,10.5503
chrUn_GL000214v1,224666,1.63135
chrUn_KI270742v1,132077,0.707281
chrUn_GL000216v2,5956680,33.7734
chrUn_GL000218v1,44777,0.277864
chr1_KI270762v1_alt,243932,0.801238
chr1_KI270766v1_alt,601021,2.34526
chr1_KI270760v1_alt,0,0
chr1_KI270765v1_alt,1430,0.00771784
chr1_GL383518v1_alt,6673,0.0365766
chr1_GL383519v1_alt,1390,0.0126057
chr1_GL383520v2_alt,0,0
chr1_KI270764v1_alt,83949,1.67036
chr1_KI270763v1_alt,166984,0.183165
chr1_KI270759v1_alt,76091,0.178785
chr1_KI270761v1_alt,138499,0.835167
chr2_KI270770v1_alt,0,0
chr2_KI270773v1_alt,28005,0.395065
chr2_KI270774v1_alt,16642,0.0744192
chr2_KI270769v1_alt,434,0.0035982
chr2_GL383521v1_alt,1655,0.0115419
chr2_KI270772v1_alt,25065,0.188401
chr2_KI270775v1_alt,115897,0.839718
chr2_KI270771v1_alt,0,0
chr2_KI270768v1_alt,44579,0.404899
chr2_GL582966v2_alt,0,0
chr2_GL383522v1_alt,677029,5.4678
chr2_KI270776v1_alt,3907,0.0224326
chr2_KI270767v1_alt,44319,0.274289
chr3_JH636055v2_alt,903,0.0052151
chr3_KI270783v1_alt,87010,0.79689
chr3_KI270780v1_alt,263213,1.17449
chr3_GL383526v1_alt,476298,2.63627
chr3_KI270777v1_alt,124741,0.718351
chr3_KI270778v1_alt,150,0.000604225
chr3_KI270781v1_alt,230951,2.0432
chr3_KI270779v1_alt,24932,0.121435
chr3_KI270782v1_alt,24337,0.149832
chr3_KI270784v1_alt,151,0.000818854
chr4_KI270790v1_alt,0,0
chr4_GL383528v1_alt,0,0
chr4_KI270787v1_alt,175720,1.56973
chr4_GL000257v2_alt,0,0
chr4_KI270788v1_alt,233605,1.46954
chr4_GL383527v1_alt,497006,3.02065
chr4_KI270785v1_alt,419,0.00349423
chr4_KI270789v1_alt,0,0
chr4_KI270786v1_alt,30831,0.126307
chr5_KI270793v1_alt,2128,0.0168707
chr5_KI270792v1_alt,328,0.00183196
chr5_KI270791v1_alt,16854,0.0861172
chr5_GL383532v1_alt,365232,4.41485
chr5_GL949742v1_alt,351979,1.55158
chr5_KI270794v1_alt,35566,0.21613
chr5_GL339449v2_alt,527707,0.348798
chr5_GL383530v1_alt,661627,6.53517
chr5_KI270796v1_alt,0,0
chr5_GL383531v1_alt,169617,0.977851
chr5_KI270795v1_alt,201204,1.52552
chr6_GL000250v2_alt,35575,0.0150053
chr6_KI270800v1_alt,77,0.000437978
chr6_KI270799v1_alt,14944,0.0982202
chr6_GL383533v1_alt,1084726,8.69617
chr6_KI270801v1_alt,159575,0.183318
chr6_KI270802v1_alt,266124,3.54808
chr6_KB021644v2_alt,4182,0.0225053
chr6_KI270797v1_alt,51495,0.260687
chr6_KI270798v1_alt,0,0
chr7_KI270804v1_alt,1427,0.00903439
chr7_KI270809v1_alt,0,0
chr7_KI270806v1_alt,1110,0.00701794
chr7_GL383534v2_alt,0,0
chr7_KI270803v1_alt,2515367,2.2629
chr7_KI270808v1_alt,0,0
chr7_KI270807v1_alt,36241,0.28664
chr7_KI270805v1_alt,5976,0.0284588
chr8_KI270818v1_alt,7998,0.0549291
chr8_KI270812v1_alt,1489,0.0052664
chr8_KI270811v1_alt,13937,0.0476583
chr8_KI270821v1_alt,18733,0.0190085
chr8_KI270813v1_alt,7110,0.0236818
chr8_KI270822v1_alt,148,0.000236993
chr8_KI270814v1_alt,1197,0.00844075
chr8_KI270810v1_alt,134162,0.358324
chr8_KI270819v1_alt,304669,2.28157
chr8_KI270820v1_alt,151445,4.13332
chr8_KI270817v1_alt,1438,0.00904499
chr8_KI270816v1_alt,24636,0.0805517
chr8_KI270815v1_alt,94859,0.717303
chr9_GL383539v1_alt,0,0
chr9_GL383540v1_alt,0,0
chr9_GL383541v1_alt,603,0.00352043
chr9_GL383542v1_alt,448647,7.47346
chr9_KI270823v1_alt,187376,0.426745
chr10_GL383545v1_alt,2072854,11.5638
chr10_KI270824v1_alt,11774,0.064872
chr10_GL383546v1_alt,345032,1.11372
chr10_KI270825v1_alt,0,0
chr11_KI270832v1_alt,43189,0.205532
chr11_KI270830v1_alt,273567,1.54477
chr11_KI270831v1_alt,17930,0.060398
chr11_KI270829v1_alt,0,0
chr11_GL383547v1_alt,218406,1.41448
chr11_JH159136v1_alt,260753,1.29729
chr11_JH159137v1_alt,430632,2.2498
chr11_KI270827v1_alt,174510,2.57743
chr11_KI270826v1_alt,0,0
chr12_GL877875v1_alt,427812,2.55696
chr12_GL877876v1_alt,30386,0.0744261
chr12_KI270837v1_alt,0,0
chr12_GL383549v1_alt,18560,0.153637
chr12_KI270835v1_alt,45016,0.189032
chr12_GL383550v2_alt,372281,2.20053
chr12_GL383552v1_alt,0,0
chr12_GL383553v2_alt,105,0.00068684
chr12_KI270834v1_alt,330,0.00276155
chr12_GL383551v1_alt,11255,0.0610626
chr12_KI270833v1_alt,35843,0.47124
chr12_KI270836v1_alt,195665,3.48568
chr13_KI270840v1_alt,471,0.00245717
chr13_KI270839v1_alt,150936,0.83711
chr13_KI270843v1_alt,50952,0.490716
chr13_KI270841v1_alt,137909,0.815383
chr13_KI270838v1_alt,900,0.00293243
chr13_KI270842v1_alt,815,0.0218575
chr14_KI270844v1_alt,65889,0.204519
chr14_KI270847v1_alt,106765,0.0706533
chr14_KI270845v1_alt,172342,0.953731
chr14_KI270846v1_alt,70925,0.0524829
chr15_KI270852v1_alt,0,0
chr15_KI270851v1_alt,19789,0.0752279
chr15_KI270848v1_alt,24742,0.0755753
chr15_GL383554v1_alt,0,0
chr15_KI270849v1_alt,849,0.00346648
chr15_GL383555v2_alt,596279,1.53375
chr15_KI270850v1_alt,154550,0.358685
chr16_KI270854v1_alt,20082,0.14965
chr16_KI270856v1_alt,90957,1.4216
chr16_KI270855v1_alt,7814,0.0335571
chr16_KI270853v1_alt,4853315,1.82476
chr16_GL383556v1_alt,2410,0.012522
chr16_GL383557v1_alt,234073,2.61032
chr17_GL383563v3_alt,313637,0.834827
chr17_KI270862v1_alt,71985,0.183937
chr17_KI270861v1_alt,106,0.000538925
chr17_KI270857v1_alt,133399,0.0463662
chr17_JH159146v1_alt,4148,0.0149138
chr17_JH159147v1_alt,0,0
chr17_GL383564v2_alt,302,0.0022681
chr17_GL000258v2_alt,4112669,2.32093
chr17_GL383565v1_alt,1288,0.00575013
chr17_KI270858v1_alt,0,0
chr17_KI270859v1_alt,254609,2.34095
chr17_GL383566v1_alt,0,0
chr17_KI270860v1_alt,12219,0.0682927
chr18_KI270864v1_alt,0,0
chr18_GL383567v1_alt,332835,1.14838
chr18_GL383570v1_alt,22776,0.138213
chr18_GL383571v1_alt,727432,4.90587
chr18_GL383568v1_alt,325096,3.10942
chr18_GL383569v1_alt,1316,0.00783567
chr18_GL383572v1_alt,65427,0.41008
chr18_KI270863v1_alt,28155,0.16759
chr19_KI270868v1_alt,14087,0.228189
chr19_KI270865v1_alt,33602,0.634371
chr19_GL383573v1_alt,2121,0.00549971
chr19_GL383575v2_alt,12523,0.0735686
chr19_GL383576v1_alt,146232,0.777731
chr19_GL383574v1_alt,332380,2.1325
chr19_KI270866v1_alt,93611,2.16913
chr19_KI270867v1_alt,0,0
chr19_GL949746v1_alt,757,0.00085758
chr20_GL383577v2_alt,1679,0.0130777
chr20_KI270869v1_alt,3678,0.0309664
chr20_KI270871v1_alt,76840,1.3099
chr20_KI270870v1_alt,6215,0.0338816
chr21_GL383578v2_alt,518981,8.11961
chr21_KI270874v1_alt,60050,0.360135
chr21_KI270873v1_alt,160613,1.11614
chr21_GL383579v2_alt,16848,0.0837388
chr21_GL383580v2_alt,85188,1.14112
chr21_GL383581v2_alt,440219,3.77258
chr21_KI270872v1_alt,17633,0.213237
chr22_KI270875v1_alt,214598,0.82565
chr22_KI270878v1_alt,1168375,6.27275
chr22_KI270879v1_alt,1317407,4.33165
chr22_KI270876v1_alt,0,0
chr22_KI270877v1_alt,67159,0.662769
chr22_GL383583v2_alt,0,0
chr22_GL383582v2_alt,0,0
chrX_KI270880v1_alt,23900,0.0838982
chrX_KI270881v1_alt,226186,1.56849
chr19_KI270882v1_alt,0,0
chr19_KI270883v1_alt,0,0
chr19_KI270884v1_alt,0,0
chr19_KI270885v1_alt,0,0
chr19_KI270886v1_alt,0,0
chr19_KI270887v1_alt,0,0
chr19_KI270888v1_alt,453,0.00291258
chr19_KI270889v1_alt,0,0
chr19_KI270890v1_alt,5662,0.0306885
chr19_KI270891v1_alt,0,0
chr1_KI270892v1_alt,77537,0.477998
chr2_KI270894v1_alt,698139,3.25992
chr2_KI270893v1_alt,17614,0.109256
chr3_KI270895v1_alt,0,0
chr4_KI270896v1_alt,29534,0.0780194
chr5_KI270897v1_alt,65129,0.0595102
chr5_KI270898v1_alt,44,0.000335988
chr6_GL000251v2_alt,33659,0.00701922
chr7_KI270899v1_alt,158539,0.830617
chr8_KI270901v1_alt,784,0.00572434
chr8_KI270900v1_alt,10954,0.0343723
chr11_KI270902v1_alt,262436,2.45932
chr11_KI270903v1_alt,3817,0.0177845
chr12_KI270904v1_alt,80885,0.141321
chr15_KI270906v1_alt,25970,0.132241
chr15_KI270905v1_alt,928492,0.195168
chr17_KI270907v1_alt,20005,0.145257
chr17_KI270910v1_alt,14788,0.0941317
chr17_KI270909v1_alt,54,0.000165746
chr17_JH159148v1_alt,0,0
chr17_KI270908v1_alt,42927,0.0301625
chr18_KI270912v1_alt,20163,0.115839
chr18_KI270911v1_alt,27596,0.174979
chr19_GL949747v2_alt,16062,0.0242073
chr22_KB663609v1_alt,0,0
chrX_KI270913v1_alt,825,0.00301085
chr19_KI270914v1_alt,335,0.0016326
chr19_KI270915v1_alt,0,0
chr19_KI270916v1_alt,754,0.00408637
chr19_KI270917v1_alt,0,0
chr19_KI270918v1_alt,0,0
chr19_KI270919v1_alt,0,0
chr19_KI270920v1_alt,0,0
chr19_KI270921v1_alt,0,0
chr19_KI270922v1_alt,0,0
chr19_KI270923v1_alt,0,0
chr3_KI270924v1_alt,11066,0.0664465
chr4_KI270925v1_alt,27529,0.0495305
chr6_GL000252v2_alt,138958,0.0330953
chr8_KI270926v1_alt,1699,0.00741009
chr11_KI270927v1_alt,85452,0.390884
chr19_GL949748v2_alt,148,0.000323636
chr22_KI270928v1_alt,0,0
chr19_KI270929v1_alt,0,0
chr19_KI270930v1_alt,1871,0.00931898
chr19_KI270931v1_alt,0,0
chr19_KI270932v1_alt,410,0.00190051
chr19_KI270933v1_alt,0,0
chr19_GL000209v2_alt,0,0
chr3_KI270934v1_alt,0,0
chr6_GL000253v2_alt,257677,0.0629229
chr19_GL949749v2_alt,0,0
chr3_KI270935v1_alt,4335,0.0219659
chr6_GL000254v2_alt,32634,0.00861209
chr19_GL949750v2_alt,0,0
chr3_KI270936v1_alt,392,0.00238777
chr6_GL000255v2_alt,8250,0.0019232
chr19_GL949751v2_alt,0,0
chr3_KI270937v1_alt,29515,0.178223
chr6_GL000256v2_alt,1473764,0.353061
chr19_GL949752v1_alt,12033,0.0122523
chr6_KI270758v1_alt,232,0.00302272
chr19_GL949753v2_alt,1205,0.00178128
chr19_KI270938v1_alt,4692,0.0043982
chrEBV,62378140,363.037
chrUn_KN707606v1_decoy,51147,23.2486
chrUn_KN707607v1_decoy,0,0
chrUn_KN707608v1_decoy,0,0
chrUn_KN707609v1_decoy,1180,0.718636
chrUn_KN707610v1_decoy,0,0
chrUn_KN707611v1_decoy,0,0
chrUn_KN707612v1_decoy,0,0
chrUn_KN707613v1_decoy,5563,3.43607
chrUn_KN707614v1_decoy,129059,41.3386
chrUn_KN707615v1_decoy,80198,41.4674
chrUn_KN707616v1_decoy,0,0
chrUn_KN707617v1_decoy,144,0.0565815
chrUn_KN707618v1_decoy,9565,4.16776
chrUn_KN707619v1_decoy,5651,3.64346
chrUn_KN707620v1_decoy,39258,19.1877
chrUn_KN707621v1_decoy,26385,21.5917
chrUn_KN707622v1_decoy,14327,9.33355
chrUn_KN707623v1_decoy,168255,44.4649
chrUn_KN707624v1_decoy,0,0
chrUn_KN707625v1_decoy,18379,14.8457
chrUn_KN707626v1_decoy,270722,48.1455
chrUn_KN707627v1_decoy,130693,22.452
chrUn_KN707628v1_decoy,117275,39.6199
chrUn_KN707629v1_decoy,16745,9.06115
chrUn_KN707630v1_decoy,32971,14.2423
chrUn_KN707631v1_decoy,142449,73.2386
chrUn_KN707632v1_decoy,1139,0.79986
chrUn_KN707633v1_decoy,13946,10.9466
chrUn_KN707634v1_decoy,29422,29.2175
chrUn_KN707635v1_decoy,6799,4.80835
chrUn_KN707636v1_decoy,0,0
chrUn_KN707637v1_decoy,272,0.0508031
chrUn_KN707638v1_decoy,2081,0.950662
chrUn_KN707639v1_decoy,29233,22.5912
chrUn_KN707640v1_decoy,30708,16.7712
chrUn_KN707641v1_decoy,23274,14.1311
chrUn_KN707642v1_decoy,30762,10.4526
chrUn_KN707643v1_decoy,298,0.104305
chrUn_KN707644v1_decoy,791,0.767961
chrUn_KN707645v1_decoy,0,0
chrUn_KN707646v1_decoy,563,0.324496
chrUn_KN707647v1_decoy,16252,8.1998
chrUn_KN707648v1_decoy,2973,1.9009
chrUn_KN707649v1_decoy,302,0.170141
chrUn_KN707650v1_decoy,5672,3.68312
chrUn_KN707651v1_decoy,0,0
chrUn_KN707652v1_decoy,0,0
chrUn_KN707653v1_decoy,0,0
chrUn_KN707654v1_decoy,71594,19.6471
chrUn_KN707655v1_decoy,87419,31.3892
chrUn_KN707656v1_decoy,28330,27.8564
chrUn_KN707657v1_decoy,35888,33.603
chrUn_KN707658v1_decoy,16034,15.9225
chrUn_KN707659v1_decoy,46292,17.7704
chrUn_KN707660v1_decoy,235801,28.0382
chrUn_KN707661v1_decoy,334402,60.4268
chrUn_KN707662v1_decoy,2205,1.01473
chrUn_KN707663v1_decoy,10613,9.96526
chrUn_KN707664v1_decoy,323592,37.2673
chrUn_KN707665v1_decoy,94937,35.5569
chrUn_KN707666v1_decoy,82864,34.2413
chrUn_KN707667v1_decoy,77500,35.4043
chrUn_KN707668v1_decoy,29290,13.9943
chrUn_KN707669v1_decoy,33305,28.1292
chrUn_KN707670v1_decoy,108569,90.0988
chrUn_KN707671v1_decoy,125635,45.0951
chrUn_KN707672v1_decoy,144593,51.7513
chrUn_KN707673v1_decoy,873510,44.6945
chrUn_KN707674v1_decoy,0,0
chrUn_KN707675v1_decoy,0,0
chrUn_KN707676v1_decoy,0,0
chrUn_KN707677v1_decoy,278534,38.3286
chrUn_KN707678v1_decoy,86297,35.0516
chrUn_KN707679v1_decoy,70593,39.7931
chrUn_KN707680v1_decoy,5146,3.96762
chrUn_KN707681v1_decoy,158468,36.1882
chrUn_KN707682v1_decoy,152360,36.2072
chrUn_KN707683v1_decoy,0,0
chrUn_KN707684v1_decoy,0,0
chrUn_KN707685v1_decoy,171098,43.4479
chrUn_KN707686v1_decoy,60313,29.1086
chrUn_KN707687v1_decoy,30045,26.4481
chrUn_KN707688v1_decoy,74258,17.4807
chrUn_KN707689v1_decoy,107900,18.53
chrUn_KN707690v1_decoy,149359,40.2043
chrUn_KN707691v1_decoy,191540,39.2098
chrUn_KN707692v1_decoy,0,0
chrUn_KN707693v1_decoy,107125,36.9524
chrUn_KN707694v1_decoy,443,0.360749
chrUn_KN707695v1_decoy,131756,42.243
chrUn_KN707696v1_decoy,171494,44.7999
chrUn_KN707697v1_decoy,24165,20.3752
chrUn_KN707698v1_decoy,50090,26.2526
chrUn_KN707699v1_decoy,60847,21.7699
chrUn_KN707700v1_decoy,0,0
chrUn_KN707701v1_decoy,129014,19.1928
chrUn_KN707702v1_decoy,298318,46.1364
chrUn_KN707703v1_decoy,49984,22.3642
chrUn_KN707704v1_decoy,35998,12.5385
chrUn_KN707705v1_decoy,0,0
chrUn_KN707706v1_decoy,0,0
chrUn_KN707707v1_decoy,80965,18.6598
chrUn_KN707708v1_decoy,55959,24.2772
chrUn_KN707709v1_decoy,96736,29.5558
chrUn_KN707710v1_decoy,226522,39.7337
chrUn_KN707711v1_decoy,0,0
chrUn_KN707712v1_decoy,16406,13.1987
chrUn_KN707713v1_decoy,27953,21.3708
chrUn_KN707714v1_decoy,52191,17.8614
chrUn_KN707715v1_decoy,125364,41.184
chrUn_KN707716v1_decoy,126351,43.7503
chrUn_KN707717v1_decoy,70583,40.5184
chrUn_KN707718v1_decoy,119160,23.9807
chrUn_KN707719v1_decoy,50012,15.2942
chrUn_KN707720v1_decoy,243672,40.4234
chrUn_KN707721v1_decoy,0,0
chrUn_KN707722v1_decoy,0,0
chrUn_KN707723v1_decoy,2379,2.11655
chrUn_KN707724v1_decoy,0,0
chrUn_KN707725v1_decoy,0,0
chrUn_KN707726v1_decoy,0,0
chrUn_KN707727v1_decoy,7890,3
chrUn_KN707728v1_decoy,0,0
chrUn_KN707729v1_decoy,0,0
chrUn_KN707730v1_decoy,6047,1.04692
chrUn_KN707731v1_decoy,104578,21.6967
chrUn_KN707732v1_decoy,14752,12.0228
chrUn_KN707733v1_decoy,325788,43.421
chrUn_KN707734v1_decoy,177337,18.3731
chrUn_KN707735v1_decoy,51023,46.7672
chrUn_KN707736v1_decoy,126774,51.3879
chrUn_KN707737v1_decoy,59016,46.4693
chrUn_KN707738v1_decoy,200481,45.9292
chrUn_KN707739v1_decoy,193285,45.1179
chrUn_KN707740v1_decoy,346555,33.705
chrUn_KN707741v1_decoy,213568,38.1303
chrUn_KN707742v1_decoy,96002,20.177
chrUn_KN707743v1_decoy,70018,43.1145
chrUn_KN707744v1_decoy,0,0
chrUn_KN707745v1_decoy,104,0.0815047
chrUn_KN707746v1_decoy,205313,40.3921
chrUn_KN707747v1_decoy,85790,41.3446
chrUn_KN707748v1_decoy,58807,16.5514
chrUn_KN707749v1_decoy,237187,33.8355
chrUn_KN707750v1_decoy,212455,45.0307
chrUn_KN707751v1_decoy,28393,8.00705
chrUn_KN707752v1_decoy,112278,39.0804
chrUn_KN707753v1_decoy,96456,44.9888
chrUn_KN707754v1_decoy,46677,20.8101
chrUn_KN707755v1_decoy,224510,42.0195
chrUn_KN707756v1_decoy,204203,41.8706
chrUn_KN707757v1_decoy,74671,24.6114
chrUn_KN707758v1_decoy,88,0.0311394
chrUn_KN707759v1_decoy,0,0
chrUn_KN707760v1_decoy,0,0
chrUn_KN707761v1_decoy,0,0
chrUn_KN707762v1_decoy,71444,20.7084
chrUn_KN707763v1_decoy,121499,45.4372
chrUn_KN707764v1_decoy,167363,42.782
chrUn_KN707765v1_decoy,294652,48.9455
chrUn_KN707766v1_decoy,0,0
chrUn_KN707767v1_decoy,0,0
chrUn_KN707768v1_decoy,67420,18.4409
chrUn_KN707769v1_decoy,3221,2.02451
chrUn_KN707770v1_decoy,9018,7.45906
chrUn_KN707771v1_decoy,140432,44.2166
chrUn_KN707772v1_decoy,149,0.0167134
chrUn_KN707773v1_decoy,201834,41.1738
chrUn_KN707774v1_decoy,110696,33.302
chrUn_KN707775v1_decoy,307618,51.2953
chrUn_KN707776v1_decoy,0,0
chrUn_KN707777v1_decoy,0,0
chrUn_KN707778v1_decoy,0,0
chrUn_KN707779v1_decoy,80,0.0064288
chrUn_KN707780v1_decoy,242888,42.6793
chrUn_KN707781v1_decoy,118598,43.6503
chrUn_KN707782v1_decoy,224929,42.6244
chrUn_KN707783v1_decoy,199890,45.71
chrUn_KN707784v1_decoy,145563,45.1498
chrUn_KN707785v1_decoy,0,0
chrUn_KN707786v1_decoy,0,0
chrUn_KN707787v1_decoy,0,0
chrUn_KN707788v1_decoy,20482,14.5057
chrUn_KN707789v1_decoy,50151,34.7547
chrUn_KN707790v1_decoy,38404,34.9763
chrUn_KN707791v1_decoy,125810,38.8302
chrUn_KN707792v1_decoy,77989,40.7253
chrUn_KN707793v1_decoy,57893,12.4048
chrUn_KN707794v1_decoy,0,0
chrUn_KN707795v1_decoy,166,0.0506561
chrUn_KN707796v1_decoy,0,0
chrUn_KN707797v1_decoy,206189,48.5951
chrUn_KN707798v1_decoy,206852,11.7536
chrUn_KN707799v1_decoy,0,0
chrUn_KN707800v1_decoy,87476,39.1042
chrUn_KN707801v1_decoy,133070,45.8704
chrUn_KN707802v1_decoy,116044,43.5274
chrUn_KN707803v1_decoy,162643,30.4803
chrUn_KN707804v1_decoy,0,0
chrUn_KN707805v1_decoy,222032,40.7697
chrUn_KN707806v1_decoy,0,0
chrUn_KN707807v1_decoy,243243,52.6956
chrUn_KN707808v1_decoy,123578,40.9063
chrUn_KN707809v1_decoy,113040,30.8263
chrUn_KN707810v1_decoy,100311,21.9836
chrUn_KN707811v1_decoy,39647,35.3991
chrUn_KN707812v1_decoy,75663,19.6783
chrUn_KN707813v1_decoy,46313,20.3842
chrUn_KN707814v1_decoy,96070,20.1658
chrUn_KN707815v1_decoy,41236,7.62218
chrUn_KN707816v1_decoy,137176,19.1855
chrUn_KN707817v1_decoy,42100,23.8933
chrUn_KN707818v1_decoy,8886,7.36205
chrUn_KN707819v1_decoy,92248,69.3073
chrUn_KN707820v1_decoy,152084,18.3079
chrUn_KN707821v1_decoy,90081,39.5786
chrUn_KN707822v1_decoy,111147,43.1639
chrUn_KN707823v1_decoy,0,0
chrUn_KN707824v1_decoy,0,0
chrUn_KN707825v1_decoy,74357,24.4595
chrUn_KN707826v1_decoy,64861,31.3338
chrUn_KN707827v1_decoy,123474,42.3872
chrUn_KN707828v1_decoy,869,0.363751
chrUn_KN707829v1_decoy,43406,23.6545
chrUn_KN707830v1_decoy,103593,21.5504
chrUn_KN707831v1_decoy,42070,19.114
chrUn_KN707832v1_decoy,23648,18.6941
chrUn_KN707833v1_decoy,71258,36.3376
chrUn_KN707834v1_decoy,53522,50.3026
chrUn_KN707835v1_decoy,76926,39.8168
chrUn_KN707836v1_decoy,62009,19.2994
chrUn_KN707837v1_decoy,54207,46.0161
chrUn_KN707838v1_decoy,79498,27.1695
chrUn_KN707839v1_decoy,0,0
chrUn_KN707840v1_decoy,166972,50.6283
chrUn_KN707841v1_decoy,0,0
chrUn_KN707842v1_decoy,318021,47.48
chrUn_KN707843v1_decoy,32,0.00655738
chrUn_KN707844v1_decoy,42302,23.9536
chrUn_KN707845v1_decoy,87888,24.8834
chrUn_KN707846v1_decoy,68278,29.7249
chrUn_KN707847v1_decoy,48395,39.218
chrUn_KN707848v1_decoy,58215,48.3112
chrUn_KN707849v1_decoy,54474,19.5247
chrUn_KN707850v1_decoy,32896,16.3988
chrUn_KN707851v1_decoy,0,0
chrUn_KN707852v1_decoy,4798,3.03863
chrUn_KN707853v1_decoy,472329,49.2163
chrUn_KN707854v1_decoy,89,0.00851593
chrUn_KN707855v1_decoy,0,0
chrUn_KN707856v1_decoy,100525,43.7065
chrUn_KN707857v1_decoy,270790,45.2448
chrUn_KN707858v1_decoy,0,0
chrUn_KN707859v1_decoy,49855,37.2052
chrUn_KN707860v1_decoy,202360,64.2821
chrUn_KN707861v1_decoy,90431,40.335
chrUn_KN707862v1_decoy,947187,57.3601
chrUn_KN707863v1_decoy,178642,22.8413
chrUn_KN707864v1_decoy,34673,16.0597
chrUn_KN707865v1_decoy,34372,16.2592
chrUn_KN707866v1_decoy,72579,17.6634
chrUn_KN707867v1_decoy,20185,13.0732
chrUn_KN707868v1_decoy,10202,10.1512
chrUn_KN707869v1_decoy,0,0
chrUn_KN707870v1_decoy,1826,1.80435
chrUn_KN707871v1_decoy,325506,68.8464
chrUn_KN707872v1_decoy,156576,72.3215
chrUn_KN707873v1_decoy,252742,33.295
chrUn_KN707874v1_decoy,90335,17.3654
chrUn_KN707875v1_decoy,83081,19.59
chrUn_KN707876v1_decoy,10969,2.65529
chrUn_KN707877v1_decoy,0,0
chrUn_KN707878v1_decoy,42776,20.5161
chrUn_KN707879v1_decoy,44541,10.2487
chrUn_KN707880v1_decoy,361,0.298841
chrUn_KN707881v1_decoy,16585,3.65067
chrUn_KN707882v1_decoy,64034,23.1003
chrUn_KN707883v1_decoy,29489,11.843
chrUn_KN707884v1_decoy,65810,14.4067
chrUn_KN707885v1_decoy,0,0
chrUn_KN707886v1_decoy,2224,0.824009
chrUn_KN707887v1_decoy,0,0
chrUn_KN707888v1_decoy,6605,2.72483
chrUn_KN707889v1_decoy,585,0.33486
chrUn_KN707890v1_decoy,0,0
chrUn_KN707891v1_decoy,10817,9.46369
chrUn_KN707892v1_decoy,4666,1.84427
chrUn_KN707893v1_decoy,184628,22.938
chrUn_KN707894v1_decoy,0,0
chrUn_KN707895v1_decoy,179706,41.9482
chrUn_KN707896v1_decoy,103879513,3135.99
chrUn_KN707897v1_decoy,100831,47.1834
chrUn_KN707898v1_decoy,130506,33.9859
chrUn_KN707899v1_decoy,51555,16.7007
chrUn_KN707900v1_decoy,23499,11.5135
chrUn_KN707901v1_decoy,59156,17.6902
chrUn_KN707902v1_decoy,62973,21.5587
chrUn_KN707903v1_decoy,116684,17.7304
chrUn_KN707904v1_decoy,105114,26.4904
chrUn_KN707905v1_decoy,375337,160.469
chrUn_KN707906v1_decoy,0,0
chrUn_KN707907v1_decoy,0,0
chrUn_KN707908v1_decoy,0,0
chrUn_KN707909v1_decoy,7904,4.55037
chrUn_KN707910v1_decoy,0,0
chrUn_KN707911v1_decoy,0,0
chrUn_KN707912v1_decoy,273,0.213115
chrUn_KN707913v1_decoy,0,0
chrUn_KN707914v1_decoy,0,0
chrUn_KN707915v1_decoy,112386,44.4741
chrUn_KN707916v1_decoy,145693,44.4864
chrUn_KN707917v1_decoy,0,0
chrUn_KN707918v1_decoy,0,0
chrUn_KN707919v1_decoy,119553,24.6501
chrUn_KN707920v1_decoy,190296,53.096
chrUn_KN707921v1_decoy,46376,18.1086
chrUn_KN707922v1_decoy,67906,22.3302
chrUn_KN707923v1_decoy,47088,33.4194
chrUn_KN707924v1_decoy,298,0.064839
chrUn_KN707925v1_decoy,299,0.0258762
chrUn_KN707926v1_decoy,255,0.201422
chrUn_KN707927v1_decoy,0,0
chrUn_KN707928v1_decoy,0,0
chrUn_KN707929v1_decoy,57,0.0464927
chrUn_KN707930v1_decoy,0,0
chrUn_KN707931v1_decoy,0,0
chrUn_KN707932v1_decoy,38437,35.4585
chrUn_KN707933v1_decoy,77631,38.0918
chrUn_KN707934v1_decoy,40844,38.172
chrUn_KN707935v1_decoy,49155,37.4657
chrUn_KN707936v1_decoy,157073,38.9663
chrUn_KN707937v1_decoy,146904,19.7319
chrUn_KN707938v1_decoy,42848,24.2079
chrUn_KN707939v1_decoy,231352,41.3129
chrUn_KN707940v1_decoy,24369,12.9485
chrUn_KN707941v1_decoy,24020,20.5299
chrUn_KN707942v1_decoy,26503,20.3869
chrUn_KN707943v1_decoy,0,0
chrUn_KN707944v1_decoy,17845,8.7347
chrUn_KN707945v1_decoy,9227,8.60728
chrUn_KN707946v1_decoy,31919,12.9594
chrUn_KN707947v1_decoy,235,0.232673
chrUn_KN707948v1_decoy,26571,18.5552
chrUn_KN707949v1_decoy,19725,16.975
chrUn_KN707950v1_decoy,13673,12.4868
chrUn_KN707951v1_decoy,46500,41.5921
chrUn_KN707952v1_decoy,79504,57.4866
chrUn_KN707953v1_decoy,37543,16.4015
chrUn_KN707954v1_decoy,57822,35.0862
chrUn_KN707955v1_decoy,98665,44.7867
chrUn_KN707956v1_decoy,437,0.133639
chrUn_KN707957v1_decoy,265755,23.1111
chrUn_KN707958v1_decoy,47075,19.0279
chrUn_KN707959v1_decoy,86976,37.9146
chrUn_KN707960v1_decoy,49307,39.8279
chrUn_KN707961v1_decoy,130682,38.3232
chrUn_KN707962v1_decoy,48166,31.6257
chrUn_KN707963v1_decoy,4082288,64.8445
chrUn_KN707964v1_decoy,168904,26.887
chrUn_KN707965v1_decoy,108642,28.3217
chrUn_KN707966v1_decoy,373611,57.6027
chrUn_KN707967v1_decoy,810372,52.7311
chrUn_KN707968v1_decoy,582234,60.8268
chrUn_KN707969v1_decoy,433969,67.6702
chrUn_KN707970v1_decoy,236531,57.6343
chrUn_KN707971v1_decoy,740753,57.2319
chrUn_KN707972v1_decoy,360837,77.5994
chrUn_KN707973v1_decoy,0,0
chrUn_KN707974v1_decoy,4851,1.54786
chrUn_KN707975v1_decoy,87571,14.0993
chrUn_KN707976v1_decoy,8617,7.65275
chrUn_KN707977v1_decoy,0,0
chrUn_KN707978v1_decoy,54424,49.4314
chrUn_KN707979v1_decoy,117950,44.5431
chrUn_KN707980v1_decoy,263473,88.6219
chrUn_KN707981v1_decoy,70742,28.0722
chrUn_KN707982v1_decoy,121497,52.4146
chrUn_KN707983v1_decoy,79671,30.5721
chrUn_KN707984v1_decoy,79063,35.8562
chrUn_KN707985v1_decoy,240866,82.2349
chrUn_KN707986v1_decoy,390658,100.971
chrUn_KN707987v1_decoy,33336,29.8442
chrUn_KN707988v1_decoy,122177,41.276
chrUn_KN707989v1_decoy,38530,38.1863
chrUn_KN707990v1_decoy,152291,37.6213
chrUn_KN707991v1_decoy,76771,35.0073
chrUn_KN707992v1_decoy,62820,34.3279
chrUn_JTFH01000001v1_decoy,1113659,44.3001
chrUn_JTFH01000002v1_decoy,789887,42.6229
chrUn_JTFH01000003v1_decoy,687945,45.1407
chrUn_JTFH01000004v1_decoy,631818,45.9872
chrUn_JTFH01000005v1_decoy,233847,20.6999
chrUn_JTFH01000006v1_decoy,0,0
chrUn_JTFH01000007v1_decoy,19372,1.95855
chrUn_JTFH01000008v1_decoy,375919,38.4611
chrUn_JTFH01000009v1_decoy,19883,2.0441
chrUn_JTFH01000010v1_decoy,377451,40.3346
chrUn_JTFH01000011v1_decoy,0,0
chrUn_JTFH01000012v1_decoy,0,0
chrUn_JTFH01000013v1_decoy,371900,44.7425
chrUn_JTFH01000014v1_decoy,0,0
chrUn_JTFH01000015v1_decoy,143185,17.6098
chrUn_JTFH01000016v1_decoy,164077,20.3797
chrUn_JTFH01000017v1_decoy,325417,41.5497
chrUn_JTFH01000018v1_decoy,294678,38.2202
chrUn_JTFH01000019v1_decoy,0,0
chrUn_JTFH01000020v1_decoy,331714,44.3527
chrUn_JTFH01000021v1_decoy,0,0
chrUn_JTFH01000022v1_decoy,324228,45.2706
chrUn_JTFH01000023v1_decoy,315281,44.6258
chrUn_JTFH01000024v1_decoy,0,0
chrUn_JTFH01000025v1_decoy,190,0.0271545
chrUn_JTFH01000026v1_decoy,0,0
chrUn_JTFH01000027v1_decoy,148662,21.3013
chrUn_JTFH01000028v1_decoy,0,0
chrUn_JTFH01000029v1_decoy,156342,23.9605
chrUn_JTFH01000030v1_decoy,271250,43.4278
chrUn_JTFH01000031v1_decoy,246413,41.5817
chrUn_JTFH01000032v1_decoy,0,0
chrUn_JTFH01000033v1_decoy,217825,36.932
chrUn_JTFH01000034v1_decoy,0,0
chrUn_JTFH01000035v1_decoy,0,0
chrUn_JTFH01000036v1_decoy,0,0
chrUn_JTFH01000037v1_decoy,0,0
chrUn_JTFH01000038v1_decoy,0,0
chrUn_JTFH01000039v1_decoy,0,0
chrUn_JTFH01000040v1_decoy,0,0
chrUn_JTFH01000041v1_decoy,58746,11.4783
chrUn_JTFH01000042v1_decoy,0,0
chrUn_JTFH01000043v1_decoy,0,0
chrUn_JTFH01000044v1_decoy,190340,39.2211
chrUn_JTFH01000045v1_decoy,188140,38.9685
chrUn_JTFH01000046v1_decoy,0,0
chrUn_JTFH01000047v1_decoy,0,0
chrUn_JTFH01000048v1_decoy,224657,47.6979
chrUn_JTFH01000049v1_decoy,0,0
chrUn_JTFH01000050v1_decoy,98193,21.1395
chrUn_JTFH01000051v1_decoy,0,0
chrUn_JTFH01000052v1_decoy,52908,11.9189
chrUn_JTFH01000053v1_decoy,0,0
chrUn_JTFH01000054v1_decoy,219530,49.7913
chrUn_JTFH01000055v1_decoy,0,0
chrUn_JTFH01000056v1_decoy,0,0
chrUn_JTFH01000057v1_decoy,0,0
chrUn_JTFH01000058v1_decoy,24243,5.65105
chrUn_JTFH01000059v1_decoy,173015,40.7862
chrUn_JTFH01000060v1_decoy,202870,47.9825
chrUn_JTFH01000061v1_decoy,166413,39.4157
chrUn_JTFH01000062v1_decoy,0,0
chrUn_JTFH01000063v1_decoy,156983,37.2881
chrUn_JTFH01000064v1_decoy,138730,32.9838
chrUn_JTFH01000065v1_decoy,0,0
chrUn_JTFH01000066v1_decoy,165946,40.4648
chrUn_JTFH01000067v1_decoy,0,0
chrUn_JTFH01000068v1_decoy,72553,18.2891
chrUn_JTFH01000069v1_decoy,0,0
chrUn_JTFH01000070v1_decoy,0,0
chrUn_JTFH01000071v1_decoy,6590,1.67684
chrUn_JTFH01000072v1_decoy,25482,6.48562
chrUn_JTFH01000073v1_decoy,0,0
chrUn_JTFH01000074v1_decoy,196186,50.0602
chrUn_JTFH01000075v1_decoy,0,0
chrUn_JTFH01000076v1_decoy,49,0.0125899
chrUn_JTFH01000077v1_decoy,0,0
chrUn_JTFH01000078v1_decoy,0,0
chrUn_JTFH01000079v1_decoy,135343,35.1906
chrUn_JTFH01000080v1_decoy,0,0
chrUn_JTFH01000081v1_decoy,79209,20.6812
chrUn_JTFH01000082v1_decoy,0,0
chrUn_JTFH01000083v1_decoy,146740,38.3634
chrUn_JTFH01000084v1_decoy,0,0
chrUn_JTFH01000085v1_decoy,0,0
chrUn_JTFH01000086v1_decoy,93821,24.6832
chrUn_JTFH01000087v1_decoy,70736,18.6196
chrUn_JTFH01000088v1_decoy,0,0
chrUn_JTFH01000089v1_decoy,20048,5.41691
chrUn_JTFH01000090v1_decoy,81679,22.0873
chrUn_JTFH01000091v1_decoy,83,0.022481
chrUn_JTFH01000092v1_decoy,0,0
chrUn_JTFH01000093v1_decoy,135034,36.724
chrUn_JTFH01000094v1_decoy,79377,21.664
chrUn_JTFH01000095v1_decoy,7675,2.12427
chrUn_JTFH01000096v1_decoy,15192,4.20714
chrUn_JTFH01000097v1_decoy,134490,37.2962
chrUn_JTFH01000098v1_decoy,0,0
chrUn_JTFH01000099v1_decoy,78691,21.9746
chrUn_JTFH01000100v1_decoy,0,0
chrUn_JTFH01000101v1_decoy,6991,1.98158
chrUn_JTFH01000102v1_decoy,73565,20.8577
chrUn_JTFH01000103v1_decoy,79011,22.6004
chrUn_JTFH01000104v1_decoy,0,0
chrUn_JTFH01000105v1_decoy,126284,36.2468
chrUn_JTFH01000106v1_decoy,64345,18.7322
chrUn_JTFH01000107v1_decoy,155256,45.7847
chrUn_JTFH01000108v1_decoy,0,0
chrUn_JTFH01000109v1_decoy,68890,20.4361
chrUn_JTFH01000110v1_decoy,109829,32.6775
chrUn_JTFH01000111v1_decoy,44071,13.1516
chrUn_JTFH01000112v1_decoy,0,0
chrUn_JTFH01000113v1_decoy,126874,38.2151
chrUn_JTFH01000114v1_decoy,172481,52.5536
chrUn_JTFH01000115v1_decoy,120919,36.888
chrUn_JTFH01000116v1_decoy,67723,20.7739
chrUn_JTFH01000117v1_decoy,160250,49.1866
chrUn_JTFH01000118v1_decoy,23071,7.09222
chrUn_JTFH01000119v1_decoy,157,0.0483523
chrUn_JTFH01000120v1_decoy,0,0
chrUn_JTFH01000121v1_decoy,0,0
chrUn_JTFH01000122v1_decoy,0,0
chrUn_JTFH01000123v1_decoy,14599,4.54514
chrUn_JTFH01000124v1_decoy,30736,9.62304
chrUn_JTFH01000125v1_decoy,158163,49.5964
chrUn_JTFH01000126v1_decoy,96,0.0302172
chrUn_JTFH01000127v1_decoy,65820,20.7242
chrUn_JTFH01000128v1_decoy,0,0
chrUn_JTFH01000129v1_decoy,17809,5.61798
chrUn_JTFH01000130v1_decoy,0,0
chrUn_JTFH01000131v1_decoy,0,0
chrUn_JTFH01000132v1_decoy,7177,2.28349
chrUn_JTFH01000133v1_decoy,0,0
chrUn_JTFH01000134v1_decoy,0,0
chrUn_JTFH01000135v1_decoy,27259,8.77624
chrUn_JTFH01000136v1_decoy,64677,20.9108
chrUn_JTFH01000137v1_decoy,17001,5.5216
chrUn_JTFH01000138v1_decoy,0,0
chrUn_JTFH01000139v1_decoy,0,0
chrUn_JTFH01000140v1_decoy,5297,1.75688
chrUn_JTFH01000141v1_decoy,111389,36.9817
chrUn_JTFH01000142v1_decoy,114832,38.1628
chrUn_JTFH01000143v1_decoy,0,0
chrUn_JTFH01000144v1_decoy,57489,19.1822
chrUn_JTFH01000145v1_decoy,8974,3.00838
chrUn_JTFH01000146v1_decoy,58043,19.4841
chrUn_JTFH01000147v1_decoy,69803,23.5265
chrUn_JTFH01000148v1_decoy,0,0
chrUn_JTFH01000149v1_decoy,0,0
chrUn_JTFH01000150v1_decoy,1520,0.514557
chrUn_JTFH01000151v1_decoy,45519,15.4197
chrUn_JTFH01000152v1_decoy,50327,17.153
chrUn_JTFH01000153v1_decoy,71344,24.4496
chrUn_JTFH01000154v1_decoy,28948,9.99931
chrUn_JTFH01000155v1_decoy,144043,49.8937
chrUn_JTFH01000156v1_decoy,107755,37.4279
chrUn_JTFH01000157v1_decoy,119912,41.665
chrUn_JTFH01000158v1_decoy,53060,18.4749
chrUn_JTFH01000159v1_decoy,0,0
chrUn_JTFH01000160v1_decoy,0,0
chrUn_JTFH01000161v1_decoy,112915,39.4119
chrUn_JTFH01000162v1_decoy,107162,37.4169
chrUn_JTFH01000163v1_decoy,141484,49.4872
chrUn_JTFH01000164v1_decoy,176561,61.8644
chrUn_JTFH01000165v1_decoy,104440,36.9046
chrUn_JTFH01000166v1_decoy,49418,17.4745
chrUn_JTFH01000167v1_decoy,123700,43.8031
chrUn_JTFH01000168v1_decoy,136326,48.3597
chrUn_JTFH01000169v1_decoy,9303,3.30715
chrUn_JTFH01000170v1_decoy,0,0
chrUn_JTFH01000171v1_decoy,0,0
chrUn_JTFH01000172v1_decoy,0,0
chrUn_JTFH01000173v1_decoy,23,0.00826446
chrUn_JTFH01000174v1_decoy,29505,10.621
chrUn_JTFH01000175v1_decoy,0,0
chrUn_JTFH01000176v1_decoy,0,0
chrUn_JTFH01000177v1_decoy,59139,21.3575
chrUn_JTFH01000178v1_decoy,131498,47.5237
chrUn_JTFH01000179v1_decoy,0,0
chrUn_JTFH01000180v1_decoy,114163,41.5894
chrUn_JTFH01000181v1_decoy,217,0.0791393
chrUn_JTFH01000182v1_decoy,19593,7.16118
chrUn_JTFH01000183v1_decoy,52322,19.1726
chrUn_JTFH01000184v1_decoy,190,0.0696992
chrUn_JTFH01000185v1_decoy,5164,1.89923
chrUn_JTFH01000186v1_decoy,0,0
chrUn_JTFH01000187v1_decoy,53713,19.8349
chrUn_JTFH01000188v1_decoy,59292,21.9275
chrUn_JTFH01000189v1_decoy,0,0
chrUn_JTFH01000190v1_decoy,25876,9.61576
chrUn_JTFH01000191v1_decoy,5111,1.9
chrUn_JTFH01000192v1_decoy,100359,37.3498
chrUn_JTFH01000193v1_decoy,0,0
chrUn_JTFH01000194v1_decoy,44505,16.681
chrUn_JTFH01000195v1_decoy,99249,37.1998
chrUn_JTFH01000196v1_decoy,212701,79.8727
chrUn_JTFH01000197v1_decoy,45913,17.293
chrUn_JTFH01000198v1_decoy,0,0
chrUn_JTFH01000199v1_decoy,105065,39.7672
chrUn_JTFH01000200v1_decoy,0,0
chrUn_JTFH01000201v1_decoy,0,0
chrUn_JTFH01000202v1_decoy,0,0
chrUn_JTFH01000203v1_decoy,90324,34.4354
chrUn_JTFH01000204v1_decoy,301,0.114798
chrUn_JTFH01000205v1_decoy,48834,18.646
chrUn_JTFH01000206v1_decoy,50897,19.5382
chrUn_JTFH01000207v1_decoy,50478,19.3922
chrUn_JTFH01000208v1_decoy,122518,47.1042
chrUn_JTFH01000209v1_decoy,0,0
chrUn_JTFH01000210v1_decoy,0,0
chrUn_JTFH01000211v1_decoy,0,0
chrUn_JTFH01000212v1_decoy,7215,2.78142
chrUn_JTFH01000213v1_decoy,0,0
chrUn_JTFH01000214v1_decoy,229,0.088588
chrUn_JTFH01000215v1_decoy,116802,45.2195
chrUn_JTFH01000216v1_decoy,100437,38.9593
chrUn_JTFH01000217v1_decoy,0,0
chrUn_JTFH01000218v1_decoy,49492,19.2651
chrUn_JTFH01000219v1_decoy,0,0
chrUn_JTFH01000220v1_decoy,0,0
chrUn_JTFH01000221v1_decoy,0,0
chrUn_JTFH01000222v1_decoy,39591,15.5503
chrUn_JTFH01000223v1_decoy,204,0.0801572
chrUn_JTFH01000224v1_decoy,0,0
chrUn_JTFH01000225v1_decoy,146048,57.6581
chrUn_JTFH01000226v1_decoy,61,0.0241872
chrUn_JTFH01000227v1_decoy,140,0.0555115
chrUn_JTFH01000228v1_decoy,84348,33.538
chrUn_JTFH01000229v1_decoy,0,0
chrUn_JTFH01000230v1_decoy,44443,17.7276
chrUn_JTFH01000231v1_decoy,0,0
chrUn_JTFH01000232v1_decoy,59116,23.6748
chrUn_JTFH01000233v1_decoy,0,0
chrUn_JTFH01000234v1_decoy,175948,71.3785
chrUn_JTFH01000235v1_decoy,0,0
chrUn_JTFH01000236v1_decoy,7374,2.99878
chrUn_JTFH01000237v1_decoy,0,0
chrUn_JTFH01000238v1_decoy,0,0
chrUn_JTFH01000239v1_decoy,24,0.00985626
chrUn_JTFH01000240v1_decoy,0,0
chrUn_JTFH01000241v1_decoy,24141,9.9264
chrUn_JTFH01000242v1_decoy,54444,22.4326
chrUn_JTFH01000243v1_decoy,77601,32.0533
chrUn_JTFH01000244v1_decoy,110596,45.7008
chrUn_JTFH01000245v1_decoy,114045,47.2432
chrUn_JTFH01000246v1_decoy,0,0
chrUn_JTFH01000247v1_decoy,6741,2.80524
chrUn_JTFH01000248v1_decoy,116431,48.4725
chrUn_JTFH01000249v1_decoy,99407,41.4714
chrUn_JTFH01000250v1_decoy,0,0
chrUn_JTFH01000251v1_decoy,0,0
chrUn_JTFH01000252v1_decoy,0,0
chrUn_JTFH01000253v1_decoy,46848,19.6675
chrUn_JTFH01000254v1_decoy,23916,10.0445
chrUn_JTFH01000255v1_decoy,42758,17.9655
chrUn_JTFH01000256v1_decoy,48401,20.4396
chrUn_JTFH01000257v1_decoy,2090,0.884095
chrUn_JTFH01000258v1_decoy,6852,2.8997
chrUn_JTFH01000259v1_decoy,0,0
chrUn_JTFH01000260v1_decoy,98248,42.0043
chrUn_JTFH01000261v1_decoy,0,0
chrUn_JTFH01000262v1_decoy,48841,20.9438
chrUn_JTFH01000263v1_decoy,82926,35.5753
chrUn_JTFH01000264v1_decoy,35154,15.0876
chrUn_JTFH01000265v1_decoy,0,0
chrUn_JTFH01000266v1_decoy,0,0
chrUn_JTFH01000267v1_decoy,103656,44.7952
chrUn_JTFH01000268v1_decoy,0,0
chrUn_JTFH01000269v1_decoy,106636,46.2428
chrUn_JTFH01000270v1_decoy,44346,19.3145
chrUn_JTFH01000271v1_decoy,87987,38.4727
chrUn_JTFH01000272v1_decoy,29369,12.8868
chrUn_JTFH01000273v1_decoy,169260,74.3673
chrUn_JTFH01000274v1_decoy,95457,41.996
chrUn_JTFH01000275v1_decoy,0,0
chrUn_JTFH01000276v1_decoy,0,0
chrUn_JTFH01000277v1_decoy,51872,23.0337
chrUn_JTFH01000278v1_decoy,0,0
chrUn_JTFH01000279v1_decoy,0,0
chrUn_JTFH01000280v1_decoy,93980,42.2762
chrUn_JTFH01000281v1_decoy,56241,25.3338
chrUn_JTFH01000282v1_decoy,0,0
chrUn_JTFH01000283v1_decoy,34925,15.7675
chrUn_JTFH01000284v1_decoy,0,0
chrUn_JTFH01000285v1_decoy,38311,17.3904
chrUn_JTFH01000286v1_decoy,0,0
chrUn_JTFH01000287v1_decoy,41177,18.7424
chrUn_JTFH01000288v1_decoy,186053,84.8008
chrUn_JTFH01000289v1_decoy,0,0
chrUn_JTFH01000290v1_decoy,0,0
chrUn_JTFH01000291v1_decoy,76631,35.2003
chrUn_JTFH01000292v1_decoy,83874,38.5273
chrUn_JTFH01000293v1_decoy,81758,37.5554
chrUn_JTFH01000294v1_decoy,41960,19.3542
chrUn_JTFH01000295v1_decoy,53169,24.6153
chrUn_JTFH01000296v1_decoy,0,0
chrUn_JTFH01000297v1_decoy,149359,69.6637
chrUn_JTFH01000298v1_decoy,100823,47.0476
chrUn_JTFH01000299v1_decoy,84254,39.4448
chrUn_JTFH01000300v1_decoy,0,0
chrUn_JTFH01000301v1_decoy,48387,22.7276
chrUn_JTFH01000302v1_decoy,77364,36.3553
chrUn_JTFH01000303v1_decoy,99008,46.592
chrUn_JTFH01000304v1_decoy,19807,9.32094
chrUn_JTFH01000305v1_decoy,42838,20.1876
chrUn_JTFH01000306v1_decoy,137820,65.2866
chrUn_JTFH01000307v1_decoy,97909,46.4905
chrUn_JTFH01000308v1_decoy,77171,36.8534
chrUn_JTFH01000309v1_decoy,0,0
chrUn_JTFH01000310v1_decoy,0,0
chrUn_JTFH01000311v1_decoy,0,0
chrUn_JTFH01000312v1_decoy,48048,23.0336
chrUn_JTFH01000313v1_decoy,43885,21.0581
chrUn_JTFH01000314v1_decoy,0,0
chrUn_JTFH01000315v1_decoy,72385,34.8172
chrUn_JTFH01000316v1_decoy,80748,38.896
chrUn_JTFH01000317v1_decoy,12384,5.97972
chrUn_JTFH01000318v1_decoy,85084,41.183
chrUn_JTFH01000319v1_decoy,124285,60.3032
chrUn_JTFH01000320v1_decoy,0,0
chrUn_JTFH01000321v1_decoy,0,0
chrUn_JTFH01000322v1_decoy,0,0
chrUn_JTFH01000323v1_decoy,136307,66.9484
chrUn_JTFH01000324v1_decoy,67647,33.2418
chrUn_JTFH01000325v1_decoy,78811,38.7468
chrUn_JTFH01000326v1_decoy,89227,43.9109
chrUn_JTFH01000327v1_decoy,0,0
chrUn_JTFH01000328v1_decoy,0,0
chrUn_JTFH01000329v1_decoy,54397,26.9159
chrUn_JTFH01000330v1_decoy,0,0
chrUn_JTFH01000331v1_decoy,40910,20.3027
chrUn_JTFH01000332v1_decoy,99256,49.4057
chrUn_JTFH01000333v1_decoy,786,0.391629
chrUn_JTFH01000334v1_decoy,77360,38.5835
chrUn_JTFH01000335v1_decoy,0,0
chrUn_JTFH01000336v1_decoy,40646,20.3128
chrUn_JTFH01000337v1_decoy,38420,19.2004
chrUn_JTFH01000338v1_decoy,0,0
chrUn_JTFH01000339v1_decoy,75627,37.8893
chrUn_JTFH01000340v1_decoy,0,0
chrUn_JTFH01000341v1_decoy,76490,38.534
chrUn_JTFH01000342v1_decoy,86368,43.5982
chrUn_JTFH01000343v1_decoy,2707,1.36925
chrUn_JTFH01000344v1_decoy,97413,49.4231
chrUn_JTFH01000345v1_decoy,39147,19.8918
chrUn_JTFH01000346v1_decoy,86959,44.3216
chrUn_JTFH01000347v1_decoy,32992,16.8241
chrUn_JTFH01000348v1_decoy,78424,40.0122
chrUn_JTFH01000349v1_decoy,25216,12.8653
chrUn_JTFH01000350v1_decoy,86010,44.0174
chrUn_JTFH01000351v1_decoy,86984,44.5615
chrUn_JTFH01000352v1_decoy,84845,43.5773
chrUn_JTFH01000353v1_decoy,0,0
chrUn_JTFH01000354v1_decoy,39623,20.3927
chrUn_JTFH01000355v1_decoy,0,0
chrUn_JTFH01000356v1_decoy,0,0
chrUn_JTFH01000357v1_decoy,96950,50.1293
chrUn_JTFH01000358v1_decoy,78616,40.7548
chrUn_JTFH01000359v1_decoy,0,0
chrUn_JTFH01000360v1_decoy,89919,46.7354
chrUn_JTFH01000361v1_decoy,251,0.130525
chrUn_JTFH01000362v1_decoy,0,0
chrUn_JTFH01000363v1_decoy,0,0
chrUn_JTFH01000364v1_decoy,0,0
chrUn_JTFH01000365v1_decoy,0,0
chrUn_JTFH01000366v1_decoy,41592,21.7304
chrUn_JTFH01000367v1_decoy,0,0
chrUn_JTFH01000368v1_decoy,90736,47.5058
chrUn_JTFH01000369v1_decoy,0,0
chrUn_JTFH01000370v1_decoy,309,0.16229
chrUn_JTFH01000371v1_decoy,88492,46.6484
chrUn_JTFH01000372v1_decoy,0,0
chrUn_JTFH01000373v1_decoy,0,0
chrUn_JTFH01000374v1_decoy,0,0
chrUn_JTFH01000375v1_decoy,0,0
chrUn_JTFH01000376v1_decoy,0,0
chrUn_JTFH01000377v1_decoy,19777,10.5141
chrUn_JTFH01000378v1_decoy,0,0
chrUn_JTFH01000379v1_decoy,35417,18.8689
chrUn_JTFH01000380v1_decoy,83487,44.5027
chrUn_JTFH01000381v1_decoy,82324,43.8827
chrUn_JTFH01000382v1_decoy,0,0
chrUn_JTFH01000383v1_decoy,0,0
chrUn_JTFH01000384v1_decoy,43177,23.1017
chrUn_JTFH01000385v1_decoy,0,0
chrUn_JTFH01000386v1_decoy,870,0.466488
chrUn_JTFH01000387v1_decoy,0,0
chrUn_JTFH01000388v1_decoy,0,0
chrUn_JTFH01000389v1_decoy,0,0
chrUn_JTFH01000390v1_decoy,0,0
chrUn_JTFH01000391v1_decoy,0,0
chrUn_JTFH01000392v1_decoy,33893,18.2613
chrUn_JTFH01000393v1_decoy,0,0
chrUn_JTFH01000394v1_decoy,93156,50.246
chrUn_JTFH01000395v1_decoy,62873,33.9854
chrUn_JTFH01000396v1_decoy,61268,33.1357
chrUn_JTFH01000397v1_decoy,38647,20.9016
chrUn_JTFH01000398v1_decoy,39302,21.2788
chrUn_JTFH01000399v1_decoy,147032,79.9521
chrUn_JTFH01000400v1_decoy,71470,38.9695
chrUn_JTFH01000401v1_decoy,8890,4.88193
chrUn_JTFH01000402v1_decoy,64208,35.3763
chrUn_JTFH01000403v1_decoy,32147,17.751
chrUn_JTFH01000404v1_decoy,0,0
chrUn_JTFH01000405v1_decoy,74944,41.4513
chrUn_JTFH01000406v1_decoy,0,0
chrUn_JTFH01000407v1_decoy,0,0
chrUn_JTFH01000408v1_decoy,0,0
chrUn_JTFH01000409v1_decoy,76567,42.5136
chrUn_JTFH01000410v1_decoy,98050,54.4722
chrUn_JTFH01000411v1_decoy,249174,138.816
chrUn_JTFH01000412v1_decoy,116482,64.9286
chrUn_JTFH01000413v1_decoy,0,0
chrUn_JTFH01000414v1_decoy,65,0.0363535
chrUn_JTFH01000415v1_decoy,0,0
chrUn_JTFH01000416v1_decoy,0,0
chrUn_JTFH01000417v1_decoy,11089,6.22278
chrUn_JTFH01000418v1_decoy,72253,40.5688
chrUn_JTFH01000419v1_decoy,42943,24.1117
chrUn_JTFH01000420v1_decoy,64974,36.5228
chrUn_JTFH01000421v1_decoy,0,0
chrUn_JTFH01000422v1_decoy,0,0
chrUn_JTFH01000423v1_decoy,905,0.513621
chrUn_JTFH01000424v1_decoy,72427,41.2689
chrUn_JTFH01000425v1_decoy,9501,5.43225
chrUn_JTFH01000426v1_decoy,91159,52.1803
chrUn_JTFH01000427v1_decoy,114863,65.7864
chrUn_JTFH01000428v1_decoy,0,0
chrUn_JTFH01000429v1_decoy,37862,21.7099
chrUn_JTFH01000430v1_decoy,607,0.34845
chrUn_JTFH01000431v1_decoy,71,0.0408046
chrUn_JTFH01000432v1_decoy,31886,18.3253
chrUn_JTFH01000433v1_decoy,31368,18.0691
chrUn_JTFH01000434v1_decoy,88404,50.9533
chrUn_JTFH01000435v1_decoy,0,0
chrUn_JTFH01000436v1_decoy,0,0
chrUn_JTFH01000437v1_decoy,56396,32.5988
chrUn_JTFH01000438v1_decoy,28881,16.7232
chrUn_JTFH01000439v1_decoy,69762,40.5122
chrUn_JTFH01000440v1_decoy,0,0
chrUn_JTFH01000441v1_decoy,0,0
chrUn_JTFH01000442v1_decoy,1329,0.777193
chrUn_JTFH01000443v1_decoy,0,0
chrUn_JTFH01000444v1_decoy,67445,39.5108
chrUn_JTFH01000445v1_decoy,64695,37.922
chrUn_JTFH01000446v1_decoy,0,0
chrUn_JTFH01000447v1_decoy,66480,39.0141
chrUn_JTFH01000448v1_decoy,0,0
chrUn_JTFH01000449v1_decoy,76439,45.0171
chrUn_JTFH01000450v1_decoy,34408,20.2758
chrUn_JTFH01000451v1_decoy,141257,83.2392
chrUn_JTFH01000452v1_decoy,26248,15.4855
chrUn_JTFH01000453v1_decoy,0,0
chrUn_JTFH01000454v1_decoy,31927,18.8582
chrUn_JTFH01000455v1_decoy,0,0
chrUn_JTFH01000456v1_decoy,42894,25.4413
chrUn_JTFH01000457v1_decoy,85139,50.678
chrUn_JTFH01000458v1_decoy,160865,95.81
chrUn_JTFH01000459v1_decoy,49122,29.2567
chrUn_JTFH01000460v1_decoy,58291,34.7384
chrUn_JTFH01000461v1_decoy,17164,10.2533
chrUn_JTFH01000462v1_decoy,0,0
chrUn_JTFH01000463v1_decoy,0,0
chrUn_JTFH01000464v1_decoy,20529,12.3002
chrUn_JTFH01000465v1_decoy,77918,46.7976
chrUn_JTFH01000466v1_decoy,136977,82.3674
chrUn_JTFH01000467v1_decoy,60540,36.5359
chrUn_JTFH01000468v1_decoy,0,0
chrUn_JTFH01000469v1_decoy,0,0
chrUn_JTFH01000470v1_decoy,28218,17.1018
chrUn_JTFH01000471v1_decoy,8799,5.33596
chrUn_JTFH01000472v1_decoy,31046,18.8272
chrUn_JTFH01000473v1_decoy,41915,25.5579
chrUn_JTFH01000474v1_decoy,0,0
chrUn_JTFH01000475v1_decoy,30559,18.6791
chrUn_JTFH01000476v1_decoy,26718,16.3713
chrUn_JTFH01000477v1_decoy,4598,2.81913
chrUn_JTFH01000478v1_decoy,0,0
chrUn_JTFH01000479v1_decoy,223,0.137062
chrUn_JTFH01000480v1_decoy,41916,25.8103
chrUn_JTFH01000481v1_decoy,41489,25.658
chrUn_JTFH01000482v1_decoy,30444,18.8391
chrUn_JTFH01000483v1_decoy,0,0
chrUn_JTFH01000484v1_decoy,32599,20.2353
chrUn_JTFH01000485v1_decoy,37865,23.504
chrUn_JTFH01000486v1_decoy,38180,23.7733
chrUn_JTFH01000487v1_decoy,27556,17.1688
chrUn_JTFH01000488v1_decoy,0,0
chrUn_JTFH01000489v1_decoy,64277,40.1731
chrUn_JTFH01000490v1_decoy,0,0
chrUn_JTFH01000491v1_decoy,75716,47.3817
chrUn_JTFH01000492v1_decoy,41475,25.9706
chrUn_JTFH01000493v1_decoy,193841,121.454
chrUn_JTFH01000494v1_decoy,0,0
chrUn_JTFH01000495v1_decoy,36419,22.8763
chrUn_JTFH01000496v1_decoy,35424,22.2933
chrUn_JTFH01000497v1_decoy,0,0
chrUn_JTFH01000498v1_decoy,0,0
chrUn_JTFH01000499v1_decoy,12413,7.86629
chrUn_JTFH01000500v1_decoy,0,0
chrUn_JTFH01000501v1_decoy,28782,18.2511
chrUn_JTFH01000502v1_decoy,0,0
chrUn_JTFH01000503v1_decoy,36069,22.8864
chrUn_JTFH01000504v1_decoy,164,0.104127
chrUn_JTFH01000505v1_decoy,53768,34.1601
chrUn_JTFH01000506v1_decoy,121708,77.4224
chrUn_JTFH01000507v1_decoy,0,0
chrUn_JTFH01000508v1_decoy,0,0
chrUn_JTFH01000509v1_decoy,0,0
chrUn_JTFH01000510v1_decoy,19991,12.8065
chrUn_JTFH01000511v1_decoy,7728,4.95385
chrUn_JTFH01000512v1_decoy,52478,33.6397
chrUn_JTFH01000513v1_decoy,73470,47.278
chrUn_JTFH01000514v1_decoy,0,0
chrUn_JTFH01000515v1_decoy,0,0
chrUn_JTFH01000516v1_decoy,0,0
chrUn_JTFH01000517v1_decoy,21216,13.7677
chrUn_JTFH01000518v1_decoy,64711,42.1296
chrUn_JTFH01000519v1_decoy,67519,44.0437
chrUn_JTFH01000520v1_decoy,114,0.0744125
chrUn_JTFH01000521v1_decoy,0,0
chrUn_JTFH01000522v1_decoy,0,0
chrUn_JTFH01000523v1_decoy,34125,22.3477
chrUn_JTFH01000524v1_decoy,23727,15.5485
chrUn_JTFH01000525v1_decoy,0,0
chrUn_JTFH01000526v1_decoy,45096,29.61
chrUn_JTFH01000527v1_decoy,0,0
chrUn_JTFH01000528v1_decoy,57072,37.498
chrUn_JTFH01000529v1_decoy,0,0
chrUn_JTFH01000530v1_decoy,63620,41.8828
chrUn_JTFH01000531v1_decoy,0,0
chrUn_JTFH01000532v1_decoy,138,0.0915119
chrUn_JTFH01000533v1_decoy,0,0
chrUn_JTFH01000534v1_decoy,0,0
chrUn_JTFH01000535v1_decoy,0,0
chrUn_JTFH01000536v1_decoy,66776,44.6364
chrUn_JTFH01000537v1_decoy,4312,2.89202
chrUn_JTFH01000538v1_decoy,72506,48.6617
chrUn_JTFH01000539v1_decoy,20962,14.0685
chrUn_JTFH01000540v1_decoy,0,0
chrUn_JTFH01000541v1_decoy,29440,19.8116
chrUn_JTFH01000542v1_decoy,901,0.606734
chrUn_JTFH01000543v1_decoy,6342,4.27358
chrUn_JTFH01000544v1_decoy,59115,39.8618
chrUn_JTFH01000545v1_decoy,92,0.0622042
chrUn_JTFH01000546v1_decoy,3776,2.55308
chrUn_JTFH01000547v1_decoy,0,0
chrUn_JTFH01000548v1_decoy,0,0
chrUn_JTFH01000549v1_decoy,0,0
chrUn_JTFH01000550v1_decoy,0,0
chrUn_JTFH01000551v1_decoy,19959,13.596
chrUn_JTFH01000552v1_decoy,25997,17.7212
chrUn_JTFH01000553v1_decoy,89053,60.787
chrUn_JTFH01000554v1_decoy,58222,39.7691
chrUn_JTFH01000555v1_decoy,0,0
chrUn_JTFH01000556v1_decoy,0,0
chrUn_JTFH01000557v1_decoy,101547,69.6004
chrUn_JTFH01000558v1_decoy,0,0
chrUn_JTFH01000559v1_decoy,154823,106.189
chrUn_JTFH01000560v1_decoy,0,0
chrUn_JTFH01000561v1_decoy,0,0
chrUn_JTFH01000562v1_decoy,0,0
chrUn_JTFH01000563v1_decoy,0,0
chrUn_JTFH01000564v1_decoy,59592,41.1547
chrUn_JTFH01000565v1_decoy,0,0
chrUn_JTFH01000566v1_decoy,0,0
chrUn_JTFH01000567v1_decoy,53106,36.8536
chrUn_JTFH01000568v1_decoy,26572,18.4528
chrUn_JTFH01000569v1_decoy,55473,38.5497
chrUn_JTFH01000570v1_decoy,0,0
chrUn_JTFH01000571v1_decoy,245,0.170613
chrUn_JTFH01000572v1_decoy,16044,11.2274
chrUn_JTFH01000573v1_decoy,1704,1.19244
chrUn_JTFH01000574v1_decoy,783,0.548704
chrUn_JTFH01000575v1_decoy,0,0
chrUn_JTFH01000576v1_decoy,49076,34.4393
chrUn_JTFH01000577v1_decoy,21354,14.9958
chrUn_JTFH01000578v1_decoy,1202,0.844101
chrUn_JTFH01000579v1_decoy,0,0
chrUn_JTFH01000580v1_decoy,0,0
chrUn_JTFH01000581v1_decoy,56958,40.0267
chrUn_JTFH01000582v1_decoy,0,0
chrUn_JTFH01000583v1_decoy,0,0
chrUn_JTFH01000584v1_decoy,0,0
chrUn_JTFH01000585v1_decoy,42285,29.9257
chrUn_JTFH01000586v1_decoy,0,0
chrUn_JTFH01000587v1_decoy,0,0
chrUn_JTFH01000588v1_decoy,0,0
chrUn_JTFH01000589v1_decoy,0,0
chrUn_JTFH01000590v1_decoy,62343,44.3722
chrUn_JTFH01000591v1_decoy,31823,22.6498
chrUn_JTFH01000592v1_decoy,28253,20.1232
chrUn_JTFH01000593v1_decoy,43007,30.6318
chrUn_JTFH01000594v1_decoy,83901,59.8438
chrUn_JTFH01000595v1_decoy,42707,30.4615
chrUn_JTFH01000596v1_decoy,48706,34.7404
chrUn_JTFH01000597v1_decoy,143,0.101997
chrUn_JTFH01000598v1_decoy,78077,55.7693
chrUn_JTFH01000599v1_decoy,0,0
chrUn_JTFH01000600v1_decoy,38112,27.3009
chrUn_JTFH01000601v1_decoy,24921,17.8645
chrUn_JTFH01000602v1_decoy,17574,12.6069
chrUn_JTFH01000603v1_decoy,0,0
chrUn_JTFH01000604v1_decoy,0,0
chrUn_JTFH01000605v1_decoy,47968,34.5342
chrUn_JTFH01000606v1_decoy,25736,18.5284
chrUn_JTFH01000607v1_decoy,47458,34.1916
chrUn_JTFH01000608v1_decoy,0,0
chrUn_JTFH01000609v1_decoy,65908,47.6214
chrUn_JTFH01000610v1_decoy,62618,45.3425
chrUn_JTFH01000611v1_decoy,27154,19.6626
chrUn_JTFH01000612v1_decoy,60635,43.9703
chrUn_JTFH01000613v1_decoy,4084,2.96587
chrUn_JTFH01000614v1_decoy,48709,35.399
chrUn_JTFH01000615v1_decoy,31077,22.585
chrUn_JTFH01000616v1_decoy,53317,38.776
chrUn_JTFH01000617v1_decoy,105041,76.4491
chrUn_JTFH01000618v1_decoy,24956,18.1895
chrUn_JTFH01000619v1_decoy,0,0
chrUn_JTFH01000620v1_decoy,61,0.0445255
chrUn_JTFH01000621v1_decoy,64228,46.8818
chrUn_JTFH01000622v1_decoy,0,0
chrUn_JTFH01000623v1_decoy,49,0.0359501
chrUn_JTFH01000624v1_decoy,47118,34.6456
chrUn_JTFH01000625v1_decoy,0,0
chrUn_JTFH01000626v1_decoy,125755,92.8081
chrUn_JTFH01000627v1_decoy,0,0
chrUn_JTFH01000628v1_decoy,25240,18.6686
chrUn_JTFH01000629v1_decoy,0,0
chrUn_JTFH01000630v1_decoy,0,0
chrUn_JTFH01000631v1_decoy,56819,42.276
chrUn_JTFH01000632v1_decoy,13254,9.8763
chrUn_JTFH01000633v1_decoy,57071,42.5268
chrUn_JTFH01000634v1_decoy,27076,20.2665
chrUn_JTFH01000635v1_decoy,0,0
chrUn_JTFH01000636v1_decoy,0,0
chrUn_JTFH01000637v1_decoy,72803,54.6159
chrUn_JTFH01000638v1_decoy,258,0.193694
chrUn_JTFH01000639v1_decoy,16891,12.7191
chrUn_JTFH01000640v1_decoy,28262,21.2816
chrUn_JTFH01000641v1_decoy,53181,40.0459
chrUn_JTFH01000642v1_decoy,55753,42.0143
chrUn_JTFH01000643v1_decoy,0,0
chrUn_JTFH01000644v1_decoy,36743,27.7935
chrUn_JTFH01000645v1_decoy,0,0
chrUn_JTFH01000646v1_decoy,30508,23.1296
chrUn_JTFH01000647v1_decoy,7929,6.01593
chrUn_JTFH01000648v1_decoy,39293,29.8806
chrUn_JTFH01000649v1_decoy,0,0
chrUn_JTFH01000650v1_decoy,133750,101.866
chrUn_JTFH01000651v1_decoy,47048,35.8324
chrUn_JTFH01000652v1_decoy,27111,20.6639
chrUn_JTFH01000653v1_decoy,0,0
chrUn_JTFH01000654v1_decoy,21231,16.2193
chrUn_JTFH01000655v1_decoy,0,0
chrUn_JTFH01000656v1_decoy,47062,36.0077
chrUn_JTFH01000657v1_decoy,0,0
chrUn_JTFH01000658v1_decoy,18241,13.9778
chrUn_JTFH01000659v1_decoy,0,0
chrUn_JTFH01000660v1_decoy,50579,38.8173
chrUn_JTFH01000661v1_decoy,46560,35.7604
chrUn_JTFH01000662v1_decoy,28062,21.553
chrUn_JTFH01000663v1_decoy,70887,54.4865
chrUn_JTFH01000664v1_decoy,0,0
chrUn_JTFH01000665v1_decoy,13585,10.45
chrUn_JTFH01000666v1_decoy,39876,30.6975
chrUn_JTFH01000667v1_decoy,0,0
chrUn_JTFH01000668v1_decoy,33432,25.8162
chrUn_JTFH01000669v1_decoy,0,0
chrUn_JTFH01000670v1_decoy,47190,36.4965
chrUn_JTFH01000671v1_decoy,0,0
chrUn_JTFH01000672v1_decoy,313412,242.767
chrUn_JTFH01000673v1_decoy,0,0
chrUn_JTFH01000674v1_decoy,0,0
chrUn_JTFH01000675v1_decoy,0,0
chrUn_JTFH01000676v1_decoy,0,0
chrUn_JTFH01000677v1_decoy,37121,28.843
chrUn_JTFH01000678v1_decoy,0,0
chrUn_JTFH01000679v1_decoy,0,0
chrUn_JTFH01000680v1_decoy,0,0
chrUn_JTFH01000681v1_decoy,29151,22.7564
chrUn_JTFH01000682v1_decoy,34024,26.6437
chrUn_JTFH01000683v1_decoy,8498,6.67033
chrUn_JTFH01000684v1_decoy,21452,16.8913
chrUn_JTFH01000685v1_decoy,50292,39.6938
chrUn_JTFH01000686v1_decoy,45614,36.03
chrUn_JTFH01000687v1_decoy,23146,18.3698
chrUn_JTFH01000688v1_decoy,9487,7.53535
chrUn_JTFH01000689v1_decoy,0,0
chrUn_JTFH01000690v1_decoy,0,0
chrUn_JTFH01000691v1_decoy,53960,42.8935
chrUn_JTFH01000692v1_decoy,0,0
chrUn_JTFH01000693v1_decoy,0,0
chrUn_JTFH01000694v1_decoy,53211,42.433
chrUn_JTFH01000695v1_decoy,0,0
chrUn_JTFH01000696v1_decoy,0,0
chrUn_JTFH01000697v1_decoy,0,0
chrUn_JTFH01000698v1_decoy,0,0
chrUn_JTFH01000699v1_decoy,0,0
chrUn_JTFH01000700v1_decoy,2053,1.64503
chrUn_JTFH01000701v1_decoy,20867,16.7338
chrUn_JTFH01000702v1_decoy,19555,15.7448
chrUn_JTFH01000703v1_decoy,51971,41.8446
chrUn_JTFH01000704v1_decoy,0,0
chrUn_JTFH01000705v1_decoy,0,0
chrUn_JTFH01000706v1_decoy,20577,16.581
chrUn_JTFH01000707v1_decoy,0,0
chrUn_JTFH01000708v1_decoy,0,0
chrUn_JTFH01000709v1_decoy,4770,3.8561
chrUn_JTFH01000710v1_decoy,0,0
chrUn_JTFH01000711v1_decoy,0,0
chrUn_JTFH01000712v1_decoy,30382,24.6207
chrUn_JTFH01000713v1_decoy,0,0
chrUn_JTFH01000714v1_decoy,54231,43.9473
chrUn_JTFH01000715v1_decoy,42988,34.8646
chrUn_JTFH01000716v1_decoy,6012,4.87987
chrUn_JTFH01000717v1_decoy,0,0
chrUn_JTFH01000718v1_decoy,0,0
chrUn_JTFH01000719v1_decoy,58646,47.6797
chrUn_JTFH01000720v1_decoy,4847,3.94707
chrUn_JTFH01000721v1_decoy,20170,16.4385
chrUn_JTFH01000722v1_decoy,60121,48.9984
chrUn_JTFH01000723v1_decoy,8666,7.06852
chrUn_JTFH01000724v1_decoy,0,0
chrUn_JTFH01000725v1_decoy,0,0
chrUn_JTFH01000726v1_decoy,0,0
chrUn_JTFH01000727v1_decoy,0,0
chrUn_JTFH01000728v1_decoy,0,0
chrUn_JTFH01000729v1_decoy,43088,35.4051
chrUn_JTFH01000730v1_decoy,33106,27.2253
chrUn_JTFH01000731v1_decoy,0,0
chrUn_JTFH01000732v1_decoy,0,0
chrUn_JTFH01000733v1_decoy,74403,61.2875
chrUn_JTFH01000734v1_decoy,48976,40.3427
chrUn_JTFH01000735v1_decoy,0,0
chrUn_JTFH01000736v1_decoy,0,0
chrUn_JTFH01000737v1_decoy,48502,40.1175
chrUn_JTFH01000738v1_decoy,48295,39.9793
chrUn_JTFH01000739v1_decoy,26817,22.2179
chrUn_JTFH01000740v1_decoy,55780,46.2138
chrUn_JTFH01000741v1_decoy,15860,13.14
chrUn_JTFH01000742v1_decoy,37850,31.3847
chrUn_JTFH01000743v1_decoy,19310,16.0116
chrUn_JTFH01000744v1_decoy,0,0
chrUn_JTFH01000745v1_decoy,0,0
chrUn_JTFH01000746v1_decoy,20714,17.2043
chrUn_JTFH01000747v1_decoy,0,0
chrUn_JTFH01000748v1_decoy,26579,22.0756
chrUn_JTFH01000749v1_decoy,88255,73.3624
chrUn_JTFH01000750v1_decoy,64633,53.816
chrUn_JTFH01000751v1_decoy,0,0
chrUn_JTFH01000752v1_decoy,0,0
chrUn_JTFH01000753v1_decoy,0,0
chrUn_JTFH01000754v1_decoy,0,0
chrUn_JTFH01000755v1_decoy,0,0
chrUn_JTFH01000756v1_decoy,0,0
chrUn_JTFH01000757v1_decoy,0,0
chrUn_JTFH01000758v1_decoy,0,0
chrUn_JTFH01000759v1_decoy,50634,42.407
chrUn_JTFH01000760v1_decoy,26209,21.9506
chrUn_JTFH01000761v1_decoy,0,0
chrUn_JTFH01000762v1_decoy,30425,25.5887
chrUn_JTFH01000763v1_decoy,0,0
chrUn_JTFH01000764v1_decoy,19762,16.6627
chrUn_JTFH01000765v1_decoy,2051,1.73226
chrUn_JTFH01000766v1_decoy,34956,29.5486
chrUn_JTFH01000767v1_decoy,0,0
chrUn_JTFH01000768v1_decoy,0,0
chrUn_JTFH01000769v1_decoy,0,0
chrUn_JTFH01000770v1_decoy,863,0.730737
chrUn_JTFH01000771v1_decoy,55298,46.823
chrUn_JTFH01000772v1_decoy,21968,18.6012
chrUn_JTFH01000773v1_decoy,0,0
chrUn_JTFH01000774v1_decoy,19956,16.9406
chrUn_JTFH01000775v1_decoy,0,0
chrUn_JTFH01000776v1_decoy,0,0
chrUn_JTFH01000777v1_decoy,0,0
chrUn_JTFH01000778v1_decoy,53691,45.8506
chrUn_JTFH01000779v1_decoy,0,0
chrUn_JTFH01000780v1_decoy,48985,41.8318
chrUn_JTFH01000781v1_decoy,0,0
chrUn_JTFH01000782v1_decoy,20337,17.3821
chrUn_JTFH01000783v1_decoy,14115,12.0951
chrUn_JTFH01000784v1_decoy,55264,47.3556
chrUn_JTFH01000785v1_decoy,36542,31.3128
chrUn_JTFH01000786v1_decoy,0,0
chrUn_JTFH01000787v1_decoy,268,0.230043
chrUn_JTFH01000788v1_decoy,54813,47.1713
chrUn_JTFH01000789v1_decoy,51759,44.7355
chrUn_JTFH01000790v1_decoy,0,0
chrUn_JTFH01000791v1_decoy,26395,22.833
chrUn_JTFH01000792v1_decoy,32890,28.5009
chrUn_JTFH01000793v1_decoy,8344,7.2305
chrUn_JTFH01000794v1_decoy,0,0
chrUn_JTFH01000795v1_decoy,37,0.032146
chrUn_JTFH01000796v1_decoy,0,0
chrUn_JTFH01000797v1_decoy,48162,41.88
chrUn_JTFH01000798v1_decoy,49688,43.32
chrUn_JTFH01000799v1_decoy,52645,45.898
chrUn_JTFH01000800v1_decoy,0,0
chrUn_JTFH01000801v1_decoy,32683,28.5691
chrUn_JTFH01000802v1_decoy,60034,52.4773
chrUn_JTFH01000803v1_decoy,0,0
chrUn_JTFH01000804v1_decoy,35038,30.6813
chrUn_JTFH01000805v1_decoy,0,0
chrUn_JTFH01000806v1_decoy,0,0
chrUn_JTFH01000807v1_decoy,0,0
chrUn_JTFH01000808v1_decoy,0,0
chrUn_JTFH01000809v1_decoy,46304,40.8325
chrUn_JTFH01000810v1_decoy,58941,51.9762
chrUn_JTFH01000811v1_decoy,24118,21.3057
chrUn_JTFH01000812v1_decoy,0,0
chrUn_JTFH01000813v1_decoy,13164,11.6393
chrUn_JTFH01000814v1_decoy,0,0
chrUn_JTFH01000815v1_decoy,19900,17.6575
chrUn_JTFH01000816v1_decoy,43854,38.9467
chrUn_JTFH01000817v1_decoy,26937,23.9653
chrUn_JTFH01000818v1_decoy,0,0
chrUn_JTFH01000819v1_decoy,0,0
chrUn_JTFH01000820v1_decoy,0,0
chrUn_JTFH01000821v1_decoy,26850,23.9946
chrUn_JTFH01000822v1_decoy,0,0
chrUn_JTFH01000823v1_decoy,0,0
chrUn_JTFH01000824v1_decoy,16899,15.1019
chrUn_JTFH01000825v1_decoy,2352,2.10376
chrUn_JTFH01000826v1_decoy,23332,20.9068
chrUn_JTFH01000827v1_decoy,14780,13.2437
chrUn_JTFH01000828v1_decoy,0,0
chrUn_JTFH01000829v1_decoy,23248,20.8502
chrUn_JTFH01000830v1_decoy,45010,40.3677
chrUn_JTFH01000831v1_decoy,0,0
chrUn_JTFH01000832v1_decoy,0,0
chrUn_JTFH01000833v1_decoy,24371,21.8967
chrUn_JTFH01000834v1_decoy,41833,37.6874
chrUn_JTFH01000835v1_decoy,19015,17.1306
chrUn_JTFH01000836v1_decoy,49173,44.3399
chrUn_JTFH01000837v1_decoy,21817,19.6904
chrUn_JTFH01000838v1_decoy,41801,37.7606
chrUn_JTFH01000839v1_decoy,15314,13.8338
chrUn_JTFH01000840v1_decoy,41564,37.5465
chrUn_JTFH01000841v1_decoy,34495,31.1608
chrUn_JTFH01000842v1_decoy,0,0
chrUn_JTFH01000843v1_decoy,12886,11.6827
chrUn_JTFH01000844v1_decoy,0,0
chrUn_JTFH01000845v1_decoy,0,0
chrUn_JTFH01000846v1_decoy,0,0
chrUn_JTFH01000847v1_decoy,0,0
chrUn_JTFH01000848v1_decoy,0,0
chrUn_JTFH01000849v1_decoy,0,0
chrUn_JTFH01000850v1_decoy,4127,3.76551
chrUn_JTFH01000851v1_decoy,0,0
chrUn_JTFH01000852v1_decoy,30583,27.9552
chrUn_JTFH01000853v1_decoy,0,0
chrUn_JTFH01000854v1_decoy,33341,30.5881
chrUn_JTFH01000855v1_decoy,43829,40.284
chrUn_JTFH01000856v1_decoy,0,0
chrUn_JTFH01000857v1_decoy,15498,14.2707
chrUn_JTFH01000858v1_decoy,0,0
chrUn_JTFH01000859v1_decoy,0,0
chrUn_JTFH01000860v1_decoy,40666,37.5148
chrUn_JTFH01000861v1_decoy,0,0
chrUn_JTFH01000862v1_decoy,0,0
chrUn_JTFH01000863v1_decoy,0,0
chrUn_JTFH01000864v1_decoy,30572,28.229
chrUn_JTFH01000865v1_decoy,704,0.650647
chrUn_JTFH01000866v1_decoy,45909,42.4298
chrUn_JTFH01000867v1_decoy,22847,21.1351
chrUn_JTFH01000868v1_decoy,21356,19.7558
chrUn_JTFH01000869v1_decoy,36108,33.4643
chrUn_JTFH01000870v1_decoy,29910,27.7974
chrUn_JTFH01000871v1_decoy,51524,47.9739
chrUn_JTFH01000872v1_decoy,122263,113.945
chrUn_JTFH01000873v1_decoy,21043,19.6114
chrUn_JTFH01000874v1_decoy,1153,1.07656
chrUn_JTFH01000875v1_decoy,12058,11.2797
chrUn_JTFH01000876v1_decoy,6267346,5873.8
chrUn_JTFH01000877v1_decoy,0,0
chrUn_JTFH01000878v1_decoy,16824,15.7676
chrUn_JTFH01000879v1_decoy,80942,75.9306
chrUn_JTFH01000880v1_decoy,58646,55.0667
chrUn_JTFH01000881v1_decoy,0,0
chrUn_JTFH01000882v1_decoy,0,0
chrUn_JTFH01000883v1_decoy,0,0
chrUn_JTFH01000884v1_decoy,4906,4.60657
chrUn_JTFH01000885v1_decoy,0,0
chrUn_JTFH01000886v1_decoy,339,0.318609
chrUn_JTFH01000887v1_decoy,0,0
chrUn_JTFH01000888v1_decoy,0,0
chrUn_JTFH01000889v1_decoy,0,0
chrUn_JTFH01000890v1_decoy,73802,69.4934
chrUn_JTFH01000891v1_decoy,39435,37.1328
chrUn_JTFH01000892v1_decoy,0,0
chrUn_JTFH01000893v1_decoy,40437,38.1481
chrUn_JTFH01000894v1_decoy,17534,16.5885
chrUn_JTFH01000895v1_decoy,0,0
chrUn_JTFH01000896v1_decoy,0,0
chrUn_JTFH01000897v1_decoy,20991,19.8967
chrUn_JTFH01000898v1_decoy,20273,19.2161
chrUn_JTFH01000899v1_decoy,42433,40.2209
chrUn_JTFH01000900v1_decoy,52496,49.7592
chrUn_JTFH01000901v1_decoy,46061,43.7011
chrUn_JTFH01000902v1_decoy,22000,20.9324
chrUn_JTFH01000903v1_decoy,1394,1.32762
chrUn_JTFH01000904v1_decoy,0,0
chrUn_JTFH01000905v1_decoy,23945,22.8265
chrUn_JTFH01000906v1_decoy,17831,17.0143
chrUn_JTFH01000907v1_decoy,0,0
chrUn_JTFH01000908v1_decoy,306,0.292543
chrUn_JTFH01000909v1_decoy,21138,20.2084
chrUn_JTFH01000910v1_decoy,46910,44.847
chrUn_JTFH01000911v1_decoy,0,0
chrUn_JTFH01000912v1_decoy,14782,14.1455
chrUn_JTFH01000913v1_decoy,42540,40.7081
chrUn_JTFH01000914v1_decoy,37068,35.5057
chrUn_JTFH01000915v1_decoy,0,0
chrUn_JTFH01000916v1_decoy,0,0
chrUn_JTFH01000917v1_decoy,0,0
chrUn_JTFH01000918v1_decoy,44622,42.9471
chrUn_JTFH01000919v1_decoy,0,0
chrUn_JTFH01000920v1_decoy,0,0
chrUn_JTFH01000921v1_decoy,0,0
chrUn_JTFH01000922v1_decoy,81975,79.2029
chrUn_JTFH01000923v1_decoy,21925,21.1836
chrUn_JTFH01000924v1_decoy,0,0
chrUn_JTFH01000925v1_decoy,0,0
chrUn_JTFH01000926v1_decoy,0,0
chrUn_JTFH01000927v1_decoy,2989,2.89913
chrUn_JTFH01000928v1_decoy,69794,67.6954
chrUn_JTFH01000929v1_decoy,1089,1.06037
chrUn_JTFH01000930v1_decoy,0,0
chrUn_JTFH01000931v1_decoy,31182,30.3918
chrUn_JTFH01000932v1_decoy,15654,15.2573
chrUn_JTFH01000933v1_decoy,519,0.506836
chrUn_JTFH01000934v1_decoy,0,0
chrUn_JTFH01000935v1_decoy,0,0
chrUn_JTFH01000936v1_decoy,40234,39.3679
chrUn_JTFH01000937v1_decoy,32542,31.8727
chrUn_JTFH01000938v1_decoy,0,0
chrUn_JTFH01000939v1_decoy,0,0
chrUn_JTFH01000940v1_decoy,43567,42.7967
chrUn_JTFH01000941v1_decoy,18042,17.723
chrUn_JTFH01000942v1_decoy,39312,38.6169
chrUn_JTFH01000943v1_decoy,183,0.180118
chrUn_JTFH01000944v1_decoy,21631,21.4168
chrUn_JTFH01000945v1_decoy,34584,34.2416
chrUn_JTFH01000946v1_decoy,57502,56.9891
chrUn_JTFH01000947v1_decoy,0,0
chrUn_JTFH01000948v1_decoy,296,0.293942
chrUn_JTFH01000949v1_decoy,0,0
chrUn_JTFH01000950v1_decoy,15880,15.801
chrUn_JTFH01000951v1_decoy,0,0
chrUn_JTFH01000952v1_decoy,44118,43.9422
chrUn_JTFH01000953v1_decoy,0,0
chrUn_JTFH01000954v1_decoy,0,0
chrUn_JTFH01000955v1_decoy,28900,28.8136
chrUn_JTFH01000956v1_decoy,18231,18.1765
chrUn_JTFH01000957v1_decoy,51170,51.0169
chrUn_JTFH01000958v1_decoy,35265,35.1946
chrUn_JTFH01000959v1_decoy,10224,10.2036
chrUn_JTFH01000960v1_decoy,33876,33.876
chrUn_JTFH01000961v1_decoy,0,0
chrUn_JTFH01000962v1_decoy,90699,10.8518
chrUn_JTFH01000963v1_decoy,106223,13.3917
chrUn_JTFH01000964v1_decoy,2442,0.356705
chrUn_JTFH01000965v1_decoy,117049,25.4953
chrUn_JTFH01000966v1_decoy,36068,8.92551
chrUn_JTFH01000967v1_decoy,49027,12.7641
chrUn_JTFH01000968v1_decoy,0,0
chrUn_JTFH01000969v1_decoy,49690,13.2754
chrUn_JTFH01000970v1_decoy,32189,8.69503
chrUn_JTFH01000971v1_decoy,32809,9.05076
chrUn_JTFH01000972v1_decoy,125618,35.5959
chrUn_JTFH01000973v1_decoy,54596,15.5633
chrUn_JTFH01000974v1_decoy,0,0
chrUn_JTFH01000975v1_decoy,63652,19.1723
chrUn_JTFH01000976v1_decoy,0,0
chrUn_JTFH01000977v1_decoy,300,0.0931677
chrUn_JTFH01000978v1_decoy,14257,4.43867
chrUn_JTFH01000979v1_decoy,37789,11.8387
chrUn_JTFH01000980v1_decoy,0,0
chrUn_JTFH01000981v1_decoy,67498,21.8652
chrUn_JTFH01000982v1_decoy,58197,19.0935
chrUn_JTFH01000983v1_decoy,62923,20.9394
chrUn_JTFH01000984v1_decoy,19032,6.33555
chrUn_JTFH01000985v1_decoy,69375,23.4454
chrUn_JTFH01000986v1_decoy,73263,24.9703
chrUn_JTFH01000987v1_decoy,100650,34.3164
chrUn_JTFH01000988v1_decoy,13085,4.62858
chrUn_JTFH01000989v1_decoy,0,0
chrUn_JTFH01000990v1_decoy,60743,22.0964
chrUn_JTFH01000991v1_decoy,28082,10.2302
chrUn_JTFH01000992v1_decoy,49197,18.0011
chrUn_JTFH01000993v1_decoy,106800,39.5849
chrUn_JTFH01000994v1_decoy,14025,5.26266
chrUn_JTFH01000995v1_decoy,118832,45.1147
chrUn_JTFH01000996v1_decoy,368,0.147673
chrUn_JTFH01000997v1_decoy,51123,20.5396
chrUn_JTFH01000998v1_decoy,46811,18.9672
chrUn_JTFH01000999v1_decoy,85646,35.4789
chrUn_JTFH01001000v1_decoy,27258,11.3812
chrUn_JTFH01001001v1_decoy,3367,1.42912
chrUn_JTFH01001002v1_decoy,111913,47.8465
chrUn_JTFH01001003v1_decoy,9187,3.97706
chrUn_JTFH01001004v1_decoy,12195,5.32998
chrUn_JTFH01001005v1_decoy,17780,7.78118
chrUn_JTFH01001006v1_decoy,0,0
chrUn_JTFH01001007v1_decoy,46272,20.5379
chrUn_JTFH01001008v1_decoy,0,0
chrUn_JTFH01001009v1_decoy,0,0
chrUn_JTFH01001010v1_decoy,37645,17.4363
chrUn_JTFH01001011v1_decoy,36064,16.735
chrUn_JTFH01001012v1_decoy,102403,47.6515
chrUn_JTFH01001013v1_decoy,40875,19.1992
chrUn_JTFH01001014v1_decoy,39583,18.7065
chrUn_JTFH01001015v1_decoy,47477,22.469
chrUn_JTFH01001016v1_decoy,116241,55.4056
chrUn_JTFH01001017v1_decoy,41600,20.1355
chrUn_JTFH01001018v1_decoy,0,0
chrUn_JTFH01001019v1_decoy,22848,11.0966
chrUn_JTFH01001020v1_decoy,0,0
chrUn_JTFH01001021v1_decoy,37899,18.5779
chrUn_JTFH01001022v1_decoy,15035,7.4064
chrUn_JTFH01001023v1_decoy,87221,43.0934
chrUn_JTFH01001024v1_decoy,2350,1.17441
chrUn_JTFH01001025v1_decoy,28074,14.0934
chrUn_JTFH01001026v1_decoy,0,0
chrUn_JTFH01001027v1_decoy,0,0
chrUn_JTFH01001028v1_decoy,20235,10.3398
chrUn_JTFH01001029v1_decoy,0,0
chrUn_JTFH01001030v1_decoy,5423,2.78961
chrUn_JTFH01001031v1_decoy,13089,6.76085
chrUn_JTFH01001032v1_decoy,173,0.0895445
chrUn_JTFH01001033v1_decoy,33113,17.5946
chrUn_JTFH01001034v1_decoy,0,0
chrUn_JTFH01001035v1_decoy,25415,13.5909
chrUn_JTFH01001036v1_decoy,31100,17.0785
chrUn_JTFH01001037v1_decoy,0,0
chrUn_JTFH01001038v1_decoy,0,0
chrUn_JTFH01001039v1_decoy,0,0
chrUn_JTFH01001040v1_decoy,32389,18.0239
chrUn_JTFH01001041v1_decoy,162,0.0904523
chrUn_JTFH01001042v1_decoy,85603,48.0646
chrUn_JTFH01001043v1_decoy,2842,1.60929
chrUn_JTFH01001044v1_decoy,38397,21.767
chrUn_JTFH01001045v1_decoy,442,0.253586
chrUn_JTFH01001046v1_decoy,0,0
chrUn_JTFH01001047v1_decoy,46500,27.2089
chrUn_JTFH01001048v1_decoy,0,0
chrUn_JTFH01001049v1_decoy,42297,24.866
chrUn_JTFH01001050v1_decoy,30578,18.1042
chrUn_JTFH01001051v1_decoy,177,0.107533
chrUn_JTFH01001052v1_decoy,79848,48.6581
chrUn_JTFH01001053v1_decoy,0,0
chrUn_JTFH01001054v1_decoy,1424,0.870416
chrUn_JTFH01001055v1_decoy,18081,11.079
chrUn_JTFH01001056v1_decoy,33524,20.5795
chrUn_JTFH01001057v1_decoy,29413,18.1226
chrUn_JTFH01001058v1_decoy,39935,24.6208
chrUn_JTFH01001059v1_decoy,11019,6.79346
chrUn_JTFH01001060v1_decoy,58306,36.0136
chrUn_JTFH01001061v1_decoy,25807,16.0691
chrUn_JTFH01001062v1_decoy,0,0
chrUn_JTFH01001063v1_decoy,0,0
chrUn_JTFH01001064v1_decoy,1984,1.27343
chrUn_JTFH01001065v1_decoy,61577,39.8557
chrUn_JTFH01001066v1_decoy,17582,11.4021
chrUn_JTFH01001067v1_decoy,31716,20.5948
chrUn_JTFH01001068v1_decoy,5954,3.89405
chrUn_JTFH01001069v1_decoy,15104,9.94993
chrUn_JTFH01001070v1_decoy,22475,14.835
chrUn_JTFH01001071v1_decoy,491,0.324521
chrUn_JTFH01001072v1_decoy,19072,12.6556
chrUn_JTFH01001073v1_decoy,3353,2.22939
chrUn_JTFH01001074v1_decoy,6378,4.25484
chrUn_JTFH01001075v1_decoy,0,0
chrUn_JTFH01001076v1_decoy,27704,18.5311
chrUn_JTFH01001077v1_decoy,0,0
chrUn_JTFH01001078v1_decoy,151580,101.595
chrUn_JTFH01001079v1_decoy,0,0
chrUn_JTFH01001080v1_decoy,0,0
chrUn_JTFH01001081v1_decoy,2416,1.62913
chrUn_JTFH01001082v1_decoy,18907,12.8357
chrUn_JTFH01001083v1_decoy,0,0
chrUn_JTFH01001084v1_decoy,175866,120.209
chrUn_JTFH01001085v1_decoy,74,0.0506849
chrUn_JTFH01001086v1_decoy,683,0.46845
chrUn_JTFH01001087v1_decoy,0,0
chrUn_JTFH01001088v1_decoy,50670,34.8727
chrUn_JTFH01001089v1_decoy,15898,11.0173
chrUn_JTFH01001090v1_decoy,4941,3.42887
chrUn_JTFH01001091v1_decoy,0,0
chrUn_JTFH01001092v1_decoy,0,0
chrUn_JTFH01001093v1_decoy,42578,30.0268
chrUn_JTFH01001094v1_decoy,1080,0.764331
chrUn_JTFH01001095v1_decoy,0,0
chrUn_JTFH01001096v1_decoy,28603,20.2571
chrUn_JTFH01001097v1_decoy,0,0
chrUn_JTFH01001098v1_decoy,28499,20.2696
chrUn_JTFH01001099v1_decoy,26458,18.9527
chrUn_JTFH01001100v1_decoy,112986,81.2849
chrUn_JTFH01001101v1_decoy,5112,3.69899
chrUn_JTFH01001102v1_decoy,7088,5.15116
chrUn_JTFH01001103v1_decoy,0,0
chrUn_JTFH01001104v1_decoy,10829,7.89861
chrUn_JTFH01001105v1_decoy,90,0.0658376
chrUn_JTFH01001106v1_decoy,4390,3.21848
chrUn_JTFH01001107v1_decoy,18633,13.7412
chrUn_JTFH01001108v1_decoy,0,0
chrUn_JTFH01001109v1_decoy,0,0
chrUn_JTFH01001110v1_decoy,0,0
chrUn_JTFH01001111v1_decoy,97887,72.7244
chrUn_JTFH01001112v1_decoy,903,0.671375
chrUn_JTFH01001113v1_decoy,28527,21.2888
chrUn_JTFH01001114v1_decoy,0,0
chrUn_JTFH01001115v1_decoy,1897,1.42739
chrUn_JTFH01001116v1_decoy,230,0.173716
chrUn_JTFH01001117v1_decoy,0,0
chrUn_JTFH01001118v1_decoy,46954,35.925
chrUn_JTFH01001119v1_decoy,7215,5.53298
chrUn_JTFH01001120v1_decoy,6296,4.82822
chrUn_JTFH01001121v1_decoy,0,0
chrUn_JTFH01001122v1_decoy,0,0
chrUn_JTFH01001123v1_decoy,68255,52.5038
chrUn_JTFH01001124v1_decoy,2327,1.79414
chrUn_JTFH01001125v1_decoy,23626,18.2299
chrUn_JTFH01001126v1_decoy,47132,36.5364
chrUn_JTFH01001127v1_decoy,35759,27.8497
chrUn_JTFH01001128v1_decoy,17749,13.8448
chrUn_JTFH01001129v1_decoy,78567,61.3326
chrUn_JTFH01001130v1_decoy,3930,3.07031
chrUn_JTFH01001131v1_decoy,0,0
chrUn_JTFH01001132v1_decoy,41028,32.2547
chrUn_JTFH01001133v1_decoy,0,0
chrUn_JTFH01001134v1_decoy,0,0
chrUn_JTFH01001135v1_decoy,0,0
chrUn_JTFH01001136v1_decoy,17118,13.5427
chrUn_JTFH01001137v1_decoy,17632,13.9494
chrUn_JTFH01001138v1_decoy,603,0.477057
chrUn_JTFH01001139v1_decoy,7687,6.0863
chrUn_JTFH01001140v1_decoy,58738,47.028
chrUn_JTFH01001141v1_decoy,4613,3.72016
chrUn_JTFH01001142v1_decoy,1179,0.951574
chrUn_JTFH01001143v1_decoy,36753,29.7595
chrUn_JTFH01001144v1_decoy,95005,76.9271
chrUn_JTFH01001145v1_decoy,4508,3.65612
chrUn_JTFH01001146v1_decoy,30050,24.3912
chrUn_JTFH01001147v1_decoy,29395,23.8984
chrUn_JTFH01001148v1_decoy,30431,24.8214
chrUn_JTFH01001149v1_decoy,0,0
chrUn_JTFH01001150v1_decoy,26115,21.5115
chrUn_JTFH01001151v1_decoy,11329,9.33965
chrUn_JTFH01001152v1_decoy,9174,7.57556
chrUn_JTFH01001153v1_decoy,6098,5.04384
chrUn_JTFH01001154v1_decoy,301,0.250416
chrUn_JTFH01001155v1_decoy,42329,35.3036
chrUn_JTFH01001156v1_decoy,23184,19.3684
chrUn_JTFH01001157v1_decoy,33002,27.663
chrUn_JTFH01001158v1_decoy,0,0
chrUn_JTFH01001159v1_decoy,17889,15.0708
chrUn_JTFH01001160v1_decoy,2801,2.36172
chrUn_JTFH01001161v1_decoy,192,0.162162
chrUn_JTFH01001162v1_decoy,8796,7.42905
chrUn_JTFH01001163v1_decoy,0,0
chrUn_JTFH01001164v1_decoy,844,0.715861
chrUn_JTFH01001165v1_decoy,0,0
chrUn_JTFH01001166v1_decoy,3426,2.93071
chrUn_JTFH01001167v1_decoy,0,0
chrUn_JTFH01001168v1_decoy,0,0
chrUn_JTFH01001169v1_decoy,0,0
chrUn_JTFH01001170v1_decoy,0,0
chrUn_JTFH01001171v1_decoy,242,0.208083
chrUn_JTFH01001172v1_decoy,72412,62.532
chrUn_JTFH01001173v1_decoy,0,0
chrUn_JTFH01001174v1_decoy,0,0
chrUn_JTFH01001175v1_decoy,14187,12.2619
chrUn_JTFH01001176v1_decoy,13670,11.815
chrUn_JTFH01001177v1_decoy,0,0
chrUn_JTFH01001178v1_decoy,1349,1.16898
chrUn_JTFH01001179v1_decoy,0,0
chrUn_JTFH01001180v1_decoy,20155,17.5566
chrUn_JTFH01001181v1_decoy,9135,7.95732
chrUn_JTFH01001182v1_decoy,7974,6.95812
chrUn_JTFH01001183v1_decoy,844,0.737762
chrUn_JTFH01001184v1_decoy,7673,6.7307
chrUn_JTFH01001185v1_decoy,11170,9.83275
chrUn_JTFH01001186v1_decoy,0,0
chrUn_JTFH01001187v1_decoy,0,0
chrUn_JTFH01001188v1_decoy,4515,3.99911
chrUn_JTFH01001189v1_decoy,40466,35.9059
chrUn_JTFH01001190v1_decoy,0,0
chrUn_JTFH01001191v1_decoy,139208,124.515
chrUn_JTFH01001192v1_decoy,0,0
chrUn_JTFH01001193v1_decoy,0,0
chrUn_JTFH01001194v1_decoy,19564,17.721
chrUn_JTFH01001195v1_decoy,59400,53.951
chrUn_JTFH01001196v1_decoy,0,0
chrUn_JTFH01001197v1_decoy,11311,10.3203
chrUn_JTFH01001198v1_decoy,2561,2.34095
chrUn_JTFH01001199v1_decoy,20834,19.0962
chrUn_JTFH01001200v1_decoy,13665,12.5482
chrUn_JTFH01001201v1_decoy,0,0
chrUn_JTFH01001202v1_decoy,20957,19.3152
chrUn_JTFH01001203v1_decoy,25966,23.9539
chrUn_JTFH01001204v1_decoy,0,0
chrUn_JTFH01001205v1_decoy,0,0
chrUn_JTFH01001206v1_decoy,2176,2.01668
chrUn_JTFH01001207v1_decoy,0,0
chrUn_JTFH01001208v1_decoy,5591,5.23012
chrUn_JTFH01001209v1_decoy,2767,2.59082
chrUn_JTFH01001210v1_decoy,30539,28.6214
chrUn_JTFH01001211v1_decoy,7377,6.91378
chrUn_JTFH01001212v1_decoy,0,0
chrUn_JTFH01001213v1_decoy,5132,4.82785
chrUn_JTFH01001214v1_decoy,54297,51.1271
chrUn_JTFH01001215v1_decoy,896,0.846081
chrUn_JTFH01001216v1_decoy,2873,2.7155
chrUn_JTFH01001217v1_decoy,2352,2.22306
chrUn_JTFH01001218v1_decoy,302,0.286256
chrUn_JTFH01001219v1_decoy,0,0
chrUn_JTFH01001220v1_decoy,0,0
chrUn_JTFH01001221v1_decoy,2492,2.36657
chrUn_JTFH01001222v1_decoy,12319,11.699
chrUn_JTFH01001223v1_decoy,22613,21.4952
chrUn_JTFH01001224v1_decoy,4714,4.48525
chrUn_JTFH01001225v1_decoy,27898,26.5949
chrUn_JTFH01001226v1_decoy,1288,1.23018
chrUn_JTFH01001227v1_decoy,514,0.492337
chrUn_JTFH01001228v1_decoy,299,0.286673
chrUn_JTFH01001229v1_decoy,74377,71.3106
chrUn_JTFH01001230v1_decoy,26174,25.119
chrUn_JTFH01001231v1_decoy,3050,2.92706
chrUn_JTFH01001232v1_decoy,108,0.103746
chrUn_JTFH01001233v1_decoy,6884,6.61923
chrUn_JTFH01001234v1_decoy,15158,14.589
chrUn_JTFH01001235v1_decoy,0,0
chrUn_JTFH01001236v1_decoy,0,0
chrUn_JTFH01001237v1_decoy,13582,13.0974
chrUn_JTFH01001238v1_decoy,0,0
chrUn_JTFH01001239v1_decoy,11122,10.8296
chrUn_JTFH01001240v1_decoy,543,0.531832
chrUn_JTFH01001241v1_decoy,41503,40.6494
chrUn_JTFH01001242v1_decoy,29456,28.9068
chrUn_JTFH01001243v1_decoy,13680,13.4249
chrUn_JTFH01001244v1_decoy,530,0.521654
chrUn_JTFH01001245v1_decoy,0,0
chrUn_JTFH01001246v1_decoy,0,0
chrUn_JTFH01001247v1_decoy,0,0
chrUn_JTFH01001248v1_decoy,892,0.884921
chrUn_JTFH01001249v1_decoy,0,0
chrUn_JTFH01001250v1_decoy,0,0
chrUn_JTFH01001251v1_decoy,13931,13.8755
chrUn_JTFH01001252v1_decoy,68577,68.3719
chrUn_JTFH01001253v1_decoy,10845,10.8342
chrUn_JTFH01001254v1_decoy,0,0
chrUn_JTFH01001255v1_decoy,6888,6.888
chrUn_JTFH01001256v1_decoy,252,0.252
chrUn_JTFH01001257v1_decoy,12448,0.694294
chrUn_JTFH01001258v1_decoy,0,0
chrUn_JTFH01001259v1_decoy,103193,12.8142
chrUn_JTFH01001260v1_decoy,0,0
chrUn_JTFH01001261v1_decoy,0,0
chrUn_JTFH01001262v1_decoy,5910,1.03848
chrUn_JTFH01001263v1_decoy,106357,19.5366
chrUn_JTFH01001264v1_decoy,0,0
chrUn_JTFH01001265v1_decoy,0,0
chrUn_JTFH01001266v1_decoy,79922,17.5846
chrUn_JTFH01001267v1_decoy,0,0
chrUn_JTFH01001268v1_decoy,0,0
chrUn_JTFH01001269v1_decoy,146763,34.9852
chrUn_JTFH01001270v1_decoy,87214,22.9089
chrUn_JTFH01001271v1_decoy,46393,12.4012
chrUn_JTFH01001272v1_decoy,0,0
chrUn_JTFH01001273v1_decoy,76862,21.1159
chrUn_JTFH01001274v1_decoy,74917,21.2169
chrUn_JTFH01001275v1_decoy,53881,15.5951
chrUn_JTFH01001276v1_decoy,0,0
chrUn_JTFH01001277v1_decoy,0,0
chrUn_JTFH01001278v1_decoy,0,0
chrUn_JTFH01001279v1_decoy,69629,21.196
chrUn_JTFH01001280v1_decoy,0,0
chrUn_JTFH01001281v1_decoy,563,0.172594
chrUn_JTFH01001282v1_decoy,82890,25.4342
chrUn_JTFH01001283v1_decoy,0,0
chrUn_JTFH01001284v1_decoy,137386,43.9354
chrUn_JTFH01001285v1_decoy,0,0
chrUn_JTFH01001286v1_decoy,0,0
chrUn_JTFH01001287v1_decoy,0,0
chrUn_JTFH01001288v1_decoy,0,0
chrUn_JTFH01001289v1_decoy,0,0
chrUn_JTFH01001290v1_decoy,69283,23.1716
chrUn_JTFH01001291v1_decoy,176640,59.1561
chrUn_JTFH01001292v1_decoy,0,0
chrUn_JTFH01001293v1_decoy,51,0.0174538
chrUn_JTFH01001294v1_decoy,107376,37.3482
chrUn_JTFH01001295v1_decoy,0,0
chrUn_JTFH01001296v1_decoy,511,0.179298
chrUn_JTFH01001297v1_decoy,0,0
chrUn_JTFH01001298v1_decoy,115922,41.6237
chrUn_JTFH01001299v1_decoy,75,0.0274123
chrUn_JTFH01001300v1_decoy,0,0
chrUn_JTFH01001301v1_decoy,211372,79.5229
chrUn_JTFH01001302v1_decoy,0,0
chrUn_JTFH01001303v1_decoy,0,0
chrUn_JTFH01001304v1_decoy,49608,19.0434
chrUn_JTFH01001305v1_decoy,66,0.0255517
chrUn_JTFH01001306v1_decoy,65460,25.8327
chrUn_JTFH01001307v1_decoy,0,0
chrUn_JTFH01001308v1_decoy,261,0.1044
chrUn_JTFH01001309v1_decoy,0,0
chrUn_JTFH01001310v1_decoy,103246,41.6651
chrUn_JTFH01001311v1_decoy,0,0
chrUn_JTFH01001312v1_decoy,90005,36.4836
chrUn_JTFH01001313v1_decoy,17629,7.21908
chrUn_JTFH01001314v1_decoy,0,0
chrUn_JTFH01001315v1_decoy,24918,10.3095
chrUn_JTFH01001316v1_decoy,1178,0.489203
chrUn_JTFH01001317v1_decoy,386031,161.182
chrUn_JTFH01001318v1_decoy,41556,17.6684
chrUn_JTFH01001319v1_decoy,233642,99.9752
chrUn_JTFH01001320v1_decoy,59948,25.8174
chrUn_JTFH01001321v1_decoy,0,0
chrUn_JTFH01001322v1_decoy,12222,5.30009
chrUn_JTFH01001323v1_decoy,115760,50.5061
chrUn_JTFH01001324v1_decoy,0,0
chrUn_JTFH01001325v1_decoy,26701,11.7885
chrUn_JTFH01001326v1_decoy,0,0
chrUn_JTFH01001327v1_decoy,0,0
chrUn_JTFH01001328v1_decoy,59607,26.634
chrUn_JTFH01001329v1_decoy,76113,34.162
chrUn_JTFH01001330v1_decoy,40599,18.3291
chrUn_JTFH01001331v1_decoy,32114,14.5642
chrUn_JTFH01001332v1_decoy,587565,268.172
chrUn_JTFH01001333v1_decoy,106834,48.7604
chrUn_JTFH01001334v1_decoy,45624,20.8329
chrUn_JTFH01001335v1_decoy,75123,34.397
chrUn_JTFH01001336v1_decoy,241889,111.675
chrUn_JTFH01001337v1_decoy,5827,2.69145
chrUn_JTFH01001338v1_decoy,45998,21.2757
chrUn_JTFH01001339v1_decoy,133,0.0619758
chrUn_JTFH01001340v1_decoy,71916,33.9868
chrUn_JTFH01001341v1_decoy,0,0
chrUn_JTFH01001342v1_decoy,0,0
chrUn_JTFH01001343v1_decoy,602,0.28585
chrUn_JTFH01001344v1_decoy,0,0
chrUn_JTFH01001345v1_decoy,17009,8.07645
chrUn_JTFH01001346v1_decoy,34680,16.5379
chrUn_JTFH01001347v1_decoy,46690,22.4363
chrUn_JTFH01001348v1_decoy,85169,41.3844
chrUn_JTFH01001349v1_decoy,82073,39.9382
chrUn_JTFH01001350v1_decoy,47576,23.1626
chrUn_JTFH01001351v1_decoy,74530,36.5881
chrUn_JTFH01001352v1_decoy,0,0
chrUn_JTFH01001353v1_decoy,0,0
chrUn_JTFH01001354v1_decoy,36311,17.9757
chrUn_JTFH01001355v1_decoy,1520,0.753221
chrUn_JTFH01001356v1_decoy,37351,18.5457
chrUn_JTFH01001357v1_decoy,0,0
chrUn_JTFH01001358v1_decoy,20447,10.2184
chrUn_JTFH01001359v1_decoy,0,0
chrUn_JTFH01001360v1_decoy,22575,11.3442
chrUn_JTFH01001361v1_decoy,10502,5.29602
chrUn_JTFH01001362v1_decoy,94627,47.7673
chrUn_JTFH01001363v1_decoy,91947,46.4144
chrUn_JTFH01001364v1_decoy,877,0.443153
chrUn_JTFH01001365v1_decoy,39762,20.2557
chrUn_JTFH01001366v1_decoy,0,0
chrUn_JTFH01001367v1_decoy,71677,37.1576
chrUn_JTFH01001368v1_decoy,70052,37.2419
chrUn_JTFH01001369v1_decoy,67487,36.0123
chrUn_JTFH01001370v1_decoy,0,0
chrUn_JTFH01001371v1_decoy,18633,10.0773
chrUn_JTFH01001372v1_decoy,0,0
chrUn_JTFH01001373v1_decoy,64194,35.0404
chrUn_JTFH01001374v1_decoy,83994,45.9989
chrUn_JTFH01001375v1_decoy,1006397,554.794
chrUn_JTFH01001376v1_decoy,49473,27.2729
chrUn_JTFH01001377v1_decoy,2490,1.39028
chrUn_JTFH01001378v1_decoy,25664,14.3454
chrUn_JTFH01001379v1_decoy,0,0
chrUn_JTFH01001380v1_decoy,41303,23.23
chrUn_JTFH01001381v1_decoy,26187,14.7449
chrUn_JTFH01001382v1_decoy,0,0
chrUn_JTFH01001383v1_decoy,0,0
chrUn_JTFH01001384v1_decoy,0,0
chrUn_JTFH01001385v1_decoy,2404,1.37058
chrUn_JTFH01001386v1_decoy,139853,79.8248
chrUn_JTFH01001387v1_decoy,259,0.147915
chrUn_JTFH01001388v1_decoy,29636,16.9445
chrUn_JTFH01001389v1_decoy,0,0
chrUn_JTFH01001390v1_decoy,276962,160.186
chrUn_JTFH01001391v1_decoy,69966,40.5365
chrUn_JTFH01001392v1_decoy,65164,37.9744
chrUn_JTFH01001393v1_decoy,61496,35.9206
chrUn_JTFH01001394v1_decoy,24931,14.571
chrUn_JTFH01001395v1_decoy,58083,34.1063
chrUn_JTFH01001396v1_decoy,35652,20.9471
chrUn_JTFH01001397v1_decoy,63,0.0370806
chrUn_JTFH01001398v1_decoy,52930,31.3938
chrUn_JTFH01001399v1_decoy,42874,25.4596
chrUn_JTFH01001400v1_decoy,57679,34.3327
chrUn_JTFH01001401v1_decoy,0,0
chrUn_JTFH01001402v1_decoy,0,0
chrUn_JTFH01001403v1_decoy,66098,39.4144
chrUn_JTFH01001404v1_decoy,82586,49.2757
chrUn_JTFH01001405v1_decoy,396333,237.041
chrUn_JTFH01001406v1_decoy,0,0
chrUn_JTFH01001407v1_decoy,301,0.180456
chrUn_JTFH01001408v1_decoy,12236,7.35779
chrUn_JTFH01001409v1_decoy,0,0
chrUn_JTFH01001410v1_decoy,75610,45.5482
chrUn_JTFH01001411v1_decoy,59735,36.0283
chrUn_JTFH01001412v1_decoy,4402,2.65821
chrUn_JTFH01001413v1_decoy,10301,6.22041
chrUn_JTFH01001414v1_decoy,0,0
chrUn_JTFH01001415v1_decoy,0,0
chrUn_JTFH01001416v1_decoy,5648,3.43343
chrUn_JTFH01001417v1_decoy,11792,7.18586
chrUn_JTFH01001418v1_decoy,33495,20.4487
chrUn_JTFH01001419v1_decoy,0,0
chrUn_JTFH01001420v1_decoy,12523,7.70172
chrUn_JTFH01001421v1_decoy,27710,17.1685
chrUn_JTFH01001422v1_decoy,0,0
chrUn_JTFH01001423v1_decoy,0,0
chrUn_JTFH01001424v1_decoy,0,0
chrUn_JTFH01001425v1_decoy,68668,42.9443
chrUn_JTFH01001426v1_decoy,0,0
chrUn_JTFH01001427v1_decoy,29875,18.813
chrUn_JTFH01001428v1_decoy,0,0
chrUn_JTFH01001429v1_decoy,54117,34.1648
chrUn_JTFH01001430v1_decoy,208483,131.618
chrUn_JTFH01001431v1_decoy,156,0.0987342
chrUn_JTFH01001432v1_decoy,86176,54.8193
chrUn_JTFH01001433v1_decoy,315629,201.038
chrUn_JTFH01001434v1_decoy,67486,43.0121
chrUn_JTFH01001435v1_decoy,835,0.532526
chrUn_JTFH01001436v1_decoy,6785,4.32993
chrUn_JTFH01001437v1_decoy,64428,41.1681
chrUn_JTFH01001438v1_decoy,6808,4.3669
chrUn_JTFH01001439v1_decoy,1759,1.12829
chrUn_JTFH01001440v1_decoy,0,0
chrUn_JTFH01001441v1_decoy,55700,35.843
chrUn_JTFH01001442v1_decoy,0,0
chrUn_JTFH01001443v1_decoy,0,0
chrUn_JTFH01001444v1_decoy,21146,13.7223
chrUn_JTFH01001445v1_decoy,20195,13.1307
chrUn_JTFH01001446v1_decoy,143433,93.3201
chrUn_JTFH01001447v1_decoy,0,0
chrUn_JTFH01001448v1_decoy,61799,40.3915
chrUn_JTFH01001449v1_decoy,33344,21.822
chrUn_JTFH01001450v1_decoy,30832,20.2576
chrUn_JTFH01001451v1_decoy,1922,1.26948
chrUn_JTFH01001452v1_decoy,0,0
chrUn_JTFH01001453v1_decoy,61563,40.8514
chrUn_JTFH01001454v1_decoy,38873,25.9153
chrUn_JTFH01001455v1_decoy,0,0
chrUn_JTFH01001456v1_decoy,27455,18.3155
chrUn_JTFH01001457v1_decoy,33610,22.4516
chrUn_JTFH01001458v1_decoy,0,0
chrUn_JTFH01001459v1_decoy,53714,36.0981
chrUn_JTFH01001460v1_decoy,62366,41.969
chrUn_JTFH01001461v1_decoy,29974,20.1845
chrUn_JTFH01001462v1_decoy,0,0
chrUn_JTFH01001463v1_decoy,0,0
chrUn_JTFH01001464v1_decoy,46576,31.6413
chrUn_JTFH01001465v1_decoy,334010,226.909
chrUn_JTFH01001466v1_decoy,56672,38.5524
chrUn_JTFH01001467v1_decoy,32476,22.1528
chrUn_JTFH01001468v1_decoy,0,0
chrUn_JTFH01001469v1_decoy,31231,21.3765
chrUn_JTFH01001470v1_decoy,56567,38.7977
chrUn_JTFH01001471v1_decoy,2137,1.46671
chrUn_JTFH01001472v1_decoy,30377,20.9786
chrUn_JTFH01001473v1_decoy,0,0
chrUn_JTFH01001474v1_decoy,8187,5.66967
chrUn_JTFH01001475v1_decoy,22984,15.9279
chrUn_JTFH01001476v1_decoy,0,0
chrUn_JTFH01001477v1_decoy,2160,1.50209
chrUn_JTFH01001478v1_decoy,294377,205.571
chrUn_JTFH01001479v1_decoy,18663,13.051
chrUn_JTFH01001480v1_decoy,45434,31.772
chrUn_JTFH01001481v1_decoy,0,0
chrUn_JTFH01001482v1_decoy,0,0
chrUn_JTFH01001483v1_decoy,0,0
chrUn_JTFH01001484v1_decoy,0,0
chrUn_JTFH01001485v1_decoy,0,0
chrUn_JTFH01001486v1_decoy,51119,35.9993
chrUn_JTFH01001487v1_decoy,50638,35.7613
chrUn_JTFH01001488v1_decoy,25279,17.8524
chrUn_JTFH01001489v1_decoy,192,0.135689
chrUn_JTFH01001490v1_decoy,8823,6.23534
chrUn_JTFH01001491v1_decoy,0,0
chrUn_JTFH01001492v1_decoy,279,0.197452
chrUn_JTFH01001493v1_decoy,156,0.110638
chrUn_JTFH01001494v1_decoy,0,0
chrUn_JTFH01001495v1_decoy,60468,43.1298
chrUn_JTFH01001496v1_decoy,946,0.676681
chrUn_JTFH01001497v1_decoy,11172,7.99714
chrUn_JTFH01001498v1_decoy,63873,45.7871
chrUn_JTFH01001499v1_decoy,32555,23.3872
chrUn_JTFH01001500v1_decoy,5273,3.79899
chrUn_JTFH01001501v1_decoy,0,0
chrUn_JTFH01001502v1_decoy,292,0.211288
chrUn_JTFH01001503v1_decoy,0,0
chrUn_JTFH01001504v1_decoy,0,0
chrUn_JTFH01001505v1_decoy,8699,6.32195
chrUn_JTFH01001506v1_decoy,13399,9.75182
chrUn_JTFH01001507v1_decoy,57323,41.7198
chrUn_JTFH01001508v1_decoy,357,0.260015
chrUn_JTFH01001509v1_decoy,31300,22.7968
chrUn_JTFH01001510v1_decoy,48539,35.3783
chrUn_JTFH01001511v1_decoy,22003,16.0606
chrUn_JTFH01001512v1_decoy,4455712,3259.48
chrUn_JTFH01001513v1_decoy,34284,25.1165
chrUn_JTFH01001514v1_decoy,45958,33.6936
chrUn_JTFH01001515v1_decoy,0,0
chrUn_JTFH01001516v1_decoy,0,0
chrUn_JTFH01001517v1_decoy,16955,12.5129
chrUn_JTFH01001518v1_decoy,7695,5.67897
chrUn_JTFH01001519v1_decoy,18501,13.664
chrUn_JTFH01001520v1_decoy,178,0.131559
chrUn_JTFH01001521v1_decoy,3317,2.45886
chrUn_JTFH01001522v1_decoy,49520,36.8178
chrUn_JTFH01001523v1_decoy,45958,34.1949
chrUn_JTFH01001524v1_decoy,0,0
chrUn_JTFH01001525v1_decoy,954,0.713004
chrUn_JTFH01001526v1_decoy,59992,44.8371
chrUn_JTFH01001527v1_decoy,103,0.0769806
chrUn_JTFH01001528v1_decoy,95,0.0711078
chrUn_JTFH01001529v1_decoy,2337,1.75319
chrUn_JTFH01001530v1_decoy,0,0
chrUn_JTFH01001531v1_decoy,24914,18.7042
chrUn_JTFH01001532v1_decoy,73800,55.7402
chrUn_JTFH01001533v1_decoy,0,0
chrUn_JTFH01001534v1_decoy,0,0
chrUn_JTFH01001535v1_decoy,0,0
chrUn_JTFH01001536v1_decoy,0,0
chrUn_JTFH01001537v1_decoy,0,0
chrUn_JTFH01001538v1_decoy,13534,10.2842
chrUn_JTFH01001539v1_decoy,44937,34.4609
chrUn_JTFH01001540v1_decoy,0,0
chrUn_JTFH01001541v1_decoy,25118,19.2771
chrUn_JTFH01001542v1_decoy,0,0
chrUn_JTFH01001543v1_decoy,173,0.132975
chrUn_JTFH01001544v1_decoy,50805,39.0808
chrUn_JTFH01001545v1_decoy,151104,116.413
chrUn_JTFH01001546v1_decoy,539,0.415574
chrUn_JTFH01001547v1_decoy,0,0
chrUn_JTFH01001548v1_decoy,150,0.116822
chrUn_JTFH01001549v1_decoy,308107,240.146
chrUn_JTFH01001550v1_decoy,4555,3.55027
chrUn_JTFH01001551v1_decoy,23134,18.0876
chrUn_JTFH01001552v1_decoy,0,0
chrUn_JTFH01001553v1_decoy,13830,10.8812
chrUn_JTFH01001554v1_decoy,0,0
chrUn_JTFH01001555v1_decoy,284,0.223975
chrUn_JTFH01001556v1_decoy,575,0.454905
chrUn_JTFH01001557v1_decoy,47307,37.4561
chrUn_JTFH01001558v1_decoy,22624,17.9271
chrUn_JTFH01001559v1_decoy,9293,7.36955
chrUn_JTFH01001560v1_decoy,23630,18.754
chrUn_JTFH01001561v1_decoy,256,0.203336
chrUn_JTFH01001562v1_decoy,0,0
chrUn_JTFH01001563v1_decoy,58963,46.8704
chrUn_JTFH01001564v1_decoy,49753,39.6123
chrUn_JTFH01001565v1_decoy,0,0
chrUn_JTFH01001566v1_decoy,0,0
chrUn_JTFH01001567v1_decoy,0,0
chrUn_JTFH01001568v1_decoy,0,0
chrUn_JTFH01001569v1_decoy,0,0
chrUn_JTFH01001570v1_decoy,0,0
chrUn_JTFH01001571v1_decoy,61759,49.8861
chrUn_JTFH01001572v1_decoy,0,0
chrUn_JTFH01001573v1_decoy,29749,24.0688
chrUn_JTFH01001574v1_decoy,12153,9.84846
chrUn_JTFH01001575v1_decoy,16280,13.1929
chrUn_JTFH01001576v1_decoy,386,0.313566
chrUn_JTFH01001577v1_decoy,0,0
chrUn_JTFH01001578v1_decoy,42275,34.3699
chrUn_JTFH01001579v1_decoy,5559,4.51951
chrUn_JTFH01001580v1_decoy,8753,7.12785
chrUn_JTFH01001581v1_decoy,0,0
chrUn_JTFH01001582v1_decoy,0,0
chrUn_JTFH01001583v1_decoy,597,0.488543
chrUn_JTFH01001584v1_decoy,10291,8.42834
chrUn_JTFH01001585v1_decoy,41161,33.7109
chrUn_JTFH01001586v1_decoy,2497,2.04672
chrUn_JTFH01001587v1_decoy,9190,7.54516
chrUn_JTFH01001588v1_decoy,12718,10.4417
chrUn_JTFH01001589v1_decoy,0,0
chrUn_JTFH01001590v1_decoy,0,0
chrUn_JTFH01001591v1_decoy,62012,51.165
chrUn_JTFH01001592v1_decoy,49,0.0404959
chrUn_JTFH01001593v1_decoy,0,0
chrUn_JTFH01001594v1_decoy,0,0
chrUn_JTFH01001595v1_decoy,0,0
chrUn_JTFH01001596v1_decoy,45476,37.7081
chrUn_JTFH01001597v1_decoy,0,0
chrUn_JTFH01001598v1_decoy,0,0
chrUn_JTFH01001599v1_decoy,255,0.212146
chrUn_JTFH01001600v1_decoy,883,0.735833
chrUn_JTFH01001601v1_decoy,0,0
chrUn_JTFH01001602v1_decoy,55188,46.0668
chrUn_JTFH01001603v1_decoy,0,0
chrUn_JTFH01001604v1_decoy,1243,1.03756
chrUn_JTFH01001605v1_decoy,27665,23.1506
chrUn_JTFH01001606v1_decoy,48466,40.5913
chrUn_JTFH01001607v1_decoy,0,0
chrUn_JTFH01001608v1_decoy,51400,43.2296
chrUn_JTFH01001609v1_decoy,49935,42.0328
chrUn_JTFH01001610v1_decoy,3123,2.64661
chrUn_JTFH01001611v1_decoy,47157,39.9636
chrUn_JTFH01001612v1_decoy,0,0
chrUn_JTFH01001613v1_decoy,0,0
chrUn_JTFH01001614v1_decoy,375,0.321062
chrUn_JTFH01001615v1_decoy,27391,23.4914
chrUn_JTFH01001616v1_decoy,0,0
chrUn_JTFH01001617v1_decoy,0,0
chrUn_JTFH01001618v1_decoy,48680,42.1107
chrUn_JTFH01001619v1_decoy,0,0
chrUn_JTFH01001620v1_decoy,0,0
chrUn_JTFH01001621v1_decoy,54209,46.9749
chrUn_JTFH01001622v1_decoy,22475,19.5605
chrUn_JTFH01001623v1_decoy,0,0
chrUn_JTFH01001624v1_decoy,20258,17.7235
chrUn_JTFH01001625v1_decoy,0,0
chrUn_JTFH01001626v1_decoy,30193,26.555
chrUn_JTFH01001627v1_decoy,6871,6.05374
chrUn_JTFH01001628v1_decoy,11696,10.3048
chrUn_JTFH01001629v1_decoy,2584,2.27665
chrUn_JTFH01001630v1_decoy,3974,3.52618
chrUn_JTFH01001631v1_decoy,18175,16.1269
chrUn_JTFH01001632v1_decoy,55314,49.1243
chrUn_JTFH01001633v1_decoy,2718,2.4203
chrUn_JTFH01001634v1_decoy,37296,33.211
chrUn_JTFH01001635v1_decoy,12931,11.5147
chrUn_JTFH01001636v1_decoy,8137,7.25223
chrUn_JTFH01001637v1_decoy,0,0
chrUn_JTFH01001638v1_decoy,12189,10.8733
chrUn_JTFH01001639v1_decoy,12133,10.8234
chrUn_JTFH01001640v1_decoy,3193,2.85344
chrUn_JTFH01001641v1_decoy,12517,11.1859
chrUn_JTFH01001642v1_decoy,0,0
chrUn_JTFH01001643v1_decoy,33011,29.5268
chrUn_JTFH01001644v1_decoy,70,0.0627803
chrUn_JTFH01001645v1_decoy,2013,1.82007
chrUn_JTFH01001646v1_decoy,0,0
chrUn_JTFH01001647v1_decoy,11220,10.163
chrUn_JTFH01001648v1_decoy,126,0.114338
chrUn_JTFH01001649v1_decoy,35304,32.0654
chrUn_JTFH01001650v1_decoy,2523,2.29781
chrUn_JTFH01001651v1_decoy,1472,1.34062
chrUn_JTFH01001652v1_decoy,361,0.32938
chrUn_JTFH01001653v1_decoy,0,0
chrUn_JTFH01001654v1_decoy,29130,26.6027
chrUn_JTFH01001655v1_decoy,44099,40.3468
chrUn_JTFH01001656v1_decoy,585,0.536697
chrUn_JTFH01001657v1_decoy,0,0
chrUn_JTFH01001658v1_decoy,1690,1.55474
chrUn_JTFH01001659v1_decoy,16044,14.7599
chrUn_JTFH01001660v1_decoy,56263,51.8553
chrUn_JTFH01001661v1_decoy,47510,43.788
chrUn_JTFH01001662v1_decoy,4426,4.07926
chrUn_JTFH01001663v1_decoy,394,0.363804
chrUn_JTFH01001664v1_decoy,49411,45.7509
chrUn_JTFH01001665v1_decoy,114,0.105556
chrUn_JTFH01001666v1_decoy,1219,1.12975
chrUn_JTFH01001667v1_decoy,0,0
chrUn_JTFH01001668v1_decoy,6566,6.08526
chrUn_JTFH01001669v1_decoy,1435091,1334.97
chrUn_JTFH01001670v1_decoy,22022,20.5047
chrUn_JTFH01001671v1_decoy,5042,4.69897
chrUn_JTFH01001672v1_decoy,598,0.558878
chrUn_JTFH01001673v1_decoy,5612,5.25468
chrUn_JTFH01001674v1_decoy,18359,17.2062
chrUn_JTFH01001675v1_decoy,107,0.100375
chrUn_JTFH01001676v1_decoy,18332,17.197
chrUn_JTFH01001677v1_decoy,37646,35.3152
chrUn_JTFH01001678v1_decoy,27579,25.9445
chrUn_JTFH01001679v1_decoy,20312,19.1082
chrUn_JTFH01001680v1_decoy,234105,220.23
chrUn_JTFH01001681v1_decoy,2670,2.51412
chrUn_JTFH01001682v1_decoy,0,0
chrUn_JTFH01001683v1_decoy,43908,41.5795
chrUn_JTFH01001684v1_decoy,28893,27.4648
chrUn_JTFH01001685v1_decoy,0,0
chrUn_JTFH01001686v1_decoy,0,0
chrUn_JTFH01001687v1_decoy,0,0
chrUn_JTFH01001688v1_decoy,37362,35.6508
chrUn_JTFH01001689v1_decoy,11360,10.8604
chrUn_JTFH01001690v1_decoy,21573,20.6243
chrUn_JTFH01001691v1_decoy,0,0
chrUn_JTFH01001692v1_decoy,3357,3.2186
chrUn_JTFH01001693v1_decoy,5308,5.11368
chrUn_JTFH01001694v1_decoy,43360,41.8533
chrUn_JTFH01001695v1_decoy,3713,3.58744
chrUn_JTFH01001696v1_decoy,46297,44.7314
chrUn_JTFH01001697v1_decoy,38916,37.6
chrUn_JTFH01001698v1_decoy,6924,6.70281
chrUn_JTFH01001699v1_decoy,3588,3.47674
chrUn_JTFH01001700v1_decoy,5371,5.20951
chrUn_JTFH01001701v1_decoy,47293,46.0945
chrUn_JTFH01001702v1_decoy,48244,47.0214
chrUn_JTFH01001703v1_decoy,0,0
chrUn_JTFH01001704v1_decoy,10415,10.1808
chrUn_JTFH01001705v1_decoy,13007,12.727
chrUn_JTFH01001706v1_decoy,952,0.933333
chrUn_JTFH01001707v1_decoy,217,0.212745
chrUn_JTFH01001708v1_decoy,35956,35.251
chrUn_JTFH01001709v1_decoy,20267,19.8891
chrUn_JTFH01001710v1_decoy,51355,50.447
chrUn_JTFH01001711v1_decoy,0,0
chrUn_JTFH01001712v1_decoy,59,0.0580138
chrUn_JTFH01001713v1_decoy,37883,37.3232
chrUn_JTFH01001714v1_decoy,0,0
chrUn_JTFH01001715v1_decoy,17159,16.9054
chrUn_JTFH01001716v1_decoy,23778,23.4497
chrUn_JTFH01001717v1_decoy,240,0.236686
chrUn_JTFH01001718v1_decoy,37323,36.844
chrUn_JTFH01001719v1_decoy,4534,4.47581
chrUn_JTFH01001720v1_decoy,0,0
chrUn_JTFH01001721v1_decoy,42465,41.9615
chrUn_JTFH01001722v1_decoy,356,0.352127
chrUn_JTFH01001723v1_decoy,0,0
chrUn_JTFH01001724v1_decoy,7395,7.32904
chrUn_JTFH01001725v1_decoy,23254,23.0694
chrUn_JTFH01001726v1_decoy,2026,2.00992
chrUn_JTFH01001727v1_decoy,0,0
chrUn_JTFH01001728v1_decoy,9331,9.26614
chrUn_JTFH01001729v1_decoy,28565,28.3664
chrUn_JTFH01001730v1_decoy,0,0
chrUn_JTFH01001731v1_decoy,19874,19.7751
chrUn_JTFH01001732v1_decoy,63,0.0628116
chrUn_JTFH01001733v1_decoy,37296,37.2587
chrUn_JTFH01001734v1_decoy,41124,41.124
chrUn_JTFH01001735v1_decoy,0,0
chrUn_JTFH01001736v1_decoy,214424,18.3065
chrUn_JTFH01001737v1_decoy,387896,34.4398
chrUn_JTFH01001738v1_decoy,424252,43.384
chrUn_JTFH01001739v1_decoy,366779,38.3339
chrUn_JTFH01001740v1_decoy,366909,39.2668
chrUn_JTFH01001741v1_decoy,0,0
chrUn_JTFH01001742v1_decoy,242244,26.6202
chrUn_JTFH01001743v1_decoy,262050,29.8769
chrUn_JTFH01001744v1_decoy,109784,12.6334
chrUn_JTFH01001745v1_decoy,0,0
chrUn_JTFH01001746v1_decoy,302172,37.4996
chrUn_JTFH01001747v1_decoy,306300,39.4767
chrUn_JTFH01001748v1_decoy,190289,25.0875
chrUn_JTFH01001749v1_decoy,0,0
chrUn_JTFH01001750v1_decoy,314205,42.113
chrUn_JTFH01001751v1_decoy,285241,38.8506
chrUn_JTFH01001752v1_decoy,326407,45.1899
chrUn_JTFH01001753v1_decoy,223794,31.6809
chrUn_JTFH01001754v1_decoy,220489,31.881
chrUn_JTFH01001755v1_decoy,1104,0.16007
chrUn_JTFH01001756v1_decoy,216682,31.4945
chrUn_JTFH01001757v1_decoy,245604,35.818
chrUn_JTFH01001758v1_decoy,216489,31.6504
chrUn_JTFH01001759v1_decoy,0,0
chrUn_JTFH01001760v1_decoy,142372,21.2877
chrUn_JTFH01001761v1_decoy,126135,19.2484
chrUn_JTFH01001762v1_decoy,37515,5.86538
chrUn_JTFH01001763v1_decoy,43853,6.91143
chrUn_JTFH01001764v1_decoy,123506,19.6197
chrUn_JTFH01001765v1_decoy,4297,0.685764
chrUn_JTFH01001766v1_decoy,338,0.0547546
chrUn_JTFH01001767v1_decoy,201369,32.6315
chrUn_JTFH01001768v1_decoy,97412,15.917
chrUn_JTFH01001769v1_decoy,220220,36.0721
chrUn_JTFH01001770v1_decoy,0,0
chrUn_JTFH01001771v1_decoy,213301,36.1957
chrUn_JTFH01001772v1_decoy,158224,27.1443
chrUn_JTFH01001773v1_decoy,143224,24.7236
chrUn_JTFH01001774v1_decoy,90,0.0155817
chrUn_JTFH01001775v1_decoy,292,0.0507032
chrUn_JTFH01001776v1_decoy,203353,35.5761
chrUn_JTFH01001777v1_decoy,223948,39.2341
chrUn_JTFH01001778v1_decoy,115396,20.6433
chrUn_JTFH01001779v1_decoy,142856,25.6658
chrUn_JTFH01001780v1_decoy,204326,36.7625
chrUn_JTFH01001781v1_decoy,88870,16.4027
chrUn_JTFH01001782v1_decoy,149960,27.8995
chrUn_JTFH01001783v1_decoy,0,0
chrUn_JTFH01001784v1_decoy,131552,25.0337
chrUn_JTFH01001785v1_decoy,0,0
chrUn_JTFH01001786v1_decoy,71949,14.0251
chrUn_JTFH01001787v1_decoy,183767,36.9158
chrUn_JTFH01001788v1_decoy,174375,35.1775
chrUn_JTFH01001789v1_decoy,270151,54.6091
chrUn_JTFH01001790v1_decoy,40888,8.3496
chrUn_JTFH01001791v1_decoy,0,0
chrUn_JTFH01001792v1_decoy,161412,33.3152
chrUn_JTFH01001793v1_decoy,93984,20.0906
chrUn_JTFH01001794v1_decoy,159603,34.3898
chrUn_JTFH01001795v1_decoy,0,0
chrUn_JTFH01001796v1_decoy,17808,3.91988
chrUn_JTFH01001797v1_decoy,249811,55.1216
chrUn_JTFH01001798v1_decoy,142683,31.6862
chrUn_JTFH01001799v1_decoy,163011,36.265
chrUn_JTFH01001800v1_decoy,563,0.126688
chrUn_JTFH01001801v1_decoy,74044,16.7748
chrUn_JTFH01001802v1_decoy,824,0.18689
chrUn_JTFH01001803v1_decoy,3839,0.892376
chrUn_JTFH01001804v1_decoy,161827,37.6342
chrUn_JTFH01001805v1_decoy,144999,33.902
chrUn_JTFH01001806v1_decoy,70046,16.7855
chrUn_JTFH01001807v1_decoy,331726,79.5697
chrUn_JTFH01001808v1_decoy,2320,0.560928
chrUn_JTFH01001809v1_decoy,140688,34.3058
chrUn_JTFH01001810v1_decoy,76810,18.7845
chrUn_JTFH01001811v1_decoy,161152,40.1375
chrUn_JTFH01001812v1_decoy,808,0.202
chrUn_JTFH01001813v1_decoy,251846,63.3894
chrUn_JTFH01001814v1_decoy,21135,5.66318
chrUn_JTFH01001815v1_decoy,63037,16.9957
chrUn_JTFH01001816v1_decoy,106221,28.8174
chrUn_JTFH01001817v1_decoy,50070,13.6208
chrUn_JTFH01001818v1_decoy,142064,38.6779
chrUn_JTFH01001819v1_decoy,54069,14.7247
chrUn_JTFH01001820v1_decoy,176454,48.5698
chrUn_JTFH01001821v1_decoy,131897,36.3053
chrUn_JTFH01001822v1_decoy,809,0.223914
chrUn_JTFH01001823v1_decoy,349,0.09681
chrUn_JTFH01001824v1_decoy,165014,45.9393
chrUn_JTFH01001825v1_decoy,1013,0.282487
chrUn_JTFH01001826v1_decoy,1889,0.527065
chrUn_JTFH01001827v1_decoy,120164,33.5935
chrUn_JTFH01001828v1_decoy,59429,16.8021
chrUn_JTFH01001829v1_decoy,12176,3.46895
chrUn_JTFH01001830v1_decoy,94971,27.065
chrUn_JTFH01001831v1_decoy,181534,52.0453
chrUn_JTFH01001832v1_decoy,452,0.130147
chrUn_JTFH01001833v1_decoy,0,0
chrUn_JTFH01001834v1_decoy,107887,31.4815
chrUn_JTFH01001835v1_decoy,74303,21.886
chrUn_JTFH01001836v1_decoy,125842,37.3751
chrUn_JTFH01001837v1_decoy,94343,28.2718
chrUn_JTFH01001838v1_decoy,150631,45.3162
chrUn_JTFH01001839v1_decoy,113854,34.3451
chrUn_JTFH01001840v1_decoy,0,0
chrUn_JTFH01001841v1_decoy,0,0
chrUn_JTFH01001842v1_decoy,830,0.255385
chrUn_JTFH01001843v1_decoy,55,0.0169387
chrUn_JTFH01001844v1_decoy,111926,34.5771
chrUn_JTFH01001845v1_decoy,1319,0.407728
chrUn_JTFH01001846v1_decoy,4776,1.4925
chrUn_JTFH01001847v1_decoy,0,0
chrUn_JTFH01001848v1_decoy,0,0
chrUn_JTFH01001849v1_decoy,93801,29.7027
chrUn_JTFH01001850v1_decoy,9576,3.04677
chrUn_JTFH01001851v1_decoy,98545,31.3938
chrUn_JTFH01001852v1_decoy,111491,35.5293
chrUn_JTFH01001853v1_decoy,0,0
chrUn_JTFH01001854v1_decoy,31,0.00989783
chrUn_JTFH01001855v1_decoy,33492,10.6935
chrUn_JTFH01001856v1_decoy,102222,33.0281
chrUn_JTFH01001857v1_decoy,81397,26.308
chrUn_JTFH01001858v1_decoy,128452,41.5299
chrUn_JTFH01001859v1_decoy,0,0
chrUn_JTFH01001860v1_decoy,67277,22.5384
chrUn_JTFH01001861v1_decoy,345,0.115966
chrUn_JTFH01001862v1_decoy,134068,45.1864
chrUn_JTFH01001863v1_decoy,1284,0.433637
chrUn_JTFH01001864v1_decoy,53246,18.019
chrUn_JTFH01001865v1_decoy,113971,38.8317
chrUn_JTFH01001866v1_decoy,121534,41.4368
chrUn_JTFH01001867v1_decoy,55026,18.9158
chrUn_JTFH01001868v1_decoy,156853,54.0127
chrUn_JTFH01001869v1_decoy,0,0
chrUn_JTFH01001870v1_decoy,33879,11.7391
chrUn_JTFH01001871v1_decoy,0,0
chrUn_JTFH01001872v1_decoy,5395,1.87457
chrUn_JTFH01001873v1_decoy,2027,0.705043
chrUn_JTFH01001874v1_decoy,99225,34.6819
chrUn_JTFH01001875v1_decoy,60977,21.3505
chrUn_JTFH01001876v1_decoy,127212,44.8245
chrUn_JTFH01001877v1_decoy,179246,63.9936
chrUn_JTFH01001878v1_decoy,116,0.041473
chrUn_JTFH01001879v1_decoy,27376,9.81923
chrUn_JTFH01001880v1_decoy,165445,59.6628
chrUn_JTFH01001881v1_decoy,101233,36.7452
chrUn_JTFH01001882v1_decoy,21310,7.73784
chrUn_JTFH01001883v1_decoy,51894,18.9187
chrUn_JTFH01001884v1_decoy,28839,10.5831
chrUn_JTFH01001885v1_decoy,73292,26.9258
chrUn_JTFH01001886v1_decoy,0,0
chrUn_JTFH01001887v1_decoy,14731,5.5193
chrUn_JTFH01001888v1_decoy,92097,34.5839
chrUn_JTFH01001889v1_decoy,1994,0.751885
chrUn_JTFH01001890v1_decoy,66088,24.9671
chrUn_JTFH01001891v1_decoy,90889,34.493
chrUn_JTFH01001892v1_decoy,597,0.226738
chrUn_JTFH01001893v1_decoy,264953,100.781
chrUn_JTFH01001894v1_decoy,38640,14.7933
chrUn_JTFH01001895v1_decoy,38328,14.7472
chrUn_JTFH01001896v1_decoy,59860,23.3281
chrUn_JTFH01001897v1_decoy,1727,0.675665
chrUn_JTFH01001898v1_decoy,126786,49.7005
chrUn_JTFH01001899v1_decoy,22368,8.76833
chrUn_JTFH01001900v1_decoy,14305,5.63633
chrUn_JTFH01001901v1_decoy,1279,0.50394
chrUn_JTFH01001902v1_decoy,0,0
chrUn_JTFH01001903v1_decoy,10361,4.14772
chrUn_JTFH01001904v1_decoy,30360,12.1635
chrUn_JTFH01001905v1_decoy,46345,18.6649
chrUn_JTFH01001906v1_decoy,102752,41.516
chrUn_JTFH01001907v1_decoy,32258,13.0652
chrUn_JTFH01001908v1_decoy,34883,14.209
chrUn_JTFH01001909v1_decoy,0,0
chrUn_JTFH01001910v1_decoy,24761,10.1604
chrUn_JTFH01001911v1_decoy,151,0.0620123
chrUn_JTFH01001912v1_decoy,37036,15.26
chrUn_JTFH01001913v1_decoy,48646,20.11
chrUn_JTFH01001914v1_decoy,222938,92.3904
chrUn_JTFH01001915v1_decoy,53221,22.0651
chrUn_JTFH01001916v1_decoy,11398,4.74917
chrUn_JTFH01001917v1_decoy,73649,30.6999
chrUn_JTFH01001918v1_decoy,76065,31.7467
chrUn_JTFH01001919v1_decoy,0,0
chrUn_JTFH01001920v1_decoy,97655,40.9283
chrUn_JTFH01001921v1_decoy,14445,6.05914
chrUn_JTFH01001922v1_decoy,8021,3.36734
chrUn_JTFH01001923v1_decoy,108827,45.6872
chrUn_JTFH01001924v1_decoy,40977,17.3118
chrUn_JTFH01001925v1_decoy,52625,22.2422
chrUn_JTFH01001926v1_decoy,47467,20.0961
chrUn_JTFH01001927v1_decoy,45719,19.3643
chrUn_JTFH01001928v1_decoy,85,0.0361241
chrUn_JTFH01001929v1_decoy,4999,2.12814
chrUn_JTFH01001930v1_decoy,69967,29.7986
chrUn_JTFH01001931v1_decoy,18290,7.81624
chrUn_JTFH01001932v1_decoy,39282,16.7944
chrUn_JTFH01001933v1_decoy,80582,34.4957
chrUn_JTFH01001934v1_decoy,5385,2.30819
chrUn_JTFH01001935v1_decoy,0,0
chrUn_JTFH01001936v1_decoy,65310,28.0662
chrUn_JTFH01001937v1_decoy,70250,30.3063
chrUn_JTFH01001938v1_decoy,81877,35.7074
chrUn_JTFH01001939v1_decoy,95188,41.5305
chrUn_JTFH01001940v1_decoy,235270,102.873
chrUn_JTFH01001941v1_decoy,0,0
chrUn_JTFH01001942v1_decoy,6312,2.77573
chrUn_JTFH01001943v1_decoy,81331,35.876
chrUn_JTFH01001944v1_decoy,55947,24.7553
chrUn_JTFH01001945v1_decoy,41528,18.3996
chrUn_JTFH01001946v1_decoy,369,0.164732
chrUn_JTFH01001947v1_decoy,0,0
chrUn_JTFH01001948v1_decoy,125,0.0560036
chrUn_JTFH01001949v1_decoy,3200,1.43498
chrUn_JTFH01001950v1_decoy,0,0
chrUn_JTFH01001951v1_decoy,0,0
chrUn_JTFH01001952v1_decoy,56,0.0252708
chrUn_JTFH01001953v1_decoy,237,0.107046
chrUn_JTFH01001954v1_decoy,23647,10.7
chrUn_JTFH01001955v1_decoy,43347,19.6763
chrUn_JTFH01001956v1_decoy,10092,4.59354
chrUn_JTFH01001957v1_decoy,46642,21.2395
chrUn_JTFH01001958v1_decoy,76006,34.6111
chrUn_JTFH01001959v1_decoy,86276,39.5943
chrUn_JTFH01001960v1_decoy,99130,45.5142
chrUn_JTFH01001961v1_decoy,825568,379.049
chrUn_JTFH01001962v1_decoy,228,0.104972
chrUn_JTFH01001963v1_decoy,64997,29.9525
chrUn_JTFH01001964v1_decoy,1131,0.52192
chrUn_JTFH01001965v1_decoy,37808,17.4472
chrUn_JTFH01001966v1_decoy,32847,15.2281
chrUn_JTFH01001967v1_decoy,0,0
chrUn_JTFH01001968v1_decoy,300,0.13947
chrUn_JTFH01001969v1_decoy,72337,33.6921
chrUn_JTFH01001970v1_decoy,4785,2.23077
chrUn_JTFH01001971v1_decoy,0,0
chrUn_JTFH01001972v1_decoy,10305,4.81092
chrUn_JTFH01001973v1_decoy,3009,1.40871
chrUn_JTFH01001974v1_decoy,5772,2.70986
chrUn_JTFH01001975v1_decoy,88909,41.7805
chrUn_JTFH01001976v1_decoy,100819,47.4219
chrUn_JTFH01001977v1_decoy,0,0
chrUn_JTFH01001978v1_decoy,41869,19.7588
chrUn_JTFH01001979v1_decoy,113,0.0536308
chrUn_JTFH01001980v1_decoy,0,0
chrUn_JTFH01001981v1_decoy,49993,23.9545
chrUn_JTFH01001982v1_decoy,210190,100.762
chrUn_JTFH01001983v1_decoy,77268,37.0946
chrUn_JTFH01001984v1_decoy,2226,1.07277
chrUn_JTFH01001985v1_decoy,7902,3.80819
chrUn_JTFH01001986v1_decoy,46380,22.3842
chrUn_JTFH01001987v1_decoy,35399,17.1175
chrUn_JTFH01001988v1_decoy,3181,1.53895
chrUn_JTFH01001989v1_decoy,0,0
chrUn_JTFH01001990v1_decoy,0,0
chrUn_JTFH01001991v1_decoy,0,0
chrUn_JTFH01001992v1_decoy,0,0
chrUn_JTFH01001993v1_decoy,73896,36.5099
chrUn_JTFH01001994v1_decoy,4163,2.06498
chrUn_JTFH01001995v1_decoy,32764,16.2924
chrUn_JTFH01001996v1_decoy,300,0.149328
chrUn_JTFH01001997v1_decoy,83571,41.7229
chrUn_JTFH01001998v1_decoy,532725,266.229
HLA-A*01:01:01:01,0,0
HLA-A*01:01:01:02N,0,0
HLA-A*01:01:38L,0,0
HLA-A*01:02,0,0
HLA-A*01:03,0,0
HLA-A*01:04N,0,0
HLA-A*01:09,0,0
HLA-A*01:11N,0,0
HLA-A*01:14,0,0
HLA-A*01:16N,0,0
HLA-A*01:20,0,0
HLA-A*02:01:01:01,0,0
HLA-A*02:01:01:02L,0,0
HLA-A*02:01:01:03,0,0
HLA-A*02:01:01:04,0,0
HLA-A*02:02:01,0,0
HLA-A*02:03:01,0,0
HLA-A*02:03:03,0,0
HLA-A*02:05:01,0,0
HLA-A*02:06:01,0,0
HLA-A*02:07:01,0,0
HLA-A*02:10,0,0
HLA-A*02:251,0,0
HLA-A*02:259,0,0
HLA-A*02:264,0,0
HLA-A*02:265,0,0
HLA-A*02:266,0,0
HLA-A*02:269,0,0
HLA-A*02:279,0,0
HLA-A*02:32N,0,0
HLA-A*02:376,0,0
HLA-A*02:43N,0,0
HLA-A*02:455,0,0
HLA-A*02:48,0,0
HLA-A*02:51,0,0
HLA-A*02:533,0,0
HLA-A*02:53N,0,0
HLA-A*02:57,0,0
HLA-A*02:60:01,0,0
HLA-A*02:65,0,0
HLA-A*02:68,0,0
HLA-A*02:77,0,0
HLA-A*02:81,0,0
HLA-A*02:89,0,0
HLA-A*02:95,0,0
HLA-A*03:01:01:01,0,0
HLA-A*03:01:01:02N,0,0
HLA-A*03:01:01:03,0,0
HLA-A*03:02:01,0,0
HLA-A*03:11N,0,0
HLA-A*03:21N,0,0
HLA-A*03:36N,0,0
HLA-A*11:01:01,0,0
HLA-A*11:01:18,0,0
HLA-A*11:02:01,0,0
HLA-A*11:05,0,0
HLA-A*11:110,0,0
HLA-A*11:25,0,0
HLA-A*11:50Q,0,0
HLA-A*11:60,0,0
HLA-A*11:69N,0,0
HLA-A*11:74,0,0
HLA-A*11:75,0,0
HLA-A*11:77,0,0
HLA-A*23:01:01,0,0
HLA-A*23:09,0,0
HLA-A*23:38N,0,0
HLA-A*24:02:01:01,0,0
HLA-A*24:02:01:02L,0,0
HLA-A*24:02:01:03,0,0
HLA-A*24:02:03Q,0,0
HLA-A*24:02:10,0,0
HLA-A*24:03:01,0,0
HLA-A*24:07:01,0,0
HLA-A*24:08,0,0
HLA-A*24:09N,0,0
HLA-A*24:10:01,0,0
HLA-A*24:11N,0,0
HLA-A*24:152,0,0
HLA-A*24:20,0,0
HLA-A*24:215,0,0
HLA-A*24:61,0,0
HLA-A*24:86N,0,0
HLA-A*25:01:01,0,0
HLA-A*26:01:01,0,0
HLA-A*26:11N,0,0
HLA-A*26:15,0,0
HLA-A*26:50,0,0
HLA-A*29:01:01:01,0,0
HLA-A*29:01:01:02N,0,0
HLA-A*29:02:01:01,0,0
HLA-A*29:02:01:02,0,0
HLA-A*29:46,0,0
HLA-A*30:01:01,0,0
HLA-A*30:02:01:01,0,0
HLA-A*30:02:01:02,0,0
HLA-A*30:04:01,0,0
HLA-A*30:89,0,0
HLA-A*31:01:02,0,0
HLA-A*31:01:23,0,0
HLA-A*31:04,0,0
HLA-A*31:14N,0,0
HLA-A*31:46,0,0
HLA-A*32:01:01,0,0
HLA-A*32:06,0,0
HLA-A*33:01:01,0,0
HLA-A*33:03:01,0,0
HLA-A*33:07,0,0
HLA-A*34:01:01,0,0
HLA-A*34:02:01,0,0
HLA-A*36:01,0,0
HLA-A*43:01,0,0
HLA-A*66:01:01,0,0
HLA-A*66:17,0,0
HLA-A*68:01:01:01,0,0
HLA-A*68:01:01:02,0,0
HLA-A*68:01:02:01,0,0
HLA-A*68:01:02:02,0,0
HLA-A*68:02:01:01,0,0
HLA-A*68:02:01:02,0,0
HLA-A*68:02:01:03,0,0
HLA-A*68:02:02,0,0
HLA-A*68:03:01,0,0
HLA-A*68:08:01,0,0
HLA-A*68:113,0,0
HLA-A*68:17,0,0
HLA-A*68:18N,0,0
HLA-A*68:22,0,0
HLA-A*68:71,0,0
HLA-A*69:01,0,0
HLA-A*74:01,0,0
HLA-A*74:02:01:01,0,0
HLA-A*74:02:01:02,0,0
HLA-A*80:01:01:01,0,0
HLA-A*80:01:01:02,0,0
HLA-B*07:02:01,0,0
HLA-B*07:05:01,0,0
HLA-B*07:06,0,0
HLA-B*07:156,0,0
HLA-B*07:33:01,0,0
HLA-B*07:41,0,0
HLA-B*07:44,0,0
HLA-B*07:50,0,0
HLA-B*08:01:01,0,0
HLA-B*08:08N,0,0
HLA-B*08:132,0,0
HLA-B*08:134,0,0
HLA-B*08:19N,0,0
HLA-B*08:20,0,0
HLA-B*08:33,0,0
HLA-B*08:79,0,0
HLA-B*13:01:01,0,0
HLA-B*13:02:01,0,0
HLA-B*13:02:03,0,0
HLA-B*13:02:09,0,0
HLA-B*13:08,0,0
HLA-B*13:15,0,0
HLA-B*13:25,0,0
HLA-B*14:01:01,0,0
HLA-B*14:02:01,0,0
HLA-B*14:07N,0,0
HLA-B*15:01:01:01,0,0
HLA-B*15:01:01:02N,0,0
HLA-B*15:01:01:03,0,0
HLA-B*15:02:01,0,0
HLA-B*15:03:01,0,0
HLA-B*15:04:01,0,0
HLA-B*15:07:01,0,0
HLA-B*15:108,0,0
HLA-B*15:10:01,0,0
HLA-B*15:11:01,0,0
HLA-B*15:13:01,0,0
HLA-B*15:16:01,0,0
HLA-B*15:17:01:01,0,0
HLA-B*15:17:01:02,0,0
HLA-B*15:18:01,0,0
HLA-B*15:220,0,0
HLA-B*15:25:01,0,0
HLA-B*15:27:01,0,0
HLA-B*15:32:01,0,0
HLA-B*15:42,0,0
HLA-B*15:58,0,0
HLA-B*15:66,0,0
HLA-B*15:77,0,0
HLA-B*15:83,0,0
HLA-B*18:01:01:01,0,0
HLA-B*18:01:01:02,0,0
HLA-B*18:02,0,0
HLA-B*18:03,0,0
HLA-B*18:17N,0,0
HLA-B*18:26,0,0
HLA-B*18:94N,0,0
HLA-B*27:04:01,0,0
HLA-B*27:05:02,0,0
HLA-B*27:05:18,0,0
HLA-B*27:06,0,0
HLA-B*27:07:01,0,0
HLA-B*27:131,0,0
HLA-B*27:24,0,0
HLA-B*27:25,0,0
HLA-B*27:32,0,0
HLA-B*35:01:01:01,0,0
HLA-B*35:01:01:02,0,0
HLA-B*35:01:22,0,0
HLA-B*35:02:01,0,0
HLA-B*35:03:01,0,0
HLA-B*35:05:01,0,0
HLA-B*35:08:01,0,0
HLA-B*35:14:02,0,0
HLA-B*35:241,0,0
HLA-B*35:41,0,0
HLA-B*37:01:01,0,0
HLA-B*37:01:05,0,0
HLA-B*38:01:01,0,0
HLA-B*38:02:01,0,0
HLA-B*38:14,0,0
HLA-B*39:01:01:01,0,0
HLA-B*39:01:01:02L,0,0
HLA-B*39:01:01:03,0,0
HLA-B*39:01:03,0,0
HLA-B*39:01:16,0,0
HLA-B*39:01:21,0,0
HLA-B*39:05:01,0,0
HLA-B*39:06:02,0,0
HLA-B*39:10:01,0,0
HLA-B*39:13:02,0,0
HLA-B*39:14,0,0
HLA-B*39:34,0,0
HLA-B*39:38Q,0,0
HLA-B*40:01:01,0,0
HLA-B*40:01:02,0,0
HLA-B*40:02:01,0,0
HLA-B*40:03,0,0
HLA-B*40:06:01:01,0,0
HLA-B*40:06:01:02,0,0
HLA-B*40:10:01,0,0
HLA-B*40:150,0,0
HLA-B*40:40,0,0
HLA-B*40:72:01,0,0
HLA-B*40:79,0,0
HLA-B*41:01:01,0,0
HLA-B*41:02:01,0,0
HLA-B*42:01:01,0,0
HLA-B*42:02,0,0
HLA-B*42:08,0,0
HLA-B*44:02:01:01,0,0
HLA-B*44:02:01:02S,0,0
HLA-B*44:02:01:03,0,0
HLA-B*44:02:17,0,0
HLA-B*44:02:27,0,0
HLA-B*44:03:01,0,0
HLA-B*44:03:02,0,0
HLA-B*44:04,0,0
HLA-B*44:09,0,0
HLA-B*44:138Q,0,0
HLA-B*44:150,0,0
HLA-B*44:23N,0,0
HLA-B*44:26,0,0
HLA-B*44:46,0,0
HLA-B*44:49,0,0
HLA-B*44:56N,0,0
HLA-B*45:01:01,0,0
HLA-B*45:04,0,0
HLA-B*46:01:01,0,0
HLA-B*46:01:05,0,0
HLA-B*47:01:01:01,0,0
HLA-B*47:01:01:02,0,0
HLA-B*48:01:01,0,0
HLA-B*48:03:01,0,0
HLA-B*48:04,0,0
HLA-B*48:08,0,0
HLA-B*49:01:01,0,0
HLA-B*49:32,0,0
HLA-B*50:01:01,0,0
HLA-B*51:01:01,0,0
HLA-B*51:01:02,0,0
HLA-B*51:02:01,0,0
HLA-B*51:07:01,0,0
HLA-B*51:42,0,0
HLA-B*52:01:01:01,0,0
HLA-B*52:01:01:02,0,0
HLA-B*52:01:01:03,0,0
HLA-B*52:01:02,0,0
HLA-B*53:01:01,0,0
HLA-B*53:11,0,0
HLA-B*54:01:01,0,0
HLA-B*54:18,0,0
HLA-B*55:01:01,0,0
HLA-B*55:01:03,0,0
HLA-B*55:02:01,0,0
HLA-B*55:12,0,0
HLA-B*55:24,0,0
HLA-B*55:48,0,0
HLA-B*56:01:01,0,0
HLA-B*56:03,0,0
HLA-B*56:04,0,0
HLA-B*57:01:01,0,0
HLA-B*57:03:01,0,0
HLA-B*57:06,0,0
HLA-B*57:11,0,0
HLA-B*57:29,0,0
HLA-B*58:01:01,0,0
HLA-B*58:31N,0,0
HLA-B*59:01:01:01,0,0
HLA-B*59:01:01:02,0,0
HLA-B*67:01:01,0,0
HLA-B*67:01:02,0,0
HLA-B*67:02,0,0
HLA-B*73:01,0,0
HLA-B*78:01:01,0,0
HLA-B*81:01,0,0
HLA-B*82:02:01,0,0
HLA-C*01:02:01,0,0
HLA-C*01:02:11,0,0
HLA-C*01:02:29,0,0
HLA-C*01:02:30,0,0
HLA-C*01:03,0,0
HLA-C*01:06,0,0
HLA-C*01:08,0,0
HLA-C*01:14,0,0
HLA-C*01:21,0,0
HLA-C*01:30,0,0
HLA-C*01:40,0,0
HLA-C*02:02:02:01,0,0
HLA-C*02:02:02:02,0,0
HLA-C*02:10,0,0
HLA-C*02:11,0,0
HLA-C*02:16:02,0,0
HLA-C*02:69,0,0
HLA-C*02:85,0,0
HLA-C*02:86,0,0
HLA-C*02:87,0,0
HLA-C*03:02:01,0,0
HLA-C*03:02:02:01,0,0
HLA-C*03:02:02:02,0,0
HLA-C*03:02:02:03,0,0
HLA-C*03:03:01,0,0
HLA-C*03:04:01:01,0,0
HLA-C*03:04:01:02,0,0
HLA-C*03:04:02,0,0
HLA-C*03:04:04,0,0
HLA-C*03:05,0,0
HLA-C*03:06,0,0
HLA-C*03:100,0,0
HLA-C*03:13:01,0,0
HLA-C*03:20N,0,0
HLA-C*03:219,0,0
HLA-C*03:261,0,0
HLA-C*03:40:01,0,0
HLA-C*03:41:02,0,0
HLA-C*03:46,0,0
HLA-C*03:61,0,0
HLA-C*04:01:01:01,0,0
HLA-C*04:01:01:02,0,0
HLA-C*04:01:01:03,0,0
HLA-C*04:01:01:04,0,0
HLA-C*04:01:01:05,0,0
HLA-C*04:01:62,0,0
HLA-C*04:03:01,0,0
HLA-C*04:06,0,0
HLA-C*04:09N,0,0
HLA-C*04:128,0,0
HLA-C*04:161,0,0
HLA-C*04:177,0,0
HLA-C*04:70,0,0
HLA-C*04:71,0,0
HLA-C*05:01:01:01,0,0
HLA-C*05:01:01:02,0,0
HLA-C*05:08,0,0
HLA-C*05:09:01,0,0
HLA-C*05:93,0,0
HLA-C*06:02:01:01,0,0
HLA-C*06:02:01:02,0,0
HLA-C*06:02:01:03,0,0
HLA-C*06:23,0,0
HLA-C*06:24,0,0
HLA-C*06:46N,0,0
HLA-C*07:01:01:01,0,0
HLA-C*07:01:01:02,0,0
HLA-C*07:01:02,0,0
HLA-C*07:01:19,0,0
HLA-C*07:01:27,0,0
HLA-C*07:01:45,0,0
HLA-C*07:02:01:01,0,0
HLA-C*07:02:01:02,0,0
HLA-C*07:02:01:03,0,0
HLA-C*07:02:01:04,0,0
HLA-C*07:02:01:05,0,0
HLA-C*07:02:05,0,0
HLA-C*07:02:06,0,0
HLA-C*07:02:64,0,0
HLA-C*07:04:01,0,0
HLA-C*07:04:02,0,0
HLA-C*07:06,0,0
HLA-C*07:149,0,0
HLA-C*07:18,0,0
HLA-C*07:19,0,0
HLA-C*07:26,0,0
HLA-C*07:30,0,0
HLA-C*07:32N,0,0
HLA-C*07:384,0,0
HLA-C*07:385,0,0
HLA-C*07:386,0,0
HLA-C*07:391,0,0
HLA-C*07:392,0,0
HLA-C*07:49,0,0
HLA-C*07:56:02,0,0
HLA-C*07:66,0,0
HLA-C*07:67,0,0
HLA-C*08:01:01,0,0
HLA-C*08:01:03,0,0
HLA-C*08:02:01:01,0,0
HLA-C*08:02:01:02,0,0
HLA-C*08:03:01,0,0
HLA-C*08:04:01,0,0
HLA-C*08:112,0,0
HLA-C*08:20,0,0
HLA-C*08:21,0,0
HLA-C*08:22,0,0
HLA-C*08:24,0,0
HLA-C*08:27,0,0
HLA-C*08:36N,0,0
HLA-C*08:40,0,0
HLA-C*08:41,0,0
HLA-C*08:62,0,0
HLA-C*12:02:02,0,0
HLA-C*12:03:01:01,0,0
HLA-C*12:03:01:02,0,0
HLA-C*12:08,0,0
HLA-C*12:13,0,0
HLA-C*12:19,0,0
HLA-C*12:22,0,0
HLA-C*12:99,0,0
HLA-C*14:02:01,0,0
HLA-C*14:03,0,0
HLA-C*14:21N,0,0
HLA-C*14:23,0,0
HLA-C*15:02:01,0,0
HLA-C*15:05:01,0,0
HLA-C*15:05:02,0,0
HLA-C*15:13,0,0
HLA-C*15:16,0,0
HLA-C*15:17,0,0
HLA-C*15:96Q,0,0
HLA-C*16:01:01,0,0
HLA-C*16:02:01,0,0
HLA-C*16:04:01,0,0
HLA-C*17:01:01:01,0,0
HLA-C*17:01:01:02,0,0
HLA-C*17:01:01:03,0,0
HLA-C*17:03,0,0
HLA-C*18:01,0,0
HLA-DQA1*01:01:02,0,0
HLA-DQA1*01:02:01:01,0,0
HLA-DQA1*01:02:01:02,0,0
HLA-DQA1*01:02:01:03,0,0
HLA-DQA1*01:02:01:04,0,0
HLA-DQA1*01:03:01:01,0,0
HLA-DQA1*01:03:01:02,0,0
HLA-DQA1*01:04:01:01,0,0
HLA-DQA1*01:04:01:02,0,0
HLA-DQA1*01:05:01,0,0
HLA-DQA1*01:07,0,0
HLA-DQA1*01:10,0,0
HLA-DQA1*01:11,0,0
HLA-DQA1*02:01,0,0
HLA-DQA1*03:01:01,0,0
HLA-DQA1*03:02,0,0
HLA-DQA1*03:03:01,0,0
HLA-DQA1*04:01:02:01,0,0
HLA-DQA1*04:01:02:02,0,0
HLA-DQA1*04:02,0,0
HLA-DQA1*05:01:01:01,0,0
HLA-DQA1*05:01:01:02,0,0
HLA-DQA1*05:03,0,0
HLA-DQA1*05:05:01:01,0,0
HLA-DQA1*05:05:01:02,0,0
HLA-DQA1*05:05:01:03,0,0
HLA-DQA1*05:11,0,0
HLA-DQA1*06:01:01,0,0
HLA-DQB1*02:01:01,0,0
HLA-DQB1*02:02:01,0,0
HLA-DQB1*03:01:01:01,0,0
HLA-DQB1*03:01:01:02,0,0
HLA-DQB1*03:01:01:03,0,0
HLA-DQB1*03:02:01,0,0
HLA-DQB1*03:03:02:01,0,0
HLA-DQB1*03:03:02:02,0,0
HLA-DQB1*03:03:02:03,0,0
HLA-DQB1*03:05:01,0,0
HLA-DQB1*05:01:01:01,0,0
HLA-DQB1*05:01:01:02,0,0
HLA-DQB1*05:03:01:01,0,0
HLA-DQB1*05:03:01:02,0,0
HLA-DQB1*06:01:01,0,0
HLA-DQB1*06:02:01,0,0
HLA-DQB1*06:03:01,0,0
HLA-DQB1*06:09:01,0,0
HLA-DRB1*01:01:01,0,0
HLA-DRB1*01:02:01,0,0
HLA-DRB1*03:01:01:01,0,0
HLA-DRB1*03:01:01:02,0,0
HLA-DRB1*04:03:01,0,0
HLA-DRB1*07:01:01:01,0,0
HLA-DRB1*07:01:01:02,0,0
HLA-DRB1*08:03:02,0,0
HLA-DRB1*09:21,540,0.0336679
HLA-DRB1*10:01:01,11393,0.843863
HLA-DRB1*11:01:01,0,0
HLA-DRB1*11:01:02,0,0
HLA-DRB1*11:04:01,0,0
HLA-DRB1*12:01:01,0,0
HLA-DRB1*12:17,0,0
HLA-DRB1*13:01:01,0,0
HLA-DRB1*13:02:01,0,0
HLA-DRB1*14:05:01,0,0
HLA-DRB1*14:54:01,0,0
HLA-DRB1*15:01:01:01,0,0
HLA-DRB1*15:01:01:02,0,0
HLA-DRB1*15:01:01:03,0,0
HLA-DRB1*15:01:01:04,0,0
HLA-DRB1*15:02:01,0,0
HLA-DRB1*15:03:01:01,0,0
HLA-DRB1*15:03:01:02,0,0
HLA-DRB1*16:02:01,0,0
PLVM_CD19_CARv4_cd34,51954,5.21941
Autosomal regions ,113534667796,41.36
