chr1,34693499951,150.527
chr2,35518400867,147.656
chr3,29103150439,146.911
chr4,26946243027,142.007
chr5,26085453599,145.742
chr6,24909006326,146.456
chr7,23130209726,145.5
chr8,21062590983,145.492
chr9,17511709521,143.785
chr10,20037646448,150.362
chr11,20064454102,149.141
chr12,19888506744,149.383
chr13,13967693604,142.552
chr14,13322997169,150.512
chr15,12273835239,145.01
chr16,12424677904,151.88
chr17,12698291541,153.139
chr18,11114137743,138.771
chr19,9214208836,165.229
chr20,9809747096,153.411
chr21,5074093104,133.932
chr22,5961090139,160.798
chrX,11212543506,72.3889
chrY,1320962312,55.8869
chrM,249677315,15069.9
chr1_KI270706v1_random,25364668,144.895
chr1_KI270707v1_random,4348809,135.765
chr1_KI270708v1_random,10299326,80.6639
chr1_KI270709v1_random,47319115,707.734
chr1_KI270710v1_random,3520354,87.6233
chr1_KI270711v1_random,8549715,202.552
chr1_KI270712v1_random,10988175,62.4176
chr1_KI270713v1_random,9171747,225.101
chr1_KI270714v1_random,6003657,143.914
chr2_KI270715v1_random,6355411,39.3595
chr2_KI270716v1_random,3275792,21.2992
chr3_GL000221v1_random,5743984,36.9633
chr4_GL000008v2_random,28533124,136.061
chr5_GL000208v1_random,15064617,162.529
chr9_KI270717v1_random,1976144,49.3271
chr9_KI270718v1_random,1812655,47.6338
chr9_KI270719v1_random,2792536,15.7909
chr9_KI270720v1_random,935727,23.9623
chr11_KI270721v1_random,3658482,36.4696
chr14_GL000009v2_random,728813,3.61319
chr14_GL000225v1_random,12286528,58.1823
chr14_KI270722v1_random,338474,1.74426
chr14_GL000194v1_random,855045,4.46571
chr14_KI270723v1_random,356342,9.34913
chr14_KI270724v1_random,3025128,76.479
chr14_KI270725v1_random,2051189,11.8696
chr14_KI270726v1_random,1335,0.030522
chr15_KI270727v1_random,55665,0.124183
chr16_KI270728v1_random,43451230,27.6274
chr17_GL000205v2_random,6053508,32.6175
chr17_KI270729v1_random,48921670,181.54
chr17_KI270730v1_random,7298413,68.477
chr22_KI270731v1_random,8233636,54.6164
chr22_KI270732v1_random,4167529,100.318
chr22_KI270733v1_random,51301059,285.367
chr22_KI270734v1_random,8295350,50.2596
chr22_KI270735v1_random,3723516,86.9757
chr22_KI270736v1_random,3730930,21.9936
chr22_KI270737v1_random,4909929,47.4724
chr22_KI270738v1_random,12677991,132.31
chr22_KI270739v1_random,1849868,25.5425
chrY_KI270740v1_random,1648319,44.2621
chrUn_KI270302v1,173918,76.4811
chrUn_KI270304v1,29638,13.6896
chrUn_KI270303v1,178985,92.1653
chrUn_KI270305v1,187792,127.576
chrUn_KI270322v1,1179752,190.037
chrUn_KI270320v1,2310247,523.154
chrUn_KI270310v1,142344,118.521
chrUn_KI270316v1,42867,29.6863
chrUn_KI270315v1,188469,82.8071
chrUn_KI270312v1,68335,68.4719
chrUn_KI270311v1,465538,156.958
chrUn_KI270317v1,99955,27.5814
chrUn_KI270412v1,75815,64.3045
chrUn_KI270411v1,269558,101.874
chrUn_KI270414v1,47552,19.1049
chrUn_KI270419v1,93921,91.2741
chrUn_KI270418v1,245829,114.606
chrUn_KI270420v1,498459,214.76
chrUn_KI270424v1,45726,21.3673
chrUn_KI270417v1,290978,142.427
chrUn_KI270422v1,592222,409.842
chrUn_KI270423v1,183438,186.991
chrUn_KI270425v1,40174,21.3238
chrUn_KI270429v1,742743,545.733
chrUn_KI270442v1,7075033,19.0687
chrUn_KI270466v1,511196,414.595
chrUn_KI270465v1,997378,562.22
chrUn_KI270467v1,1547766,394.838
chrUn_KI270435v1,4646538,50.0155
chrUn_KI270438v1,5182828,61.6923
chrUn_KI270468v1,955494,235.634
chrUn_KI270510v1,529875,219.41
chrUn_KI270509v1,151205,65.2308
chrUn_KI270518v1,78905,36.0956
chrUn_KI270508v1,231778,118.8
chrUn_KI270516v1,239946,184.574
chrUn_KI270512v1,556385,24.5222
chrUn_KI270519v1,23749084,172.51
chrUn_KI270522v1,612223,107.9
chrUn_KI270511v1,1605166,197.51
chrUn_KI270515v1,1571105,246.99
chrUn_KI270507v1,1390131,259.692
chrUn_KI270517v1,2129,0.654473
chrUn_KI270529v1,200919,105.803
chrUn_KI270528v1,91326,30.6155
chrUn_KI270530v1,36658,16.9087
chrUn_KI270539v1,26848,27.0373
chrUn_KI270538v1,17387794,273.277
chrUn_KI270544v1,377343,313.929
chrUn_KI270548v1,0,0
chrUn_KI270583v1,35413,25.295
chrUn_KI270587v1,1030877,347.214
chrUn_KI270580v1,0,0
chrUn_KI270581v1,124731,17.7024
chrUn_KI270579v1,105145,3.38817
chrUn_KI270589v1,1217033,34.3833
chrUn_KI270590v1,1165914,248.861
chrUn_KI270584v1,132409,29.3395
chrUn_KI270582v1,121063,18.6136
chrUn_KI270588v1,49785,8.08461
chrUn_KI270593v1,267452,87.9487
chrUn_KI270591v1,62493,10.7821
chrUn_KI270330v1,87193,52.7803
chrUn_KI270329v1,90752,87.2615
chrUn_KI270334v1,2371,1.73319
chrUn_KI270333v1,3335772,1235.93
chrUn_KI270335v1,478,0.456107
chrUn_KI270338v1,0,0
chrUn_KI270340v1,5535,3.87605
chrUn_KI270336v1,858414,836.661
chrUn_KI270337v1,4103460,3660.54
chrUn_KI270363v1,193101,107.1
chrUn_KI270364v1,67545,23.6585
chrUn_KI270362v1,389289,110.28
chrUn_KI270366v1,509125,61.1929
chrUn_KI270378v1,22,0.0209924
chrUn_KI270379v1,0,0
chrUn_KI270389v1,7003,5.39522
chrUn_KI270390v1,796,0.333473
chrUn_KI270387v1,3564,2.3188
chrUn_KI270395v1,196585,171.99
chrUn_KI270396v1,3202,1.70319
chrUn_KI270388v1,1910,1.57072
chrUn_KI270394v1,12416,12.8
chrUn_KI270386v1,134567,75.2612
chrUn_KI270391v1,2073,1.3969
chrUn_KI270383v1,38890,22.2229
chrUn_KI270393v1,4045,3.09251
chrUn_KI270384v1,21353,12.8788
chrUn_KI270392v1,59185,60.9526
chrUn_KI270381v1,35444,18.3648
chrUn_KI270385v1,3771,3.80909
chrUn_KI270382v1,135376,32.1177
chrUn_KI270376v1,9123,8.03081
chrUn_KI270374v1,39909,15.026
chrUn_KI270372v1,4223,2.55939
chrUn_KI270373v1,0,0
chrUn_KI270375v1,6159,2.58999
chrUn_KI270371v1,23235,8.28342
chrUn_KI270448v1,1799384,225.148
chrUn_KI270521v1,1038557,135.901
chrUn_GL000195v1,9883678,54.0399
chrUn_GL000219v1,12244573,68.3298
chrUn_GL000220v1,4690709,28.9904
chrUn_GL000224v1,1837605,10.2264
chrUn_KI270741v1,1824157,11.7219
chrUn_GL000226v1,2876581,191.67
chrUn_GL000213v1,3372546,20.5344
chrUn_KI270743v1,2310388,10.9675
chrUn_KI270744v1,10383091,61.631
chrUn_KI270745v1,1966037,46.9322
chrUn_KI270746v1,5172598,77.7998
chrUn_KI270747v1,3773372,18.987
chrUn_KI270748v1,867819,9.29929
chrUn_KI270749v1,11504322,72.4641
chrUn_KI270750v1,6330467,42.5292
chrUn_KI270751v1,163037,1.08156
chrUn_KI270752v1,588,0.021193
chrUn_KI270753v1,250391,3.978
chrUn_KI270754v1,7905496,196.698
chrUn_KI270755v1,1361190,37.0664
chrUn_KI270756v1,2888529,36.3227
chrUn_KI270757v1,2297782,37.1503
chrUn_GL000214v1,712791,5.17573
chrUn_KI270742v1,481307,2.57743
chrUn_GL000216v2,21508756,121.951
chrUn_GL000218v1,143041,0.887643
chr1_KI270762v1_alt,908359,2.98367
chr1_KI270766v1_alt,2191331,8.55083
chr1_KI270760v1_alt,0,0
chr1_KI270765v1_alt,6536,0.0352754
chr1_GL383518v1_alt,26758,0.146668
chr1_GL383519v1_alt,3683,0.0334004
chr1_GL383520v2_alt,0,0
chr1_KI270764v1_alt,304924,6.06717
chr1_KI270763v1_alt,588155,0.645149
chr1_KI270759v1_alt,342949,0.805799
chr1_KI270761v1_alt,503216,3.03446
chr2_KI270770v1_alt,1874,0.0137551
chr2_KI270773v1_alt,96009,1.3544
chr2_KI270774v1_alt,67772,0.303061
chr2_KI270769v1_alt,418,0.00346554
chr2_GL383521v1_alt,8996,0.062738
chr2_KI270772v1_alt,101074,0.759721
chr2_KI270775v1_alt,430954,3.12243
chr2_KI270771v1_alt,0,0
chr2_KI270768v1_alt,164872,1.49749
chr2_GL582966v2_alt,120,0.0012483
chr2_GL383522v1_alt,2404210,19.4168
chr2_KI270776v1_alt,16790,0.0964023
chr2_KI270767v1_alt,146396,0.906039
chr3_JH636055v2_alt,2713,0.0156684
chr3_KI270783v1_alt,350426,3.20941
chr3_KI270780v1_alt,995866,4.44369
chr3_GL383526v1_alt,1670647,9.2469
chr3_KI270777v1_alt,436326,2.51269
chr3_KI270778v1_alt,1169,0.00470892
chr3_KI270781v1_alt,829744,7.34066
chr3_KI270779v1_alt,107411,0.52316
chr3_KI270782v1_alt,90054,0.554421
chr3_KI270784v1_alt,603,0.00326999
chr4_KI270790v1_alt,603,0.00273785
chr4_GL383528v1_alt,0,0
chr4_KI270787v1_alt,650770,5.81341
chr4_GL000257v2_alt,312,0.000531991
chr4_KI270788v1_alt,797844,5.01899
chr4_GL383527v1_alt,1821601,11.0711
chr4_KI270785v1_alt,908,0.00757222
chr4_KI270789v1_alt,151,0.000733209
chr4_KI270786v1_alt,117550,0.481573
chr5_KI270793v1_alt,10463,0.0829502
chr5_KI270792v1_alt,1471,0.0082159
chr5_KI270791v1_alt,66765,0.341143
chr5_GL383532v1_alt,1327790,16.0501
chr5_GL949742v1_alt,1266068,5.58103
chr5_KI270794v1_alt,137913,0.838081
chr5_GL339449v2_alt,1897798,1.25439
chr5_GL383530v1_alt,2388744,23.5946
chr5_KI270796v1_alt,0,0
chr5_GL383531v1_alt,596592,3.43938
chr5_KI270795v1_alt,710668,5.38826
chr6_GL000250v2_alt,96557,0.0407271
chr6_KI270800v1_alt,46,0.000261649
chr6_KI270799v1_alt,48379,0.317973
chr6_GL383533v1_alt,3930108,31.5074
chr6_KI270801v1_alt,596929,0.685747
chr6_KI270802v1_alt,937173,12.4948
chr6_KB021644v2_alt,16392,0.088213
chr6_KI270797v1_alt,191289,0.968375
chr6_KI270798v1_alt,0,0
chr7_KI270804v1_alt,3604,0.0228171
chr7_KI270809v1_alt,0,0
chr7_KI270806v1_alt,3000,0.0189674
chr7_GL383534v2_alt,0,0
chr7_KI270803v1_alt,9185788,8.2638
chr7_KI270808v1_alt,50,0.000184193
chr7_KI270807v1_alt,149663,1.18372
chr7_KI270805v1_alt,27734,0.132074
chr8_KI270818v1_alt,34060,0.233919
chr8_KI270812v1_alt,4781,0.0169098
chr8_KI270811v1_alt,46593,0.159327
chr8_KI270821v1_alt,67697,0.0686926
chr8_KI270813v1_alt,26099,0.08693
chr8_KI270822v1_alt,0,0
chr8_KI270814v1_alt,3895,0.0274659
chr8_KI270810v1_alt,482443,1.28852
chr8_KI270819v1_alt,1035742,7.75633
chr8_KI270820v1_alt,503881,13.7522
chr8_KI270817v1_alt,5250,0.0330224
chr8_KI270816v1_alt,103233,0.337538
chr8_KI270815v1_alt,354551,2.68104
chr9_GL383539v1_alt,0,0
chr9_GL383540v1_alt,0,0
chr9_GL383541v1_alt,1429,0.00834277
chr9_GL383542v1_alt,1679562,27.9778
chr9_KI270823v1_alt,683847,1.55745
chr10_GL383545v1_alt,7193110,40.128
chr10_KI270824v1_alt,47748,0.26308
chr10_GL383546v1_alt,1226758,3.95981
chr10_KI270825v1_alt,0,0
chr11_KI270832v1_alt,153136,0.728758
chr11_KI270830v1_alt,946236,5.34319
chr11_KI270831v1_alt,56228,0.189407
chr11_KI270829v1_alt,0,0
chr11_GL383547v1_alt,754659,4.88747
chr11_JH159136v1_alt,948232,4.71762
chr11_JH159137v1_alt,1504604,7.86068
chr11_KI270827v1_alt,596162,8.80503
chr11_KI270826v1_alt,0,0
chr12_GL877875v1_alt,1451835,8.67736
chr12_GL877876v1_alt,102304,0.250579
chr12_KI270837v1_alt,860,0.0214517
chr12_GL383549v1_alt,70315,0.582059
chr12_KI270835v1_alt,156466,0.657036
chr12_GL383550v2_alt,1367877,8.08543
chr12_GL383552v1_alt,155,0.00111788
chr12_GL383553v2_alt,167,0.0010924
chr12_KI270834v1_alt,565,0.00472811
chr12_GL383551v1_alt,37571,0.203837
chr12_KI270833v1_alt,136057,1.78879
chr12_KI270836v1_alt,743927,13.2527
chr13_KI270840v1_alt,2104,0.0109764
chr13_KI270839v1_alt,554318,3.07432
chr13_KI270843v1_alt,177564,1.71011
chr13_KI270841v1_alt,513924,3.03856
chr13_KI270838v1_alt,3496,0.0113908
chr13_KI270842v1_alt,2687,0.0720626
chr14_KI270844v1_alt,289895,0.899831
chr14_KI270847v1_alt,332383,0.219959
chr14_KI270845v1_alt,630714,3.49033
chr14_KI270846v1_alt,260681,0.192898
chr15_KI270852v1_alt,0,0
chr15_KI270851v1_alt,66950,0.25451
chr15_KI270848v1_alt,84640,0.258536
chr15_GL383554v1_alt,0,0
chr15_KI270849v1_alt,1949,0.0079578
chr15_GL383555v2_alt,2162023,5.56114
chr15_KI270850v1_alt,526832,1.22269
chr16_KI270854v1_alt,78146,0.58234
chr16_KI270856v1_alt,349122,5.45657
chr16_KI270855v1_alt,37609,0.161511
chr16_KI270853v1_alt,16971651,6.38104
chr16_GL383556v1_alt,10615,0.0551537
chr16_GL383557v1_alt,823387,9.18221
chr17_GL383563v3_alt,1108238,2.94987
chr17_KI270862v1_alt,270272,0.690602
chr17_KI270861v1_alt,188,0.000955829
chr17_KI270857v1_alt,475873,0.165402
chr17_JH159146v1_alt,14624,0.0525795
chr17_JH159147v1_alt,75,0.00106617
chr17_GL383564v2_alt,1622,0.0121817
chr17_GL000258v2_alt,14648429,8.26665
chr17_GL383565v1_alt,5918,0.0264202
chr17_KI270858v1_alt,104,0.000441001
chr17_KI270859v1_alt,933972,8.58722
chr17_GL383566v1_alt,0,0
chr17_KI270860v1_alt,42780,0.2391
chr18_KI270864v1_alt,36,0.000322185
chr18_GL383567v1_alt,1157437,3.99349
chr18_GL383570v1_alt,75282,0.456839
chr18_GL383571v1_alt,2559715,17.2629
chr18_GL383568v1_alt,1195724,11.4366
chr18_GL383569v1_alt,6497,0.0386841
chr18_GL383572v1_alt,240625,1.50818
chr18_KI270863v1_alt,95465,0.568247
chr19_KI270868v1_alt,53092,0.860012
chr19_KI270865v1_alt,109410,2.06555
chr19_GL383573v1_alt,4419,0.0114584
chr19_GL383575v2_alt,49438,0.290432
chr19_GL383576v1_alt,501863,2.66914
chr19_GL383574v1_alt,1145813,7.35136
chr19_KI270866v1_alt,329591,7.6372
chr19_KI270867v1_alt,0,0
chr19_GL949746v1_alt,4696,0.00531994
chr20_GL383577v2_alt,8011,0.0623978
chr20_KI270869v1_alt,16761,0.141117
chr20_KI270871v1_alt,277434,4.72945
chr20_KI270870v1_alt,33937,0.18501
chr21_GL383578v2_alt,1799659,28.1562
chr21_KI270874v1_alt,213336,1.27943
chr21_KI270873v1_alt,557618,3.87504
chr21_GL383579v2_alt,48751,0.242305
chr21_GL383580v2_alt,287838,3.85568
chr21_GL383581v2_alt,1545917,13.2482
chr21_KI270872v1_alt,58523,0.707723
chr22_KI270875v1_alt,782476,3.01052
chr22_KI270878v1_alt,4220386,22.6583
chr22_KI270879v1_alt,4778884,15.713
chr22_KI270876v1_alt,0,0
chr22_KI270877v1_alt,287491,2.83715
chr22_GL383583v2_alt,0,0
chr22_GL383582v2_alt,53,0.000325531
chrX_KI270880v1_alt,79971,0.280729
chrX_KI270881v1_alt,845297,5.86173
chr19_KI270882v1_alt,0,0
chr19_KI270883v1_alt,0,0
chr19_KI270884v1_alt,0,0
chr19_KI270885v1_alt,0,0
chr19_KI270886v1_alt,0,0
chr19_KI270887v1_alt,0,0
chr19_KI270888v1_alt,1357,0.00872489
chr19_KI270889v1_alt,0,0
chr19_KI270890v1_alt,20949,0.113545
chr19_KI270891v1_alt,0,0
chr1_KI270892v1_alt,270338,1.66657
chr2_KI270894v1_alt,2600543,12.1431
chr2_KI270893v1_alt,55361,0.343392
chr3_KI270895v1_alt,293,0.00179869
chr4_KI270896v1_alt,109974,0.290516
chr5_KI270897v1_alt,215424,0.196839
chr5_KI270898v1_alt,436,0.00332934
chr6_GL000251v2_alt,123940,0.0258463
chr7_KI270899v1_alt,568167,2.97674
chr8_KI270901v1_alt,4689,0.0342365
chr8_KI270900v1_alt,51861,0.162733
chr11_KI270902v1_alt,925343,8.67149
chr11_KI270903v1_alt,9894,0.046099
chr12_KI270904v1_alt,286002,0.499699
chr15_KI270906v1_alt,86477,0.440346
chr15_KI270905v1_alt,3297176,0.693062
chr17_KI270907v1_alt,61803,0.448755
chr17_KI270910v1_alt,48709,0.310053
chr17_KI270909v1_alt,0,0
chr17_JH159148v1_alt,151,0.00171455
chr17_KI270908v1_alt,142167,0.0998932
chr18_KI270912v1_alt,89066,0.511694
chr18_KI270911v1_alt,98919,0.627221
chr19_GL949747v2_alt,69118,0.104169
chr22_KB663609v1_alt,0,0
chrX_KI270913v1_alt,5061,0.0184702
chr19_KI270914v1_alt,2373,0.0115647
chr19_KI270915v1_alt,0,0
chr19_KI270916v1_alt,2898,0.015706
chr19_KI270917v1_alt,0,0
chr19_KI270918v1_alt,302,0.00245307
chr19_KI270919v1_alt,0,0
chr19_KI270920v1_alt,0,0
chr19_KI270921v1_alt,0,0
chr19_KI270922v1_alt,0,0
chr19_KI270923v1_alt,1126,0.0059466
chr3_KI270924v1_alt,49016,0.29432
chr4_KI270925v1_alt,100046,0.180004
chr6_GL000252v2_alt,471490,0.112294
chr8_KI270926v1_alt,4273,0.0186364
chr11_KI270927v1_alt,313722,1.43506
chr19_GL949748v2_alt,284,0.000621031
chr22_KI270928v1_alt,0,0
chr19_KI270929v1_alt,0,0
chr19_KI270930v1_alt,6077,0.030268
chr19_KI270931v1_alt,0,0
chr19_KI270932v1_alt,1388,0.00643391
chr19_KI270933v1_alt,0,0
chr19_GL000209v2_alt,301,0.00169691
chr3_KI270934v1_alt,165,0.00100943
chr6_GL000253v2_alt,901655,0.220178
chr19_GL949749v2_alt,0,0
chr3_KI270935v1_alt,17023,0.0862575
chr6_GL000254v2_alt,95661,0.0252449
chr19_GL949750v2_alt,0,0
chr3_KI270936v1_alt,1021,0.00621916
chr6_GL000255v2_alt,28820,0.00671837
chr19_GL949751v2_alt,0,0
chr3_KI270937v1_alt,89111,0.538087
chr6_GL000256v2_alt,5203558,1.24658
chr19_GL949752v1_alt,38105,0.0387995
chr6_KI270758v1_alt,283,0.0036872
chr19_GL949753v2_alt,4398,0.00650131
chr19_KI270938v1_alt,25205,0.0236267
chrEBV,163602391,952.156
chrUn_KN707606v1_decoy,196694,89.4064
chrUn_KN707607v1_decoy,0,0
chrUn_KN707608v1_decoy,0,0
chrUn_KN707609v1_decoy,4573,2.78502
chrUn_KN707610v1_decoy,0,0
chrUn_KN707611v1_decoy,300,0.271986
chrUn_KN707612v1_decoy,0,0
chrUn_KN707613v1_decoy,25766,15.9148
chrUn_KN707614v1_decoy,470615,150.742
chrUn_KN707615v1_decoy,312544,161.605
chrUn_KN707616v1_decoy,0,0
chrUn_KN707617v1_decoy,1138,0.447151
chrUn_KN707618v1_decoy,51844,22.59
chrUn_KN707619v1_decoy,20484,13.207
chrUn_KN707620v1_decoy,173182,84.6442
chrUn_KN707621v1_decoy,90013,73.6604
chrUn_KN707622v1_decoy,45788,29.8293
chrUn_KN707623v1_decoy,595216,157.298
chrUn_KN707624v1_decoy,0,0
chrUn_KN707625v1_decoy,79916,64.5525
chrUn_KN707626v1_decoy,980631,174.396
chrUn_KN707627v1_decoy,450267,77.3522
chrUn_KN707628v1_decoy,413826,139.806
chrUn_KN707629v1_decoy,87525,47.362
chrUn_KN707630v1_decoy,99005,42.7667
chrUn_KN707631v1_decoy,501517,257.849
chrUn_KN707632v1_decoy,2424,1.70225
chrUn_KN707633v1_decoy,58018,45.54
chrUn_KN707634v1_decoy,87371,86.7637
chrUn_KN707635v1_decoy,26361,18.6429
chrUn_KN707636v1_decoy,511,0.296232
chrUn_KN707637v1_decoy,824,0.153904
chrUn_KN707638v1_decoy,15001,6.8529
chrUn_KN707639v1_decoy,91593,70.7828
chrUn_KN707640v1_decoy,96771,52.8514
chrUn_KN707641v1_decoy,83101,50.456
chrUn_KN707642v1_decoy,111720,37.9613
chrUn_KN707643v1_decoy,893,0.312566
chrUn_KN707644v1_decoy,3470,3.36893
chrUn_KN707645v1_decoy,0,0
chrUn_KN707646v1_decoy,726,0.418444
chrUn_KN707647v1_decoy,60216,30.3814
chrUn_KN707648v1_decoy,11370,7.26982
chrUn_KN707649v1_decoy,3724,2.09803
chrUn_KN707650v1_decoy,11992,7.78701
chrUn_KN707651v1_decoy,0,0
chrUn_KN707652v1_decoy,0,0
chrUn_KN707653v1_decoy,0,0
chrUn_KN707654v1_decoy,254571,69.8603
chrUn_KN707655v1_decoy,312763,112.303
chrUn_KN707656v1_decoy,100128,98.4543
chrUn_KN707657v1_decoy,118296,110.764
chrUn_KN707658v1_decoy,59290,58.8779
chrUn_KN707659v1_decoy,190130,72.9866
chrUn_KN707660v1_decoy,738278,87.7857
chrUn_KN707661v1_decoy,1257875,227.299
chrUn_KN707662v1_decoy,9606,4.42062
chrUn_KN707663v1_decoy,34331,32.2357
chrUn_KN707664v1_decoy,1151486,132.614
chrUn_KN707665v1_decoy,338642,126.832
chrUn_KN707666v1_decoy,325885,134.663
chrUn_KN707667v1_decoy,303834,138.8
chrUn_KN707668v1_decoy,112065,53.5428
chrUn_KN707669v1_decoy,121261,102.416
chrUn_KN707670v1_decoy,316023,262.26
chrUn_KN707671v1_decoy,413465,148.408
chrUn_KN707672v1_decoy,484220,173.307
chrUn_KN707673v1_decoy,3218917,164.701
chrUn_KN707674v1_decoy,0,0
chrUn_KN707675v1_decoy,77,0.00729443
chrUn_KN707676v1_decoy,173,0.0190823
chrUn_KN707677v1_decoy,990700,136.329
chrUn_KN707678v1_decoy,317595,128.999
chrUn_KN707679v1_decoy,232354,130.977
chrUn_KN707680v1_decoy,18502,14.2652
chrUn_KN707681v1_decoy,564782,128.975
chrUn_KN707682v1_decoy,548636,130.379
chrUn_KN707683v1_decoy,0,0
chrUn_KN707684v1_decoy,0,0
chrUn_KN707685v1_decoy,606317,153.966
chrUn_KN707686v1_decoy,237862,114.798
chrUn_KN707687v1_decoy,112894,99.3785
chrUn_KN707688v1_decoy,312073,73.4635
chrUn_KN707689v1_decoy,388793,66.7685
chrUn_KN707690v1_decoy,574202,154.563
chrUn_KN707691v1_decoy,738542,151.186
chrUn_KN707692v1_decoy,0,0
chrUn_KN707693v1_decoy,400395,138.115
chrUn_KN707694v1_decoy,2077,1.69137
chrUn_KN707695v1_decoy,499179,160.045
chrUn_KN707696v1_decoy,617278,161.253
chrUn_KN707697v1_decoy,81797,68.9688
chrUn_KN707698v1_decoy,159446,83.5671
chrUn_KN707699v1_decoy,200203,71.629
chrUn_KN707700v1_decoy,0,0
chrUn_KN707701v1_decoy,473087,70.3789
chrUn_KN707702v1_decoy,1025899,158.661
chrUn_KN707703v1_decoy,177158,79.2653
chrUn_KN707704v1_decoy,110041,38.3285
chrUn_KN707705v1_decoy,0,0
chrUn_KN707706v1_decoy,29,0.00686391
chrUn_KN707707v1_decoy,296956,68.4388
chrUn_KN707708v1_decoy,199579,86.5853
chrUn_KN707709v1_decoy,336036,102.669
chrUn_KN707710v1_decoy,842880,147.848
chrUn_KN707711v1_decoy,49,0.0117959
chrUn_KN707712v1_decoy,59748,48.0676
chrUn_KN707713v1_decoy,94343,72.1277
chrUn_KN707714v1_decoy,205312,70.2642
chrUn_KN707715v1_decoy,454853,149.426
chrUn_KN707716v1_decoy,435212,150.697
chrUn_KN707717v1_decoy,252412,144.898
chrUn_KN707718v1_decoy,406311,81.7692
chrUn_KN707719v1_decoy,180638,55.241
chrUn_KN707720v1_decoy,889446,147.552
chrUn_KN707721v1_decoy,0,0
chrUn_KN707722v1_decoy,0,0
chrUn_KN707723v1_decoy,9188,8.17438
chrUn_KN707724v1_decoy,0,0
chrUn_KN707725v1_decoy,0,0
chrUn_KN707726v1_decoy,117,0.0544439
chrUn_KN707727v1_decoy,44067,16.7555
chrUn_KN707728v1_decoy,0,0
chrUn_KN707729v1_decoy,0,0
chrUn_KN707730v1_decoy,25474,4.41032
chrUn_KN707731v1_decoy,377099,78.2363
chrUn_KN707732v1_decoy,47099,38.3855
chrUn_KN707733v1_decoy,1184698,157.897
chrUn_KN707734v1_decoy,649169,67.2575
chrUn_KN707735v1_decoy,181847,166.679
chrUn_KN707736v1_decoy,452279,183.332
chrUn_KN707737v1_decoy,205559,161.857
chrUn_KN707738v1_decoy,734719,168.321
chrUn_KN707739v1_decoy,673409,157.192
chrUn_KN707740v1_decoy,1298706,126.309
chrUn_KN707741v1_decoy,769565,137.398
chrUn_KN707742v1_decoy,346062,72.7327
chrUn_KN707743v1_decoy,265197,163.299
chrUn_KN707744v1_decoy,24,0.00596421
chrUn_KN707745v1_decoy,376,0.294671
chrUn_KN707746v1_decoy,725025,142.637
chrUn_KN707747v1_decoy,291759,140.607
chrUn_KN707748v1_decoy,215952,60.7802
chrUn_KN707749v1_decoy,903049,128.823
chrUn_KN707750v1_decoy,769522,163.103
chrUn_KN707751v1_decoy,107547,30.3291
chrUn_KN707752v1_decoy,380752,132.528
chrUn_KN707753v1_decoy,372816,173.888
chrUn_KN707754v1_decoy,148037,65.9996
chrUn_KN707755v1_decoy,815197,152.573
chrUn_KN707756v1_decoy,724198,148.493
chrUn_KN707757v1_decoy,286851,94.5455
chrUn_KN707758v1_decoy,0,0
chrUn_KN707759v1_decoy,89,0.0728911
chrUn_KN707760v1_decoy,0,0
chrUn_KN707761v1_decoy,34,0.0146615
chrUn_KN707762v1_decoy,249134,72.2128
chrUn_KN707763v1_decoy,431779,161.473
chrUn_KN707764v1_decoy,601082,153.651
chrUn_KN707765v1_decoy,1012133,168.128
chrUn_KN707766v1_decoy,0,0
chrUn_KN707767v1_decoy,0,0
chrUn_KN707768v1_decoy,260393,71.2235
chrUn_KN707769v1_decoy,11638,7.3149
chrUn_KN707770v1_decoy,33362,27.5947
chrUn_KN707771v1_decoy,498170,156.855
chrUn_KN707772v1_decoy,353,0.0395962
chrUn_KN707773v1_decoy,733556,149.644
chrUn_KN707774v1_decoy,398045,119.749
chrUn_KN707775v1_decoy,1066383,177.819
chrUn_KN707776v1_decoy,0,0
chrUn_KN707777v1_decoy,0,0
chrUn_KN707778v1_decoy,0,0
chrUn_KN707779v1_decoy,0,0
chrUn_KN707780v1_decoy,885759,155.642
chrUn_KN707781v1_decoy,429745,158.169
chrUn_KN707782v1_decoy,761410,144.288
chrUn_KN707783v1_decoy,707477,161.783
chrUn_KN707784v1_decoy,519425,161.112
chrUn_KN707785v1_decoy,69,0.0262258
chrUn_KN707786v1_decoy,204,0.037883
chrUn_KN707787v1_decoy,0,0
chrUn_KN707788v1_decoy,82129,58.165
chrUn_KN707789v1_decoy,172486,119.533
chrUn_KN707790v1_decoy,140900,128.324
chrUn_KN707791v1_decoy,448631,138.466
chrUn_KN707792v1_decoy,328794,171.694
chrUn_KN707793v1_decoy,214223,45.9016
chrUn_KN707794v1_decoy,0,0
chrUn_KN707795v1_decoy,113,0.0344828
chrUn_KN707796v1_decoy,0,0
chrUn_KN707797v1_decoy,709040,167.108
chrUn_KN707798v1_decoy,651010,36.9913
chrUn_KN707799v1_decoy,0,0
chrUn_KN707800v1_decoy,337666,150.946
chrUn_KN707801v1_decoy,473302,163.151
chrUn_KN707802v1_decoy,401014,150.418
chrUn_KN707803v1_decoy,575885,107.924
chrUn_KN707804v1_decoy,0,0
chrUn_KN707805v1_decoy,783104,143.794
chrUn_KN707806v1_decoy,0,0
chrUn_KN707807v1_decoy,855121,185.252
chrUn_KN707808v1_decoy,456352,151.06
chrUn_KN707809v1_decoy,355727,97.0076
chrUn_KN707810v1_decoy,386170,84.6307
chrUn_KN707811v1_decoy,153075,136.674
chrUn_KN707812v1_decoy,256034,66.5888
chrUn_KN707813v1_decoy,164408,72.3627
chrUn_KN707814v1_decoy,350129,73.4948
chrUn_KN707815v1_decoy,144880,26.78
chrUn_KN707816v1_decoy,522500,73.0769
chrUn_KN707817v1_decoy,113632,64.4903
chrUn_KN707818v1_decoy,26638,22.0696
chrUn_KN707819v1_decoy,323523,243.068
chrUn_KN707820v1_decoy,549004,66.0893
chrUn_KN707821v1_decoy,304687,133.87
chrUn_KN707822v1_decoy,413328,160.516
chrUn_KN707823v1_decoy,0,0
chrUn_KN707824v1_decoy,0,0
chrUn_KN707825v1_decoy,276020,90.7961
chrUn_KN707826v1_decoy,237375,114.674
chrUn_KN707827v1_decoy,440828,151.331
chrUn_KN707828v1_decoy,2548,1.06656
chrUn_KN707829v1_decoy,151205,82.4005
chrUn_KN707830v1_decoy,353892,73.6201
chrUn_KN707831v1_decoy,146332,66.4843
chrUn_KN707832v1_decoy,86672,68.5154
chrUn_KN707833v1_decoy,266278,135.787
chrUn_KN707834v1_decoy,176139,165.544
chrUn_KN707835v1_decoy,293604,151.969
chrUn_KN707836v1_decoy,232859,72.474
chrUn_KN707837v1_decoy,199321,169.203
chrUn_KN707838v1_decoy,275735,94.2362
chrUn_KN707839v1_decoy,0,0
chrUn_KN707840v1_decoy,538472,163.272
chrUn_KN707841v1_decoy,0,0
chrUn_KN707842v1_decoy,1096454,163.699
chrUn_KN707843v1_decoy,130,0.0266393
chrUn_KN707844v1_decoy,150632,85.2956
chrUn_KN707845v1_decoy,316179,89.5184
chrUn_KN707846v1_decoy,223382,97.2495
chrUn_KN707847v1_decoy,159895,129.575
chrUn_KN707848v1_decoy,217797,180.744
chrUn_KN707849v1_decoy,200514,71.8688
chrUn_KN707850v1_decoy,126173,62.8978
chrUn_KN707851v1_decoy,0,0
chrUn_KN707852v1_decoy,16960,10.741
chrUn_KN707853v1_decoy,1629580,169.801
chrUn_KN707854v1_decoy,0,0
chrUn_KN707855v1_decoy,186,0.0577819
chrUn_KN707856v1_decoy,351912,153.005
chrUn_KN707857v1_decoy,992941,165.905
chrUn_KN707858v1_decoy,0,0
chrUn_KN707859v1_decoy,186753,139.368
chrUn_KN707860v1_decoy,696920,221.385
chrUn_KN707861v1_decoy,321272,143.297
chrUn_KN707862v1_decoy,3305513,200.176
chrUn_KN707863v1_decoy,617648,78.973
chrUn_KN707864v1_decoy,136000,62.9921
chrUn_KN707865v1_decoy,139793,66.1273
chrUn_KN707866v1_decoy,275525,67.054
chrUn_KN707867v1_decoy,106388,68.9041
chrUn_KN707868v1_decoy,37327,37.1413
chrUn_KN707869v1_decoy,94,0.0108897
chrUn_KN707870v1_decoy,9611,9.49704
chrUn_KN707871v1_decoy,1140579,241.239
chrUn_KN707872v1_decoy,538061,248.527
chrUn_KN707873v1_decoy,905224,119.25
chrUn_KN707874v1_decoy,352560,67.7739
chrUn_KN707875v1_decoy,304306,71.7534
chrUn_KN707876v1_decoy,35810,8.6686
chrUn_KN707877v1_decoy,381,0.167694
chrUn_KN707878v1_decoy,143467,68.8091
chrUn_KN707879v1_decoy,146505,33.7103
chrUn_KN707880v1_decoy,1774,1.46854
chrUn_KN707881v1_decoy,71562,15.7521
chrUn_KN707882v1_decoy,203020,73.2395
chrUn_KN707883v1_decoy,115748,46.4851
chrUn_KN707884v1_decoy,228274,49.9724
chrUn_KN707885v1_decoy,0,0
chrUn_KN707886v1_decoy,2553,0.945906
chrUn_KN707887v1_decoy,2488,0.704018
chrUn_KN707888v1_decoy,47195,19.4699
chrUn_KN707889v1_decoy,1157,0.662278
chrUn_KN707890v1_decoy,297,0.272978
chrUn_KN707891v1_decoy,40603,35.5232
chrUn_KN707892v1_decoy,15876,6.2751
chrUn_KN707893v1_decoy,640875,79.6217
chrUn_KN707894v1_decoy,0,0
chrUn_KN707895v1_decoy,626076,146.143
chrUn_KN707896v1_decoy,226098347,6825.61
chrUn_KN707897v1_decoy,351959,164.698
chrUn_KN707898v1_decoy,480888,125.231
chrUn_KN707899v1_decoy,183687,59.5034
chrUn_KN707900v1_decoy,83317,40.8217
chrUn_KN707901v1_decoy,213806,63.9372
chrUn_KN707902v1_decoy,240450,82.3177
chrUn_KN707903v1_decoy,440265,66.8994
chrUn_KN707904v1_decoy,344760,86.8851
chrUn_KN707905v1_decoy,1312832,561.279
chrUn_KN707906v1_decoy,0,0
chrUn_KN707907v1_decoy,0,0
chrUn_KN707908v1_decoy,0,0
chrUn_KN707909v1_decoy,22749,13.0967
chrUn_KN707910v1_decoy,0,0
chrUn_KN707911v1_decoy,0,0
chrUn_KN707912v1_decoy,502,0.391881
chrUn_KN707913v1_decoy,0,0
chrUn_KN707914v1_decoy,0,0
chrUn_KN707915v1_decoy,403995,159.871
chrUn_KN707916v1_decoy,482105,147.208
chrUn_KN707917v1_decoy,0,0
chrUn_KN707918v1_decoy,0,0
chrUn_KN707919v1_decoy,413151,85.1858
chrUn_KN707920v1_decoy,621309,173.356
chrUn_KN707921v1_decoy,163314,63.7696
chrUn_KN707922v1_decoy,245367,80.6863
chrUn_KN707923v1_decoy,168213,119.385
chrUn_KN707924v1_decoy,0,0
chrUn_KN707925v1_decoy,0,0
chrUn_KN707926v1_decoy,0,0
chrUn_KN707927v1_decoy,0,0
chrUn_KN707928v1_decoy,0,0
chrUn_KN707929v1_decoy,220,0.179445
chrUn_KN707930v1_decoy,0,0
chrUn_KN707931v1_decoy,0,0
chrUn_KN707932v1_decoy,138595,127.855
chrUn_KN707933v1_decoy,279689,137.237
chrUn_KN707934v1_decoy,133883,125.124
chrUn_KN707935v1_decoy,162539,123.886
chrUn_KN707936v1_decoy,495862,123.012
chrUn_KN707937v1_decoy,526639,70.7373
chrUn_KN707938v1_decoy,149451,84.4356
chrUn_KN707939v1_decoy,783661,139.939
chrUn_KN707940v1_decoy,83171,44.1929
chrUn_KN707941v1_decoy,84633,72.3359
chrUn_KN707942v1_decoy,96694,74.38
chrUn_KN707943v1_decoy,0,0
chrUn_KN707944v1_decoy,68829,33.6902
chrUn_KN707945v1_decoy,23932,22.3246
chrUn_KN707946v1_decoy,114166,46.3524
chrUn_KN707947v1_decoy,659,0.652475
chrUn_KN707948v1_decoy,119016,83.1117
chrUn_KN707949v1_decoy,64717,55.6945
chrUn_KN707950v1_decoy,43601,39.8183
chrUn_KN707951v1_decoy,154112,137.846
chrUn_KN707952v1_decoy,264918,191.553
chrUn_KN707953v1_decoy,125011,54.6138
chrUn_KN707954v1_decoy,220921,134.054
chrUn_KN707955v1_decoy,362643,164.613
chrUn_KN707956v1_decoy,2483,0.759327
chrUn_KN707957v1_decoy,880215,76.5471
chrUn_KN707958v1_decoy,182251,73.6665
chrUn_KN707959v1_decoy,323041,140.82
chrUn_KN707960v1_decoy,171483,138.516
chrUn_KN707961v1_decoy,470110,137.862
chrUn_KN707962v1_decoy,193955,127.351
chrUn_KN707963v1_decoy,14451645,229.555
chrUn_KN707964v1_decoy,554711,88.3017
chrUn_KN707965v1_decoy,396300,103.311
chrUn_KN707966v1_decoy,1332266,205.406
chrUn_KN707967v1_decoy,3026315,196.923
chrUn_KN707968v1_decoy,2115802,221.041
chrUn_KN707969v1_decoy,1477757,230.431
chrUn_KN707970v1_decoy,848439,206.735
chrUn_KN707971v1_decoy,2670993,206.366
chrUn_KN707972v1_decoy,1246693,268.106
chrUn_KN707973v1_decoy,0,0
chrUn_KN707974v1_decoy,21611,6.89566
chrUn_KN707975v1_decoy,291876,46.9934
chrUn_KN707976v1_decoy,25570,22.7087
chrUn_KN707977v1_decoy,0,0
chrUn_KN707978v1_decoy,182695,165.936
chrUn_KN707979v1_decoy,425012,160.503
chrUn_KN707980v1_decoy,944383,317.653
chrUn_KN707981v1_decoy,276010,109.528
chrUn_KN707982v1_decoy,446871,192.783
chrUn_KN707983v1_decoy,282695,108.479
chrUn_KN707984v1_decoy,268523,121.779
chrUn_KN707985v1_decoy,899496,307.1
chrUn_KN707986v1_decoy,1453703,375.731
chrUn_KN707987v1_decoy,117417,105.118
chrUn_KN707988v1_decoy,442506,149.495
chrUn_KN707989v1_decoy,142674,141.401
chrUn_KN707990v1_decoy,567821,140.272
chrUn_KN707991v1_decoy,268808,122.575
chrUn_KN707992v1_decoy,241823,132.144
chrUn_JTFH01000001v1_decoy,4090615,162.72
chrUn_JTFH01000002v1_decoy,2869111,154.819
chrUn_JTFH01000003v1_decoy,2425062,159.125
chrUn_JTFH01000004v1_decoy,2267964,165.075
chrUn_JTFH01000005v1_decoy,839654,74.3254
chrUn_JTFH01000006v1_decoy,0,0
chrUn_JTFH01000007v1_decoy,71577,7.23658
chrUn_JTFH01000008v1_decoy,1343566,137.463
chrUn_JTFH01000009v1_decoy,71311,7.33124
chrUn_JTFH01000010v1_decoy,1371618,146.572
chrUn_JTFH01000011v1_decoy,0,0
chrUn_JTFH01000012v1_decoy,0,0
chrUn_JTFH01000013v1_decoy,1298177,156.181
chrUn_JTFH01000014v1_decoy,77,0.00932091
chrUn_JTFH01000015v1_decoy,535428,65.8502
chrUn_JTFH01000016v1_decoy,624026,77.5091
chrUn_JTFH01000017v1_decoy,1171027,149.518
chrUn_JTFH01000018v1_decoy,1044427,135.464
chrUn_JTFH01000019v1_decoy,0,0
chrUn_JTFH01000020v1_decoy,1237863,165.512
chrUn_JTFH01000021v1_decoy,0,0
chrUn_JTFH01000022v1_decoy,1189311,166.059
chrUn_JTFH01000023v1_decoy,1189057,168.302
chrUn_JTFH01000024v1_decoy,0,0
chrUn_JTFH01000025v1_decoy,546,0.0780334
chrUn_JTFH01000026v1_decoy,0,0
chrUn_JTFH01000027v1_decoy,515835,73.9125
chrUn_JTFH01000028v1_decoy,0,0
chrUn_JTFH01000029v1_decoy,543550,83.3027
chrUn_JTFH01000030v1_decoy,937654,150.121
chrUn_JTFH01000031v1_decoy,853741,144.067
chrUn_JTFH01000032v1_decoy,0,0
chrUn_JTFH01000033v1_decoy,778188,131.941
chrUn_JTFH01000034v1_decoy,0,0
chrUn_JTFH01000035v1_decoy,0,0
chrUn_JTFH01000036v1_decoy,0,0
chrUn_JTFH01000037v1_decoy,36,0.00645508
chrUn_JTFH01000038v1_decoy,195,0.0360244
chrUn_JTFH01000039v1_decoy,0,0
chrUn_JTFH01000040v1_decoy,0,0
chrUn_JTFH01000041v1_decoy,213515,41.7184
chrUn_JTFH01000042v1_decoy,0,0
chrUn_JTFH01000043v1_decoy,0,0
chrUn_JTFH01000044v1_decoy,671710,138.411
chrUn_JTFH01000045v1_decoy,753328,156.033
chrUn_JTFH01000046v1_decoy,0,0
chrUn_JTFH01000047v1_decoy,0,0
chrUn_JTFH01000048v1_decoy,816045,173.258
chrUn_JTFH01000049v1_decoy,0,0
chrUn_JTFH01000050v1_decoy,373675,80.4467
chrUn_JTFH01000051v1_decoy,0,0
chrUn_JTFH01000052v1_decoy,226240,50.9664
chrUn_JTFH01000053v1_decoy,0,0
chrUn_JTFH01000054v1_decoy,784975,178.039
chrUn_JTFH01000055v1_decoy,0,0
chrUn_JTFH01000056v1_decoy,0,0
chrUn_JTFH01000057v1_decoy,0,0
chrUn_JTFH01000058v1_decoy,92264,21.5068
chrUn_JTFH01000059v1_decoy,621912,146.608
chrUn_JTFH01000060v1_decoy,709156,167.728
chrUn_JTFH01000061v1_decoy,629829,149.178
chrUn_JTFH01000062v1_decoy,0,0
chrUn_JTFH01000063v1_decoy,581971,138.235
chrUn_JTFH01000064v1_decoy,476813,113.365
chrUn_JTFH01000065v1_decoy,0,0
chrUn_JTFH01000066v1_decoy,642593,156.692
chrUn_JTFH01000067v1_decoy,96,0.0235121
chrUn_JTFH01000068v1_decoy,251139,63.307
chrUn_JTFH01000069v1_decoy,0,0
chrUn_JTFH01000070v1_decoy,0,0
chrUn_JTFH01000071v1_decoy,26810,6.82188
chrUn_JTFH01000072v1_decoy,95760,24.3726
chrUn_JTFH01000073v1_decoy,0,0
chrUn_JTFH01000074v1_decoy,727723,185.691
chrUn_JTFH01000075v1_decoy,73,0.0186796
chrUn_JTFH01000076v1_decoy,409,0.105087
chrUn_JTFH01000077v1_decoy,0,0
chrUn_JTFH01000078v1_decoy,0,0
chrUn_JTFH01000079v1_decoy,507478,131.95
chrUn_JTFH01000080v1_decoy,0,0
chrUn_JTFH01000081v1_decoy,271680,70.9347
chrUn_JTFH01000082v1_decoy,0,0
chrUn_JTFH01000083v1_decoy,494622,129.313
chrUn_JTFH01000084v1_decoy,0,0
chrUn_JTFH01000085v1_decoy,0,0
chrUn_JTFH01000086v1_decoy,302752,79.6506
chrUn_JTFH01000087v1_decoy,231615,60.9674
chrUn_JTFH01000088v1_decoy,0,0
chrUn_JTFH01000089v1_decoy,101663,27.4691
chrUn_JTFH01000090v1_decoy,279191,75.4978
chrUn_JTFH01000091v1_decoy,703,0.190412
chrUn_JTFH01000092v1_decoy,0,0
chrUn_JTFH01000093v1_decoy,501005,136.254
chrUn_JTFH01000094v1_decoy,304052,82.9836
chrUn_JTFH01000095v1_decoy,33668,9.31857
chrUn_JTFH01000096v1_decoy,69546,19.2595
chrUn_JTFH01000097v1_decoy,482911,133.919
chrUn_JTFH01000098v1_decoy,0,0
chrUn_JTFH01000099v1_decoy,286960,80.134
chrUn_JTFH01000100v1_decoy,0,0
chrUn_JTFH01000101v1_decoy,25099,7.11423
chrUn_JTFH01000102v1_decoy,274616,77.8611
chrUn_JTFH01000103v1_decoy,278342,79.6173
chrUn_JTFH01000104v1_decoy,0,0
chrUn_JTFH01000105v1_decoy,462689,132.804
chrUn_JTFH01000106v1_decoy,258661,75.3016
chrUn_JTFH01000107v1_decoy,552909,163.052
chrUn_JTFH01000108v1_decoy,0,0
chrUn_JTFH01000109v1_decoy,275229,81.6461
chrUn_JTFH01000110v1_decoy,435551,129.59
chrUn_JTFH01000111v1_decoy,166048,49.5518
chrUn_JTFH01000112v1_decoy,0,0
chrUn_JTFH01000113v1_decoy,465199,140.12
chrUn_JTFH01000114v1_decoy,633703,193.084
chrUn_JTFH01000115v1_decoy,415846,126.86
chrUn_JTFH01000116v1_decoy,252275,77.385
chrUn_JTFH01000117v1_decoy,577166,177.153
chrUn_JTFH01000118v1_decoy,71978,22.1267
chrUn_JTFH01000119v1_decoy,520,0.160148
chrUn_JTFH01000120v1_decoy,0,0
chrUn_JTFH01000121v1_decoy,0,0
chrUn_JTFH01000122v1_decoy,0,0
chrUn_JTFH01000123v1_decoy,58573,18.2357
chrUn_JTFH01000124v1_decoy,116381,36.4374
chrUn_JTFH01000125v1_decoy,552334,173.2
chrUn_JTFH01000126v1_decoy,472,0.148568
chrUn_JTFH01000127v1_decoy,238004,74.9383
chrUn_JTFH01000128v1_decoy,0,0
chrUn_JTFH01000129v1_decoy,66228,20.8921
chrUn_JTFH01000130v1_decoy,0,0
chrUn_JTFH01000131v1_decoy,0,0
chrUn_JTFH01000132v1_decoy,24287,7.72733
chrUn_JTFH01000133v1_decoy,266,0.0847944
chrUn_JTFH01000134v1_decoy,0,0
chrUn_JTFH01000135v1_decoy,106932,34.4276
chrUn_JTFH01000136v1_decoy,233580,75.5189
chrUn_JTFH01000137v1_decoy,74494,24.1942
chrUn_JTFH01000138v1_decoy,0,0
chrUn_JTFH01000139v1_decoy,0,0
chrUn_JTFH01000140v1_decoy,26608,8.82521
chrUn_JTFH01000141v1_decoy,396130,131.517
chrUn_JTFH01000142v1_decoy,415834,138.197
chrUn_JTFH01000143v1_decoy,0,0
chrUn_JTFH01000144v1_decoy,229812,76.6807
chrUn_JTFH01000145v1_decoy,32757,10.9812
chrUn_JTFH01000146v1_decoy,196230,65.8711
chrUn_JTFH01000147v1_decoy,227737,76.7567
chrUn_JTFH01000148v1_decoy,0,0
chrUn_JTFH01000149v1_decoy,0,0
chrUn_JTFH01000150v1_decoy,6442,2.18077
chrUn_JTFH01000151v1_decoy,183540,62.1748
chrUn_JTFH01000152v1_decoy,184977,63.046
chrUn_JTFH01000153v1_decoy,243724,83.5243
chrUn_JTFH01000154v1_decoy,117069,40.4383
chrUn_JTFH01000155v1_decoy,497123,172.194
chrUn_JTFH01000156v1_decoy,386857,134.372
chrUn_JTFH01000157v1_decoy,445127,154.665
chrUn_JTFH01000158v1_decoy,196857,68.5435
chrUn_JTFH01000159v1_decoy,0,0
chrUn_JTFH01000160v1_decoy,0,0
chrUn_JTFH01000161v1_decoy,415057,144.872
chrUn_JTFH01000162v1_decoy,398192,139.034
chrUn_JTFH01000163v1_decoy,469582,164.247
chrUn_JTFH01000164v1_decoy,618564,216.736
chrUn_JTFH01000165v1_decoy,394387,139.359
chrUn_JTFH01000166v1_decoy,177449,62.7472
chrUn_JTFH01000167v1_decoy,435052,154.055
chrUn_JTFH01000168v1_decoy,459601,163.037
chrUn_JTFH01000169v1_decoy,27209,9.67259
chrUn_JTFH01000170v1_decoy,34,0.012104
chrUn_JTFH01000171v1_decoy,68,0.0242684
chrUn_JTFH01000172v1_decoy,0,0
chrUn_JTFH01000173v1_decoy,0,0
chrUn_JTFH01000174v1_decoy,96423,34.7095
chrUn_JTFH01000175v1_decoy,0,0
chrUn_JTFH01000176v1_decoy,0,0
chrUn_JTFH01000177v1_decoy,241669,87.2766
chrUn_JTFH01000178v1_decoy,473242,171.031
chrUn_JTFH01000179v1_decoy,244,0.0883098
chrUn_JTFH01000180v1_decoy,427967,155.908
chrUn_JTFH01000181v1_decoy,8893,3.24325
chrUn_JTFH01000182v1_decoy,64552,23.5936
chrUn_JTFH01000183v1_decoy,193142,70.7739
chrUn_JTFH01000184v1_decoy,2428,0.890682
chrUn_JTFH01000185v1_decoy,20751,7.63185
chrUn_JTFH01000186v1_decoy,0,0
chrUn_JTFH01000187v1_decoy,181420,66.9941
chrUn_JTFH01000188v1_decoy,214290,79.2493
chrUn_JTFH01000189v1_decoy,0,0
chrUn_JTFH01000190v1_decoy,114672,42.6132
chrUn_JTFH01000191v1_decoy,25949,9.64647
chrUn_JTFH01000192v1_decoy,400472,149.041
chrUn_JTFH01000193v1_decoy,0,0
chrUn_JTFH01000194v1_decoy,185433,69.5026
chrUn_JTFH01000195v1_decoy,351929,131.907
chrUn_JTFH01000196v1_decoy,787746,295.811
chrUn_JTFH01000197v1_decoy,175960,66.275
chrUn_JTFH01000198v1_decoy,0,0
chrUn_JTFH01000199v1_decoy,383658,145.215
chrUn_JTFH01000200v1_decoy,0,0
chrUn_JTFH01000201v1_decoy,0,0
chrUn_JTFH01000202v1_decoy,0,0
chrUn_JTFH01000203v1_decoy,342952,130.748
chrUn_JTFH01000204v1_decoy,0,0
chrUn_JTFH01000205v1_decoy,198309,75.7194
chrUn_JTFH01000206v1_decoy,179324,68.8384
chrUn_JTFH01000207v1_decoy,180587,69.3765
chrUn_JTFH01000208v1_decoy,450710,173.283
chrUn_JTFH01000209v1_decoy,0,0
chrUn_JTFH01000210v1_decoy,0,0
chrUn_JTFH01000211v1_decoy,0,0
chrUn_JTFH01000212v1_decoy,28621,11.0335
chrUn_JTFH01000213v1_decoy,0,0
chrUn_JTFH01000214v1_decoy,0,0
chrUn_JTFH01000215v1_decoy,378619,146.581
chrUn_JTFH01000216v1_decoy,330395,128.159
chrUn_JTFH01000217v1_decoy,0,0
chrUn_JTFH01000218v1_decoy,179302,69.7945
chrUn_JTFH01000219v1_decoy,0,0
chrUn_JTFH01000220v1_decoy,0,0
chrUn_JTFH01000221v1_decoy,0,0
chrUn_JTFH01000222v1_decoy,167601,65.8291
chrUn_JTFH01000223v1_decoy,0,0
chrUn_JTFH01000224v1_decoy,61,0.0240726
chrUn_JTFH01000225v1_decoy,492154,194.297
chrUn_JTFH01000226v1_decoy,0,0
chrUn_JTFH01000227v1_decoy,119,0.0471848
chrUn_JTFH01000228v1_decoy,321931,128.004
chrUn_JTFH01000229v1_decoy,0,0
chrUn_JTFH01000230v1_decoy,188336,75.1241
chrUn_JTFH01000231v1_decoy,49,0.0195687
chrUn_JTFH01000232v1_decoy,190967,76.4786
chrUn_JTFH01000233v1_decoy,0,0
chrUn_JTFH01000234v1_decoy,595145,241.438
chrUn_JTFH01000235v1_decoy,0,0
chrUn_JTFH01000236v1_decoy,29116,11.8406
chrUn_JTFH01000237v1_decoy,0,0
chrUn_JTFH01000238v1_decoy,0,0
chrUn_JTFH01000239v1_decoy,0,0
chrUn_JTFH01000240v1_decoy,0,0
chrUn_JTFH01000241v1_decoy,88017,36.1912
chrUn_JTFH01000242v1_decoy,212047,87.37
chrUn_JTFH01000243v1_decoy,293542,121.248
chrUn_JTFH01000244v1_decoy,389807,161.077
chrUn_JTFH01000245v1_decoy,366575,151.854
chrUn_JTFH01000246v1_decoy,0,0
chrUn_JTFH01000247v1_decoy,122770,51.0903
chrUn_JTFH01000248v1_decoy,403104,167.82
chrUn_JTFH01000249v1_decoy,408467,170.408
chrUn_JTFH01000250v1_decoy,0,0
chrUn_JTFH01000251v1_decoy,596,0.248956
chrUn_JTFH01000252v1_decoy,0,0
chrUn_JTFH01000253v1_decoy,166639,69.9576
chrUn_JTFH01000254v1_decoy,83700,35.1533
chrUn_JTFH01000255v1_decoy,163479,68.6887
chrUn_JTFH01000256v1_decoy,153376,64.7703
chrUn_JTFH01000257v1_decoy,10561,4.46743
chrUn_JTFH01000258v1_decoy,20212,8.55353
chrUn_JTFH01000259v1_decoy,0,0
chrUn_JTFH01000260v1_decoy,357598,152.885
chrUn_JTFH01000261v1_decoy,0,0
chrUn_JTFH01000262v1_decoy,185541,79.563
chrUn_JTFH01000263v1_decoy,332314,142.563
chrUn_JTFH01000264v1_decoy,129846,55.7279
chrUn_JTFH01000265v1_decoy,0,0
chrUn_JTFH01000266v1_decoy,0,0
chrUn_JTFH01000267v1_decoy,352375,152.28
chrUn_JTFH01000268v1_decoy,0,0
chrUn_JTFH01000269v1_decoy,365082,158.318
chrUn_JTFH01000270v1_decoy,155686,67.8075
chrUn_JTFH01000271v1_decoy,300943,131.589
chrUn_JTFH01000272v1_decoy,111053,48.7288
chrUn_JTFH01000273v1_decoy,651847,286.4
chrUn_JTFH01000274v1_decoy,384932,169.35
chrUn_JTFH01000275v1_decoy,0,0
chrUn_JTFH01000276v1_decoy,0,0
chrUn_JTFH01000277v1_decoy,190359,84.5289
chrUn_JTFH01000278v1_decoy,0,0
chrUn_JTFH01000279v1_decoy,0,0
chrUn_JTFH01000280v1_decoy,351667,158.195
chrUn_JTFH01000281v1_decoy,217339,97.9005
chrUn_JTFH01000282v1_decoy,0,0
chrUn_JTFH01000283v1_decoy,135890,61.3499
chrUn_JTFH01000284v1_decoy,0,0
chrUn_JTFH01000285v1_decoy,162718,73.862
chrUn_JTFH01000286v1_decoy,0,0
chrUn_JTFH01000287v1_decoy,142005,64.6359
chrUn_JTFH01000288v1_decoy,671954,306.269
chrUn_JTFH01000289v1_decoy,0,0
chrUn_JTFH01000290v1_decoy,0,0
chrUn_JTFH01000291v1_decoy,286775,131.729
chrUn_JTFH01000292v1_decoy,313930,144.203
chrUn_JTFH01000293v1_decoy,290216,133.31
chrUn_JTFH01000294v1_decoy,167353,77.1923
chrUn_JTFH01000295v1_decoy,167420,77.5093
chrUn_JTFH01000296v1_decoy,0,0
chrUn_JTFH01000297v1_decoy,595643,277.819
chrUn_JTFH01000298v1_decoy,374590,174.797
chrUn_JTFH01000299v1_decoy,345295,161.655
chrUn_JTFH01000300v1_decoy,0,0
chrUn_JTFH01000301v1_decoy,159857,75.0855
chrUn_JTFH01000302v1_decoy,255204,119.927
chrUn_JTFH01000303v1_decoy,353767,166.479
chrUn_JTFH01000304v1_decoy,70231,33.0499
chrUn_JTFH01000305v1_decoy,149465,70.4359
chrUn_JTFH01000306v1_decoy,518473,245.605
chrUn_JTFH01000307v1_decoy,349917,166.152
chrUn_JTFH01000308v1_decoy,299173,142.872
chrUn_JTFH01000309v1_decoy,65,0.0310559
chrUn_JTFH01000310v1_decoy,0,0
chrUn_JTFH01000311v1_decoy,560,0.268456
chrUn_JTFH01000312v1_decoy,168691,80.8682
chrUn_JTFH01000313v1_decoy,152702,73.2735
chrUn_JTFH01000314v1_decoy,0,0
chrUn_JTFH01000315v1_decoy,296293,142.517
chrUn_JTFH01000316v1_decoy,287259,138.371
chrUn_JTFH01000317v1_decoy,46915,22.6533
chrUn_JTFH01000318v1_decoy,302661,146.496
chrUn_JTFH01000319v1_decoy,437751,212.397
chrUn_JTFH01000320v1_decoy,0,0
chrUn_JTFH01000321v1_decoy,183,0.0891378
chrUn_JTFH01000322v1_decoy,135,0.0661765
chrUn_JTFH01000323v1_decoy,488441,239.902
chrUn_JTFH01000324v1_decoy,259024,127.285
chrUn_JTFH01000325v1_decoy,284420,139.833
chrUn_JTFH01000326v1_decoy,331373,163.077
chrUn_JTFH01000327v1_decoy,0,0
chrUn_JTFH01000328v1_decoy,0,0
chrUn_JTFH01000329v1_decoy,199199,98.5646
chrUn_JTFH01000330v1_decoy,0,0
chrUn_JTFH01000331v1_decoy,130125,64.5782
chrUn_JTFH01000332v1_decoy,325179,161.861
chrUn_JTFH01000333v1_decoy,3846,1.91629
chrUn_JTFH01000334v1_decoy,289769,144.523
chrUn_JTFH01000335v1_decoy,0,0
chrUn_JTFH01000336v1_decoy,148774,74.3498
chrUn_JTFH01000337v1_decoy,141032,70.4808
chrUn_JTFH01000338v1_decoy,0,0
chrUn_JTFH01000339v1_decoy,270527,135.535
chrUn_JTFH01000340v1_decoy,0,0
chrUn_JTFH01000341v1_decoy,272260,137.159
chrUn_JTFH01000342v1_decoy,292800,147.804
chrUn_JTFH01000343v1_decoy,10219,5.16894
chrUn_JTFH01000344v1_decoy,354685,179.952
chrUn_JTFH01000345v1_decoy,158747,80.6641
chrUn_JTFH01000346v1_decoy,296544,151.144
chrUn_JTFH01000347v1_decoy,125562,64.0296
chrUn_JTFH01000348v1_decoy,292145,149.054
chrUn_JTFH01000349v1_decoy,126421,64.5005
chrUn_JTFH01000350v1_decoy,286311,146.526
chrUn_JTFH01000351v1_decoy,336090,172.177
chrUn_JTFH01000352v1_decoy,286790,147.298
chrUn_JTFH01000353v1_decoy,46,0.0236626
chrUn_JTFH01000354v1_decoy,145585,74.9279
chrUn_JTFH01000355v1_decoy,0,0
chrUn_JTFH01000356v1_decoy,0,0
chrUn_JTFH01000357v1_decoy,347080,179.462
chrUn_JTFH01000358v1_decoy,294529,152.685
chrUn_JTFH01000359v1_decoy,0,0
chrUn_JTFH01000360v1_decoy,322237,167.483
chrUn_JTFH01000361v1_decoy,1034,0.537701
chrUn_JTFH01000362v1_decoy,0,0
chrUn_JTFH01000363v1_decoy,0,0
chrUn_JTFH01000364v1_decoy,0,0
chrUn_JTFH01000365v1_decoy,0,0
chrUn_JTFH01000366v1_decoy,171807,89.7633
chrUn_JTFH01000367v1_decoy,0,0
chrUn_JTFH01000368v1_decoy,311062,162.86
chrUn_JTFH01000369v1_decoy,0,0
chrUn_JTFH01000370v1_decoy,247,0.129727
chrUn_JTFH01000371v1_decoy,311108,164
chrUn_JTFH01000372v1_decoy,0,0
chrUn_JTFH01000373v1_decoy,0,0
chrUn_JTFH01000374v1_decoy,0,0
chrUn_JTFH01000375v1_decoy,0,0
chrUn_JTFH01000376v1_decoy,0,0
chrUn_JTFH01000377v1_decoy,87282,46.4019
chrUn_JTFH01000378v1_decoy,596,0.31719
chrUn_JTFH01000379v1_decoy,137400,73.2019
chrUn_JTFH01000380v1_decoy,325131,173.311
chrUn_JTFH01000381v1_decoy,306247,163.245
chrUn_JTFH01000382v1_decoy,0,0
chrUn_JTFH01000383v1_decoy,0,0
chrUn_JTFH01000384v1_decoy,141328,75.6169
chrUn_JTFH01000385v1_decoy,0,0
chrUn_JTFH01000386v1_decoy,4531,2.42949
chrUn_JTFH01000387v1_decoy,0,0
chrUn_JTFH01000388v1_decoy,0,0
chrUn_JTFH01000389v1_decoy,87,0.046724
chrUn_JTFH01000390v1_decoy,0,0
chrUn_JTFH01000391v1_decoy,0,0
chrUn_JTFH01000392v1_decoy,134922,72.695
chrUn_JTFH01000393v1_decoy,41,0.0220905
chrUn_JTFH01000394v1_decoy,319531,172.347
chrUn_JTFH01000395v1_decoy,224078,121.123
chrUn_JTFH01000396v1_decoy,254748,137.776
chrUn_JTFH01000397v1_decoy,140888,76.1969
chrUn_JTFH01000398v1_decoy,150779,81.6345
chrUn_JTFH01000399v1_decoy,511251,278.005
chrUn_JTFH01000400v1_decoy,261595,142.636
chrUn_JTFH01000401v1_decoy,35189,19.324
chrUn_JTFH01000402v1_decoy,241110,132.843
chrUn_JTFH01000403v1_decoy,126240,69.7073
chrUn_JTFH01000404v1_decoy,0,0
chrUn_JTFH01000405v1_decoy,259817,143.704
chrUn_JTFH01000406v1_decoy,0,0
chrUn_JTFH01000407v1_decoy,0,0
chrUn_JTFH01000408v1_decoy,0,0
chrUn_JTFH01000409v1_decoy,279742,155.326
chrUn_JTFH01000410v1_decoy,338495,188.053
chrUn_JTFH01000411v1_decoy,791094,440.721
chrUn_JTFH01000412v1_decoy,390820,217.848
chrUn_JTFH01000413v1_decoy,67,0.0373884
chrUn_JTFH01000414v1_decoy,82,0.0458613
chrUn_JTFH01000415v1_decoy,0,0
chrUn_JTFH01000416v1_decoy,0,0
chrUn_JTFH01000417v1_decoy,37609,21.1049
chrUn_JTFH01000418v1_decoy,288849,162.184
chrUn_JTFH01000419v1_decoy,167294,93.9326
chrUn_JTFH01000420v1_decoy,239014,134.353
chrUn_JTFH01000421v1_decoy,0,0
chrUn_JTFH01000422v1_decoy,0,0
chrUn_JTFH01000423v1_decoy,3014,1.71056
chrUn_JTFH01000424v1_decoy,290802,165.699
chrUn_JTFH01000425v1_decoy,30105,17.2127
chrUn_JTFH01000426v1_decoy,344720,197.321
chrUn_JTFH01000427v1_decoy,405947,232.501
chrUn_JTFH01000428v1_decoy,0,0
chrUn_JTFH01000429v1_decoy,117046,67.1135
chrUn_JTFH01000430v1_decoy,987,0.56659
chrUn_JTFH01000431v1_decoy,71,0.0408046
chrUn_JTFH01000432v1_decoy,133367,76.6477
chrUn_JTFH01000433v1_decoy,135151,77.852
chrUn_JTFH01000434v1_decoy,311436,179.502
chrUn_JTFH01000435v1_decoy,0,0
chrUn_JTFH01000436v1_decoy,0,0
chrUn_JTFH01000437v1_decoy,233334,134.875
chrUn_JTFH01000438v1_decoy,108366,62.7481
chrUn_JTFH01000439v1_decoy,269152,156.302
chrUn_JTFH01000440v1_decoy,0,0
chrUn_JTFH01000441v1_decoy,0,0
chrUn_JTFH01000442v1_decoy,4984,2.91462
chrUn_JTFH01000443v1_decoy,0,0
chrUn_JTFH01000444v1_decoy,277960,162.835
chrUn_JTFH01000445v1_decoy,248310,145.551
chrUn_JTFH01000446v1_decoy,0,0
chrUn_JTFH01000447v1_decoy,224523,131.762
chrUn_JTFH01000448v1_decoy,0,0
chrUn_JTFH01000449v1_decoy,261228,153.845
chrUn_JTFH01000450v1_decoy,122647,72.2728
chrUn_JTFH01000451v1_decoy,489649,288.538
chrUn_JTFH01000452v1_decoy,115012,67.8537
chrUn_JTFH01000453v1_decoy,0,0
chrUn_JTFH01000454v1_decoy,113060,66.7809
chrUn_JTFH01000455v1_decoy,0,0
chrUn_JTFH01000456v1_decoy,151923,90.1085
chrUn_JTFH01000457v1_decoy,277948,165.445
chrUn_JTFH01000458v1_decoy,562108,334.787
chrUn_JTFH01000459v1_decoy,188969,112.549
chrUn_JTFH01000460v1_decoy,220446,131.374
chrUn_JTFH01000461v1_decoy,49700,29.6894
chrUn_JTFH01000462v1_decoy,0,0
chrUn_JTFH01000463v1_decoy,0,0
chrUn_JTFH01000464v1_decoy,71490,42.834
chrUn_JTFH01000465v1_decoy,263509,158.264
chrUn_JTFH01000466v1_decoy,463489,278.707
chrUn_JTFH01000467v1_decoy,192133,115.952
chrUn_JTFH01000468v1_decoy,0,0
chrUn_JTFH01000469v1_decoy,55,0.033293
chrUn_JTFH01000470v1_decoy,119896,72.6642
chrUn_JTFH01000471v1_decoy,24637,14.9406
chrUn_JTFH01000472v1_decoy,120887,73.3093
chrUn_JTFH01000473v1_decoy,149906,91.4061
chrUn_JTFH01000474v1_decoy,275,0.167888
chrUn_JTFH01000475v1_decoy,118745,72.5825
chrUn_JTFH01000476v1_decoy,114233,69.9957
chrUn_JTFH01000477v1_decoy,23870,14.6352
chrUn_JTFH01000478v1_decoy,0,0
chrUn_JTFH01000479v1_decoy,0,0
chrUn_JTFH01000480v1_decoy,159446,98.181
chrUn_JTFH01000481v1_decoy,160670,99.363
chrUn_JTFH01000482v1_decoy,118186,73.1349
chrUn_JTFH01000483v1_decoy,0,0
chrUn_JTFH01000484v1_decoy,118858,73.779
chrUn_JTFH01000485v1_decoy,127129,78.9131
chrUn_JTFH01000486v1_decoy,116997,72.8499
chrUn_JTFH01000487v1_decoy,113948,70.9956
chrUn_JTFH01000488v1_decoy,0,0
chrUn_JTFH01000489v1_decoy,231414,144.634
chrUn_JTFH01000490v1_decoy,0,0
chrUn_JTFH01000491v1_decoy,259429,162.346
chrUn_JTFH01000492v1_decoy,150547,94.2686
chrUn_JTFH01000493v1_decoy,737300,461.967
chrUn_JTFH01000494v1_decoy,0,0
chrUn_JTFH01000495v1_decoy,112285,70.5308
chrUn_JTFH01000496v1_decoy,122889,77.3373
chrUn_JTFH01000497v1_decoy,0,0
chrUn_JTFH01000498v1_decoy,0,0
chrUn_JTFH01000499v1_decoy,36214,22.9493
chrUn_JTFH01000500v1_decoy,0,0
chrUn_JTFH01000501v1_decoy,104334,66.1598
chrUn_JTFH01000502v1_decoy,0,0
chrUn_JTFH01000503v1_decoy,121212,76.9112
chrUn_JTFH01000504v1_decoy,0,0
chrUn_JTFH01000505v1_decoy,221956,141.014
chrUn_JTFH01000506v1_decoy,430298,273.726
chrUn_JTFH01000507v1_decoy,0,0
chrUn_JTFH01000508v1_decoy,0,0
chrUn_JTFH01000509v1_decoy,0,0
chrUn_JTFH01000510v1_decoy,83986,53.8027
chrUn_JTFH01000511v1_decoy,40157,25.7417
chrUn_JTFH01000512v1_decoy,209230,134.122
chrUn_JTFH01000513v1_decoy,257243,165.536
chrUn_JTFH01000514v1_decoy,0,0
chrUn_JTFH01000515v1_decoy,0,0
chrUn_JTFH01000516v1_decoy,0,0
chrUn_JTFH01000517v1_decoy,77561,50.3316
chrUn_JTFH01000518v1_decoy,246661,160.587
chrUn_JTFH01000519v1_decoy,214284,139.781
chrUn_JTFH01000520v1_decoy,0,0
chrUn_JTFH01000521v1_decoy,0,0
chrUn_JTFH01000522v1_decoy,0,0
chrUn_JTFH01000523v1_decoy,125705,82.3215
chrUn_JTFH01000524v1_decoy,102750,67.3329
chrUn_JTFH01000525v1_decoy,0,0
chrUn_JTFH01000526v1_decoy,180318,118.397
chrUn_JTFH01000527v1_decoy,0,0
chrUn_JTFH01000528v1_decoy,179123,117.689
chrUn_JTFH01000529v1_decoy,51,0.0335085
chrUn_JTFH01000530v1_decoy,233712,153.859
chrUn_JTFH01000531v1_decoy,0,0
chrUn_JTFH01000532v1_decoy,112,0.0742706
chrUn_JTFH01000533v1_decoy,0,0
chrUn_JTFH01000534v1_decoy,0,0
chrUn_JTFH01000535v1_decoy,0,0
chrUn_JTFH01000536v1_decoy,218788,146.249
chrUn_JTFH01000537v1_decoy,18470,12.3877
chrUn_JTFH01000538v1_decoy,286445,192.245
chrUn_JTFH01000539v1_decoy,73088,49.0523
chrUn_JTFH01000540v1_decoy,298,0.200403
chrUn_JTFH01000541v1_decoy,110052,74.0592
chrUn_JTFH01000542v1_decoy,4663,3.14007
chrUn_JTFH01000543v1_decoy,22989,15.4912
chrUn_JTFH01000544v1_decoy,215514,145.323
chrUn_JTFH01000545v1_decoy,57,0.0385396
chrUn_JTFH01000546v1_decoy,11396,7.70521
chrUn_JTFH01000547v1_decoy,90,0.0609756
chrUn_JTFH01000548v1_decoy,0,0
chrUn_JTFH01000549v1_decoy,0,0
chrUn_JTFH01000550v1_decoy,296,0.201498
chrUn_JTFH01000551v1_decoy,76710,52.2548
chrUn_JTFH01000552v1_decoy,91604,62.4431
chrUn_JTFH01000553v1_decoy,330311,225.468
chrUn_JTFH01000554v1_decoy,235643,160.958
chrUn_JTFH01000555v1_decoy,0,0
chrUn_JTFH01000556v1_decoy,0,0
chrUn_JTFH01000557v1_decoy,323552,221.763
chrUn_JTFH01000558v1_decoy,0,0
chrUn_JTFH01000559v1_decoy,505712,346.853
chrUn_JTFH01000560v1_decoy,0,0
chrUn_JTFH01000561v1_decoy,0,0
chrUn_JTFH01000562v1_decoy,0,0
chrUn_JTFH01000563v1_decoy,0,0
chrUn_JTFH01000564v1_decoy,191260,132.086
chrUn_JTFH01000565v1_decoy,0,0
chrUn_JTFH01000566v1_decoy,0,0
chrUn_JTFH01000567v1_decoy,204699,142.053
chrUn_JTFH01000568v1_decoy,111260,77.2639
chrUn_JTFH01000569v1_decoy,165916,115.3
chrUn_JTFH01000570v1_decoy,0,0
chrUn_JTFH01000571v1_decoy,531,0.369777
chrUn_JTFH01000572v1_decoy,55690,38.9713
chrUn_JTFH01000573v1_decoy,9734,6.81176
chrUn_JTFH01000574v1_decoy,3356,2.35179
chrUn_JTFH01000575v1_decoy,0,0
chrUn_JTFH01000576v1_decoy,181548,127.402
chrUn_JTFH01000577v1_decoy,92199,64.7465
chrUn_JTFH01000578v1_decoy,3153,2.21419
chrUn_JTFH01000579v1_decoy,0,0
chrUn_JTFH01000580v1_decoy,0,0
chrUn_JTFH01000581v1_decoy,230038,161.657
chrUn_JTFH01000582v1_decoy,0,0
chrUn_JTFH01000583v1_decoy,237,0.16761
chrUn_JTFH01000584v1_decoy,0,0
chrUn_JTFH01000585v1_decoy,151206,107.011
chrUn_JTFH01000586v1_decoy,0,0
chrUn_JTFH01000587v1_decoy,0,0
chrUn_JTFH01000588v1_decoy,102,0.0723918
chrUn_JTFH01000589v1_decoy,302,0.214794
chrUn_JTFH01000590v1_decoy,214519,152.683
chrUn_JTFH01000591v1_decoy,108941,77.5381
chrUn_JTFH01000592v1_decoy,102602,73.0783
chrUn_JTFH01000593v1_decoy,176984,126.057
chrUn_JTFH01000594v1_decoy,305364,217.806
chrUn_JTFH01000595v1_decoy,156929,111.932
chrUn_JTFH01000596v1_decoy,182390,130.093
chrUn_JTFH01000597v1_decoy,138,0.0984308
chrUn_JTFH01000598v1_decoy,276720,197.657
chrUn_JTFH01000599v1_decoy,0,0
chrUn_JTFH01000600v1_decoy,131311,94.0623
chrUn_JTFH01000601v1_decoy,97773,70.0882
chrUn_JTFH01000602v1_decoy,89222,64.0043
chrUn_JTFH01000603v1_decoy,0,0
chrUn_JTFH01000604v1_decoy,146,0.10496
chrUn_JTFH01000605v1_decoy,184905,133.121
chrUn_JTFH01000606v1_decoy,98236,70.7243
chrUn_JTFH01000607v1_decoy,186158,134.12
chrUn_JTFH01000608v1_decoy,0,0
chrUn_JTFH01000609v1_decoy,244301,176.518
chrUn_JTFH01000610v1_decoy,199644,144.565
chrUn_JTFH01000611v1_decoy,86374,62.5445
chrUn_JTFH01000612v1_decoy,227454,164.941
chrUn_JTFH01000613v1_decoy,12790,9.28831
chrUn_JTFH01000614v1_decoy,183296,133.209
chrUn_JTFH01000615v1_decoy,123593,89.8205
chrUn_JTFH01000616v1_decoy,186803,135.857
chrUn_JTFH01000617v1_decoy,372723,271.269
chrUn_JTFH01000618v1_decoy,105651,77.0051
chrUn_JTFH01000619v1_decoy,0,0
chrUn_JTFH01000620v1_decoy,823,0.60073
chrUn_JTFH01000621v1_decoy,232598,169.78
chrUn_JTFH01000622v1_decoy,0,0
chrUn_JTFH01000623v1_decoy,0,0
chrUn_JTFH01000624v1_decoy,175068,128.726
chrUn_JTFH01000625v1_decoy,0,0
chrUn_JTFH01000626v1_decoy,461550,340.627
chrUn_JTFH01000627v1_decoy,0,0
chrUn_JTFH01000628v1_decoy,83531,61.7833
chrUn_JTFH01000629v1_decoy,0,0
chrUn_JTFH01000630v1_decoy,0,0
chrUn_JTFH01000631v1_decoy,199260,148.259
chrUn_JTFH01000632v1_decoy,54247,40.4225
chrUn_JTFH01000633v1_decoy,204951,152.721
chrUn_JTFH01000634v1_decoy,90167,67.4903
chrUn_JTFH01000635v1_decoy,0,0
chrUn_JTFH01000636v1_decoy,78,0.0584708
chrUn_JTFH01000637v1_decoy,244880,183.706
chrUn_JTFH01000638v1_decoy,494,0.370871
chrUn_JTFH01000639v1_decoy,81688,61.512
chrUn_JTFH01000640v1_decoy,101279,76.2643
chrUn_JTFH01000641v1_decoy,191889,144.495
chrUn_JTFH01000642v1_decoy,217834,164.155
chrUn_JTFH01000643v1_decoy,0,0
chrUn_JTFH01000644v1_decoy,122645,92.7723
chrUn_JTFH01000645v1_decoy,0,0
chrUn_JTFH01000646v1_decoy,100800,76.4215
chrUn_JTFH01000647v1_decoy,21746,16.4992
chrUn_JTFH01000648v1_decoy,145611,110.731
chrUn_JTFH01000649v1_decoy,0,0
chrUn_JTFH01000650v1_decoy,469079,357.257
chrUn_JTFH01000651v1_decoy,161716,123.165
chrUn_JTFH01000652v1_decoy,95840,73.0488
chrUn_JTFH01000653v1_decoy,0,0
chrUn_JTFH01000654v1_decoy,84240,64.3545
chrUn_JTFH01000655v1_decoy,0,0
chrUn_JTFH01000656v1_decoy,180823,138.35
chrUn_JTFH01000657v1_decoy,219,0.167559
chrUn_JTFH01000658v1_decoy,66418,50.895
chrUn_JTFH01000659v1_decoy,0,0
chrUn_JTFH01000660v1_decoy,200275,153.703
chrUn_JTFH01000661v1_decoy,180324,138.498
chrUn_JTFH01000662v1_decoy,108694,83.4823
chrUn_JTFH01000663v1_decoy,269079,206.825
chrUn_JTFH01000664v1_decoy,0,0
chrUn_JTFH01000665v1_decoy,62268,47.8985
chrUn_JTFH01000666v1_decoy,123739,95.2571
chrUn_JTFH01000667v1_decoy,0,0
chrUn_JTFH01000668v1_decoy,123218,95.149
chrUn_JTFH01000669v1_decoy,0,0
chrUn_JTFH01000670v1_decoy,181267,140.191
chrUn_JTFH01000671v1_decoy,0,0
chrUn_JTFH01000672v1_decoy,1063223,823.565
chrUn_JTFH01000673v1_decoy,0,0
chrUn_JTFH01000674v1_decoy,0,0
chrUn_JTFH01000675v1_decoy,0,0
chrUn_JTFH01000676v1_decoy,0,0
chrUn_JTFH01000677v1_decoy,149236,115.956
chrUn_JTFH01000678v1_decoy,0,0
chrUn_JTFH01000679v1_decoy,0,0
chrUn_JTFH01000680v1_decoy,0,0
chrUn_JTFH01000681v1_decoy,102713,80.1819
chrUn_JTFH01000682v1_decoy,129128,101.118
chrUn_JTFH01000683v1_decoy,29806,23.3956
chrUn_JTFH01000684v1_decoy,87679,69.0386
chrUn_JTFH01000685v1_decoy,201631,159.14
chrUn_JTFH01000686v1_decoy,184390,145.648
chrUn_JTFH01000687v1_decoy,82527,65.4976
chrUn_JTFH01000688v1_decoy,43126,34.2542
chrUn_JTFH01000689v1_decoy,0,0
chrUn_JTFH01000690v1_decoy,0,0
chrUn_JTFH01000691v1_decoy,207258,164.752
chrUn_JTFH01000692v1_decoy,0,0
chrUn_JTFH01000693v1_decoy,0,0
chrUn_JTFH01000694v1_decoy,189840,151.388
chrUn_JTFH01000695v1_decoy,0,0
chrUn_JTFH01000696v1_decoy,0,0
chrUn_JTFH01000697v1_decoy,0,0
chrUn_JTFH01000698v1_decoy,0,0
chrUn_JTFH01000699v1_decoy,0,0
chrUn_JTFH01000700v1_decoy,6316,5.0609
chrUn_JTFH01000701v1_decoy,82960,66.5277
chrUn_JTFH01000702v1_decoy,85851,69.1232
chrUn_JTFH01000703v1_decoy,213212,171.668
chrUn_JTFH01000704v1_decoy,0,0
chrUn_JTFH01000705v1_decoy,0,0
chrUn_JTFH01000706v1_decoy,76540,61.6761
chrUn_JTFH01000707v1_decoy,0,0
chrUn_JTFH01000708v1_decoy,0,0
chrUn_JTFH01000709v1_decoy,21409,17.3072
chrUn_JTFH01000710v1_decoy,0,0
chrUn_JTFH01000711v1_decoy,0,0
chrUn_JTFH01000712v1_decoy,99110,80.316
chrUn_JTFH01000713v1_decoy,0,0
chrUn_JTFH01000714v1_decoy,186271,150.949
chrUn_JTFH01000715v1_decoy,170619,138.377
chrUn_JTFH01000716v1_decoy,21714,17.625
chrUn_JTFH01000717v1_decoy,0,0
chrUn_JTFH01000718v1_decoy,0,0
chrUn_JTFH01000719v1_decoy,193624,157.418
chrUn_JTFH01000720v1_decoy,20070,16.3436
chrUn_JTFH01000721v1_decoy,79185,64.5355
chrUn_JTFH01000722v1_decoy,185955,151.553
chrUn_JTFH01000723v1_decoy,31073,25.345
chrUn_JTFH01000724v1_decoy,0,0
chrUn_JTFH01000725v1_decoy,0,0
chrUn_JTFH01000726v1_decoy,0,0
chrUn_JTFH01000727v1_decoy,0,0
chrUn_JTFH01000728v1_decoy,0,0
chrUn_JTFH01000729v1_decoy,160717,132.06
chrUn_JTFH01000730v1_decoy,133688,109.941
chrUn_JTFH01000731v1_decoy,171,0.140741
chrUn_JTFH01000732v1_decoy,0,0
chrUn_JTFH01000733v1_decoy,286235,235.778
chrUn_JTFH01000734v1_decoy,180586,148.753
chrUn_JTFH01000735v1_decoy,0,0
chrUn_JTFH01000736v1_decoy,0,0
chrUn_JTFH01000737v1_decoy,175759,145.376
chrUn_JTFH01000738v1_decoy,168116,139.169
chrUn_JTFH01000739v1_decoy,99402,82.3546
chrUn_JTFH01000740v1_decoy,223542,185.205
chrUn_JTFH01000741v1_decoy,75250,62.3447
chrUn_JTFH01000742v1_decoy,132637,109.981
chrUn_JTFH01000743v1_decoy,66861,55.4403
chrUn_JTFH01000744v1_decoy,0,0
chrUn_JTFH01000745v1_decoy,0,0
chrUn_JTFH01000746v1_decoy,73306,60.8854
chrUn_JTFH01000747v1_decoy,0,0
chrUn_JTFH01000748v1_decoy,86616,71.9402
chrUn_JTFH01000749v1_decoy,281851,234.29
chrUn_JTFH01000750v1_decoy,246223,205.015
chrUn_JTFH01000751v1_decoy,0,0
chrUn_JTFH01000752v1_decoy,0,0
chrUn_JTFH01000753v1_decoy,0,0
chrUn_JTFH01000754v1_decoy,0,0
chrUn_JTFH01000755v1_decoy,0,0
chrUn_JTFH01000756v1_decoy,0,0
chrUn_JTFH01000757v1_decoy,131,0.109532
chrUn_JTFH01000758v1_decoy,0,0
chrUn_JTFH01000759v1_decoy,184977,154.922
chrUn_JTFH01000760v1_decoy,90490,75.7873
chrUn_JTFH01000761v1_decoy,0,0
chrUn_JTFH01000762v1_decoy,100601,84.6098
chrUn_JTFH01000763v1_decoy,0,0
chrUn_JTFH01000764v1_decoy,70554,59.489
chrUn_JTFH01000765v1_decoy,10852,9.16554
chrUn_JTFH01000766v1_decoy,127578,107.843
chrUn_JTFH01000767v1_decoy,0,0
chrUn_JTFH01000768v1_decoy,0,0
chrUn_JTFH01000769v1_decoy,0,0
chrUn_JTFH01000770v1_decoy,2814,2.38273
chrUn_JTFH01000771v1_decoy,166423,140.917
chrUn_JTFH01000772v1_decoy,85255,72.1888
chrUn_JTFH01000773v1_decoy,0,0
chrUn_JTFH01000774v1_decoy,67609,57.393
chrUn_JTFH01000775v1_decoy,0,0
chrUn_JTFH01000776v1_decoy,0,0
chrUn_JTFH01000777v1_decoy,0,0
chrUn_JTFH01000778v1_decoy,190044,162.292
chrUn_JTFH01000779v1_decoy,0,0
chrUn_JTFH01000780v1_decoy,164924,140.84
chrUn_JTFH01000781v1_decoy,0,0
chrUn_JTFH01000782v1_decoy,79142,67.6427
chrUn_JTFH01000783v1_decoy,47786,40.9477
chrUn_JTFH01000784v1_decoy,193122,165.486
chrUn_JTFH01000785v1_decoy,118923,101.905
chrUn_JTFH01000786v1_decoy,0,0
chrUn_JTFH01000787v1_decoy,403,0.345923
chrUn_JTFH01000788v1_decoy,174796,150.427
chrUn_JTFH01000789v1_decoy,170979,147.778
chrUn_JTFH01000790v1_decoy,0,0
chrUn_JTFH01000791v1_decoy,88794,76.8114
chrUn_JTFH01000792v1_decoy,115911,100.443
chrUn_JTFH01000793v1_decoy,24321,21.0754
chrUn_JTFH01000794v1_decoy,0,0
chrUn_JTFH01000795v1_decoy,44,0.0382276
chrUn_JTFH01000796v1_decoy,0,0
chrUn_JTFH01000797v1_decoy,153892,133.819
chrUn_JTFH01000798v1_decoy,201477,175.656
chrUn_JTFH01000799v1_decoy,172423,150.325
chrUn_JTFH01000800v1_decoy,0,0
chrUn_JTFH01000801v1_decoy,133907,117.052
chrUn_JTFH01000802v1_decoy,230443,201.436
chrUn_JTFH01000803v1_decoy,0,0
chrUn_JTFH01000804v1_decoy,135403,118.567
chrUn_JTFH01000805v1_decoy,0,0
chrUn_JTFH01000806v1_decoy,0,0
chrUn_JTFH01000807v1_decoy,0,0
chrUn_JTFH01000808v1_decoy,465,0.408612
chrUn_JTFH01000809v1_decoy,150276,132.519
chrUn_JTFH01000810v1_decoy,200602,176.898
chrUn_JTFH01000811v1_decoy,84601,74.7359
chrUn_JTFH01000812v1_decoy,0,0
chrUn_JTFH01000813v1_decoy,53406,47.2202
chrUn_JTFH01000814v1_decoy,0,0
chrUn_JTFH01000815v1_decoy,67113,59.5501
chrUn_JTFH01000816v1_decoy,168821,149.93
chrUn_JTFH01000817v1_decoy,102554,91.2402
chrUn_JTFH01000818v1_decoy,0,0
chrUn_JTFH01000819v1_decoy,0,0
chrUn_JTFH01000820v1_decoy,298,0.265834
chrUn_JTFH01000821v1_decoy,76137,68.0402
chrUn_JTFH01000822v1_decoy,0,0
chrUn_JTFH01000823v1_decoy,0,0
chrUn_JTFH01000824v1_decoy,60626,54.1787
chrUn_JTFH01000825v1_decoy,10144,9.07335
chrUn_JTFH01000826v1_decoy,89834,80.4964
chrUn_JTFH01000827v1_decoy,48219,43.207
chrUn_JTFH01000828v1_decoy,135,0.121076
chrUn_JTFH01000829v1_decoy,89827,80.5623
chrUn_JTFH01000830v1_decoy,163293,146.451
chrUn_JTFH01000831v1_decoy,0,0
chrUn_JTFH01000832v1_decoy,0,0
chrUn_JTFH01000833v1_decoy,80660,72.4708
chrUn_JTFH01000834v1_decoy,146464,131.95
chrUn_JTFH01000835v1_decoy,83548,75.2685
chrUn_JTFH01000836v1_decoy,180371,162.643
chrUn_JTFH01000837v1_decoy,93773,84.6327
chrUn_JTFH01000838v1_decoy,151823,137.148
chrUn_JTFH01000839v1_decoy,65359,59.0416
chrUn_JTFH01000840v1_decoy,154902,139.93
chrUn_JTFH01000841v1_decoy,124180,112.177
chrUn_JTFH01000842v1_decoy,0,0
chrUn_JTFH01000843v1_decoy,55387,50.2149
chrUn_JTFH01000844v1_decoy,0,0
chrUn_JTFH01000845v1_decoy,0,0
chrUn_JTFH01000846v1_decoy,276,0.250909
chrUn_JTFH01000847v1_decoy,0,0
chrUn_JTFH01000848v1_decoy,0,0
chrUn_JTFH01000849v1_decoy,0,0
chrUn_JTFH01000850v1_decoy,19355,17.6597
chrUn_JTFH01000851v1_decoy,1219,1.11223
chrUn_JTFH01000852v1_decoy,99083,90.5695
chrUn_JTFH01000853v1_decoy,0,0
chrUn_JTFH01000854v1_decoy,132773,121.81
chrUn_JTFH01000855v1_decoy,157522,144.781
chrUn_JTFH01000856v1_decoy,134,0.123275
chrUn_JTFH01000857v1_decoy,63221,58.2146
chrUn_JTFH01000858v1_decoy,0,0
chrUn_JTFH01000859v1_decoy,0,0
chrUn_JTFH01000860v1_decoy,142281,131.256
chrUn_JTFH01000861v1_decoy,0,0
chrUn_JTFH01000862v1_decoy,73,0.0673432
chrUn_JTFH01000863v1_decoy,0,0
chrUn_JTFH01000864v1_decoy,144908,133.802
chrUn_JTFH01000865v1_decoy,829,0.766174
chrUn_JTFH01000866v1_decoy,167006,154.349
chrUn_JTFH01000867v1_decoy,70741,65.4403
chrUn_JTFH01000868v1_decoy,77228,71.4413
chrUn_JTFH01000869v1_decoy,155378,144.002
chrUn_JTFH01000870v1_decoy,106923,99.3708
chrUn_JTFH01000871v1_decoy,181773,169.249
chrUn_JTFH01000872v1_decoy,364801,339.982
chrUn_JTFH01000873v1_decoy,81658,76.1025
chrUn_JTFH01000874v1_decoy,1181,1.10271
chrUn_JTFH01000875v1_decoy,41700,39.0084
chrUn_JTFH01000876v1_decoy,11389467,10674.3
chrUn_JTFH01000877v1_decoy,0,0
chrUn_JTFH01000878v1_decoy,71389,66.9063
chrUn_JTFH01000879v1_decoy,301108,282.465
chrUn_JTFH01000880v1_decoy,190339,178.722
chrUn_JTFH01000881v1_decoy,283,0.265728
chrUn_JTFH01000882v1_decoy,0,0
chrUn_JTFH01000883v1_decoy,0,0
chrUn_JTFH01000884v1_decoy,19766,18.5596
chrUn_JTFH01000885v1_decoy,0,0
chrUn_JTFH01000886v1_decoy,1720,1.61654
chrUn_JTFH01000887v1_decoy,0,0
chrUn_JTFH01000888v1_decoy,0,0
chrUn_JTFH01000889v1_decoy,0,0
chrUn_JTFH01000890v1_decoy,237540,223.672
chrUn_JTFH01000891v1_decoy,140455,132.255
chrUn_JTFH01000892v1_decoy,0,0
chrUn_JTFH01000893v1_decoy,156591,147.727
chrUn_JTFH01000894v1_decoy,59028,55.8448
chrUn_JTFH01000895v1_decoy,0,0
chrUn_JTFH01000896v1_decoy,1570,1.48674
chrUn_JTFH01000897v1_decoy,79221,75.091
chrUn_JTFH01000898v1_decoy,68697,65.1156
chrUn_JTFH01000899v1_decoy,146240,138.616
chrUn_JTFH01000900v1_decoy,187580,177.801
chrUn_JTFH01000901v1_decoy,170244,161.522
chrUn_JTFH01000902v1_decoy,82813,78.7945
chrUn_JTFH01000903v1_decoy,4446,4.23429
chrUn_JTFH01000904v1_decoy,0,0
chrUn_JTFH01000905v1_decoy,64267,61.265
chrUn_JTFH01000906v1_decoy,75868,72.3931
chrUn_JTFH01000907v1_decoy,0,0
chrUn_JTFH01000908v1_decoy,1548,1.47992
chrUn_JTFH01000909v1_decoy,77457,74.0507
chrUn_JTFH01000910v1_decoy,179226,171.344
chrUn_JTFH01000911v1_decoy,0,0
chrUn_JTFH01000912v1_decoy,47930,45.866
chrUn_JTFH01000913v1_decoy,155363,148.673
chrUn_JTFH01000914v1_decoy,128180,122.778
chrUn_JTFH01000915v1_decoy,0,0
chrUn_JTFH01000916v1_decoy,101,0.0970221
chrUn_JTFH01000917v1_decoy,227,0.218479
chrUn_JTFH01000918v1_decoy,145179,139.73
chrUn_JTFH01000919v1_decoy,0,0
chrUn_JTFH01000920v1_decoy,0,0
chrUn_JTFH01000921v1_decoy,0,0
chrUn_JTFH01000922v1_decoy,265426,256.45
chrUn_JTFH01000923v1_decoy,78115,75.4734
chrUn_JTFH01000924v1_decoy,0,0
chrUn_JTFH01000925v1_decoy,0,0
chrUn_JTFH01000926v1_decoy,670,0.649854
chrUn_JTFH01000927v1_decoy,15676,15.2047
chrUn_JTFH01000928v1_decoy,253388,245.769
chrUn_JTFH01000929v1_decoy,3076,2.99513
chrUn_JTFH01000930v1_decoy,0,0
chrUn_JTFH01000931v1_decoy,125708,122.522
chrUn_JTFH01000932v1_decoy,54877,53.4864
chrUn_JTFH01000933v1_decoy,2050,2.00195
chrUn_JTFH01000934v1_decoy,296,0.289062
chrUn_JTFH01000935v1_decoy,459,0.449119
chrUn_JTFH01000936v1_decoy,138332,135.354
chrUn_JTFH01000937v1_decoy,125989,123.398
chrUn_JTFH01000938v1_decoy,26,0.0254902
chrUn_JTFH01000939v1_decoy,0,0
chrUn_JTFH01000940v1_decoy,142307,139.791
chrUn_JTFH01000941v1_decoy,56510,55.5108
chrUn_JTFH01000942v1_decoy,142873,140.347
chrUn_JTFH01000943v1_decoy,982,0.966535
chrUn_JTFH01000944v1_decoy,69144,68.4594
chrUn_JTFH01000945v1_decoy,125122,123.883
chrUn_JTFH01000946v1_decoy,181102,179.487
chrUn_JTFH01000947v1_decoy,0,0
chrUn_JTFH01000948v1_decoy,3338,3.3148
chrUn_JTFH01000949v1_decoy,0,0
chrUn_JTFH01000950v1_decoy,48464,48.2229
chrUn_JTFH01000951v1_decoy,0,0
chrUn_JTFH01000952v1_decoy,173940,173.247
chrUn_JTFH01000953v1_decoy,60,0.059761
chrUn_JTFH01000954v1_decoy,0,0
chrUn_JTFH01000955v1_decoy,107979,107.656
chrUn_JTFH01000956v1_decoy,68264,68.0598
chrUn_JTFH01000957v1_decoy,202623,202.017
chrUn_JTFH01000958v1_decoy,125483,125.233
chrUn_JTFH01000959v1_decoy,49003,48.9052
chrUn_JTFH01000960v1_decoy,134069,134.069
chrUn_JTFH01000961v1_decoy,0,0
chrUn_JTFH01000962v1_decoy,350068,41.8842
chrUn_JTFH01000963v1_decoy,412004,51.942
chrUn_JTFH01000964v1_decoy,6888,1.00613
chrUn_JTFH01000965v1_decoy,410578,89.4311
chrUn_JTFH01000966v1_decoy,136358,33.7436
chrUn_JTFH01000967v1_decoy,162199,42.2283
chrUn_JTFH01000968v1_decoy,242,0.0644646
chrUn_JTFH01000969v1_decoy,212395,56.7446
chrUn_JTFH01000970v1_decoy,109136,29.4803
chrUn_JTFH01000971v1_decoy,112424,31.0135
chrUn_JTFH01000972v1_decoy,467132,132.37
chrUn_JTFH01000973v1_decoy,211272,60.2258
chrUn_JTFH01000974v1_decoy,282,0.0839536
chrUn_JTFH01000975v1_decoy,214773,64.6907
chrUn_JTFH01000976v1_decoy,0,0
chrUn_JTFH01000977v1_decoy,600,0.186335
chrUn_JTFH01000978v1_decoy,51708,16.0984
chrUn_JTFH01000979v1_decoy,125722,39.3866
chrUn_JTFH01000980v1_decoy,0,0
chrUn_JTFH01000981v1_decoy,231502,74.9925
chrUn_JTFH01000982v1_decoy,176896,58.0367
chrUn_JTFH01000983v1_decoy,195524,65.0662
chrUn_JTFH01000984v1_decoy,62108,20.6751
chrUn_JTFH01000985v1_decoy,215531,72.8391
chrUn_JTFH01000986v1_decoy,245192,83.5692
chrUn_JTFH01000987v1_decoy,334252,113.962
chrUn_JTFH01000988v1_decoy,29690,10.5023
chrUn_JTFH01000989v1_decoy,0,0
chrUn_JTFH01000990v1_decoy,178813,65.0466
chrUn_JTFH01000991v1_decoy,118591,43.2025
chrUn_JTFH01000992v1_decoy,192868,70.5701
chrUn_JTFH01000993v1_decoy,385072,142.725
chrUn_JTFH01000994v1_decoy,55280,20.743
chrUn_JTFH01000995v1_decoy,439093,166.702
chrUn_JTFH01000996v1_decoy,1801,0.722713
chrUn_JTFH01000997v1_decoy,204067,81.9875
chrUn_JTFH01000998v1_decoy,159058,64.4481
chrUn_JTFH01000999v1_decoy,302941,125.493
chrUn_JTFH01001000v1_decoy,106082,44.2931
chrUn_JTFH01001001v1_decoy,10724,4.55178
chrUn_JTFH01001002v1_decoy,401001,171.441
chrUn_JTFH01001003v1_decoy,31513,13.642
chrUn_JTFH01001004v1_decoy,40510,17.7054
chrUn_JTFH01001005v1_decoy,62914,27.5335
chrUn_JTFH01001006v1_decoy,0,0
chrUn_JTFH01001007v1_decoy,174187,77.3134
chrUn_JTFH01001008v1_decoy,0,0
chrUn_JTFH01001009v1_decoy,144,0.0661765
chrUn_JTFH01001010v1_decoy,154636,71.6239
chrUn_JTFH01001011v1_decoy,139416,64.6942
chrUn_JTFH01001012v1_decoy,373434,173.771
chrUn_JTFH01001013v1_decoy,156566,73.5397
chrUn_JTFH01001014v1_decoy,151034,71.3771
chrUn_JTFH01001015v1_decoy,180467,85.408
chrUn_JTFH01001016v1_decoy,366005,174.454
chrUn_JTFH01001017v1_decoy,157477,76.2231
chrUn_JTFH01001018v1_decoy,0,0
chrUn_JTFH01001019v1_decoy,72999,35.4536
chrUn_JTFH01001020v1_decoy,0,0
chrUn_JTFH01001021v1_decoy,143416,70.302
chrUn_JTFH01001022v1_decoy,63188,31.1271
chrUn_JTFH01001023v1_decoy,292445,144.489
chrUn_JTFH01001024v1_decoy,46225,23.101
chrUn_JTFH01001025v1_decoy,96853,48.621
chrUn_JTFH01001026v1_decoy,301,0.151943
chrUn_JTFH01001027v1_decoy,0,0
chrUn_JTFH01001028v1_decoy,71237,36.4011
chrUn_JTFH01001029v1_decoy,0,0
chrUn_JTFH01001030v1_decoy,16976,8.73251
chrUn_JTFH01001031v1_decoy,47658,24.6167
chrUn_JTFH01001032v1_decoy,298,0.154244
chrUn_JTFH01001033v1_decoy,135070,71.7694
chrUn_JTFH01001034v1_decoy,0,0
chrUn_JTFH01001035v1_decoy,98023,52.4187
chrUn_JTFH01001036v1_decoy,114333,62.7858
chrUn_JTFH01001037v1_decoy,72,0.0397132
chrUn_JTFH01001038v1_decoy,0,0
chrUn_JTFH01001039v1_decoy,0,0
chrUn_JTFH01001040v1_decoy,127554,70.9816
chrUn_JTFH01001041v1_decoy,55,0.0307091
chrUn_JTFH01001042v1_decoy,292702,164.347
chrUn_JTFH01001043v1_decoy,4358,2.46772
chrUn_JTFH01001044v1_decoy,152229,86.2976
chrUn_JTFH01001045v1_decoy,540,0.309811
chrUn_JTFH01001046v1_decoy,218,0.125215
chrUn_JTFH01001047v1_decoy,164085,96.0123
chrUn_JTFH01001048v1_decoy,0,0
chrUn_JTFH01001049v1_decoy,170994,100.526
chrUn_JTFH01001050v1_decoy,106476,63.0409
chrUn_JTFH01001051v1_decoy,1046,0.63548
chrUn_JTFH01001052v1_decoy,285459,173.954
chrUn_JTFH01001053v1_decoy,0,0
chrUn_JTFH01001054v1_decoy,5590,3.41687
chrUn_JTFH01001055v1_decoy,53931,33.046
chrUn_JTFH01001056v1_decoy,102386,62.8521
chrUn_JTFH01001057v1_decoy,100035,61.6359
chrUn_JTFH01001058v1_decoy,120661,74.3903
chrUn_JTFH01001059v1_decoy,34094,21.0197
chrUn_JTFH01001060v1_decoy,206719,127.683
chrUn_JTFH01001061v1_decoy,116692,72.66
chrUn_JTFH01001062v1_decoy,0,0
chrUn_JTFH01001063v1_decoy,0,0
chrUn_JTFH01001064v1_decoy,9985,6.40886
chrUn_JTFH01001065v1_decoy,229775,148.722
chrUn_JTFH01001066v1_decoy,58961,38.2367
chrUn_JTFH01001067v1_decoy,123354,80.1
chrUn_JTFH01001068v1_decoy,19256,12.5939
chrUn_JTFH01001069v1_decoy,61776,40.6957
chrUn_JTFH01001070v1_decoy,103265,68.1617
chrUn_JTFH01001071v1_decoy,1326,0.876405
chrUn_JTFH01001072v1_decoy,99178,65.8115
chrUn_JTFH01001073v1_decoy,19435,12.9222
chrUn_JTFH01001074v1_decoy,28302,18.8806
chrUn_JTFH01001075v1_decoy,0,0
chrUn_JTFH01001076v1_decoy,94773,63.3933
chrUn_JTFH01001077v1_decoy,0,0
chrUn_JTFH01001078v1_decoy,578631,387.822
chrUn_JTFH01001079v1_decoy,0,0
chrUn_JTFH01001080v1_decoy,0,0
chrUn_JTFH01001081v1_decoy,5958,4.01753
chrUn_JTFH01001082v1_decoy,73687,50.0251
chrUn_JTFH01001083v1_decoy,0,0
chrUn_JTFH01001084v1_decoy,649173,443.727
chrUn_JTFH01001085v1_decoy,1542,1.05616
chrUn_JTFH01001086v1_decoy,2159,1.4808
chrUn_JTFH01001087v1_decoy,0,0
chrUn_JTFH01001088v1_decoy,181207,124.712
chrUn_JTFH01001089v1_decoy,62624,43.3985
chrUn_JTFH01001090v1_decoy,15458,10.7273
chrUn_JTFH01001091v1_decoy,0,0
chrUn_JTFH01001092v1_decoy,0,0
chrUn_JTFH01001093v1_decoy,149904,105.715
chrUn_JTFH01001094v1_decoy,3617,2.5598
chrUn_JTFH01001095v1_decoy,0,0
chrUn_JTFH01001096v1_decoy,96410,68.279
chrUn_JTFH01001097v1_decoy,0,0
chrUn_JTFH01001098v1_decoy,102381,72.8172
chrUn_JTFH01001099v1_decoy,111346,79.7607
chrUn_JTFH01001100v1_decoy,408358,293.783
chrUn_JTFH01001101v1_decoy,20781,15.0369
chrUn_JTFH01001102v1_decoy,23568,17.1279
chrUn_JTFH01001103v1_decoy,0,0
chrUn_JTFH01001104v1_decoy,45665,33.3078
chrUn_JTFH01001105v1_decoy,172,0.125823
chrUn_JTFH01001106v1_decoy,10345,7.58431
chrUn_JTFH01001107v1_decoy,89390,65.9218
chrUn_JTFH01001108v1_decoy,0,0
chrUn_JTFH01001109v1_decoy,0,0
chrUn_JTFH01001110v1_decoy,0,0
chrUn_JTFH01001111v1_decoy,364570,270.854
chrUn_JTFH01001112v1_decoy,2351,1.74796
chrUn_JTFH01001113v1_decoy,106839,79.7306
chrUn_JTFH01001114v1_decoy,0,0
chrUn_JTFH01001115v1_decoy,5579,4.19789
chrUn_JTFH01001116v1_decoy,2919,2.20468
chrUn_JTFH01001117v1_decoy,0,0
chrUn_JTFH01001118v1_decoy,180505,138.106
chrUn_JTFH01001119v1_decoy,27776,21.3006
chrUn_JTFH01001120v1_decoy,15980,12.2546
chrUn_JTFH01001121v1_decoy,0,0
chrUn_JTFH01001122v1_decoy,459,0.352806
chrUn_JTFH01001123v1_decoy,296082,227.755
chrUn_JTFH01001124v1_decoy,10690,8.2421
chrUn_JTFH01001125v1_decoy,94448,72.8765
chrUn_JTFH01001126v1_decoy,157457,122.06
chrUn_JTFH01001127v1_decoy,118278,92.1168
chrUn_JTFH01001128v1_decoy,82967,64.7169
chrUn_JTFH01001129v1_decoy,270126,210.871
chrUn_JTFH01001130v1_decoy,12079,9.43672
chrUn_JTFH01001131v1_decoy,69,0.0539484
chrUn_JTFH01001132v1_decoy,121727,95.6973
chrUn_JTFH01001133v1_decoy,0,0
chrUn_JTFH01001134v1_decoy,0,0
chrUn_JTFH01001135v1_decoy,0,0
chrUn_JTFH01001136v1_decoy,57905,45.8109
chrUn_JTFH01001137v1_decoy,67819,53.6543
chrUn_JTFH01001138v1_decoy,4091,3.23655
chrUn_JTFH01001139v1_decoy,23953,18.9652
chrUn_JTFH01001140v1_decoy,198595,159.003
chrUn_JTFH01001141v1_decoy,14253,11.4944
chrUn_JTFH01001142v1_decoy,1383,1.11622
chrUn_JTFH01001143v1_decoy,149279,120.874
chrUn_JTFH01001144v1_decoy,339337,274.767
chrUn_JTFH01001145v1_decoy,19217,15.5856
chrUn_JTFH01001146v1_decoy,148856,120.825
chrUn_JTFH01001147v1_decoy,136578,111.039
chrUn_JTFH01001148v1_decoy,136194,111.088
chrUn_JTFH01001149v1_decoy,42,0.0343418
chrUn_JTFH01001150v1_decoy,92124,75.8847
chrUn_JTFH01001151v1_decoy,53432,44.0495
chrUn_JTFH01001152v1_decoy,39786,32.8538
chrUn_JTFH01001153v1_decoy,22424,18.5476
chrUn_JTFH01001154v1_decoy,377,0.313644
chrUn_JTFH01001155v1_decoy,145000,120.934
chrUn_JTFH01001156v1_decoy,81303,67.9223
chrUn_JTFH01001157v1_decoy,132581,111.132
chrUn_JTFH01001158v1_decoy,100,0.0839631
chrUn_JTFH01001159v1_decoy,66140,55.7203
chrUn_JTFH01001160v1_decoy,11908,10.0405
chrUn_JTFH01001161v1_decoy,597,0.504223
chrUn_JTFH01001162v1_decoy,32691,27.6106
chrUn_JTFH01001163v1_decoy,0,0
chrUn_JTFH01001164v1_decoy,5589,4.74046
chrUn_JTFH01001165v1_decoy,310,0.26428
chrUn_JTFH01001166v1_decoy,11475,9.81608
chrUn_JTFH01001167v1_decoy,0,0
chrUn_JTFH01001168v1_decoy,1089,0.933962
chrUn_JTFH01001169v1_decoy,0,0
chrUn_JTFH01001170v1_decoy,0,0
chrUn_JTFH01001171v1_decoy,406,0.349097
chrUn_JTFH01001172v1_decoy,276005,238.346
chrUn_JTFH01001173v1_decoy,298,0.25734
chrUn_JTFH01001174v1_decoy,0,0
chrUn_JTFH01001175v1_decoy,47238,40.828
chrUn_JTFH01001176v1_decoy,51243,44.2895
chrUn_JTFH01001177v1_decoy,0,0
chrUn_JTFH01001178v1_decoy,5136,4.45061
chrUn_JTFH01001179v1_decoy,245,0.213229
chrUn_JTFH01001180v1_decoy,72204,62.8955
chrUn_JTFH01001181v1_decoy,36986,32.2178
chrUn_JTFH01001182v1_decoy,39189,34.1963
chrUn_JTFH01001183v1_decoy,4801,4.19668
chrUn_JTFH01001184v1_decoy,31209,27.3763
chrUn_JTFH01001185v1_decoy,59998,52.8151
chrUn_JTFH01001186v1_decoy,0,0
chrUn_JTFH01001187v1_decoy,0,0
chrUn_JTFH01001188v1_decoy,17712,15.6882
chrUn_JTFH01001189v1_decoy,163794,145.336
chrUn_JTFH01001190v1_decoy,0,0
chrUn_JTFH01001191v1_decoy,489094,437.472
chrUn_JTFH01001192v1_decoy,0,0
chrUn_JTFH01001193v1_decoy,174,0.157609
chrUn_JTFH01001194v1_decoy,72150,65.3533
chrUn_JTFH01001195v1_decoy,230739,209.572
chrUn_JTFH01001196v1_decoy,0,0
chrUn_JTFH01001197v1_decoy,30307,27.6524
chrUn_JTFH01001198v1_decoy,10140,9.26874
chrUn_JTFH01001199v1_decoy,80263,73.5683
chrUn_JTFH01001200v1_decoy,55226,50.7126
chrUn_JTFH01001201v1_decoy,0,0
chrUn_JTFH01001202v1_decoy,62464,57.5705
chrUn_JTFH01001203v1_decoy,106025,97.809
chrUn_JTFH01001204v1_decoy,197,0.181902
chrUn_JTFH01001205v1_decoy,0,0
chrUn_JTFH01001206v1_decoy,11197,10.3772
chrUn_JTFH01001207v1_decoy,0,0
chrUn_JTFH01001208v1_decoy,17471,16.3433
chrUn_JTFH01001209v1_decoy,11996,11.2322
chrUn_JTFH01001210v1_decoy,103331,96.8426
chrUn_JTFH01001211v1_decoy,42317,39.6598
chrUn_JTFH01001212v1_decoy,0,0
chrUn_JTFH01001213v1_decoy,25006,23.524
chrUn_JTFH01001214v1_decoy,183745,173.018
chrUn_JTFH01001215v1_decoy,2105,1.98772
chrUn_JTFH01001216v1_decoy,11624,10.9868
chrUn_JTFH01001217v1_decoy,5957,5.63043
chrUn_JTFH01001218v1_decoy,246,0.233175
chrUn_JTFH01001219v1_decoy,891,0.845351
chrUn_JTFH01001220v1_decoy,0,0
chrUn_JTFH01001221v1_decoy,12233,11.6173
chrUn_JTFH01001222v1_decoy,44362,42.1292
chrUn_JTFH01001223v1_decoy,81043,77.0371
chrUn_JTFH01001224v1_decoy,10922,10.392
chrUn_JTFH01001225v1_decoy,89699,85.5091
chrUn_JTFH01001226v1_decoy,8396,8.0191
chrUn_JTFH01001227v1_decoy,600,0.574713
chrUn_JTFH01001228v1_decoy,277,0.26558
chrUn_JTFH01001229v1_decoy,256304,245.737
chrUn_JTFH01001230v1_decoy,90348,86.7063
chrUn_JTFH01001231v1_decoy,10104,9.69674
chrUn_JTFH01001232v1_decoy,0,0
chrUn_JTFH01001233v1_decoy,28597,27.4971
chrUn_JTFH01001234v1_decoy,66363,63.872
chrUn_JTFH01001235v1_decoy,0,0
chrUn_JTFH01001236v1_decoy,175,0.168756
chrUn_JTFH01001237v1_decoy,72229,69.6519
chrUn_JTFH01001238v1_decoy,0,0
chrUn_JTFH01001239v1_decoy,44363,43.1967
chrUn_JTFH01001240v1_decoy,1043,1.02155
chrUn_JTFH01001241v1_decoy,133424,130.68
chrUn_JTFH01001242v1_decoy,116431,114.26
chrUn_JTFH01001243v1_decoy,47311,46.4289
chrUn_JTFH01001244v1_decoy,772,0.759843
chrUn_JTFH01001245v1_decoy,0,0
chrUn_JTFH01001246v1_decoy,0,0
chrUn_JTFH01001247v1_decoy,0,0
chrUn_JTFH01001248v1_decoy,265,0.262897
chrUn_JTFH01001249v1_decoy,0,0
chrUn_JTFH01001250v1_decoy,0,0
chrUn_JTFH01001251v1_decoy,62465,62.2161
chrUn_JTFH01001252v1_decoy,227317,226.637
chrUn_JTFH01001253v1_decoy,43702,43.6583
chrUn_JTFH01001254v1_decoy,0,0
chrUn_JTFH01001255v1_decoy,32956,32.956
chrUn_JTFH01001256v1_decoy,317,0.317
chrUn_JTFH01001257v1_decoy,50284,2.80462
chrUn_JTFH01001258v1_decoy,0,0
chrUn_JTFH01001259v1_decoy,370001,45.9457
chrUn_JTFH01001260v1_decoy,0,0
chrUn_JTFH01001261v1_decoy,0,0
chrUn_JTFH01001262v1_decoy,17169,3.01687
chrUn_JTFH01001263v1_decoy,392447,72.088
chrUn_JTFH01001264v1_decoy,0,0
chrUn_JTFH01001265v1_decoy,0,0
chrUn_JTFH01001266v1_decoy,297632,65.4856
chrUn_JTFH01001267v1_decoy,0,0
chrUn_JTFH01001268v1_decoy,0,0
chrUn_JTFH01001269v1_decoy,546656,130.311
chrUn_JTFH01001270v1_decoy,318175,83.5763
chrUn_JTFH01001271v1_decoy,135670,36.2657
chrUn_JTFH01001272v1_decoy,0,0
chrUn_JTFH01001273v1_decoy,299792,82.3604
chrUn_JTFH01001274v1_decoy,265573,75.2118
chrUn_JTFH01001275v1_decoy,234234,67.7957
chrUn_JTFH01001276v1_decoy,0,0
chrUn_JTFH01001277v1_decoy,53,0.0156481
chrUn_JTFH01001278v1_decoy,83,0.0247171
chrUn_JTFH01001279v1_decoy,266432,81.1056
chrUn_JTFH01001280v1_decoy,178,0.0543844
chrUn_JTFH01001281v1_decoy,2364,0.724709
chrUn_JTFH01001282v1_decoy,280682,86.1252
chrUn_JTFH01001283v1_decoy,0,0
chrUn_JTFH01001284v1_decoy,478018,152.868
chrUn_JTFH01001285v1_decoy,94,0.0302251
chrUn_JTFH01001286v1_decoy,0,0
chrUn_JTFH01001287v1_decoy,0,0
chrUn_JTFH01001288v1_decoy,0,0
chrUn_JTFH01001289v1_decoy,0,0
chrUn_JTFH01001290v1_decoy,218011,72.9134
chrUn_JTFH01001291v1_decoy,637813,213.601
chrUn_JTFH01001292v1_decoy,0,0
chrUn_JTFH01001293v1_decoy,0,0
chrUn_JTFH01001294v1_decoy,415101,144.383
chrUn_JTFH01001295v1_decoy,0,0
chrUn_JTFH01001296v1_decoy,0,0
chrUn_JTFH01001297v1_decoy,0,0
chrUn_JTFH01001298v1_decoy,424466,152.411
chrUn_JTFH01001299v1_decoy,350,0.127924
chrUn_JTFH01001300v1_decoy,0,0
chrUn_JTFH01001301v1_decoy,822842,309.572
chrUn_JTFH01001302v1_decoy,0,0
chrUn_JTFH01001303v1_decoy,47,0.0179526
chrUn_JTFH01001304v1_decoy,171658,65.8956
chrUn_JTFH01001305v1_decoy,150,0.058072
chrUn_JTFH01001306v1_decoy,202971,80.0991
chrUn_JTFH01001307v1_decoy,0,0
chrUn_JTFH01001308v1_decoy,0,0
chrUn_JTFH01001309v1_decoy,291,0.117291
chrUn_JTFH01001310v1_decoy,370778,149.628
chrUn_JTFH01001311v1_decoy,0,0
chrUn_JTFH01001312v1_decoy,311663,126.333
chrUn_JTFH01001313v1_decoy,64323,26.3403
chrUn_JTFH01001314v1_decoy,0,0
chrUn_JTFH01001315v1_decoy,118173,48.8924
chrUn_JTFH01001316v1_decoy,4028,1.67276
chrUn_JTFH01001317v1_decoy,1102652,460.397
chrUn_JTFH01001318v1_decoy,141611,60.2088
chrUn_JTFH01001319v1_decoy,723720,309.679
chrUn_JTFH01001320v1_decoy,219110,94.3626
chrUn_JTFH01001321v1_decoy,0,0
chrUn_JTFH01001322v1_decoy,56600,24.5447
chrUn_JTFH01001323v1_decoy,378519,165.148
chrUn_JTFH01001324v1_decoy,0,0
chrUn_JTFH01001325v1_decoy,87965,38.8366
chrUn_JTFH01001326v1_decoy,0,0
chrUn_JTFH01001327v1_decoy,0,0
chrUn_JTFH01001328v1_decoy,217653,97.2533
chrUn_JTFH01001329v1_decoy,273444,122.731
chrUn_JTFH01001330v1_decoy,141721,63.9824
chrUn_JTFH01001331v1_decoy,116937,53.0327
chrUn_JTFH01001332v1_decoy,1355170,618.517
chrUn_JTFH01001333v1_decoy,364716,166.461
chrUn_JTFH01001334v1_decoy,162523,74.2114
chrUn_JTFH01001335v1_decoy,261633,119.795
chrUn_JTFH01001336v1_decoy,722781,333.694
chrUn_JTFH01001337v1_decoy,18557,8.57136
chrUn_JTFH01001338v1_decoy,180946,83.6938
chrUn_JTFH01001339v1_decoy,220,0.102516
chrUn_JTFH01001340v1_decoy,254457,120.254
chrUn_JTFH01001341v1_decoy,0,0
chrUn_JTFH01001342v1_decoy,295,0.139943
chrUn_JTFH01001343v1_decoy,1755,0.833333
chrUn_JTFH01001344v1_decoy,0,0
chrUn_JTFH01001345v1_decoy,51759,24.5769
chrUn_JTFH01001346v1_decoy,142945,68.1664
chrUn_JTFH01001347v1_decoy,169404,81.4051
chrUn_JTFH01001348v1_decoy,297255,144.439
chrUn_JTFH01001349v1_decoy,285172,138.77
chrUn_JTFH01001350v1_decoy,157404,76.6329
chrUn_JTFH01001351v1_decoy,282898,138.88
chrUn_JTFH01001352v1_decoy,0,0
chrUn_JTFH01001353v1_decoy,0,0
chrUn_JTFH01001354v1_decoy,149402,73.9614
chrUn_JTFH01001355v1_decoy,5520,2.73538
chrUn_JTFH01001356v1_decoy,160501,79.6926
chrUn_JTFH01001357v1_decoy,49,0.0244878
chrUn_JTFH01001358v1_decoy,71840,35.9021
chrUn_JTFH01001359v1_decoy,0,0
chrUn_JTFH01001360v1_decoy,76545,38.4648
chrUn_JTFH01001361v1_decoy,45260,22.824
chrUn_JTFH01001362v1_decoy,328015,165.581
chrUn_JTFH01001363v1_decoy,310185,156.58
chrUn_JTFH01001364v1_decoy,4042,2.04245
chrUn_JTFH01001365v1_decoy,159059,81.0285
chrUn_JTFH01001366v1_decoy,0,0
chrUn_JTFH01001367v1_decoy,264439,137.086
chrUn_JTFH01001368v1_decoy,227579,120.988
chrUn_JTFH01001369v1_decoy,267060,142.508
chrUn_JTFH01001370v1_decoy,0,0
chrUn_JTFH01001371v1_decoy,48995,26.4981
chrUn_JTFH01001372v1_decoy,0,0
chrUn_JTFH01001373v1_decoy,223488,121.991
chrUn_JTFH01001374v1_decoy,313892,171.901
chrUn_JTFH01001375v1_decoy,2350725,1295.88
chrUn_JTFH01001376v1_decoy,148786,82.021
chrUn_JTFH01001377v1_decoy,8263,4.61362
chrUn_JTFH01001378v1_decoy,101754,56.8776
chrUn_JTFH01001379v1_decoy,0,0
chrUn_JTFH01001380v1_decoy,127801,71.8791
chrUn_JTFH01001381v1_decoy,99526,56.0394
chrUn_JTFH01001382v1_decoy,0,0
chrUn_JTFH01001383v1_decoy,0,0
chrUn_JTFH01001384v1_decoy,0,0
chrUn_JTFH01001385v1_decoy,5277,3.00855
chrUn_JTFH01001386v1_decoy,520508,297.094
chrUn_JTFH01001387v1_decoy,275,0.157053
chrUn_JTFH01001388v1_decoy,149326,85.3779
chrUn_JTFH01001389v1_decoy,0,0
chrUn_JTFH01001390v1_decoy,749267,433.353
chrUn_JTFH01001391v1_decoy,274796,159.21
chrUn_JTFH01001392v1_decoy,218868,127.545
chrUn_JTFH01001393v1_decoy,218781,127.793
chrUn_JTFH01001394v1_decoy,93634,54.7247
chrUn_JTFH01001395v1_decoy,231043,135.668
chrUn_JTFH01001396v1_decoy,118266,69.4865
chrUn_JTFH01001397v1_decoy,184,0.108299
chrUn_JTFH01001398v1_decoy,155175,92.0374
chrUn_JTFH01001399v1_decoy,148076,87.9311
chrUn_JTFH01001400v1_decoy,203027,120.849
chrUn_JTFH01001401v1_decoy,0,0
chrUn_JTFH01001402v1_decoy,0,0
chrUn_JTFH01001403v1_decoy,245305,146.276
chrUn_JTFH01001404v1_decoy,255016,152.158
chrUn_JTFH01001405v1_decoy,878359,525.334
chrUn_JTFH01001406v1_decoy,0,0
chrUn_JTFH01001407v1_decoy,1728,1.03597
chrUn_JTFH01001408v1_decoy,32997,19.8419
chrUn_JTFH01001409v1_decoy,0,0
chrUn_JTFH01001410v1_decoy,236712,142.598
chrUn_JTFH01001411v1_decoy,195612,117.981
chrUn_JTFH01001412v1_decoy,22550,13.6171
chrUn_JTFH01001413v1_decoy,43357,26.1818
chrUn_JTFH01001414v1_decoy,248,0.150121
chrUn_JTFH01001415v1_decoy,0,0
chrUn_JTFH01001416v1_decoy,20933,12.7252
chrUn_JTFH01001417v1_decoy,43488,26.5009
chrUn_JTFH01001418v1_decoy,83226,50.8095
chrUn_JTFH01001419v1_decoy,0,0
chrUn_JTFH01001420v1_decoy,51100,31.4268
chrUn_JTFH01001421v1_decoy,108210,67.0446
chrUn_JTFH01001422v1_decoy,0,0
chrUn_JTFH01001423v1_decoy,153,0.0953271
chrUn_JTFH01001424v1_decoy,475,0.296319
chrUn_JTFH01001425v1_decoy,240180,150.206
chrUn_JTFH01001426v1_decoy,0,0
chrUn_JTFH01001427v1_decoy,107068,67.4232
chrUn_JTFH01001428v1_decoy,0,0
chrUn_JTFH01001429v1_decoy,209423,132.211
chrUn_JTFH01001430v1_decoy,738745,466.379
chrUn_JTFH01001431v1_decoy,0,0
chrUn_JTFH01001432v1_decoy,293408,186.646
chrUn_JTFH01001433v1_decoy,993435,632.761
chrUn_JTFH01001434v1_decoy,242438,154.518
chrUn_JTFH01001435v1_decoy,1041,0.663903
chrUn_JTFH01001436v1_decoy,17608,11.2368
chrUn_JTFH01001437v1_decoy,238480,152.383
chrUn_JTFH01001438v1_decoy,21996,14.109
chrUn_JTFH01001439v1_decoy,7414,4.75561
chrUn_JTFH01001440v1_decoy,0,0
chrUn_JTFH01001441v1_decoy,212596,136.806
chrUn_JTFH01001442v1_decoy,0,0
chrUn_JTFH01001443v1_decoy,88,0.0570687
chrUn_JTFH01001444v1_decoy,80365,52.1512
chrUn_JTFH01001445v1_decoy,76482,49.7282
chrUn_JTFH01001446v1_decoy,522036,339.646
chrUn_JTFH01001447v1_decoy,0,0
chrUn_JTFH01001448v1_decoy,245492,160.452
chrUn_JTFH01001449v1_decoy,120984,79.178
chrUn_JTFH01001450v1_decoy,112261,73.7589
chrUn_JTFH01001451v1_decoy,9305,6.14597
chrUn_JTFH01001452v1_decoy,0,0
chrUn_JTFH01001453v1_decoy,193310,128.275
chrUn_JTFH01001454v1_decoy,139140,92.76
chrUn_JTFH01001455v1_decoy,296,0.197465
chrUn_JTFH01001456v1_decoy,115410,76.9913
chrUn_JTFH01001457v1_decoy,121945,81.4596
chrUn_JTFH01001458v1_decoy,0,0
chrUn_JTFH01001459v1_decoy,201830,135.638
chrUn_JTFH01001460v1_decoy,240843,162.075
chrUn_JTFH01001461v1_decoy,104642,70.466
chrUn_JTFH01001462v1_decoy,0,0
chrUn_JTFH01001463v1_decoy,0,0
chrUn_JTFH01001464v1_decoy,173693,117.998
chrUn_JTFH01001465v1_decoy,1093212,742.671
chrUn_JTFH01001466v1_decoy,201019,136.748
chrUn_JTFH01001467v1_decoy,111500,76.0573
chrUn_JTFH01001468v1_decoy,0,0
chrUn_JTFH01001469v1_decoy,109147,74.707
chrUn_JTFH01001470v1_decoy,204935,140.559
chrUn_JTFH01001471v1_decoy,4480,3.07481
chrUn_JTFH01001472v1_decoy,117037,80.8267
chrUn_JTFH01001473v1_decoy,0,0
chrUn_JTFH01001474v1_decoy,32287,22.3594
chrUn_JTFH01001475v1_decoy,74113,51.3604
chrUn_JTFH01001476v1_decoy,0,0
chrUn_JTFH01001477v1_decoy,8922,6.20445
chrUn_JTFH01001478v1_decoy,929224,648.899
chrUn_JTFH01001479v1_decoy,57379,40.1252
chrUn_JTFH01001480v1_decoy,144893,101.324
chrUn_JTFH01001481v1_decoy,0,0
chrUn_JTFH01001482v1_decoy,0,0
chrUn_JTFH01001483v1_decoy,0,0
chrUn_JTFH01001484v1_decoy,0,0
chrUn_JTFH01001485v1_decoy,0,0
chrUn_JTFH01001486v1_decoy,174539,122.915
chrUn_JTFH01001487v1_decoy,198399,140.112
chrUn_JTFH01001488v1_decoy,104178,73.572
chrUn_JTFH01001489v1_decoy,952,0.672792
chrUn_JTFH01001490v1_decoy,30276,21.3965
chrUn_JTFH01001491v1_decoy,0,0
chrUn_JTFH01001492v1_decoy,281,0.198868
chrUn_JTFH01001493v1_decoy,1260,0.893617
chrUn_JTFH01001494v1_decoy,0,0
chrUn_JTFH01001495v1_decoy,230061,164.095
chrUn_JTFH01001496v1_decoy,1685,1.20529
chrUn_JTFH01001497v1_decoy,36622,26.2147
chrUn_JTFH01001498v1_decoy,242074,173.53
chrUn_JTFH01001499v1_decoy,99873,71.7478
chrUn_JTFH01001500v1_decoy,16411,11.8235
chrUn_JTFH01001501v1_decoy,0,0
chrUn_JTFH01001502v1_decoy,950,0.68741
chrUn_JTFH01001503v1_decoy,0,0
chrUn_JTFH01001504v1_decoy,0,0
chrUn_JTFH01001505v1_decoy,29271,21.2725
chrUn_JTFH01001506v1_decoy,36311,26.4272
chrUn_JTFH01001507v1_decoy,210219,152.998
chrUn_JTFH01001508v1_decoy,461,0.335761
chrUn_JTFH01001509v1_decoy,106170,77.327
chrUn_JTFH01001510v1_decoy,183260,133.571
chrUn_JTFH01001511v1_decoy,101145,73.8285
chrUn_JTFH01001512v1_decoy,8280468,6057.4
chrUn_JTFH01001513v1_decoy,117162,85.833
chrUn_JTFH01001514v1_decoy,164055,120.275
chrUn_JTFH01001515v1_decoy,0,0
chrUn_JTFH01001516v1_decoy,0,0
chrUn_JTFH01001517v1_decoy,84748,62.5447
chrUn_JTFH01001518v1_decoy,32911,24.2886
chrUn_JTFH01001519v1_decoy,77761,57.4306
chrUn_JTFH01001520v1_decoy,5347,3.95196
chrUn_JTFH01001521v1_decoy,13734,10.1809
chrUn_JTFH01001522v1_decoy,156982,116.715
chrUn_JTFH01001523v1_decoy,193732,144.146
chrUn_JTFH01001524v1_decoy,0,0
chrUn_JTFH01001525v1_decoy,3773,2.81988
chrUn_JTFH01001526v1_decoy,204170,152.593
chrUn_JTFH01001527v1_decoy,1724,1.28849
chrUn_JTFH01001528v1_decoy,0,0
chrUn_JTFH01001529v1_decoy,7617,5.71418
chrUn_JTFH01001530v1_decoy,0,0
chrUn_JTFH01001531v1_decoy,96507,72.4527
chrUn_JTFH01001532v1_decoy,287642,217.252
chrUn_JTFH01001533v1_decoy,0,0
chrUn_JTFH01001534v1_decoy,0,0
chrUn_JTFH01001535v1_decoy,0,0
chrUn_JTFH01001536v1_decoy,0,0
chrUn_JTFH01001537v1_decoy,0,0
chrUn_JTFH01001538v1_decoy,51838,39.3906
chrUn_JTFH01001539v1_decoy,144857,111.087
chrUn_JTFH01001540v1_decoy,0,0
chrUn_JTFH01001541v1_decoy,81161,62.2878
chrUn_JTFH01001542v1_decoy,0,0
chrUn_JTFH01001543v1_decoy,1407,1.08148
chrUn_JTFH01001544v1_decoy,191803,147.541
chrUn_JTFH01001545v1_decoy,486682,374.948
chrUn_JTFH01001546v1_decoy,4087,3.15112
chrUn_JTFH01001547v1_decoy,0,0
chrUn_JTFH01001548v1_decoy,520,0.404984
chrUn_JTFH01001549v1_decoy,867556,676.193
chrUn_JTFH01001550v1_decoy,21778,16.9743
chrUn_JTFH01001551v1_decoy,89774,70.1908
chrUn_JTFH01001552v1_decoy,0,0
chrUn_JTFH01001553v1_decoy,37508,29.5106
chrUn_JTFH01001554v1_decoy,0,0
chrUn_JTFH01001555v1_decoy,4517,3.5623
chrUn_JTFH01001556v1_decoy,1998,1.5807
chrUn_JTFH01001557v1_decoy,179045,141.762
chrUn_JTFH01001558v1_decoy,97198,77.019
chrUn_JTFH01001559v1_decoy,29606,23.4782
chrUn_JTFH01001560v1_decoy,83239,66.0627
chrUn_JTFH01001561v1_decoy,1894,1.50437
chrUn_JTFH01001562v1_decoy,0,0
chrUn_JTFH01001563v1_decoy,225635,179.36
chrUn_JTFH01001564v1_decoy,205914,163.944
chrUn_JTFH01001565v1_decoy,0,0
chrUn_JTFH01001566v1_decoy,0,0
chrUn_JTFH01001567v1_decoy,0,0
chrUn_JTFH01001568v1_decoy,0,0
chrUn_JTFH01001569v1_decoy,0,0
chrUn_JTFH01001570v1_decoy,0,0
chrUn_JTFH01001571v1_decoy,192103,155.172
chrUn_JTFH01001572v1_decoy,0,0
chrUn_JTFH01001573v1_decoy,98190,79.4417
chrUn_JTFH01001574v1_decoy,30167,24.4465
chrUn_JTFH01001575v1_decoy,60751,49.231
chrUn_JTFH01001576v1_decoy,3494,2.83834
chrUn_JTFH01001577v1_decoy,373,0.303006
chrUn_JTFH01001578v1_decoy,155766,126.639
chrUn_JTFH01001579v1_decoy,15411,12.5293
chrUn_JTFH01001580v1_decoy,17403,14.1718
chrUn_JTFH01001581v1_decoy,0,0
chrUn_JTFH01001582v1_decoy,0,0
chrUn_JTFH01001583v1_decoy,266,0.217676
chrUn_JTFH01001584v1_decoy,34023,27.8649
chrUn_JTFH01001585v1_decoy,146206,119.743
chrUn_JTFH01001586v1_decoy,10403,8.52705
chrUn_JTFH01001587v1_decoy,36728,30.1544
chrUn_JTFH01001588v1_decoy,29517,24.234
chrUn_JTFH01001589v1_decoy,0,0
chrUn_JTFH01001590v1_decoy,0,0
chrUn_JTFH01001591v1_decoy,199956,164.98
chrUn_JTFH01001592v1_decoy,856,0.707438
chrUn_JTFH01001593v1_decoy,0,0
chrUn_JTFH01001594v1_decoy,0,0
chrUn_JTFH01001595v1_decoy,0,0
chrUn_JTFH01001596v1_decoy,141112,117.008
chrUn_JTFH01001597v1_decoy,0,0
chrUn_JTFH01001598v1_decoy,0,0
chrUn_JTFH01001599v1_decoy,0,0
chrUn_JTFH01001600v1_decoy,2805,2.3375
chrUn_JTFH01001601v1_decoy,0,0
chrUn_JTFH01001602v1_decoy,193433,161.463
chrUn_JTFH01001603v1_decoy,0,0
chrUn_JTFH01001604v1_decoy,4067,3.39482
chrUn_JTFH01001605v1_decoy,79635,66.6402
chrUn_JTFH01001606v1_decoy,185028,154.965
chrUn_JTFH01001607v1_decoy,0,0
chrUn_JTFH01001608v1_decoy,176046,148.062
chrUn_JTFH01001609v1_decoy,194138,163.416
chrUn_JTFH01001610v1_decoy,8438,7.15085
chrUn_JTFH01001611v1_decoy,164681,139.56
chrUn_JTFH01001612v1_decoy,0,0
chrUn_JTFH01001613v1_decoy,0,0
chrUn_JTFH01001614v1_decoy,793,0.678938
chrUn_JTFH01001615v1_decoy,92515,79.3439
chrUn_JTFH01001616v1_decoy,58,0.0501296
chrUn_JTFH01001617v1_decoy,53,0.0458478
chrUn_JTFH01001618v1_decoy,173791,150.338
chrUn_JTFH01001619v1_decoy,0,0
chrUn_JTFH01001620v1_decoy,0,0
chrUn_JTFH01001621v1_decoy,167755,145.368
chrUn_JTFH01001622v1_decoy,81464,70.8999
chrUn_JTFH01001623v1_decoy,0,0
chrUn_JTFH01001624v1_decoy,86419,75.6072
chrUn_JTFH01001625v1_decoy,0,0
chrUn_JTFH01001626v1_decoy,101830,89.5602
chrUn_JTFH01001627v1_decoy,25086,22.1022
chrUn_JTFH01001628v1_decoy,44094,38.8493
chrUn_JTFH01001629v1_decoy,8954,7.88899
chrUn_JTFH01001630v1_decoy,18272,16.213
chrUn_JTFH01001631v1_decoy,63910,56.7081
chrUn_JTFH01001632v1_decoy,172861,153.518
chrUn_JTFH01001633v1_decoy,13163,11.7213
chrUn_JTFH01001634v1_decoy,129354,115.186
chrUn_JTFH01001635v1_decoy,41219,36.7044
chrUn_JTFH01001636v1_decoy,29983,26.7228
chrUn_JTFH01001637v1_decoy,0,0
chrUn_JTFH01001638v1_decoy,47424,42.3051
chrUn_JTFH01001639v1_decoy,40714,36.3194
chrUn_JTFH01001640v1_decoy,12571,11.2341
chrUn_JTFH01001641v1_decoy,50904,45.4906
chrUn_JTFH01001642v1_decoy,0,0
chrUn_JTFH01001643v1_decoy,117143,104.779
chrUn_JTFH01001644v1_decoy,136,0.121973
chrUn_JTFH01001645v1_decoy,9503,8.59222
chrUn_JTFH01001646v1_decoy,0,0
chrUn_JTFH01001647v1_decoy,27628,25.0254
chrUn_JTFH01001648v1_decoy,0,0
chrUn_JTFH01001649v1_decoy,128813,116.996
chrUn_JTFH01001650v1_decoy,7703,7.01548
chrUn_JTFH01001651v1_decoy,3097,2.82058
chrUn_JTFH01001652v1_decoy,37,0.0337591
chrUn_JTFH01001653v1_decoy,0,0
chrUn_JTFH01001654v1_decoy,129665,118.416
chrUn_JTFH01001655v1_decoy,149615,136.885
chrUn_JTFH01001656v1_decoy,1026,0.941284
chrUn_JTFH01001657v1_decoy,0,0
chrUn_JTFH01001658v1_decoy,3398,3.12603
chrUn_JTFH01001659v1_decoy,64516,59.3523
chrUn_JTFH01001660v1_decoy,180028,165.924
chrUn_JTFH01001661v1_decoy,158991,146.535
chrUn_JTFH01001662v1_decoy,11371,10.4802
chrUn_JTFH01001663v1_decoy,251,0.231764
chrUn_JTFH01001664v1_decoy,173496,160.644
chrUn_JTFH01001665v1_decoy,537,0.497222
chrUn_JTFH01001666v1_decoy,5107,4.73309
chrUn_JTFH01001667v1_decoy,0,0
chrUn_JTFH01001668v1_decoy,22349,20.7127
chrUn_JTFH01001669v1_decoy,2881768,2680.71
chrUn_JTFH01001670v1_decoy,81702,76.0726
chrUn_JTFH01001671v1_decoy,18625,17.3579
chrUn_JTFH01001672v1_decoy,5851,5.46822
chrUn_JTFH01001673v1_decoy,22722,21.2753
chrUn_JTFH01001674v1_decoy,69519,65.1537
chrUn_JTFH01001675v1_decoy,912,0.855535
chrUn_JTFH01001676v1_decoy,65798,61.7242
chrUn_JTFH01001677v1_decoy,115669,108.508
chrUn_JTFH01001678v1_decoy,124376,117.005
chrUn_JTFH01001679v1_decoy,81746,76.9012
chrUn_JTFH01001680v1_decoy,534297,502.631
chrUn_JTFH01001681v1_decoy,9834,9.25989
chrUn_JTFH01001682v1_decoy,0,0
chrUn_JTFH01001683v1_decoy,177112,167.72
chrUn_JTFH01001684v1_decoy,87325,83.0086
chrUn_JTFH01001685v1_decoy,0,0
chrUn_JTFH01001686v1_decoy,263,0.250238
chrUn_JTFH01001687v1_decoy,0,0
chrUn_JTFH01001688v1_decoy,136227,129.988
chrUn_JTFH01001689v1_decoy,36618,35.0076
chrUn_JTFH01001690v1_decoy,86584,82.7763
chrUn_JTFH01001691v1_decoy,0,0
chrUn_JTFH01001692v1_decoy,15331,14.6989
chrUn_JTFH01001693v1_decoy,22971,22.1301
chrUn_JTFH01001694v1_decoy,158036,152.544
chrUn_JTFH01001695v1_decoy,18193,17.5778
chrUn_JTFH01001696v1_decoy,153638,148.443
chrUn_JTFH01001697v1_decoy,130030,125.633
chrUn_JTFH01001698v1_decoy,28962,28.0368
chrUn_JTFH01001699v1_decoy,10258,9.93992
chrUn_JTFH01001700v1_decoy,16043,15.5606
chrUn_JTFH01001701v1_decoy,160527,156.459
chrUn_JTFH01001702v1_decoy,159485,155.443
chrUn_JTFH01001703v1_decoy,524,0.510721
chrUn_JTFH01001704v1_decoy,33953,33.1896
chrUn_JTFH01001705v1_decoy,49623,48.5548
chrUn_JTFH01001706v1_decoy,2802,2.74706
chrUn_JTFH01001707v1_decoy,536,0.52549
chrUn_JTFH01001708v1_decoy,116690,114.402
chrUn_JTFH01001709v1_decoy,70320,69.0088
chrUn_JTFH01001710v1_decoy,153550,150.835
chrUn_JTFH01001711v1_decoy,0,0
chrUn_JTFH01001712v1_decoy,62,0.0609636
chrUn_JTFH01001713v1_decoy,134594,132.605
chrUn_JTFH01001714v1_decoy,0,0
chrUn_JTFH01001715v1_decoy,62281,61.3606
chrUn_JTFH01001716v1_decoy,96366,95.0355
chrUn_JTFH01001717v1_decoy,215,0.212032
chrUn_JTFH01001718v1_decoy,110629,109.209
chrUn_JTFH01001719v1_decoy,18803,18.5617
chrUn_JTFH01001720v1_decoy,0,0
chrUn_JTFH01001721v1_decoy,137557,135.926
chrUn_JTFH01001722v1_decoy,3471,3.43323
chrUn_JTFH01001723v1_decoy,0,0
chrUn_JTFH01001724v1_decoy,22316,22.1169
chrUn_JTFH01001725v1_decoy,86607,85.9196
chrUn_JTFH01001726v1_decoy,4226,4.19246
chrUn_JTFH01001727v1_decoy,0,0
chrUn_JTFH01001728v1_decoy,29463,29.2582
chrUn_JTFH01001729v1_decoy,89316,88.6951
chrUn_JTFH01001730v1_decoy,0,0
chrUn_JTFH01001731v1_decoy,58151,57.8617
chrUn_JTFH01001732v1_decoy,1928,1.92223
chrUn_JTFH01001733v1_decoy,137272,137.135
chrUn_JTFH01001734v1_decoy,140253,140.253
chrUn_JTFH01001735v1_decoy,0,0
chrUn_JTFH01001736v1_decoy,809208,69.0863
chrUn_JTFH01001737v1_decoy,1394640,123.825
chrUn_JTFH01001738v1_decoy,1459206,149.218
chrUn_JTFH01001739v1_decoy,1352294,141.335
chrUn_JTFH01001740v1_decoy,1370363,146.657
chrUn_JTFH01001741v1_decoy,0,0
chrUn_JTFH01001742v1_decoy,823069,90.4471
chrUn_JTFH01001743v1_decoy,936401,106.761
chrUn_JTFH01001744v1_decoy,399953,46.0245
chrUn_JTFH01001745v1_decoy,0,0
chrUn_JTFH01001746v1_decoy,1102939,136.875
chrUn_JTFH01001747v1_decoy,1051313,135.496
chrUn_JTFH01001748v1_decoy,676169,89.1456
chrUn_JTFH01001749v1_decoy,52,0.00696025
chrUn_JTFH01001750v1_decoy,1151875,154.386
chrUn_JTFH01001751v1_decoy,1026236,139.776
chrUn_JTFH01001752v1_decoy,1149661,159.167
chrUn_JTFH01001753v1_decoy,750807,106.286
chrUn_JTFH01001754v1_decoy,750743,108.552
chrUn_JTFH01001755v1_decoy,703,0.101928
chrUn_JTFH01001756v1_decoy,738011,107.269
chrUn_JTFH01001757v1_decoy,839734,122.464
chrUn_JTFH01001758v1_decoy,810597,118.508
chrUn_JTFH01001759v1_decoy,2006,0.298157
chrUn_JTFH01001760v1_decoy,505906,75.6438
chrUn_JTFH01001761v1_decoy,443821,67.7279
chrUn_JTFH01001762v1_decoy,109348,17.0963
chrUn_JTFH01001763v1_decoy,144274,22.7382
chrUn_JTFH01001764v1_decoy,449592,71.4205
chrUn_JTFH01001765v1_decoy,15541,2.48021
chrUn_JTFH01001766v1_decoy,151,0.0244614
chrUn_JTFH01001767v1_decoy,739224,119.79
chrUn_JTFH01001768v1_decoy,329361,53.8172
chrUn_JTFH01001769v1_decoy,817378,133.887
chrUn_JTFH01001770v1_decoy,1235,0.202492
chrUn_JTFH01001771v1_decoy,740560,125.668
chrUn_JTFH01001772v1_decoy,554952,95.2054
chrUn_JTFH01001773v1_decoy,469499,81.0459
chrUn_JTFH01001774v1_decoy,1770,0.30644
chrUn_JTFH01001775v1_decoy,1700,0.29519
chrUn_JTFH01001776v1_decoy,764542,133.755
chrUn_JTFH01001777v1_decoy,738698,129.415
chrUn_JTFH01001778v1_decoy,395628,70.7742
chrUn_JTFH01001779v1_decoy,497071,89.3049
chrUn_JTFH01001780v1_decoy,798453,143.658
chrUn_JTFH01001781v1_decoy,324903,59.9673
chrUn_JTFH01001782v1_decoy,502839,93.5514
chrUn_JTFH01001783v1_decoy,848,0.16
chrUn_JTFH01001784v1_decoy,459502,87.4409
chrUn_JTFH01001785v1_decoy,0,0
chrUn_JTFH01001786v1_decoy,269792,52.591
chrUn_JTFH01001787v1_decoy,675265,135.65
chrUn_JTFH01001788v1_decoy,669977,135.158
chrUn_JTFH01001789v1_decoy,942015,190.421
chrUn_JTFH01001790v1_decoy,155153,31.6833
chrUn_JTFH01001791v1_decoy,698,0.143415
chrUn_JTFH01001792v1_decoy,569669,117.579
chrUn_JTFH01001793v1_decoy,361042,77.1787
chrUn_JTFH01001794v1_decoy,622055,134.035
chrUn_JTFH01001795v1_decoy,487,0.106054
chrUn_JTFH01001796v1_decoy,46780,10.2972
chrUn_JTFH01001797v1_decoy,922381,203.526
chrUn_JTFH01001798v1_decoy,469956,104.365
chrUn_JTFH01001799v1_decoy,612270,136.211
chrUn_JTFH01001800v1_decoy,4185,0.941719
chrUn_JTFH01001801v1_decoy,242088,54.8455
chrUn_JTFH01001802v1_decoy,3065,0.695169
chrUn_JTFH01001803v1_decoy,16295,3.78777
chrUn_JTFH01001804v1_decoy,554856,129.036
chrUn_JTFH01001805v1_decoy,559582,130.835
chrUn_JTFH01001806v1_decoy,276051,66.1517
chrUn_JTFH01001807v1_decoy,1170601,280.787
chrUn_JTFH01001808v1_decoy,8277,2.00121
chrUn_JTFH01001809v1_decoy,508996,124.115
chrUn_JTFH01001810v1_decoy,291231,71.223
chrUn_JTFH01001811v1_decoy,559023,139.234
chrUn_JTFH01001812v1_decoy,1571,0.39275
chrUn_JTFH01001813v1_decoy,885846,222.967
chrUn_JTFH01001814v1_decoy,74117,19.8599
chrUn_JTFH01001815v1_decoy,254604,68.6449
chrUn_JTFH01001816v1_decoy,360120,97.6994
chrUn_JTFH01001817v1_decoy,178721,48.6183
chrUn_JTFH01001818v1_decoy,539546,146.895
chrUn_JTFH01001819v1_decoy,222263,60.5291
chrUn_JTFH01001820v1_decoy,601845,165.661
chrUn_JTFH01001821v1_decoy,445413,122.602
chrUn_JTFH01001822v1_decoy,3524,0.975367
chrUn_JTFH01001823v1_decoy,1263,0.350347
chrUn_JTFH01001824v1_decoy,587859,163.658
chrUn_JTFH01001825v1_decoy,3261,0.90937
chrUn_JTFH01001826v1_decoy,4757,1.32729
chrUn_JTFH01001827v1_decoy,379029,105.963
chrUn_JTFH01001828v1_decoy,237500,67.1473
chrUn_JTFH01001829v1_decoy,33328,9.49516
chrUn_JTFH01001830v1_decoy,377911,107.698
chrUn_JTFH01001831v1_decoy,664025,190.374
chrUn_JTFH01001832v1_decoy,2215,0.637777
chrUn_JTFH01001833v1_decoy,0,0
chrUn_JTFH01001834v1_decoy,359342,104.856
chrUn_JTFH01001835v1_decoy,263034,77.4769
chrUn_JTFH01001836v1_decoy,464021,137.814
chrUn_JTFH01001837v1_decoy,383595,114.952
chrUn_JTFH01001838v1_decoy,511819,153.977
chrUn_JTFH01001839v1_decoy,399999,120.663
chrUn_JTFH01001840v1_decoy,0,0
chrUn_JTFH01001841v1_decoy,43,0.0130978
chrUn_JTFH01001842v1_decoy,1857,0.571385
chrUn_JTFH01001843v1_decoy,116,0.0357253
chrUn_JTFH01001844v1_decoy,413056,127.605
chrUn_JTFH01001845v1_decoy,2018,0.623802
chrUn_JTFH01001846v1_decoy,19188,5.99625
chrUn_JTFH01001847v1_decoy,526,0.164632
chrUn_JTFH01001848v1_decoy,148,0.0466142
chrUn_JTFH01001849v1_decoy,360832,114.26
chrUn_JTFH01001850v1_decoy,41701,13.2679
chrUn_JTFH01001851v1_decoy,404775,128.95
chrUn_JTFH01001852v1_decoy,403610,128.62
chrUn_JTFH01001853v1_decoy,464,0.147959
chrUn_JTFH01001854v1_decoy,101,0.0322478
chrUn_JTFH01001855v1_decoy,137822,44.0045
chrUn_JTFH01001856v1_decoy,397306,128.37
chrUn_JTFH01001857v1_decoy,284200,91.8552
chrUn_JTFH01001858v1_decoy,406417,131.399
chrUn_JTFH01001859v1_decoy,191,0.0624387
chrUn_JTFH01001860v1_decoy,240081,80.4291
chrUn_JTFH01001861v1_decoy,657,0.22084
chrUn_JTFH01001862v1_decoy,374060,126.073
chrUn_JTFH01001863v1_decoy,5262,1.7771
chrUn_JTFH01001864v1_decoy,203235,68.7766
chrUn_JTFH01001865v1_decoy,373056,127.106
chrUn_JTFH01001866v1_decoy,394746,134.588
chrUn_JTFH01001867v1_decoy,203720,70.0309
chrUn_JTFH01001868v1_decoy,555004,191.117
chrUn_JTFH01001869v1_decoy,165,0.0570539
chrUn_JTFH01001870v1_decoy,116590,40.3985
chrUn_JTFH01001871v1_decoy,0,0
chrUn_JTFH01001872v1_decoy,31977,11.1108
chrUn_JTFH01001873v1_decoy,7660,2.66435
chrUn_JTFH01001874v1_decoy,359145,125.531
chrUn_JTFH01001875v1_decoy,224094,78.4643
chrUn_JTFH01001876v1_decoy,437587,154.189
chrUn_JTFH01001877v1_decoy,655648,234.076
chrUn_JTFH01001878v1_decoy,238,0.0850912
chrUn_JTFH01001879v1_decoy,102599,36.8002
chrUn_JTFH01001880v1_decoy,605953,218.519
chrUn_JTFH01001881v1_decoy,355505,129.04
chrUn_JTFH01001882v1_decoy,77252,28.0508
chrUn_JTFH01001883v1_decoy,175233,63.8837
chrUn_JTFH01001884v1_decoy,100711,36.9582
chrUn_JTFH01001885v1_decoy,250059,91.8659
chrUn_JTFH01001886v1_decoy,37,0.0137957
chrUn_JTFH01001887v1_decoy,61802,23.1555
chrUn_JTFH01001888v1_decoy,323583,121.511
chrUn_JTFH01001889v1_decoy,8255,3.11275
chrUn_JTFH01001890v1_decoy,232450,87.8164
chrUn_JTFH01001891v1_decoy,322465,122.378
chrUn_JTFH01001892v1_decoy,502,0.190657
chrUn_JTFH01001893v1_decoy,961881,365.873
chrUn_JTFH01001894v1_decoy,121595,46.5525
chrUn_JTFH01001895v1_decoy,132710,51.0619
chrUn_JTFH01001896v1_decoy,221324,86.2525
chrUn_JTFH01001897v1_decoy,5668,2.21753
chrUn_JTFH01001898v1_decoy,424708,166.487
chrUn_JTFH01001899v1_decoy,78675,30.8408
chrUn_JTFH01001900v1_decoy,45320,17.8566
chrUn_JTFH01001901v1_decoy,4615,1.81836
chrUn_JTFH01001902v1_decoy,319,0.126337
chrUn_JTFH01001903v1_decoy,34652,13.8719
chrUn_JTFH01001904v1_decoy,92602,37.1002
chrUn_JTFH01001905v1_decoy,194954,78.5155
chrUn_JTFH01001906v1_decoy,372074,150.333
chrUn_JTFH01001907v1_decoy,115088,46.6132
chrUn_JTFH01001908v1_decoy,151447,61.6892
chrUn_JTFH01001909v1_decoy,0,0
chrUn_JTFH01001910v1_decoy,85047,34.8982
chrUn_JTFH01001911v1_decoy,755,0.310062
chrUn_JTFH01001912v1_decoy,134938,55.5987
chrUn_JTFH01001913v1_decoy,204279,84.4477
chrUn_JTFH01001914v1_decoy,780664,323.524
chrUn_JTFH01001915v1_decoy,199277,82.619
chrUn_JTFH01001916v1_decoy,42807,17.8363
chrUn_JTFH01001917v1_decoy,263626,109.89
chrUn_JTFH01001918v1_decoy,278600,116.277
chrUn_JTFH01001919v1_decoy,0,0
chrUn_JTFH01001920v1_decoy,309499,129.715
chrUn_JTFH01001921v1_decoy,68487,28.7278
chrUn_JTFH01001922v1_decoy,41922,17.5995
chrUn_JTFH01001923v1_decoy,389636,163.575
chrUn_JTFH01001924v1_decoy,146267,61.7943
chrUn_JTFH01001925v1_decoy,177407,74.9818
chrUn_JTFH01001926v1_decoy,172646,73.0931
chrUn_JTFH01001927v1_decoy,187599,79.4574
chrUn_JTFH01001928v1_decoy,956,0.40629
chrUn_JTFH01001929v1_decoy,21008,8.94338
chrUn_JTFH01001930v1_decoy,249614,106.309
chrUn_JTFH01001931v1_decoy,60399,25.8115
chrUn_JTFH01001932v1_decoy,131470,56.2078
chrUn_JTFH01001933v1_decoy,281822,120.643
chrUn_JTFH01001934v1_decoy,27576,11.82
chrUn_JTFH01001935v1_decoy,104,0.0446352
chrUn_JTFH01001936v1_decoy,230209,98.9295
chrUn_JTFH01001937v1_decoy,263273,113.578
chrUn_JTFH01001938v1_decoy,304663,132.867
chrUn_JTFH01001939v1_decoy,365855,159.623
chrUn_JTFH01001940v1_decoy,798541,349.165
chrUn_JTFH01001941v1_decoy,194,0.0853122
chrUn_JTFH01001942v1_decoy,25701,11.3021
chrUn_JTFH01001943v1_decoy,292253,128.916
chrUn_JTFH01001944v1_decoy,204517,90.4942
chrUn_JTFH01001945v1_decoy,152729,67.669
chrUn_JTFH01001946v1_decoy,1129,0.504018
chrUn_JTFH01001947v1_decoy,254,0.113444
chrUn_JTFH01001948v1_decoy,985,0.441308
chrUn_JTFH01001949v1_decoy,13641,6.11704
chrUn_JTFH01001950v1_decoy,142,0.0636771
chrUn_JTFH01001951v1_decoy,255,0.114761
chrUn_JTFH01001952v1_decoy,0,0
chrUn_JTFH01001953v1_decoy,1608,0.726287
chrUn_JTFH01001954v1_decoy,75895,34.3416
chrUn_JTFH01001955v1_decoy,135072,61.3128
chrUn_JTFH01001956v1_decoy,36933,16.8107
chrUn_JTFH01001957v1_decoy,170630,77.7004
chrUn_JTFH01001958v1_decoy,279247,127.162
chrUn_JTFH01001959v1_decoy,313068,143.675
chrUn_JTFH01001960v1_decoy,348191,159.867
chrUn_JTFH01001961v1_decoy,2062281,946.869
chrUn_JTFH01001962v1_decoy,1776,0.81768
chrUn_JTFH01001963v1_decoy,199639,91.9995
chrUn_JTFH01001964v1_decoy,5000,2.30734
chrUn_JTFH01001965v1_decoy,125784,58.0452
chrUn_JTFH01001966v1_decoy,124103,57.535
chrUn_JTFH01001967v1_decoy,0,0
chrUn_JTFH01001968v1_decoy,439,0.204091
chrUn_JTFH01001969v1_decoy,278639,129.781
chrUn_JTFH01001970v1_decoy,17447,8.1338
chrUn_JTFH01001971v1_decoy,0,0
chrUn_JTFH01001972v1_decoy,24284,11.3371
chrUn_JTFH01001973v1_decoy,7211,3.37594
chrUn_JTFH01001974v1_decoy,23143,10.8653
chrUn_JTFH01001975v1_decoy,323189,151.875
chrUn_JTFH01001976v1_decoy,350910,165.056
chrUn_JTFH01001977v1_decoy,50,0.0235183
chrUn_JTFH01001978v1_decoy,164484,77.6234
chrUn_JTFH01001979v1_decoy,224,0.106312
chrUn_JTFH01001980v1_decoy,264,0.126255
chrUn_JTFH01001981v1_decoy,117029,56.0752
chrUn_JTFH01001982v1_decoy,525430,251.884
chrUn_JTFH01001983v1_decoy,305400,146.615
chrUn_JTFH01001984v1_decoy,5354,2.58024
chrUn_JTFH01001985v1_decoy,26756,12.8945
chrUn_JTFH01001986v1_decoy,149565,72.1839
chrUn_JTFH01001987v1_decoy,81938,39.6219
chrUn_JTFH01001988v1_decoy,8412,4.06967
chrUn_JTFH01001989v1_decoy,0,0
chrUn_JTFH01001990v1_decoy,265,0.129205
chrUn_JTFH01001991v1_decoy,388,0.189268
chrUn_JTFH01001992v1_decoy,200,0.0983768
chrUn_JTFH01001993v1_decoy,268620,132.717
chrUn_JTFH01001994v1_decoy,16616,8.24206
chrUn_JTFH01001995v1_decoy,129661,64.4759
chrUn_JTFH01001996v1_decoy,0,0
chrUn_JTFH01001997v1_decoy,291697,145.63
chrUn_JTFH01001998v1_decoy,1160523,579.971
HLA-A*01:01:01:01,0,0
HLA-A*01:01:01:02N,0,0
HLA-A*01:01:38L,0,0
HLA-A*01:02,0,0
HLA-A*01:03,0,0
HLA-A*01:04N,0,0
HLA-A*01:09,0,0
HLA-A*01:11N,0,0
HLA-A*01:14,0,0
HLA-A*01:16N,0,0
HLA-A*01:20,0,0
HLA-A*02:01:01:01,0,0
HLA-A*02:01:01:02L,0,0
HLA-A*02:01:01:03,0,0
HLA-A*02:01:01:04,0,0
HLA-A*02:02:01,0,0
HLA-A*02:03:01,0,0
HLA-A*02:03:03,0,0
HLA-A*02:05:01,0,0
HLA-A*02:06:01,0,0
HLA-A*02:07:01,0,0
HLA-A*02:10,0,0
HLA-A*02:251,0,0
HLA-A*02:259,0,0
HLA-A*02:264,0,0
HLA-A*02:265,0,0
HLA-A*02:266,0,0
HLA-A*02:269,0,0
HLA-A*02:279,0,0
HLA-A*02:32N,0,0
HLA-A*02:376,0,0
HLA-A*02:43N,0,0
HLA-A*02:455,0,0
HLA-A*02:48,0,0
HLA-A*02:51,0,0
HLA-A*02:533,0,0
HLA-A*02:53N,0,0
HLA-A*02:57,0,0
HLA-A*02:60:01,0,0
HLA-A*02:65,0,0
HLA-A*02:68,0,0
HLA-A*02:77,0,0
HLA-A*02:81,0,0
HLA-A*02:89,0,0
HLA-A*02:95,0,0
HLA-A*03:01:01:01,0,0
HLA-A*03:01:01:02N,0,0
HLA-A*03:01:01:03,0,0
HLA-A*03:02:01,0,0
HLA-A*03:11N,0,0
HLA-A*03:21N,0,0
HLA-A*03:36N,0,0
HLA-A*11:01:01,0,0
HLA-A*11:01:18,0,0
HLA-A*11:02:01,0,0
HLA-A*11:05,0,0
HLA-A*11:110,0,0
HLA-A*11:25,0,0
HLA-A*11:50Q,0,0
HLA-A*11:60,0,0
HLA-A*11:69N,0,0
HLA-A*11:74,0,0
HLA-A*11:75,0,0
HLA-A*11:77,0,0
HLA-A*23:01:01,0,0
HLA-A*23:09,0,0
HLA-A*23:38N,0,0
HLA-A*24:02:01:01,0,0
HLA-A*24:02:01:02L,0,0
HLA-A*24:02:01:03,0,0
HLA-A*24:02:03Q,0,0
HLA-A*24:02:10,0,0
HLA-A*24:03:01,0,0
HLA-A*24:07:01,0,0
HLA-A*24:08,0,0
HLA-A*24:09N,0,0
HLA-A*24:10:01,0,0
HLA-A*24:11N,0,0
HLA-A*24:152,0,0
HLA-A*24:20,0,0
HLA-A*24:215,0,0
HLA-A*24:61,0,0
HLA-A*24:86N,0,0
HLA-A*25:01:01,0,0
HLA-A*26:01:01,0,0
HLA-A*26:11N,0,0
HLA-A*26:15,0,0
HLA-A*26:50,0,0
HLA-A*29:01:01:01,0,0
HLA-A*29:01:01:02N,0,0
HLA-A*29:02:01:01,0,0
HLA-A*29:02:01:02,0,0
HLA-A*29:46,0,0
HLA-A*30:01:01,0,0
HLA-A*30:02:01:01,0,0
HLA-A*30:02:01:02,0,0
HLA-A*30:04:01,0,0
HLA-A*30:89,0,0
HLA-A*31:01:02,0,0
HLA-A*31:01:23,0,0
HLA-A*31:04,0,0
HLA-A*31:14N,0,0
HLA-A*31:46,0,0
HLA-A*32:01:01,0,0
HLA-A*32:06,0,0
HLA-A*33:01:01,0,0
HLA-A*33:03:01,0,0
HLA-A*33:07,0,0
HLA-A*34:01:01,0,0
HLA-A*34:02:01,0,0
HLA-A*36:01,0,0
HLA-A*43:01,0,0
HLA-A*66:01:01,0,0
HLA-A*66:17,0,0
HLA-A*68:01:01:01,0,0
HLA-A*68:01:01:02,0,0
HLA-A*68:01:02:01,0,0
HLA-A*68:01:02:02,0,0
HLA-A*68:02:01:01,0,0
HLA-A*68:02:01:02,0,0
HLA-A*68:02:01:03,0,0
HLA-A*68:02:02,0,0
HLA-A*68:03:01,0,0
HLA-A*68:08:01,0,0
HLA-A*68:113,0,0
HLA-A*68:17,0,0
HLA-A*68:18N,0,0
HLA-A*68:22,0,0
HLA-A*68:71,0,0
HLA-A*69:01,0,0
HLA-A*74:01,0,0
HLA-A*74:02:01:01,0,0
HLA-A*74:02:01:02,0,0
HLA-A*80:01:01:01,0,0
HLA-A*80:01:01:02,0,0
HLA-B*07:02:01,0,0
HLA-B*07:05:01,0,0
HLA-B*07:06,0,0
HLA-B*07:156,0,0
HLA-B*07:33:01,0,0
HLA-B*07:41,0,0
HLA-B*07:44,0,0
HLA-B*07:50,0,0
HLA-B*08:01:01,0,0
HLA-B*08:08N,0,0
HLA-B*08:132,0,0
HLA-B*08:134,0,0
HLA-B*08:19N,0,0
HLA-B*08:20,0,0
HLA-B*08:33,0,0
HLA-B*08:79,0,0
HLA-B*13:01:01,0,0
HLA-B*13:02:01,0,0
HLA-B*13:02:03,0,0
HLA-B*13:02:09,0,0
HLA-B*13:08,0,0
HLA-B*13:15,0,0
HLA-B*13:25,0,0
HLA-B*14:01:01,0,0
HLA-B*14:02:01,0,0
HLA-B*14:07N,0,0
HLA-B*15:01:01:01,0,0
HLA-B*15:01:01:02N,0,0
HLA-B*15:01:01:03,0,0
HLA-B*15:02:01,0,0
HLA-B*15:03:01,0,0
HLA-B*15:04:01,0,0
HLA-B*15:07:01,0,0
HLA-B*15:108,0,0
HLA-B*15:10:01,0,0
HLA-B*15:11:01,0,0
HLA-B*15:13:01,0,0
HLA-B*15:16:01,0,0
HLA-B*15:17:01:01,0,0
HLA-B*15:17:01:02,0,0
HLA-B*15:18:01,0,0
HLA-B*15:220,0,0
HLA-B*15:25:01,0,0
HLA-B*15:27:01,0,0
HLA-B*15:32:01,0,0
HLA-B*15:42,0,0
HLA-B*15:58,0,0
HLA-B*15:66,0,0
HLA-B*15:77,0,0
HLA-B*15:83,0,0
HLA-B*18:01:01:01,0,0
HLA-B*18:01:01:02,0,0
HLA-B*18:02,0,0
HLA-B*18:03,0,0
HLA-B*18:17N,0,0
HLA-B*18:26,0,0
HLA-B*18:94N,0,0
HLA-B*27:04:01,0,0
HLA-B*27:05:02,0,0
HLA-B*27:05:18,0,0
HLA-B*27:06,0,0
HLA-B*27:07:01,0,0
HLA-B*27:131,0,0
HLA-B*27:24,0,0
HLA-B*27:25,0,0
HLA-B*27:32,0,0
HLA-B*35:01:01:01,0,0
HLA-B*35:01:01:02,0,0
HLA-B*35:01:22,0,0
HLA-B*35:02:01,0,0
HLA-B*35:03:01,0,0
HLA-B*35:05:01,0,0
HLA-B*35:08:01,0,0
HLA-B*35:14:02,0,0
HLA-B*35:241,0,0
HLA-B*35:41,0,0
HLA-B*37:01:01,0,0
HLA-B*37:01:05,0,0
HLA-B*38:01:01,0,0
HLA-B*38:02:01,0,0
HLA-B*38:14,0,0
HLA-B*39:01:01:01,0,0
HLA-B*39:01:01:02L,0,0
HLA-B*39:01:01:03,0,0
HLA-B*39:01:03,0,0
HLA-B*39:01:16,0,0
HLA-B*39:01:21,0,0
HLA-B*39:05:01,0,0
HLA-B*39:06:02,0,0
HLA-B*39:10:01,0,0
HLA-B*39:13:02,0,0
HLA-B*39:14,0,0
HLA-B*39:34,0,0
HLA-B*39:38Q,0,0
HLA-B*40:01:01,0,0
HLA-B*40:01:02,0,0
HLA-B*40:02:01,0,0
HLA-B*40:03,0,0
HLA-B*40:06:01:01,0,0
HLA-B*40:06:01:02,0,0
HLA-B*40:10:01,0,0
HLA-B*40:150,0,0
HLA-B*40:40,0,0
HLA-B*40:72:01,0,0
HLA-B*40:79,0,0
HLA-B*41:01:01,0,0
HLA-B*41:02:01,0,0
HLA-B*42:01:01,0,0
HLA-B*42:02,0,0
HLA-B*42:08,0,0
HLA-B*44:02:01:01,0,0
HLA-B*44:02:01:02S,0,0
HLA-B*44:02:01:03,0,0
HLA-B*44:02:17,0,0
HLA-B*44:02:27,0,0
HLA-B*44:03:01,0,0
HLA-B*44:03:02,0,0
HLA-B*44:04,0,0
HLA-B*44:09,0,0
HLA-B*44:138Q,0,0
HLA-B*44:150,0,0
HLA-B*44:23N,0,0
HLA-B*44:26,0,0
HLA-B*44:46,0,0
HLA-B*44:49,0,0
HLA-B*44:56N,0,0
HLA-B*45:01:01,0,0
HLA-B*45:04,0,0
HLA-B*46:01:01,0,0
HLA-B*46:01:05,0,0
HLA-B*47:01:01:01,0,0
HLA-B*47:01:01:02,0,0
HLA-B*48:01:01,0,0
HLA-B*48:03:01,0,0
HLA-B*48:04,0,0
HLA-B*48:08,0,0
HLA-B*49:01:01,0,0
HLA-B*49:32,0,0
HLA-B*50:01:01,0,0
HLA-B*51:01:01,0,0
HLA-B*51:01:02,0,0
HLA-B*51:02:01,0,0
HLA-B*51:07:01,0,0
HLA-B*51:42,0,0
HLA-B*52:01:01:01,0,0
HLA-B*52:01:01:02,0,0
HLA-B*52:01:01:03,0,0
HLA-B*52:01:02,0,0
HLA-B*53:01:01,0,0
HLA-B*53:11,0,0
HLA-B*54:01:01,0,0
HLA-B*54:18,0,0
HLA-B*55:01:01,0,0
HLA-B*55:01:03,0,0
HLA-B*55:02:01,0,0
HLA-B*55:12,0,0
HLA-B*55:24,0,0
HLA-B*55:48,0,0
HLA-B*56:01:01,0,0
HLA-B*56:03,0,0
HLA-B*56:04,0,0
HLA-B*57:01:01,0,0
HLA-B*57:03:01,0,0
HLA-B*57:06,0,0
HLA-B*57:11,0,0
HLA-B*57:29,0,0
HLA-B*58:01:01,0,0
HLA-B*58:31N,0,0
HLA-B*59:01:01:01,0,0
HLA-B*59:01:01:02,0,0
HLA-B*67:01:01,0,0
HLA-B*67:01:02,0,0
HLA-B*67:02,0,0
HLA-B*73:01,0,0
HLA-B*78:01:01,0,0
HLA-B*81:01,0,0
HLA-B*82:02:01,0,0
HLA-C*01:02:01,0,0
HLA-C*01:02:11,0,0
HLA-C*01:02:29,0,0
HLA-C*01:02:30,0,0
HLA-C*01:03,0,0
HLA-C*01:06,0,0
HLA-C*01:08,0,0
HLA-C*01:14,0,0
HLA-C*01:21,0,0
HLA-C*01:30,0,0
HLA-C*01:40,0,0
HLA-C*02:02:02:01,0,0
HLA-C*02:02:02:02,0,0
HLA-C*02:10,0,0
HLA-C*02:11,0,0
HLA-C*02:16:02,0,0
HLA-C*02:69,0,0
HLA-C*02:85,0,0
HLA-C*02:86,0,0
HLA-C*02:87,0,0
HLA-C*03:02:01,0,0
HLA-C*03:02:02:01,0,0
HLA-C*03:02:02:02,0,0
HLA-C*03:02:02:03,0,0
HLA-C*03:03:01,0,0
HLA-C*03:04:01:01,0,0
HLA-C*03:04:01:02,0,0
HLA-C*03:04:02,0,0
HLA-C*03:04:04,0,0
HLA-C*03:05,0,0
HLA-C*03:06,0,0
HLA-C*03:100,0,0
HLA-C*03:13:01,0,0
HLA-C*03:20N,0,0
HLA-C*03:219,0,0
HLA-C*03:261,0,0
HLA-C*03:40:01,0,0
HLA-C*03:41:02,0,0
HLA-C*03:46,0,0
HLA-C*03:61,0,0
HLA-C*04:01:01:01,0,0
HLA-C*04:01:01:02,0,0
HLA-C*04:01:01:03,0,0
HLA-C*04:01:01:04,0,0
HLA-C*04:01:01:05,0,0
HLA-C*04:01:62,0,0
HLA-C*04:03:01,0,0
HLA-C*04:06,0,0
HLA-C*04:09N,0,0
HLA-C*04:128,0,0
HLA-C*04:161,0,0
HLA-C*04:177,0,0
HLA-C*04:70,0,0
HLA-C*04:71,0,0
HLA-C*05:01:01:01,0,0
HLA-C*05:01:01:02,0,0
HLA-C*05:08,0,0
HLA-C*05:09:01,0,0
HLA-C*05:93,0,0
HLA-C*06:02:01:01,0,0
HLA-C*06:02:01:02,0,0
HLA-C*06:02:01:03,0,0
HLA-C*06:23,0,0
HLA-C*06:24,0,0
HLA-C*06:46N,0,0
HLA-C*07:01:01:01,0,0
HLA-C*07:01:01:02,0,0
HLA-C*07:01:02,0,0
HLA-C*07:01:19,0,0
HLA-C*07:01:27,0,0
HLA-C*07:01:45,0,0
HLA-C*07:02:01:01,0,0
HLA-C*07:02:01:02,0,0
HLA-C*07:02:01:03,0,0
HLA-C*07:02:01:04,0,0
HLA-C*07:02:01:05,0,0
HLA-C*07:02:05,0,0
HLA-C*07:02:06,0,0
HLA-C*07:02:64,0,0
HLA-C*07:04:01,0,0
HLA-C*07:04:02,0,0
HLA-C*07:06,0,0
HLA-C*07:149,0,0
HLA-C*07:18,0,0
HLA-C*07:19,0,0
HLA-C*07:26,0,0
HLA-C*07:30,0,0
HLA-C*07:32N,0,0
HLA-C*07:384,0,0
HLA-C*07:385,0,0
HLA-C*07:386,0,0
HLA-C*07:391,0,0
HLA-C*07:392,0,0
HLA-C*07:49,0,0
HLA-C*07:56:02,0,0
HLA-C*07:66,0,0
HLA-C*07:67,0,0
HLA-C*08:01:01,0,0
HLA-C*08:01:03,0,0
HLA-C*08:02:01:01,0,0
HLA-C*08:02:01:02,0,0
HLA-C*08:03:01,0,0
HLA-C*08:04:01,0,0
HLA-C*08:112,0,0
HLA-C*08:20,0,0
HLA-C*08:21,0,0
HLA-C*08:22,0,0
HLA-C*08:24,0,0
HLA-C*08:27,0,0
HLA-C*08:36N,0,0
HLA-C*08:40,0,0
HLA-C*08:41,0,0
HLA-C*08:62,0,0
HLA-C*12:02:02,0,0
HLA-C*12:03:01:01,0,0
HLA-C*12:03:01:02,0,0
HLA-C*12:08,0,0
HLA-C*12:13,0,0
HLA-C*12:19,0,0
HLA-C*12:22,0,0
HLA-C*12:99,0,0
HLA-C*14:02:01,0,0
HLA-C*14:03,0,0
HLA-C*14:21N,0,0
HLA-C*14:23,0,0
HLA-C*15:02:01,0,0
HLA-C*15:05:01,0,0
HLA-C*15:05:02,0,0
HLA-C*15:13,0,0
HLA-C*15:16,0,0
HLA-C*15:17,0,0
HLA-C*15:96Q,0,0
HLA-C*16:01:01,0,0
HLA-C*16:02:01,0,0
HLA-C*16:04:01,0,0
HLA-C*17:01:01:01,0,0
HLA-C*17:01:01:02,0,0
HLA-C*17:01:01:03,0,0
HLA-C*17:03,0,0
HLA-C*18:01,0,0
HLA-DQA1*01:01:02,0,0
HLA-DQA1*01:02:01:01,0,0
HLA-DQA1*01:02:01:02,0,0
HLA-DQA1*01:02:01:03,0,0
HLA-DQA1*01:02:01:04,0,0
HLA-DQA1*01:03:01:01,0,0
HLA-DQA1*01:03:01:02,0,0
HLA-DQA1*01:04:01:01,0,0
HLA-DQA1*01:04:01:02,0,0
HLA-DQA1*01:05:01,0,0
HLA-DQA1*01:07,0,0
HLA-DQA1*01:10,0,0
HLA-DQA1*01:11,0,0
HLA-DQA1*02:01,0,0
HLA-DQA1*03:01:01,0,0
HLA-DQA1*03:02,0,0
HLA-DQA1*03:03:01,0,0
HLA-DQA1*04:01:02:01,0,0
HLA-DQA1*04:01:02:02,0,0
HLA-DQA1*04:02,0,0
HLA-DQA1*05:01:01:01,0,0
HLA-DQA1*05:01:01:02,0,0
HLA-DQA1*05:03,0,0
HLA-DQA1*05:05:01:01,0,0
HLA-DQA1*05:05:01:02,0,0
HLA-DQA1*05:05:01:03,0,0
HLA-DQA1*05:11,0,0
HLA-DQA1*06:01:01,0,0
HLA-DQB1*02:01:01,0,0
HLA-DQB1*02:02:01,0,0
HLA-DQB1*03:01:01:01,0,0
HLA-DQB1*03:01:01:02,0,0
HLA-DQB1*03:01:01:03,0,0
HLA-DQB1*03:02:01,0,0
HLA-DQB1*03:03:02:01,0,0
HLA-DQB1*03:03:02:02,0,0
HLA-DQB1*03:03:02:03,0,0
HLA-DQB1*03:05:01,0,0
HLA-DQB1*05:01:01:01,0,0
HLA-DQB1*05:01:01:02,0,0
HLA-DQB1*05:03:01:01,0,0
HLA-DQB1*05:03:01:02,0,0
HLA-DQB1*06:01:01,0,0
HLA-DQB1*06:02:01,0,0
HLA-DQB1*06:03:01,0,0
HLA-DQB1*06:09:01,0,0
HLA-DRB1*01:01:01,0,0
HLA-DRB1*01:02:01,0,0
HLA-DRB1*03:01:01:01,0,0
HLA-DRB1*03:01:01:02,0,0
HLA-DRB1*04:03:01,0,0
HLA-DRB1*07:01:01:01,0,0
HLA-DRB1*07:01:01:02,0,0
HLA-DRB1*08:03:02,0,0
HLA-DRB1*09:21,1938,0.12083
HLA-DRB1*10:01:01,37416,2.77135
HLA-DRB1*11:01:01,0,0
HLA-DRB1*11:01:02,0,0
HLA-DRB1*11:04:01,0,0
HLA-DRB1*12:01:01,0,0
HLA-DRB1*12:17,0,0
HLA-DRB1*13:01:01,0,0
HLA-DRB1*13:02:01,0,0
HLA-DRB1*14:05:01,0,0
HLA-DRB1*14:54:01,0,0
HLA-DRB1*15:01:01:01,0,0
HLA-DRB1*15:01:01:02,0,0
HLA-DRB1*15:01:01:03,0,0
HLA-DRB1*15:01:01:04,0,0
HLA-DRB1*15:02:01,0,0
HLA-DRB1*15:03:01:01,0,0
HLA-DRB1*15:03:01:02,0,0
HLA-DRB1*16:02:01,0,0
PLVM_CD19_CARv4_cd34,28193,2.83233
Autosomal regions ,404811644108,147.471
