READ MEAN QUALITY,Read1,Q16 Reads,71
READ MEAN QUALITY,Read1,Q17 Reads,4030
READ MEAN QUALITY,Read1,Q18 Reads,108423
READ MEAN QUALITY,Read1,Q19 Reads,739782
READ MEAN QUALITY,Read1,Q20 Reads,1750874
READ MEAN QUALITY,Read1,Q21 Reads,2915916
READ MEAN QUALITY,Read1,Q22 Reads,4136435
READ MEAN QUALITY,Read1,Q23 Reads,5151340
READ MEAN QUALITY,Read1,Q24 Reads,5976066
READ MEAN QUALITY,Read1,Q25 Reads,7149493
READ MEAN QUALITY,Read1,Q26 Reads,8223043
READ MEAN QUALITY,Read1,Q27 Reads,9507785
READ MEAN QUALITY,Read1,Q28 Reads,10675223
READ MEAN QUALITY,Read1,Q29 Reads,12656872
READ MEAN QUALITY,Read1,Q30 Reads,14825909
READ MEAN QUALITY,Read1,Q31 Reads,17860632
READ MEAN QUALITY,Read1,Q32 Reads,21391050
READ MEAN QUALITY,Read1,Q33 Reads,27636823
READ MEAN QUALITY,Read1,Q34 Reads,36439111
READ MEAN QUALITY,Read1,Q35 Reads,51935647
READ MEAN QUALITY,Read1,Q36 Reads,78417523
READ MEAN QUALITY,Read1,Q37 Reads,133931612
READ MEAN QUALITY,Read1,Q38 Reads,249454403
READ MEAN QUALITY,Read1,Q39 Reads,752327595
READ MEAN QUALITY,Read1,Q40 Reads,1463889031
POSITIONAL BASE MEAN QUALITY,Read1,ReadPos 1 A Average Quality,38.33
POSITIONAL BASE MEAN QUALITY,Read1,ReadPos 2 A Average Quality,38.72
POSITIONAL BASE MEAN QUALITY,Read1,ReadPos 3 A Average Quality,38.91
POSITIONAL BASE MEAN QUALITY,Read1,ReadPos 4 A Average Quality,38.70
POSITIONAL BASE MEAN QUALITY,Read1,ReadPos 5 A Average Quality,38.52
POSITIONAL BASE MEAN QUALITY,Read1,ReadPos 6 A Average Quality,38.66
POSITIONAL BASE MEAN QUALITY,Read1,ReadPos 7 A Average Quality,38.71
POSITIONAL BASE MEAN QUALITY,Read1,ReadPos 8 A Average Quality,38.75
POSITIONAL BASE MEAN QUALITY,Read1,ReadPos 9 A Average Quality,38.75
POSITIONAL BASE MEAN QUALITY,Read1,ReadPos 10 A Average Quality,38.69
POSITIONAL BASE MEAN QUALITY,Read1,ReadPos 11 A Average Quality,38.79
POSITIONAL BASE MEAN QUALITY,Read1,ReadPos 12 A Average Quality,38.73
POSITIONAL BASE MEAN QUALITY,Read1,ReadPos 13 A Average Quality,38.78
POSITIONAL BASE MEAN QUALITY,Read1,ReadPos 14 A Average Quality,38.75
POSITIONAL BASE MEAN QUALITY,Read1,ReadPos 15 A Average Quality,38.79
POSITIONAL BASE MEAN QUALITY,Read1,ReadPos 16 A Average Quality,39.12
POSITIONAL BASE MEAN QUALITY,Read1,ReadPos 17 A Average Quality,39.12
POSITIONAL BASE MEAN QUALITY,Read1,ReadPos 18 A Average Quality,39.14
POSITIONAL BASE MEAN QUALITY,Read1,ReadPos 19 A Average Quality,39.14
POSITIONAL BASE MEAN QUALITY,Read1,ReadPos 20 A Average Quality,39.15
POSITIONAL BASE MEAN QUALITY,Read1,ReadPos 21 A Average Quality,39.16
POSITIONAL BASE MEAN QUALITY,Read1,ReadPos 22 A Average Quality,39.14
POSITIONAL BASE MEAN QUALITY,Read1,ReadPos 23 A Average Quality,39.15
POSITIONAL BASE MEAN QUALITY,Read1,ReadPos 24 A Average Quality,39.14
POSITIONAL BASE MEAN QUALITY,Read1,ReadPos 25 A Average Quality,39.14
POSITIONAL BASE MEAN QUALITY,Read1,ReadPos 26 A Average Quality,38.77
POSITIONAL BASE MEAN QUALITY,Read1,ReadPos 27 A Average Quality,38.77
POSITIONAL BASE MEAN QUALITY,Read1,ReadPos 28 A Average Quality,38.78
POSITIONAL BASE MEAN QUALITY,Read1,ReadPos 29 A Average Quality,38.78
POSITIONAL BASE MEAN QUALITY,Read1,ReadPos 30 A Average Quality,38.80
POSITIONAL BASE MEAN QUALITY,Read1,ReadPos 31 A Average Quality,38.80
POSITIONAL BASE MEAN QUALITY,Read1,ReadPos 32 A Average Quality,38.77
POSITIONAL BASE MEAN QUALITY,Read1,ReadPos 33 A Average Quality,38.77
POSITIONAL BASE MEAN QUALITY,Read1,ReadPos 34 A Average Quality,38.75
POSITIONAL BASE MEAN QUALITY,Read1,ReadPos 35 A Average Quality,38.76
POSITIONAL BASE MEAN QUALITY,Read1,ReadPos 36 A Average Quality,38.80
POSITIONAL BASE MEAN QUALITY,Read1,ReadPos 37 A Average Quality,38.81
POSITIONAL BASE MEAN QUALITY,Read1,ReadPos 38 A Average Quality,38.81
POSITIONAL BASE MEAN QUALITY,Read1,ReadPos 39 A Average Quality,38.80
POSITIONAL BASE MEAN QUALITY,Read1,ReadPos 40 A Average Quality,38.80
POSITIONAL BASE MEAN QUALITY,Read1,ReadPos 41 A Average Quality,38.80
POSITIONAL BASE MEAN QUALITY,Read1,ReadPos 42 A Average Quality,38.80
POSITIONAL BASE MEAN QUALITY,Read1,ReadPos 43 A Average Quality,38.79
POSITIONAL BASE MEAN QUALITY,Read1,ReadPos 44 A Average Quality,38.78
POSITIONAL BASE MEAN QUALITY,Read1,ReadPos 45 A Average Quality,38.77
POSITIONAL BASE MEAN QUALITY,Read1,ReadPos 46 A Average Quality,38.77
POSITIONAL BASE MEAN QUALITY,Read1,ReadPos 47 A Average Quality,38.77
POSITIONAL BASE MEAN QUALITY,Read1,ReadPos 48 A Average Quality,38.76
POSITIONAL BASE MEAN QUALITY,Read1,ReadPos 49 A Average Quality,38.75
POSITIONAL BASE MEAN QUALITY,Read1,ReadPos 50 A Average Quality,38.75
POSITIONAL BASE MEAN QUALITY,Read1,ReadPos 51 A Average Quality,38.75
POSITIONAL BASE MEAN QUALITY,Read1,ReadPos 52 A Average Quality,38.74
POSITIONAL BASE MEAN QUALITY,Read1,ReadPos 53 A Average Quality,38.73
POSITIONAL BASE MEAN QUALITY,Read1,ReadPos 54 A Average Quality,38.72
POSITIONAL BASE MEAN QUALITY,Read1,ReadPos 55 A Average Quality,38.71
POSITIONAL BASE MEAN QUALITY,Read1,ReadPos 56 A Average Quality,38.72
POSITIONAL BASE MEAN QUALITY,Read1,ReadPos 57 A Average Quality,38.71
POSITIONAL BASE MEAN QUALITY,Read1,ReadPos 58 A Average Quality,38.68
POSITIONAL BASE MEAN QUALITY,Read1,ReadPos 59 A Average Quality,38.67
POSITIONAL BASE MEAN QUALITY,Read1,ReadPos 60 A Average Quality,38.66
POSITIONAL BASE MEAN QUALITY,Read1,ReadPos 61 A Average Quality,38.67
POSITIONAL BASE MEAN QUALITY,Read1,ReadPos 62 A Average Quality,38.66
POSITIONAL BASE MEAN QUALITY,Read1,ReadPos 63 A Average Quality,38.64
POSITIONAL BASE MEAN QUALITY,Read1,ReadPos 64 A Average Quality,38.63
POSITIONAL BASE MEAN QUALITY,Read1,ReadPos 65 A Average Quality,38.61
POSITIONAL BASE MEAN QUALITY,Read1,ReadPos 66 A Average Quality,38.60
POSITIONAL BASE MEAN QUALITY,Read1,ReadPos 67 A Average Quality,38.59
POSITIONAL BASE MEAN QUALITY,Read1,ReadPos 68 A Average Quality,38.59
POSITIONAL BASE MEAN QUALITY,Read1,ReadPos 69 A Average Quality,38.58
POSITIONAL BASE MEAN QUALITY,Read1,ReadPos 70 A Average Quality,38.57
POSITIONAL BASE MEAN QUALITY,Read1,ReadPos 71 A Average Quality,38.55
POSITIONAL BASE MEAN QUALITY,Read1,ReadPos 72 A Average Quality,38.53
POSITIONAL BASE MEAN QUALITY,Read1,ReadPos 73 A Average Quality,38.52
POSITIONAL BASE MEAN QUALITY,Read1,ReadPos 74 A Average Quality,38.51
POSITIONAL BASE MEAN QUALITY,Read1,ReadPos 75 A Average Quality,38.49
POSITIONAL BASE MEAN QUALITY,Read1,ReadPos 76 A Average Quality,38.50
POSITIONAL BASE MEAN QUALITY,Read1,ReadPos 77 A Average Quality,38.48
POSITIONAL BASE MEAN QUALITY,Read1,ReadPos 78 A Average Quality,38.45
POSITIONAL BASE MEAN QUALITY,Read1,ReadPos 79 A Average Quality,38.44
POSITIONAL BASE MEAN QUALITY,Read1,ReadPos 80 A Average Quality,38.45
POSITIONAL BASE MEAN QUALITY,Read1,ReadPos 81 A Average Quality,38.42
POSITIONAL BASE MEAN QUALITY,Read1,ReadPos 82 A Average Quality,38.41
POSITIONAL BASE MEAN QUALITY,Read1,ReadPos 83 A Average Quality,38.41
POSITIONAL BASE MEAN QUALITY,Read1,ReadPos 84 A Average Quality,38.38
POSITIONAL BASE MEAN QUALITY,Read1,ReadPos 85 A Average Quality,38.37
POSITIONAL BASE MEAN QUALITY,Read1,ReadPos 86 A Average Quality,38.36
POSITIONAL BASE MEAN QUALITY,Read1,ReadPos 87 A Average Quality,38.35
POSITIONAL BASE MEAN QUALITY,Read1,ReadPos 88 A Average Quality,38.34
POSITIONAL BASE MEAN QUALITY,Read1,ReadPos 89 A Average Quality,38.32
POSITIONAL BASE MEAN QUALITY,Read1,ReadPos 90 A Average Quality,38.31
POSITIONAL BASE MEAN QUALITY,Read1,ReadPos 91 A Average Quality,38.28
POSITIONAL BASE MEAN QUALITY,Read1,ReadPos 92 A Average Quality,38.28
POSITIONAL BASE MEAN QUALITY,Read1,ReadPos 93 A Average Quality,38.27
POSITIONAL BASE MEAN QUALITY,Read1,ReadPos 94 A Average Quality,38.25
POSITIONAL BASE MEAN QUALITY,Read1,ReadPos 95 A Average Quality,38.23
POSITIONAL BASE MEAN QUALITY,Read1,ReadPos 96 A Average Quality,38.20
POSITIONAL BASE MEAN QUALITY,Read1,ReadPos 97 A Average Quality,38.21
POSITIONAL BASE MEAN QUALITY,Read1,ReadPos 98 A Average Quality,38.19
POSITIONAL BASE MEAN QUALITY,Read1,ReadPos 99 A Average Quality,38.19
POSITIONAL BASE MEAN QUALITY,Read1,ReadPos 100 A Average Quality,38.16
POSITIONAL BASE MEAN QUALITY,Read1,ReadPos 101 A Average Quality,38.15
POSITIONAL BASE MEAN QUALITY,Read1,ReadPos 102 A Average Quality,38.13
POSITIONAL BASE MEAN QUALITY,Read1,ReadPos 103 A Average Quality,38.10
POSITIONAL BASE MEAN QUALITY,Read1,ReadPos 104 A Average Quality,38.10
POSITIONAL BASE MEAN QUALITY,Read1,ReadPos 105 A Average Quality,38.06
POSITIONAL BASE MEAN QUALITY,Read1,ReadPos 106 A Average Quality,38.06
POSITIONAL BASE MEAN QUALITY,Read1,ReadPos 107 A Average Quality,38.03
POSITIONAL BASE MEAN QUALITY,Read1,ReadPos 108 A Average Quality,37.99
POSITIONAL BASE MEAN QUALITY,Read1,ReadPos 109 A Average Quality,37.98
POSITIONAL BASE MEAN QUALITY,Read1,ReadPos 110 A Average Quality,37.97
POSITIONAL BASE MEAN QUALITY,Read1,ReadPos 111 A Average Quality,37.97
POSITIONAL BASE MEAN QUALITY,Read1,ReadPos 112 A Average Quality,37.96
POSITIONAL BASE MEAN QUALITY,Read1,ReadPos 113 A Average Quality,37.92
POSITIONAL BASE MEAN QUALITY,Read1,ReadPos 114 A Average Quality,37.90
POSITIONAL BASE MEAN QUALITY,Read1,ReadPos 115 A Average Quality,37.86
POSITIONAL BASE MEAN QUALITY,Read1,ReadPos 116 A Average Quality,37.87
POSITIONAL BASE MEAN QUALITY,Read1,ReadPos 117 A Average Quality,37.85
POSITIONAL BASE MEAN QUALITY,Read1,ReadPos 118 A Average Quality,37.80
POSITIONAL BASE MEAN QUALITY,Read1,ReadPos 119 A Average Quality,37.80
POSITIONAL BASE MEAN QUALITY,Read1,ReadPos 120 A Average Quality,37.75
POSITIONAL BASE MEAN QUALITY,Read1,ReadPos 121 A Average Quality,37.74
POSITIONAL BASE MEAN QUALITY,Read1,ReadPos 122 A Average Quality,37.75
POSITIONAL BASE MEAN QUALITY,Read1,ReadPos 123 A Average Quality,37.73
POSITIONAL BASE MEAN QUALITY,Read1,ReadPos 124 A Average Quality,37.70
POSITIONAL BASE MEAN QUALITY,Read1,ReadPos 125 A Average Quality,37.68
POSITIONAL BASE MEAN QUALITY,Read1,ReadPos 126 A Average Quality,37.63
POSITIONAL BASE MEAN QUALITY,Read1,ReadPos 127 A Average Quality,37.62
POSITIONAL BASE MEAN QUALITY,Read1,ReadPos 128 A Average Quality,37.58
POSITIONAL BASE MEAN QUALITY,Read1,ReadPos 129 A Average Quality,37.58
POSITIONAL BASE MEAN QUALITY,Read1,ReadPos 130 A Average Quality,37.56
POSITIONAL BASE MEAN QUALITY,Read1,ReadPos 131 A Average Quality,37.50
POSITIONAL BASE MEAN QUALITY,Read1,ReadPos 132 A Average Quality,37.50
POSITIONAL BASE MEAN QUALITY,Read1,ReadPos 133 A Average Quality,37.45
POSITIONAL BASE MEAN QUALITY,Read1,ReadPos 134 A Average Quality,37.42
POSITIONAL BASE MEAN QUALITY,Read1,ReadPos 135 A Average Quality,37.40
POSITIONAL BASE MEAN QUALITY,Read1,ReadPos 136 A Average Quality,37.37
POSITIONAL BASE MEAN QUALITY,Read1,ReadPos 137 A Average Quality,37.35
POSITIONAL BASE MEAN QUALITY,Read1,ReadPos 138 A Average Quality,37.30
POSITIONAL BASE MEAN QUALITY,Read1,ReadPos 139 A Average Quality,37.33
POSITIONAL BASE MEAN QUALITY,Read1,ReadPos 140 A Average Quality,37.28
POSITIONAL BASE MEAN QUALITY,Read1,ReadPos 141 A Average Quality,37.23
POSITIONAL BASE MEAN QUALITY,Read1,ReadPos 142 A Average Quality,37.20
POSITIONAL BASE MEAN QUALITY,Read1,ReadPos 143 A Average Quality,37.17
POSITIONAL BASE MEAN QUALITY,Read1,ReadPos 144 A Average Quality,37.14
POSITIONAL BASE MEAN QUALITY,Read1,ReadPos 145 A Average Quality,37.08
POSITIONAL BASE MEAN QUALITY,Read1,ReadPos 146 A Average Quality,37.04
POSITIONAL BASE MEAN QUALITY,Read1,ReadPos 147 A Average Quality,36.99
POSITIONAL BASE MEAN QUALITY,Read1,ReadPos 148 A Average Quality,36.96
POSITIONAL BASE MEAN QUALITY,Read1,ReadPos 149 A Average Quality,36.90
POSITIONAL BASE MEAN QUALITY,Read1,ReadPos 150 A Average Quality,36.83
POSITIONAL BASE MEAN QUALITY,Read1,ReadPos 151 A Average Quality,NA
POSITIONAL BASE MEAN QUALITY,Read1,ReadPos 1 C Average Quality,38.50
POSITIONAL BASE MEAN QUALITY,Read1,ReadPos 2 C Average Quality,39.04
POSITIONAL BASE MEAN QUALITY,Read1,ReadPos 3 C Average Quality,39.14
POSITIONAL BASE MEAN QUALITY,Read1,ReadPos 4 C Average Quality,38.70
POSITIONAL BASE MEAN QUALITY,Read1,ReadPos 5 C Average Quality,38.77
POSITIONAL BASE MEAN QUALITY,Read1,ReadPos 6 C Average Quality,39.04
POSITIONAL BASE MEAN QUALITY,Read1,ReadPos 7 C Average Quality,38.89
POSITIONAL BASE MEAN QUALITY,Read1,ReadPos 8 C Average Quality,38.92
POSITIONAL BASE MEAN QUALITY,Read1,ReadPos 9 C Average Quality,38.81
POSITIONAL BASE MEAN QUALITY,Read1,ReadPos 10 C Average Quality,38.72
POSITIONAL BASE MEAN QUALITY,Read1,ReadPos 11 C Average Quality,38.93
POSITIONAL BASE MEAN QUALITY,Read1,ReadPos 12 C Average Quality,38.74
POSITIONAL BASE MEAN QUALITY,Read1,ReadPos 13 C Average Quality,38.83
POSITIONAL BASE MEAN QUALITY,Read1,ReadPos 14 C Average Quality,38.76
POSITIONAL BASE MEAN QUALITY,Read1,ReadPos 15 C Average Quality,38.83
POSITIONAL BASE MEAN QUALITY,Read1,ReadPos 16 C Average Quality,39.14
POSITIONAL BASE MEAN QUALITY,Read1,ReadPos 17 C Average Quality,39.13
POSITIONAL BASE MEAN QUALITY,Read1,ReadPos 18 C Average Quality,39.15
POSITIONAL BASE MEAN QUALITY,Read1,ReadPos 19 C Average Quality,39.15
POSITIONAL BASE MEAN QUALITY,Read1,ReadPos 20 C Average Quality,39.16
POSITIONAL BASE MEAN QUALITY,Read1,ReadPos 21 C Average Quality,39.17
POSITIONAL BASE MEAN QUALITY,Read1,ReadPos 22 C Average Quality,39.14
POSITIONAL BASE MEAN QUALITY,Read1,ReadPos 23 C Average Quality,39.15
POSITIONAL BASE MEAN QUALITY,Read1,ReadPos 24 C Average Quality,39.14
POSITIONAL BASE MEAN QUALITY,Read1,ReadPos 25 C Average Quality,39.14
POSITIONAL BASE MEAN QUALITY,Read1,ReadPos 26 C Average Quality,38.76
POSITIONAL BASE MEAN QUALITY,Read1,ReadPos 27 C Average Quality,38.77
POSITIONAL BASE MEAN QUALITY,Read1,ReadPos 28 C Average Quality,38.78
POSITIONAL BASE MEAN QUALITY,Read1,ReadPos 29 C Average Quality,38.76
POSITIONAL BASE MEAN QUALITY,Read1,ReadPos 30 C Average Quality,38.79
POSITIONAL BASE MEAN QUALITY,Read1,ReadPos 31 C Average Quality,38.78
POSITIONAL BASE MEAN QUALITY,Read1,ReadPos 32 C Average Quality,38.76
POSITIONAL BASE MEAN QUALITY,Read1,ReadPos 33 C Average Quality,38.74
POSITIONAL BASE MEAN QUALITY,Read1,ReadPos 34 C Average Quality,38.72
POSITIONAL BASE MEAN QUALITY,Read1,ReadPos 35 C Average Quality,38.74
POSITIONAL BASE MEAN QUALITY,Read1,ReadPos 36 C Average Quality,38.78
POSITIONAL BASE MEAN QUALITY,Read1,ReadPos 37 C Average Quality,38.79
POSITIONAL BASE MEAN QUALITY,Read1,ReadPos 38 C Average Quality,38.78
POSITIONAL BASE MEAN QUALITY,Read1,ReadPos 39 C Average Quality,38.76
POSITIONAL BASE MEAN QUALITY,Read1,ReadPos 40 C Average Quality,38.77
POSITIONAL BASE MEAN QUALITY,Read1,ReadPos 41 C Average Quality,38.76
POSITIONAL BASE MEAN QUALITY,Read1,ReadPos 42 C Average Quality,38.76
POSITIONAL BASE MEAN QUALITY,Read1,ReadPos 43 C Average Quality,38.74
POSITIONAL BASE MEAN QUALITY,Read1,ReadPos 44 C Average Quality,38.72
POSITIONAL BASE MEAN QUALITY,Read1,ReadPos 45 C Average Quality,38.73
POSITIONAL BASE MEAN QUALITY,Read1,ReadPos 46 C Average Quality,38.71
POSITIONAL BASE MEAN QUALITY,Read1,ReadPos 47 C Average Quality,38.71
POSITIONAL BASE MEAN QUALITY,Read1,ReadPos 48 C Average Quality,38.68
POSITIONAL BASE MEAN QUALITY,Read1,ReadPos 49 C Average Quality,38.68
POSITIONAL BASE MEAN QUALITY,Read1,ReadPos 50 C Average Quality,38.70
POSITIONAL BASE MEAN QUALITY,Read1,ReadPos 51 C Average Quality,38.68
POSITIONAL BASE MEAN QUALITY,Read1,ReadPos 52 C Average Quality,38.66
POSITIONAL BASE MEAN QUALITY,Read1,ReadPos 53 C Average Quality,38.65
POSITIONAL BASE MEAN QUALITY,Read1,ReadPos 54 C Average Quality,38.63
POSITIONAL BASE MEAN QUALITY,Read1,ReadPos 55 C Average Quality,38.63
POSITIONAL BASE MEAN QUALITY,Read1,ReadPos 56 C Average Quality,38.62
POSITIONAL BASE MEAN QUALITY,Read1,ReadPos 57 C Average Quality,38.61
POSITIONAL BASE MEAN QUALITY,Read1,ReadPos 58 C Average Quality,38.56
POSITIONAL BASE MEAN QUALITY,Read1,ReadPos 59 C Average Quality,38.56
POSITIONAL BASE MEAN QUALITY,Read1,ReadPos 60 C Average Quality,38.57
POSITIONAL BASE MEAN QUALITY,Read1,ReadPos 61 C Average Quality,38.56
POSITIONAL BASE MEAN QUALITY,Read1,ReadPos 62 C Average Quality,38.54
POSITIONAL BASE MEAN QUALITY,Read1,ReadPos 63 C Average Quality,38.51
POSITIONAL BASE MEAN QUALITY,Read1,ReadPos 64 C Average Quality,38.50
POSITIONAL BASE MEAN QUALITY,Read1,ReadPos 65 C Average Quality,38.48
POSITIONAL BASE MEAN QUALITY,Read1,ReadPos 66 C Average Quality,38.47
POSITIONAL BASE MEAN QUALITY,Read1,ReadPos 67 C Average Quality,38.45
POSITIONAL BASE MEAN QUALITY,Read1,ReadPos 68 C Average Quality,38.45
POSITIONAL BASE MEAN QUALITY,Read1,ReadPos 69 C Average Quality,38.43
POSITIONAL BASE MEAN QUALITY,Read1,ReadPos 70 C Average Quality,38.42
POSITIONAL BASE MEAN QUALITY,Read1,ReadPos 71 C Average Quality,38.39
POSITIONAL BASE MEAN QUALITY,Read1,ReadPos 72 C Average Quality,38.37
POSITIONAL BASE MEAN QUALITY,Read1,ReadPos 73 C Average Quality,38.35
POSITIONAL BASE MEAN QUALITY,Read1,ReadPos 74 C Average Quality,38.34
POSITIONAL BASE MEAN QUALITY,Read1,ReadPos 75 C Average Quality,38.34
POSITIONAL BASE MEAN QUALITY,Read1,ReadPos 76 C Average Quality,38.33
POSITIONAL BASE MEAN QUALITY,Read1,ReadPos 77 C Average Quality,38.30
POSITIONAL BASE MEAN QUALITY,Read1,ReadPos 78 C Average Quality,38.27
POSITIONAL BASE MEAN QUALITY,Read1,ReadPos 79 C Average Quality,38.25
POSITIONAL BASE MEAN QUALITY,Read1,ReadPos 80 C Average Quality,38.26
POSITIONAL BASE MEAN QUALITY,Read1,ReadPos 81 C Average Quality,38.24
POSITIONAL BASE MEAN QUALITY,Read1,ReadPos 82 C Average Quality,38.21
POSITIONAL BASE MEAN QUALITY,Read1,ReadPos 83 C Average Quality,38.21
POSITIONAL BASE MEAN QUALITY,Read1,ReadPos 84 C Average Quality,38.17
POSITIONAL BASE MEAN QUALITY,Read1,ReadPos 85 C Average Quality,38.16
POSITIONAL BASE MEAN QUALITY,Read1,ReadPos 86 C Average Quality,38.15
POSITIONAL BASE MEAN QUALITY,Read1,ReadPos 87 C Average Quality,38.14
POSITIONAL BASE MEAN QUALITY,Read1,ReadPos 88 C Average Quality,38.13
POSITIONAL BASE MEAN QUALITY,Read1,ReadPos 89 C Average Quality,38.09
POSITIONAL BASE MEAN QUALITY,Read1,ReadPos 90 C Average Quality,38.08
POSITIONAL BASE MEAN QUALITY,Read1,ReadPos 91 C Average Quality,38.05
POSITIONAL BASE MEAN QUALITY,Read1,ReadPos 92 C Average Quality,38.04
POSITIONAL BASE MEAN QUALITY,Read1,ReadPos 93 C Average Quality,38.05
POSITIONAL BASE MEAN QUALITY,Read1,ReadPos 94 C Average Quality,38.00
POSITIONAL BASE MEAN QUALITY,Read1,ReadPos 95 C Average Quality,37.99
POSITIONAL BASE MEAN QUALITY,Read1,ReadPos 96 C Average Quality,37.96
POSITIONAL BASE MEAN QUALITY,Read1,ReadPos 97 C Average Quality,37.96
POSITIONAL BASE MEAN QUALITY,Read1,ReadPos 98 C Average Quality,37.93
POSITIONAL BASE MEAN QUALITY,Read1,ReadPos 99 C Average Quality,37.91
POSITIONAL BASE MEAN QUALITY,Read1,ReadPos 100 C Average Quality,37.89
POSITIONAL BASE MEAN QUALITY,Read1,ReadPos 101 C Average Quality,37.89
POSITIONAL BASE MEAN QUALITY,Read1,ReadPos 102 C Average Quality,37.86
POSITIONAL BASE MEAN QUALITY,Read1,ReadPos 103 C Average Quality,37.83
POSITIONAL BASE MEAN QUALITY,Read1,ReadPos 104 C Average Quality,37.81
POSITIONAL BASE MEAN QUALITY,Read1,ReadPos 105 C Average Quality,37.79
POSITIONAL BASE MEAN QUALITY,Read1,ReadPos 106 C Average Quality,37.79
POSITIONAL BASE MEAN QUALITY,Read1,ReadPos 107 C Average Quality,37.75
POSITIONAL BASE MEAN QUALITY,Read1,ReadPos 108 C Average Quality,37.70
POSITIONAL BASE MEAN QUALITY,Read1,ReadPos 109 C Average Quality,37.66
POSITIONAL BASE MEAN QUALITY,Read1,ReadPos 110 C Average Quality,37.68
POSITIONAL BASE MEAN QUALITY,Read1,ReadPos 111 C Average Quality,37.68
POSITIONAL BASE MEAN QUALITY,Read1,ReadPos 112 C Average Quality,37.67
POSITIONAL BASE MEAN QUALITY,Read1,ReadPos 113 C Average Quality,37.62
POSITIONAL BASE MEAN QUALITY,Read1,ReadPos 114 C Average Quality,37.59
POSITIONAL BASE MEAN QUALITY,Read1,ReadPos 115 C Average Quality,37.57
POSITIONAL BASE MEAN QUALITY,Read1,ReadPos 116 C Average Quality,37.56
POSITIONAL BASE MEAN QUALITY,Read1,ReadPos 117 C Average Quality,37.54
POSITIONAL BASE MEAN QUALITY,Read1,ReadPos 118 C Average Quality,37.48
POSITIONAL BASE MEAN QUALITY,Read1,ReadPos 119 C Average Quality,37.46
POSITIONAL BASE MEAN QUALITY,Read1,ReadPos 120 C Average Quality,37.43
POSITIONAL BASE MEAN QUALITY,Read1,ReadPos 121 C Average Quality,37.41
POSITIONAL BASE MEAN QUALITY,Read1,ReadPos 122 C Average Quality,37.42
POSITIONAL BASE MEAN QUALITY,Read1,ReadPos 123 C Average Quality,37.40
POSITIONAL BASE MEAN QUALITY,Read1,ReadPos 124 C Average Quality,37.36
POSITIONAL BASE MEAN QUALITY,Read1,ReadPos 125 C Average Quality,37.34
POSITIONAL BASE MEAN QUALITY,Read1,ReadPos 126 C Average Quality,37.30
POSITIONAL BASE MEAN QUALITY,Read1,ReadPos 127 C Average Quality,37.27
POSITIONAL BASE MEAN QUALITY,Read1,ReadPos 128 C Average Quality,37.24
POSITIONAL BASE MEAN QUALITY,Read1,ReadPos 129 C Average Quality,37.21
POSITIONAL BASE MEAN QUALITY,Read1,ReadPos 130 C Average Quality,37.20
POSITIONAL BASE MEAN QUALITY,Read1,ReadPos 131 C Average Quality,37.15
POSITIONAL BASE MEAN QUALITY,Read1,ReadPos 132 C Average Quality,37.14
POSITIONAL BASE MEAN QUALITY,Read1,ReadPos 133 C Average Quality,37.09
POSITIONAL BASE MEAN QUALITY,Read1,ReadPos 134 C Average Quality,37.03
POSITIONAL BASE MEAN QUALITY,Read1,ReadPos 135 C Average Quality,37.04
POSITIONAL BASE MEAN QUALITY,Read1,ReadPos 136 C Average Quality,37.02
POSITIONAL BASE MEAN QUALITY,Read1,ReadPos 137 C Average Quality,36.98
POSITIONAL BASE MEAN QUALITY,Read1,ReadPos 138 C Average Quality,36.94
POSITIONAL BASE MEAN QUALITY,Read1,ReadPos 139 C Average Quality,36.94
POSITIONAL BASE MEAN QUALITY,Read1,ReadPos 140 C Average Quality,36.90
POSITIONAL BASE MEAN QUALITY,Read1,ReadPos 141 C Average Quality,36.86
POSITIONAL BASE MEAN QUALITY,Read1,ReadPos 142 C Average Quality,36.82
POSITIONAL BASE MEAN QUALITY,Read1,ReadPos 143 C Average Quality,36.79
POSITIONAL BASE MEAN QUALITY,Read1,ReadPos 144 C Average Quality,36.74
POSITIONAL BASE MEAN QUALITY,Read1,ReadPos 145 C Average Quality,36.69
POSITIONAL BASE MEAN QUALITY,Read1,ReadPos 146 C Average Quality,36.67
POSITIONAL BASE MEAN QUALITY,Read1,ReadPos 147 C Average Quality,36.60
POSITIONAL BASE MEAN QUALITY,Read1,ReadPos 148 C Average Quality,36.57
POSITIONAL BASE MEAN QUALITY,Read1,ReadPos 149 C Average Quality,36.50
POSITIONAL BASE MEAN QUALITY,Read1,ReadPos 150 C Average Quality,36.49
POSITIONAL BASE MEAN QUALITY,Read1,ReadPos 151 C Average Quality,35.66
POSITIONAL BASE MEAN QUALITY,Read1,ReadPos 1 G Average Quality,38.35
POSITIONAL BASE MEAN QUALITY,Read1,ReadPos 2 G Average Quality,39.39
POSITIONAL BASE MEAN QUALITY,Read1,ReadPos 3 G Average Quality,39.36
POSITIONAL BASE MEAN QUALITY,Read1,ReadPos 4 G Average Quality,39.33
POSITIONAL BASE MEAN QUALITY,Read1,ReadPos 5 G Average Quality,39.32
POSITIONAL BASE MEAN QUALITY,Read1,ReadPos 6 G Average Quality,39.14
POSITIONAL BASE MEAN QUALITY,Read1,ReadPos 7 G Average Quality,39.16
POSITIONAL BASE MEAN QUALITY,Read1,ReadPos 8 G Average Quality,39.20
POSITIONAL BASE MEAN QUALITY,Read1,ReadPos 9 G Average Quality,39.23
POSITIONAL BASE MEAN QUALITY,Read1,ReadPos 10 G Average Quality,39.24
POSITIONAL BASE MEAN QUALITY,Read1,ReadPos 11 G Average Quality,39.23
POSITIONAL BASE MEAN QUALITY,Read1,ReadPos 12 G Average Quality,39.21
POSITIONAL BASE MEAN QUALITY,Read1,ReadPos 13 G Average Quality,39.24
POSITIONAL BASE MEAN QUALITY,Read1,ReadPos 14 G Average Quality,39.22
POSITIONAL BASE MEAN QUALITY,Read1,ReadPos 15 G Average Quality,39.24
POSITIONAL BASE MEAN QUALITY,Read1,ReadPos 16 G Average Quality,39.47
POSITIONAL BASE MEAN QUALITY,Read1,ReadPos 17 G Average Quality,39.46
POSITIONAL BASE MEAN QUALITY,Read1,ReadPos 18 G Average Quality,39.48
POSITIONAL BASE MEAN QUALITY,Read1,ReadPos 19 G Average Quality,39.48
POSITIONAL BASE MEAN QUALITY,Read1,ReadPos 20 G Average Quality,39.48
POSITIONAL BASE MEAN QUALITY,Read1,ReadPos 21 G Average Quality,39.48
POSITIONAL BASE MEAN QUALITY,Read1,ReadPos 22 G Average Quality,39.48
POSITIONAL BASE MEAN QUALITY,Read1,ReadPos 23 G Average Quality,39.48
POSITIONAL BASE MEAN QUALITY,Read1,ReadPos 24 G Average Quality,39.47
POSITIONAL BASE MEAN QUALITY,Read1,ReadPos 25 G Average Quality,39.48
POSITIONAL BASE MEAN QUALITY,Read1,ReadPos 26 G Average Quality,39.17
POSITIONAL BASE MEAN QUALITY,Read1,ReadPos 27 G Average Quality,39.18
POSITIONAL BASE MEAN QUALITY,Read1,ReadPos 28 G Average Quality,39.18
POSITIONAL BASE MEAN QUALITY,Read1,ReadPos 29 G Average Quality,39.18
POSITIONAL BASE MEAN QUALITY,Read1,ReadPos 30 G Average Quality,39.19
POSITIONAL BASE MEAN QUALITY,Read1,ReadPos 31 G Average Quality,39.18
POSITIONAL BASE MEAN QUALITY,Read1,ReadPos 32 G Average Quality,39.17
POSITIONAL BASE MEAN QUALITY,Read1,ReadPos 33 G Average Quality,39.15
POSITIONAL BASE MEAN QUALITY,Read1,ReadPos 34 G Average Quality,39.17
POSITIONAL BASE MEAN QUALITY,Read1,ReadPos 35 G Average Quality,39.17
POSITIONAL BASE MEAN QUALITY,Read1,ReadPos 36 G Average Quality,39.18
POSITIONAL BASE MEAN QUALITY,Read1,ReadPos 37 G Average Quality,39.18
POSITIONAL BASE MEAN QUALITY,Read1,ReadPos 38 G Average Quality,39.19
POSITIONAL BASE MEAN QUALITY,Read1,ReadPos 39 G Average Quality,39.19
POSITIONAL BASE MEAN QUALITY,Read1,ReadPos 40 G Average Quality,39.19
POSITIONAL BASE MEAN QUALITY,Read1,ReadPos 41 G Average Quality,39.18
POSITIONAL BASE MEAN QUALITY,Read1,ReadPos 42 G Average Quality,39.19
POSITIONAL BASE MEAN QUALITY,Read1,ReadPos 43 G Average Quality,39.18
POSITIONAL BASE MEAN QUALITY,Read1,ReadPos 44 G Average Quality,39.17
POSITIONAL BASE MEAN QUALITY,Read1,ReadPos 45 G Average Quality,39.16
POSITIONAL BASE MEAN QUALITY,Read1,ReadPos 46 G Average Quality,39.16
POSITIONAL BASE MEAN QUALITY,Read1,ReadPos 47 G Average Quality,39.17
POSITIONAL BASE MEAN QUALITY,Read1,ReadPos 48 G Average Quality,39.15
POSITIONAL BASE MEAN QUALITY,Read1,ReadPos 49 G Average Quality,39.15
POSITIONAL BASE MEAN QUALITY,Read1,ReadPos 50 G Average Quality,39.15
POSITIONAL BASE MEAN QUALITY,Read1,ReadPos 51 G Average Quality,39.15
POSITIONAL BASE MEAN QUALITY,Read1,ReadPos 52 G Average Quality,39.14
POSITIONAL BASE MEAN QUALITY,Read1,ReadPos 53 G Average Quality,39.14
POSITIONAL BASE MEAN QUALITY,Read1,ReadPos 54 G Average Quality,39.13
POSITIONAL BASE MEAN QUALITY,Read1,ReadPos 55 G Average Quality,39.11
POSITIONAL BASE MEAN QUALITY,Read1,ReadPos 56 G Average Quality,39.12
POSITIONAL BASE MEAN QUALITY,Read1,ReadPos 57 G Average Quality,39.12
POSITIONAL BASE MEAN QUALITY,Read1,ReadPos 58 G Average Quality,39.10
POSITIONAL BASE MEAN QUALITY,Read1,ReadPos 59 G Average Quality,39.09
POSITIONAL BASE MEAN QUALITY,Read1,ReadPos 60 G Average Quality,39.08
POSITIONAL BASE MEAN QUALITY,Read1,ReadPos 61 G Average Quality,39.08
POSITIONAL BASE MEAN QUALITY,Read1,ReadPos 62 G Average Quality,39.07
POSITIONAL BASE MEAN QUALITY,Read1,ReadPos 63 G Average Quality,39.06
POSITIONAL BASE MEAN QUALITY,Read1,ReadPos 64 G Average Quality,39.06
POSITIONAL BASE MEAN QUALITY,Read1,ReadPos 65 G Average Quality,39.04
POSITIONAL BASE MEAN QUALITY,Read1,ReadPos 66 G Average Quality,39.04
POSITIONAL BASE MEAN QUALITY,Read1,ReadPos 67 G Average Quality,39.02
POSITIONAL BASE MEAN QUALITY,Read1,ReadPos 68 G Average Quality,39.02
POSITIONAL BASE MEAN QUALITY,Read1,ReadPos 69 G Average Quality,39.02
POSITIONAL BASE MEAN QUALITY,Read1,ReadPos 70 G Average Quality,39.00
POSITIONAL BASE MEAN QUALITY,Read1,ReadPos 71 G Average Quality,38.99
POSITIONAL BASE MEAN QUALITY,Read1,ReadPos 72 G Average Quality,38.99
POSITIONAL BASE MEAN QUALITY,Read1,ReadPos 73 G Average Quality,38.97
POSITIONAL BASE MEAN QUALITY,Read1,ReadPos 74 G Average Quality,38.95
POSITIONAL BASE MEAN QUALITY,Read1,ReadPos 75 G Average Quality,38.94
POSITIONAL BASE MEAN QUALITY,Read1,ReadPos 76 G Average Quality,38.95
POSITIONAL BASE MEAN QUALITY,Read1,ReadPos 77 G Average Quality,38.95
POSITIONAL BASE MEAN QUALITY,Read1,ReadPos 78 G Average Quality,38.92
POSITIONAL BASE MEAN QUALITY,Read1,ReadPos 79 G Average Quality,38.91
POSITIONAL BASE MEAN QUALITY,Read1,ReadPos 80 G Average Quality,38.91
POSITIONAL BASE MEAN QUALITY,Read1,ReadPos 81 G Average Quality,38.89
POSITIONAL BASE MEAN QUALITY,Read1,ReadPos 82 G Average Quality,38.88
POSITIONAL BASE MEAN QUALITY,Read1,ReadPos 83 G Average Quality,38.88
POSITIONAL BASE MEAN QUALITY,Read1,ReadPos 84 G Average Quality,38.86
POSITIONAL BASE MEAN QUALITY,Read1,ReadPos 85 G Average Quality,38.85
POSITIONAL BASE MEAN QUALITY,Read1,ReadPos 86 G Average Quality,38.85
POSITIONAL BASE MEAN QUALITY,Read1,ReadPos 87 G Average Quality,38.84
POSITIONAL BASE MEAN QUALITY,Read1,ReadPos 88 G Average Quality,38.83
POSITIONAL BASE MEAN QUALITY,Read1,ReadPos 89 G Average Quality,38.81
POSITIONAL BASE MEAN QUALITY,Read1,ReadPos 90 G Average Quality,38.81
POSITIONAL BASE MEAN QUALITY,Read1,ReadPos 91 G Average Quality,38.78
POSITIONAL BASE MEAN QUALITY,Read1,ReadPos 92 G Average Quality,38.78
POSITIONAL BASE MEAN QUALITY,Read1,ReadPos 93 G Average Quality,38.77
POSITIONAL BASE MEAN QUALITY,Read1,ReadPos 94 G Average Quality,38.76
POSITIONAL BASE MEAN QUALITY,Read1,ReadPos 95 G Average Quality,38.75
POSITIONAL BASE MEAN QUALITY,Read1,ReadPos 96 G Average Quality,38.73
POSITIONAL BASE MEAN QUALITY,Read1,ReadPos 97 G Average Quality,38.73
POSITIONAL BASE MEAN QUALITY,Read1,ReadPos 98 G Average Quality,38.71
POSITIONAL BASE MEAN QUALITY,Read1,ReadPos 99 G Average Quality,38.70
POSITIONAL BASE MEAN QUALITY,Read1,ReadPos 100 G Average Quality,38.69
POSITIONAL BASE MEAN QUALITY,Read1,ReadPos 101 G Average Quality,38.68
POSITIONAL BASE MEAN QUALITY,Read1,ReadPos 102 G Average Quality,38.67
POSITIONAL BASE MEAN QUALITY,Read1,ReadPos 103 G Average Quality,38.65
POSITIONAL BASE MEAN QUALITY,Read1,ReadPos 104 G Average Quality,38.64
POSITIONAL BASE MEAN QUALITY,Read1,ReadPos 105 G Average Quality,38.61
POSITIONAL BASE MEAN QUALITY,Read1,ReadPos 106 G Average Quality,38.61
POSITIONAL BASE MEAN QUALITY,Read1,ReadPos 107 G Average Quality,38.59
POSITIONAL BASE MEAN QUALITY,Read1,ReadPos 108 G Average Quality,38.56
POSITIONAL BASE MEAN QUALITY,Read1,ReadPos 109 G Average Quality,38.54
POSITIONAL BASE MEAN QUALITY,Read1,ReadPos 110 G Average Quality,38.54
POSITIONAL BASE MEAN QUALITY,Read1,ReadPos 111 G Average Quality,38.54
POSITIONAL BASE MEAN QUALITY,Read1,ReadPos 112 G Average Quality,38.53
POSITIONAL BASE MEAN QUALITY,Read1,ReadPos 113 G Average Quality,38.50
POSITIONAL BASE MEAN QUALITY,Read1,ReadPos 114 G Average Quality,38.48
POSITIONAL BASE MEAN QUALITY,Read1,ReadPos 115 G Average Quality,38.45
POSITIONAL BASE MEAN QUALITY,Read1,ReadPos 116 G Average Quality,38.45
POSITIONAL BASE MEAN QUALITY,Read1,ReadPos 117 G Average Quality,38.44
POSITIONAL BASE MEAN QUALITY,Read1,ReadPos 118 G Average Quality,38.41
POSITIONAL BASE MEAN QUALITY,Read1,ReadPos 119 G Average Quality,38.40
POSITIONAL BASE MEAN QUALITY,Read1,ReadPos 120 G Average Quality,38.36
POSITIONAL BASE MEAN QUALITY,Read1,ReadPos 121 G Average Quality,38.35
POSITIONAL BASE MEAN QUALITY,Read1,ReadPos 122 G Average Quality,38.34
POSITIONAL BASE MEAN QUALITY,Read1,ReadPos 123 G Average Quality,38.33
POSITIONAL BASE MEAN QUALITY,Read1,ReadPos 124 G Average Quality,38.30
POSITIONAL BASE MEAN QUALITY,Read1,ReadPos 125 G Average Quality,38.28
POSITIONAL BASE MEAN QUALITY,Read1,ReadPos 126 G Average Quality,38.26
POSITIONAL BASE MEAN QUALITY,Read1,ReadPos 127 G Average Quality,38.23
POSITIONAL BASE MEAN QUALITY,Read1,ReadPos 128 G Average Quality,38.21
POSITIONAL BASE MEAN QUALITY,Read1,ReadPos 129 G Average Quality,38.20
POSITIONAL BASE MEAN QUALITY,Read1,ReadPos 130 G Average Quality,38.18
POSITIONAL BASE MEAN QUALITY,Read1,ReadPos 131 G Average Quality,38.15
POSITIONAL BASE MEAN QUALITY,Read1,ReadPos 132 G Average Quality,38.13
POSITIONAL BASE MEAN QUALITY,Read1,ReadPos 133 G Average Quality,38.09
POSITIONAL BASE MEAN QUALITY,Read1,ReadPos 134 G Average Quality,38.06
POSITIONAL BASE MEAN QUALITY,Read1,ReadPos 135 G Average Quality,38.05
POSITIONAL BASE MEAN QUALITY,Read1,ReadPos 136 G Average Quality,38.02
POSITIONAL BASE MEAN QUALITY,Read1,ReadPos 137 G Average Quality,37.99
POSITIONAL BASE MEAN QUALITY,Read1,ReadPos 138 G Average Quality,37.96
POSITIONAL BASE MEAN QUALITY,Read1,ReadPos 139 G Average Quality,37.97
POSITIONAL BASE MEAN QUALITY,Read1,ReadPos 140 G Average Quality,37.92
POSITIONAL BASE MEAN QUALITY,Read1,ReadPos 141 G Average Quality,37.89
POSITIONAL BASE MEAN QUALITY,Read1,ReadPos 142 G Average Quality,37.86
POSITIONAL BASE MEAN QUALITY,Read1,ReadPos 143 G Average Quality,37.84
POSITIONAL BASE MEAN QUALITY,Read1,ReadPos 144 G Average Quality,37.81
POSITIONAL BASE MEAN QUALITY,Read1,ReadPos 145 G Average Quality,37.75
POSITIONAL BASE MEAN QUALITY,Read1,ReadPos 146 G Average Quality,37.73
POSITIONAL BASE MEAN QUALITY,Read1,ReadPos 147 G Average Quality,37.68
POSITIONAL BASE MEAN QUALITY,Read1,ReadPos 148 G Average Quality,37.66
POSITIONAL BASE MEAN QUALITY,Read1,ReadPos 149 G Average Quality,37.62
POSITIONAL BASE MEAN QUALITY,Read1,ReadPos 150 G Average Quality,37.59
POSITIONAL BASE MEAN QUALITY,Read1,ReadPos 151 G Average Quality,37.24
POSITIONAL BASE MEAN QUALITY,Read1,ReadPos 1 T Average Quality,39.08
POSITIONAL BASE MEAN QUALITY,Read1,ReadPos 2 T Average Quality,39.13
POSITIONAL BASE MEAN QUALITY,Read1,ReadPos 3 T Average Quality,39.27
POSITIONAL BASE MEAN QUALITY,Read1,ReadPos 4 T Average Quality,39.12
POSITIONAL BASE MEAN QUALITY,Read1,ReadPos 5 T Average Quality,39.19
POSITIONAL BASE MEAN QUALITY,Read1,ReadPos 6 T Average Quality,39.31
POSITIONAL BASE MEAN QUALITY,Read1,ReadPos 7 T Average Quality,39.22
POSITIONAL BASE MEAN QUALITY,Read1,ReadPos 8 T Average Quality,39.25
POSITIONAL BASE MEAN QUALITY,Read1,ReadPos 9 T Average Quality,39.26
POSITIONAL BASE MEAN QUALITY,Read1,ReadPos 10 T Average Quality,39.19
POSITIONAL BASE MEAN QUALITY,Read1,ReadPos 11 T Average Quality,39.33
POSITIONAL BASE MEAN QUALITY,Read1,ReadPos 12 T Average Quality,39.23
POSITIONAL BASE MEAN QUALITY,Read1,ReadPos 13 T Average Quality,39.30
POSITIONAL BASE MEAN QUALITY,Read1,ReadPos 14 T Average Quality,39.26
POSITIONAL BASE MEAN QUALITY,Read1,ReadPos 15 T Average Quality,39.30
POSITIONAL BASE MEAN QUALITY,Read1,ReadPos 16 T Average Quality,39.53
POSITIONAL BASE MEAN QUALITY,Read1,ReadPos 17 T Average Quality,39.53
POSITIONAL BASE MEAN QUALITY,Read1,ReadPos 18 T Average Quality,39.54
POSITIONAL BASE MEAN QUALITY,Read1,ReadPos 19 T Average Quality,39.54
POSITIONAL BASE MEAN QUALITY,Read1,ReadPos 20 T Average Quality,39.55
POSITIONAL BASE MEAN QUALITY,Read1,ReadPos 21 T Average Quality,39.55
POSITIONAL BASE MEAN QUALITY,Read1,ReadPos 22 T Average Quality,39.54
POSITIONAL BASE MEAN QUALITY,Read1,ReadPos 23 T Average Quality,39.56
POSITIONAL BASE MEAN QUALITY,Read1,ReadPos 24 T Average Quality,39.55
POSITIONAL BASE MEAN QUALITY,Read1,ReadPos 25 T Average Quality,39.55
POSITIONAL BASE MEAN QUALITY,Read1,ReadPos 26 T Average Quality,39.23
POSITIONAL BASE MEAN QUALITY,Read1,ReadPos 27 T Average Quality,39.25
POSITIONAL BASE MEAN QUALITY,Read1,ReadPos 28 T Average Quality,39.25
POSITIONAL BASE MEAN QUALITY,Read1,ReadPos 29 T Average Quality,39.25
POSITIONAL BASE MEAN QUALITY,Read1,ReadPos 30 T Average Quality,39.26
POSITIONAL BASE MEAN QUALITY,Read1,ReadPos 31 T Average Quality,39.26
POSITIONAL BASE MEAN QUALITY,Read1,ReadPos 32 T Average Quality,39.24
POSITIONAL BASE MEAN QUALITY,Read1,ReadPos 33 T Average Quality,39.25
POSITIONAL BASE MEAN QUALITY,Read1,ReadPos 34 T Average Quality,39.24
POSITIONAL BASE MEAN QUALITY,Read1,ReadPos 35 T Average Quality,39.24
POSITIONAL BASE MEAN QUALITY,Read1,ReadPos 36 T Average Quality,39.28
POSITIONAL BASE MEAN QUALITY,Read1,ReadPos 37 T Average Quality,39.28
POSITIONAL BASE MEAN QUALITY,Read1,ReadPos 38 T Average Quality,39.29
POSITIONAL BASE MEAN QUALITY,Read1,ReadPos 39 T Average Quality,39.28
POSITIONAL BASE MEAN QUALITY,Read1,ReadPos 40 T Average Quality,39.28
POSITIONAL BASE MEAN QUALITY,Read1,ReadPos 41 T Average Quality,39.29
POSITIONAL BASE MEAN QUALITY,Read1,ReadPos 42 T Average Quality,39.28
POSITIONAL BASE MEAN QUALITY,Read1,ReadPos 43 T Average Quality,39.28
POSITIONAL BASE MEAN QUALITY,Read1,ReadPos 44 T Average Quality,39.27
POSITIONAL BASE MEAN QUALITY,Read1,ReadPos 45 T Average Quality,39.27
POSITIONAL BASE MEAN QUALITY,Read1,ReadPos 46 T Average Quality,39.27
POSITIONAL BASE MEAN QUALITY,Read1,ReadPos 47 T Average Quality,39.27
POSITIONAL BASE MEAN QUALITY,Read1,ReadPos 48 T Average Quality,39.26
POSITIONAL BASE MEAN QUALITY,Read1,ReadPos 49 T Average Quality,39.26
POSITIONAL BASE MEAN QUALITY,Read1,ReadPos 50 T Average Quality,39.26
POSITIONAL BASE MEAN QUALITY,Read1,ReadPos 51 T Average Quality,39.26
POSITIONAL BASE MEAN QUALITY,Read1,ReadPos 52 T Average Quality,39.25
POSITIONAL BASE MEAN QUALITY,Read1,ReadPos 53 T Average Quality,39.25
POSITIONAL BASE MEAN QUALITY,Read1,ReadPos 54 T Average Quality,39.24
POSITIONAL BASE MEAN QUALITY,Read1,ReadPos 55 T Average Quality,39.23
POSITIONAL BASE MEAN QUALITY,Read1,ReadPos 56 T Average Quality,39.23
POSITIONAL BASE MEAN QUALITY,Read1,ReadPos 57 T Average Quality,39.23
POSITIONAL BASE MEAN QUALITY,Read1,ReadPos 58 T Average Quality,39.21
POSITIONAL BASE MEAN QUALITY,Read1,ReadPos 59 T Average Quality,39.21
POSITIONAL BASE MEAN QUALITY,Read1,ReadPos 60 T Average Quality,39.20
POSITIONAL BASE MEAN QUALITY,Read1,ReadPos 61 T Average Quality,39.20
POSITIONAL BASE MEAN QUALITY,Read1,ReadPos 62 T Average Quality,39.19
POSITIONAL BASE MEAN QUALITY,Read1,ReadPos 63 T Average Quality,39.18
POSITIONAL BASE MEAN QUALITY,Read1,ReadPos 64 T Average Quality,39.18
POSITIONAL BASE MEAN QUALITY,Read1,ReadPos 65 T Average Quality,39.16
POSITIONAL BASE MEAN QUALITY,Read1,ReadPos 66 T Average Quality,39.16
POSITIONAL BASE MEAN QUALITY,Read1,ReadPos 67 T Average Quality,39.14
POSITIONAL BASE MEAN QUALITY,Read1,ReadPos 68 T Average Quality,39.15
POSITIONAL BASE MEAN QUALITY,Read1,ReadPos 69 T Average Quality,39.14
POSITIONAL BASE MEAN QUALITY,Read1,ReadPos 70 T Average Quality,39.13
POSITIONAL BASE MEAN QUALITY,Read1,ReadPos 71 T Average Quality,39.12
POSITIONAL BASE MEAN QUALITY,Read1,ReadPos 72 T Average Quality,39.11
POSITIONAL BASE MEAN QUALITY,Read1,ReadPos 73 T Average Quality,39.10
POSITIONAL BASE MEAN QUALITY,Read1,ReadPos 74 T Average Quality,39.09
POSITIONAL BASE MEAN QUALITY,Read1,ReadPos 75 T Average Quality,39.08
POSITIONAL BASE MEAN QUALITY,Read1,ReadPos 76 T Average Quality,39.08
POSITIONAL BASE MEAN QUALITY,Read1,ReadPos 77 T Average Quality,39.06
POSITIONAL BASE MEAN QUALITY,Read1,ReadPos 78 T Average Quality,39.05
POSITIONAL BASE MEAN QUALITY,Read1,ReadPos 79 T Average Quality,39.04
POSITIONAL BASE MEAN QUALITY,Read1,ReadPos 80 T Average Quality,39.04
POSITIONAL BASE MEAN QUALITY,Read1,ReadPos 81 T Average Quality,39.03
POSITIONAL BASE MEAN QUALITY,Read1,ReadPos 82 T Average Quality,39.00
POSITIONAL BASE MEAN QUALITY,Read1,ReadPos 83 T Average Quality,39.01
POSITIONAL BASE MEAN QUALITY,Read1,ReadPos 84 T Average Quality,38.99
POSITIONAL BASE MEAN QUALITY,Read1,ReadPos 85 T Average Quality,38.99
POSITIONAL BASE MEAN QUALITY,Read1,ReadPos 86 T Average Quality,38.98
POSITIONAL BASE MEAN QUALITY,Read1,ReadPos 87 T Average Quality,38.96
POSITIONAL BASE MEAN QUALITY,Read1,ReadPos 88 T Average Quality,38.96
POSITIONAL BASE MEAN QUALITY,Read1,ReadPos 89 T Average Quality,38.94
POSITIONAL BASE MEAN QUALITY,Read1,ReadPos 90 T Average Quality,38.94
POSITIONAL BASE MEAN QUALITY,Read1,ReadPos 91 T Average Quality,38.92
POSITIONAL BASE MEAN QUALITY,Read1,ReadPos 92 T Average Quality,38.90
POSITIONAL BASE MEAN QUALITY,Read1,ReadPos 93 T Average Quality,38.90
POSITIONAL BASE MEAN QUALITY,Read1,ReadPos 94 T Average Quality,38.89
POSITIONAL BASE MEAN QUALITY,Read1,ReadPos 95 T Average Quality,38.88
POSITIONAL BASE MEAN QUALITY,Read1,ReadPos 96 T Average Quality,38.86
POSITIONAL BASE MEAN QUALITY,Read1,ReadPos 97 T Average Quality,38.85
POSITIONAL BASE MEAN QUALITY,Read1,ReadPos 98 T Average Quality,38.84
POSITIONAL BASE MEAN QUALITY,Read1,ReadPos 99 T Average Quality,38.83
POSITIONAL BASE MEAN QUALITY,Read1,ReadPos 100 T Average Quality,38.82
POSITIONAL BASE MEAN QUALITY,Read1,ReadPos 101 T Average Quality,38.81
POSITIONAL BASE MEAN QUALITY,Read1,ReadPos 102 T Average Quality,38.79
POSITIONAL BASE MEAN QUALITY,Read1,ReadPos 103 T Average Quality,38.77
POSITIONAL BASE MEAN QUALITY,Read1,ReadPos 104 T Average Quality,38.77
POSITIONAL BASE MEAN QUALITY,Read1,ReadPos 105 T Average Quality,38.75
POSITIONAL BASE MEAN QUALITY,Read1,ReadPos 106 T Average Quality,38.75
POSITIONAL BASE MEAN QUALITY,Read1,ReadPos 107 T Average Quality,38.72
POSITIONAL BASE MEAN QUALITY,Read1,ReadPos 108 T Average Quality,38.69
POSITIONAL BASE MEAN QUALITY,Read1,ReadPos 109 T Average Quality,38.68
POSITIONAL BASE MEAN QUALITY,Read1,ReadPos 110 T Average Quality,38.68
POSITIONAL BASE MEAN QUALITY,Read1,ReadPos 111 T Average Quality,38.68
POSITIONAL BASE MEAN QUALITY,Read1,ReadPos 112 T Average Quality,38.66
POSITIONAL BASE MEAN QUALITY,Read1,ReadPos 113 T Average Quality,38.64
POSITIONAL BASE MEAN QUALITY,Read1,ReadPos 114 T Average Quality,38.62
POSITIONAL BASE MEAN QUALITY,Read1,ReadPos 115 T Average Quality,38.61
POSITIONAL BASE MEAN QUALITY,Read1,ReadPos 116 T Average Quality,38.60
POSITIONAL BASE MEAN QUALITY,Read1,ReadPos 117 T Average Quality,38.58
POSITIONAL BASE MEAN QUALITY,Read1,ReadPos 118 T Average Quality,38.55
POSITIONAL BASE MEAN QUALITY,Read1,ReadPos 119 T Average Quality,38.54
POSITIONAL BASE MEAN QUALITY,Read1,ReadPos 120 T Average Quality,38.52
POSITIONAL BASE MEAN QUALITY,Read1,ReadPos 121 T Average Quality,38.51
POSITIONAL BASE MEAN QUALITY,Read1,ReadPos 122 T Average Quality,38.49
POSITIONAL BASE MEAN QUALITY,Read1,ReadPos 123 T Average Quality,38.48
POSITIONAL BASE MEAN QUALITY,Read1,ReadPos 124 T Average Quality,38.46
POSITIONAL BASE MEAN QUALITY,Read1,ReadPos 125 T Average Quality,38.45
POSITIONAL BASE MEAN QUALITY,Read1,ReadPos 126 T Average Quality,38.43
POSITIONAL BASE MEAN QUALITY,Read1,ReadPos 127 T Average Quality,38.40
POSITIONAL BASE MEAN QUALITY,Read1,ReadPos 128 T Average Quality,38.38
POSITIONAL BASE MEAN QUALITY,Read1,ReadPos 129 T Average Quality,38.38
POSITIONAL BASE MEAN QUALITY,Read1,ReadPos 130 T Average Quality,38.36
POSITIONAL BASE MEAN QUALITY,Read1,ReadPos 131 T Average Quality,38.33
POSITIONAL BASE MEAN QUALITY,Read1,ReadPos 132 T Average Quality,38.30
POSITIONAL BASE MEAN QUALITY,Read1,ReadPos 133 T Average Quality,38.28
POSITIONAL BASE MEAN QUALITY,Read1,ReadPos 134 T Average Quality,38.25
POSITIONAL BASE MEAN QUALITY,Read1,ReadPos 135 T Average Quality,38.25
POSITIONAL BASE MEAN QUALITY,Read1,ReadPos 136 T Average Quality,38.23
POSITIONAL BASE MEAN QUALITY,Read1,ReadPos 137 T Average Quality,38.19
POSITIONAL BASE MEAN QUALITY,Read1,ReadPos 138 T Average Quality,38.17
POSITIONAL BASE MEAN QUALITY,Read1,ReadPos 139 T Average Quality,38.18
POSITIONAL BASE MEAN QUALITY,Read1,ReadPos 140 T Average Quality,38.15
POSITIONAL BASE MEAN QUALITY,Read1,ReadPos 141 T Average Quality,38.12
POSITIONAL BASE MEAN QUALITY,Read1,ReadPos 142 T Average Quality,38.06
POSITIONAL BASE MEAN QUALITY,Read1,ReadPos 143 T Average Quality,38.05
POSITIONAL BASE MEAN QUALITY,Read1,ReadPos 144 T Average Quality,38.04
POSITIONAL BASE MEAN QUALITY,Read1,ReadPos 145 T Average Quality,38.00
POSITIONAL BASE MEAN QUALITY,Read1,ReadPos 146 T Average Quality,37.98
POSITIONAL BASE MEAN QUALITY,Read1,ReadPos 147 T Average Quality,37.92
POSITIONAL BASE MEAN QUALITY,Read1,ReadPos 148 T Average Quality,37.89
POSITIONAL BASE MEAN QUALITY,Read1,ReadPos 149 T Average Quality,37.87
POSITIONAL BASE MEAN QUALITY,Read1,ReadPos 150 T Average Quality,37.86
POSITIONAL BASE MEAN QUALITY,Read1,ReadPos 151 T Average Quality,37.31
POSITIONAL BASE CONTENT,Read1,ReadPos 1 A Bases,578748635
POSITIONAL BASE CONTENT,Read1,ReadPos 2 A Bases,607842210
POSITIONAL BASE CONTENT,Read1,ReadPos 3 A Bases,698363282
POSITIONAL BASE CONTENT,Read1,ReadPos 4 A Bases,453612336
POSITIONAL BASE CONTENT,Read1,ReadPos 5 A Bases,1102092248
POSITIONAL BASE CONTENT,Read1,ReadPos 6 A Bases,1156634616
POSITIONAL BASE CONTENT,Read1,ReadPos 7 A Bases,925379330
POSITIONAL BASE CONTENT,Read1,ReadPos 8 A Bases,1055824746
POSITIONAL BASE CONTENT,Read1,ReadPos 9 A Bases,389397158
POSITIONAL BASE CONTENT,Read1,ReadPos 10 A Bases,878390549
POSITIONAL BASE CONTENT,Read1,ReadPos 11 A Bases,664650839
POSITIONAL BASE CONTENT,Read1,ReadPos 12 A Bases,754620910
POSITIONAL BASE CONTENT,Read1,ReadPos 13 A Bases,649997311
POSITIONAL BASE CONTENT,Read1,ReadPos 14 A Bases,656283832
POSITIONAL BASE CONTENT,Read1,ReadPos 15 A Bases,930887812
POSITIONAL BASE CONTENT,Read1,ReadPos 16 A Bases,930727282
POSITIONAL BASE CONTENT,Read1,ReadPos 17 A Bases,889029580
POSITIONAL BASE CONTENT,Read1,ReadPos 18 A Bases,886013905
POSITIONAL BASE CONTENT,Read1,ReadPos 19 A Bases,863029561
POSITIONAL BASE CONTENT,Read1,ReadPos 20 A Bases,864534697
POSITIONAL BASE CONTENT,Read1,ReadPos 21 A Bases,857799576
POSITIONAL BASE CONTENT,Read1,ReadPos 22 A Bases,855717163
POSITIONAL BASE CONTENT,Read1,ReadPos 23 A Bases,854575991
POSITIONAL BASE CONTENT,Read1,ReadPos 24 A Bases,848763347
POSITIONAL BASE CONTENT,Read1,ReadPos 25 A Bases,851283724
POSITIONAL BASE CONTENT,Read1,ReadPos 26 A Bases,855974984
POSITIONAL BASE CONTENT,Read1,ReadPos 27 A Bases,849517177
POSITIONAL BASE CONTENT,Read1,ReadPos 28 A Bases,850003516
POSITIONAL BASE CONTENT,Read1,ReadPos 29 A Bases,855590319
POSITIONAL BASE CONTENT,Read1,ReadPos 30 A Bases,862652767
POSITIONAL BASE CONTENT,Read1,ReadPos 31 A Bases,876293203
POSITIONAL BASE CONTENT,Read1,ReadPos 32 A Bases,864133738
POSITIONAL BASE CONTENT,Read1,ReadPos 33 A Bases,854766816
POSITIONAL BASE CONTENT,Read1,ReadPos 34 A Bases,842629327
POSITIONAL BASE CONTENT,Read1,ReadPos 35 A Bases,846913262
POSITIONAL BASE CONTENT,Read1,ReadPos 36 A Bases,880721297
POSITIONAL BASE CONTENT,Read1,ReadPos 37 A Bases,865610980
POSITIONAL BASE CONTENT,Read1,ReadPos 38 A Bases,881757619
POSITIONAL BASE CONTENT,Read1,ReadPos 39 A Bases,863814431
POSITIONAL BASE CONTENT,Read1,ReadPos 40 A Bases,862645628
POSITIONAL BASE CONTENT,Read1,ReadPos 41 A Bases,860188649
POSITIONAL BASE CONTENT,Read1,ReadPos 42 A Bases,864653056
POSITIONAL BASE CONTENT,Read1,ReadPos 43 A Bases,856174702
POSITIONAL BASE CONTENT,Read1,ReadPos 44 A Bases,851709339
POSITIONAL BASE CONTENT,Read1,ReadPos 45 A Bases,859966218
POSITIONAL BASE CONTENT,Read1,ReadPos 46 A Bases,877334580
POSITIONAL BASE CONTENT,Read1,ReadPos 47 A Bases,872995986
POSITIONAL BASE CONTENT,Read1,ReadPos 48 A Bases,867264950
POSITIONAL BASE CONTENT,Read1,ReadPos 49 A Bases,859864819
POSITIONAL BASE CONTENT,Read1,ReadPos 50 A Bases,864959877
POSITIONAL BASE CONTENT,Read1,ReadPos 51 A Bases,858155901
POSITIONAL BASE CONTENT,Read1,ReadPos 52 A Bases,864921785
POSITIONAL BASE CONTENT,Read1,ReadPos 53 A Bases,857120571
POSITIONAL BASE CONTENT,Read1,ReadPos 54 A Bases,869732267
POSITIONAL BASE CONTENT,Read1,ReadPos 55 A Bases,868040278
POSITIONAL BASE CONTENT,Read1,ReadPos 56 A Bases,865882969
POSITIONAL BASE CONTENT,Read1,ReadPos 57 A Bases,856223667
POSITIONAL BASE CONTENT,Read1,ReadPos 58 A Bases,849343829
POSITIONAL BASE CONTENT,Read1,ReadPos 59 A Bases,847889653
POSITIONAL BASE CONTENT,Read1,ReadPos 60 A Bases,855200741
POSITIONAL BASE CONTENT,Read1,ReadPos 61 A Bases,868503228
POSITIONAL BASE CONTENT,Read1,ReadPos 62 A Bases,865969992
POSITIONAL BASE CONTENT,Read1,ReadPos 63 A Bases,863832610
POSITIONAL BASE CONTENT,Read1,ReadPos 64 A Bases,850541303
POSITIONAL BASE CONTENT,Read1,ReadPos 65 A Bases,845380809
POSITIONAL BASE CONTENT,Read1,ReadPos 66 A Bases,851939462
POSITIONAL BASE CONTENT,Read1,ReadPos 67 A Bases,855544697
POSITIONAL BASE CONTENT,Read1,ReadPos 68 A Bases,863342438
POSITIONAL BASE CONTENT,Read1,ReadPos 69 A Bases,848966876
POSITIONAL BASE CONTENT,Read1,ReadPos 70 A Bases,848315216
POSITIONAL BASE CONTENT,Read1,ReadPos 71 A Bases,851732457
POSITIONAL BASE CONTENT,Read1,ReadPos 72 A Bases,858135963
POSITIONAL BASE CONTENT,Read1,ReadPos 73 A Bases,859680668
POSITIONAL BASE CONTENT,Read1,ReadPos 74 A Bases,852289887
POSITIONAL BASE CONTENT,Read1,ReadPos 75 A Bases,852179361
POSITIONAL BASE CONTENT,Read1,ReadPos 76 A Bases,865930572
POSITIONAL BASE CONTENT,Read1,ReadPos 77 A Bases,860014786
POSITIONAL BASE CONTENT,Read1,ReadPos 78 A Bases,866088081
POSITIONAL BASE CONTENT,Read1,ReadPos 79 A Bases,851016941
POSITIONAL BASE CONTENT,Read1,ReadPos 80 A Bases,844513213
POSITIONAL BASE CONTENT,Read1,ReadPos 81 A Bases,850009839
POSITIONAL BASE CONTENT,Read1,ReadPos 82 A Bases,854271235
POSITIONAL BASE CONTENT,Read1,ReadPos 83 A Bases,856729249
POSITIONAL BASE CONTENT,Read1,ReadPos 84 A Bases,848638872
POSITIONAL BASE CONTENT,Read1,ReadPos 85 A Bases,845633027
POSITIONAL BASE CONTENT,Read1,ReadPos 86 A Bases,859587352
POSITIONAL BASE CONTENT,Read1,ReadPos 87 A Bases,860903574
POSITIONAL BASE CONTENT,Read1,ReadPos 88 A Bases,854518782
POSITIONAL BASE CONTENT,Read1,ReadPos 89 A Bases,841035478
POSITIONAL BASE CONTENT,Read1,ReadPos 90 A Bases,842405986
POSITIONAL BASE CONTENT,Read1,ReadPos 91 A Bases,851417833
POSITIONAL BASE CONTENT,Read1,ReadPos 92 A Bases,860488709
POSITIONAL BASE CONTENT,Read1,ReadPos 93 A Bases,852987235
POSITIONAL BASE CONTENT,Read1,ReadPos 94 A Bases,851366240
POSITIONAL BASE CONTENT,Read1,ReadPos 95 A Bases,843444816
POSITIONAL BASE CONTENT,Read1,ReadPos 96 A Bases,852382091
POSITIONAL BASE CONTENT,Read1,ReadPos 97 A Bases,846527489
POSITIONAL BASE CONTENT,Read1,ReadPos 98 A Bases,847174401
POSITIONAL BASE CONTENT,Read1,ReadPos 99 A Bases,840804365
POSITIONAL BASE CONTENT,Read1,ReadPos 100 A Bases,845462123
POSITIONAL BASE CONTENT,Read1,ReadPos 101 A Bases,855565589
POSITIONAL BASE CONTENT,Read1,ReadPos 102 A Bases,856873363
POSITIONAL BASE CONTENT,Read1,ReadPos 103 A Bases,857163833
POSITIONAL BASE CONTENT,Read1,ReadPos 104 A Bases,853611155
POSITIONAL BASE CONTENT,Read1,ReadPos 105 A Bases,844486365
POSITIONAL BASE CONTENT,Read1,ReadPos 106 A Bases,846204478
POSITIONAL BASE CONTENT,Read1,ReadPos 107 A Bases,843613248
POSITIONAL BASE CONTENT,Read1,ReadPos 108 A Bases,848923461
POSITIONAL BASE CONTENT,Read1,ReadPos 109 A Bases,848203740
POSITIONAL BASE CONTENT,Read1,ReadPos 110 A Bases,844701347
POSITIONAL BASE CONTENT,Read1,ReadPos 111 A Bases,852761440
POSITIONAL BASE CONTENT,Read1,ReadPos 112 A Bases,856029804
POSITIONAL BASE CONTENT,Read1,ReadPos 113 A Bases,855371402
POSITIONAL BASE CONTENT,Read1,ReadPos 114 A Bases,848975826
POSITIONAL BASE CONTENT,Read1,ReadPos 115 A Bases,843421841
POSITIONAL BASE CONTENT,Read1,ReadPos 116 A Bases,850829192
POSITIONAL BASE CONTENT,Read1,ReadPos 117 A Bases,846635483
POSITIONAL BASE CONTENT,Read1,ReadPos 118 A Bases,847946531
POSITIONAL BASE CONTENT,Read1,ReadPos 119 A Bases,837532351
POSITIONAL BASE CONTENT,Read1,ReadPos 120 A Bases,839488246
POSITIONAL BASE CONTENT,Read1,ReadPos 121 A Bases,841171973
POSITIONAL BASE CONTENT,Read1,ReadPos 122 A Bases,846701175
POSITIONAL BASE CONTENT,Read1,ReadPos 123 A Bases,845631479
POSITIONAL BASE CONTENT,Read1,ReadPos 124 A Bases,838788853
POSITIONAL BASE CONTENT,Read1,ReadPos 125 A Bases,835695303
POSITIONAL BASE CONTENT,Read1,ReadPos 126 A Bases,843858235
POSITIONAL BASE CONTENT,Read1,ReadPos 127 A Bases,848927173
POSITIONAL BASE CONTENT,Read1,ReadPos 128 A Bases,844785267
POSITIONAL BASE CONTENT,Read1,ReadPos 129 A Bases,833354704
POSITIONAL BASE CONTENT,Read1,ReadPos 130 A Bases,836283283
POSITIONAL BASE CONTENT,Read1,ReadPos 131 A Bases,838843914
POSITIONAL BASE CONTENT,Read1,ReadPos 132 A Bases,842918870
POSITIONAL BASE CONTENT,Read1,ReadPos 133 A Bases,838041456
POSITIONAL BASE CONTENT,Read1,ReadPos 134 A Bases,831040120
POSITIONAL BASE CONTENT,Read1,ReadPos 135 A Bases,831626099
POSITIONAL BASE CONTENT,Read1,ReadPos 136 A Bases,835080690
POSITIONAL BASE CONTENT,Read1,ReadPos 137 A Bases,834780327
POSITIONAL BASE CONTENT,Read1,ReadPos 138 A Bases,834661082
POSITIONAL BASE CONTENT,Read1,ReadPos 139 A Bases,825873574
POSITIONAL BASE CONTENT,Read1,ReadPos 140 A Bases,834762136
POSITIONAL BASE CONTENT,Read1,ReadPos 141 A Bases,837703236
POSITIONAL BASE CONTENT,Read1,ReadPos 142 A Bases,837916515
POSITIONAL BASE CONTENT,Read1,ReadPos 143 A Bases,834646204
POSITIONAL BASE CONTENT,Read1,ReadPos 144 A Bases,822063937
POSITIONAL BASE CONTENT,Read1,ReadPos 145 A Bases,825811060
POSITIONAL BASE CONTENT,Read1,ReadPos 146 A Bases,827397968
POSITIONAL BASE CONTENT,Read1,ReadPos 147 A Bases,825161726
POSITIONAL BASE CONTENT,Read1,ReadPos 148 A Bases,815609667
POSITIONAL BASE CONTENT,Read1,ReadPos 149 A Bases,755615258
POSITIONAL BASE CONTENT,Read1,ReadPos 150 A Bases,617826846
POSITIONAL BASE CONTENT,Read1,ReadPos 151 A Bases,0
POSITIONAL BASE CONTENT,Read1,ReadPos 1 C Bases,721907576
POSITIONAL BASE CONTENT,Read1,ReadPos 2 C Bases,713555805
POSITIONAL BASE CONTENT,Read1,ReadPos 3 C Bases,764737367
POSITIONAL BASE CONTENT,Read1,ReadPos 4 C Bases,935254351
POSITIONAL BASE CONTENT,Read1,ReadPos 5 C Bases,363503983
POSITIONAL BASE CONTENT,Read1,ReadPos 6 C Bases,353850358
POSITIONAL BASE CONTENT,Read1,ReadPos 7 C Bases,539438496
POSITIONAL BASE CONTENT,Read1,ReadPos 8 C Bases,533178850
POSITIONAL BASE CONTENT,Read1,ReadPos 9 C Bases,1216390476
POSITIONAL BASE CONTENT,Read1,ReadPos 10 C Bases,576800494
POSITIONAL BASE CONTENT,Read1,ReadPos 11 C Bases,539518593
POSITIONAL BASE CONTENT,Read1,ReadPos 12 C Bases,603856626
POSITIONAL BASE CONTENT,Read1,ReadPos 13 C Bases,678036123
POSITIONAL BASE CONTENT,Read1,ReadPos 14 C Bases,855774576
POSITIONAL BASE CONTENT,Read1,ReadPos 15 C Bases,636600853
POSITIONAL BASE CONTENT,Read1,ReadPos 16 C Bases,610941498
POSITIONAL BASE CONTENT,Read1,ReadPos 17 C Bases,613712989
POSITIONAL BASE CONTENT,Read1,ReadPos 18 C Bases,583656127
POSITIONAL BASE CONTENT,Read1,ReadPos 19 C Bases,598201380
POSITIONAL BASE CONTENT,Read1,ReadPos 20 C Bases,584547023
POSITIONAL BASE CONTENT,Read1,ReadPos 21 C Bases,614769969
POSITIONAL BASE CONTENT,Read1,ReadPos 22 C Bases,609314449
POSITIONAL BASE CONTENT,Read1,ReadPos 23 C Bases,618313644
POSITIONAL BASE CONTENT,Read1,ReadPos 24 C Bases,612252264
POSITIONAL BASE CONTENT,Read1,ReadPos 25 C Bases,614412167
POSITIONAL BASE CONTENT,Read1,ReadPos 26 C Bases,615675884
POSITIONAL BASE CONTENT,Read1,ReadPos 27 C Bases,613899992
POSITIONAL BASE CONTENT,Read1,ReadPos 28 C Bases,604496898
POSITIONAL BASE CONTENT,Read1,ReadPos 29 C Bases,605783043
POSITIONAL BASE CONTENT,Read1,ReadPos 30 C Bases,600372670
POSITIONAL BASE CONTENT,Read1,ReadPos 31 C Bases,594520280
POSITIONAL BASE CONTENT,Read1,ReadPos 32 C Bases,610255495
POSITIONAL BASE CONTENT,Read1,ReadPos 33 C Bases,606238565
POSITIONAL BASE CONTENT,Read1,ReadPos 34 C Bases,611640695
POSITIONAL BASE CONTENT,Read1,ReadPos 35 C Bases,612588663
POSITIONAL BASE CONTENT,Read1,ReadPos 36 C Bases,590467967
POSITIONAL BASE CONTENT,Read1,ReadPos 37 C Bases,600546901
POSITIONAL BASE CONTENT,Read1,ReadPos 38 C Bases,586581449
POSITIONAL BASE CONTENT,Read1,ReadPos 39 C Bases,594068353
POSITIONAL BASE CONTENT,Read1,ReadPos 40 C Bases,599556968
POSITIONAL BASE CONTENT,Read1,ReadPos 41 C Bases,602011745
POSITIONAL BASE CONTENT,Read1,ReadPos 42 C Bases,601999208
POSITIONAL BASE CONTENT,Read1,ReadPos 43 C Bases,608853122
POSITIONAL BASE CONTENT,Read1,ReadPos 44 C Bases,603283741
POSITIONAL BASE CONTENT,Read1,ReadPos 45 C Bases,602420253
POSITIONAL BASE CONTENT,Read1,ReadPos 46 C Bases,582838140
POSITIONAL BASE CONTENT,Read1,ReadPos 47 C Bases,589748129
POSITIONAL BASE CONTENT,Read1,ReadPos 48 C Bases,598959997
POSITIONAL BASE CONTENT,Read1,ReadPos 49 C Bases,596251624
POSITIONAL BASE CONTENT,Read1,ReadPos 50 C Bases,599751613
POSITIONAL BASE CONTENT,Read1,ReadPos 51 C Bases,593805841
POSITIONAL BASE CONTENT,Read1,ReadPos 52 C Bases,597663962
POSITIONAL BASE CONTENT,Read1,ReadPos 53 C Bases,595934660
POSITIONAL BASE CONTENT,Read1,ReadPos 54 C Bases,590655051
POSITIONAL BASE CONTENT,Read1,ReadPos 55 C Bases,596698424
POSITIONAL BASE CONTENT,Read1,ReadPos 56 C Bases,588023357
POSITIONAL BASE CONTENT,Read1,ReadPos 57 C Bases,602654858
POSITIONAL BASE CONTENT,Read1,ReadPos 58 C Bases,599873246
POSITIONAL BASE CONTENT,Read1,ReadPos 59 C Bases,607014430
POSITIONAL BASE CONTENT,Read1,ReadPos 60 C Bases,599060297
POSITIONAL BASE CONTENT,Read1,ReadPos 61 C Bases,585661105
POSITIONAL BASE CONTENT,Read1,ReadPos 62 C Bases,590986615
POSITIONAL BASE CONTENT,Read1,ReadPos 63 C Bases,589517906
POSITIONAL BASE CONTENT,Read1,ReadPos 64 C Bases,606096485
POSITIONAL BASE CONTENT,Read1,ReadPos 65 C Bases,606186624
POSITIONAL BASE CONTENT,Read1,ReadPos 66 C Bases,610016197
POSITIONAL BASE CONTENT,Read1,ReadPos 67 C Bases,599123086
POSITIONAL BASE CONTENT,Read1,ReadPos 68 C Bases,584371839
POSITIONAL BASE CONTENT,Read1,ReadPos 69 C Bases,591754999
POSITIONAL BASE CONTENT,Read1,ReadPos 70 C Bases,595725494
POSITIONAL BASE CONTENT,Read1,ReadPos 71 C Bases,594878939
POSITIONAL BASE CONTENT,Read1,ReadPos 72 C Bases,587652650
POSITIONAL BASE CONTENT,Read1,ReadPos 73 C Bases,594929510
POSITIONAL BASE CONTENT,Read1,ReadPos 74 C Bases,599326440
POSITIONAL BASE CONTENT,Read1,ReadPos 75 C Bases,599704949
POSITIONAL BASE CONTENT,Read1,ReadPos 76 C Bases,593949453
POSITIONAL BASE CONTENT,Read1,ReadPos 77 C Bases,588624277
POSITIONAL BASE CONTENT,Read1,ReadPos 78 C Bases,580957578
POSITIONAL BASE CONTENT,Read1,ReadPos 79 C Bases,594042812
POSITIONAL BASE CONTENT,Read1,ReadPos 80 C Bases,597344603
POSITIONAL BASE CONTENT,Read1,ReadPos 81 C Bases,596321877
POSITIONAL BASE CONTENT,Read1,ReadPos 82 C Bases,592980972
POSITIONAL BASE CONTENT,Read1,ReadPos 83 C Bases,588486528
POSITIONAL BASE CONTENT,Read1,ReadPos 84 C Bases,600952415
POSITIONAL BASE CONTENT,Read1,ReadPos 85 C Bases,602762805
POSITIONAL BASE CONTENT,Read1,ReadPos 86 C Bases,587576811
POSITIONAL BASE CONTENT,Read1,ReadPos 87 C Bases,584980569
POSITIONAL BASE CONTENT,Read1,ReadPos 88 C Bases,591974454
POSITIONAL BASE CONTENT,Read1,ReadPos 89 C Bases,604048789
POSITIONAL BASE CONTENT,Read1,ReadPos 90 C Bases,600270121
POSITIONAL BASE CONTENT,Read1,ReadPos 91 C Bases,594322631
POSITIONAL BASE CONTENT,Read1,ReadPos 92 C Bases,587124753
POSITIONAL BASE CONTENT,Read1,ReadPos 93 C Bases,593286829
POSITIONAL BASE CONTENT,Read1,ReadPos 94 C Bases,599004321
POSITIONAL BASE CONTENT,Read1,ReadPos 95 C Bases,603184489
POSITIONAL BASE CONTENT,Read1,ReadPos 96 C Bases,592578189
POSITIONAL BASE CONTENT,Read1,ReadPos 97 C Bases,597791237
POSITIONAL BASE CONTENT,Read1,ReadPos 98 C Bases,596110524
POSITIONAL BASE CONTENT,Read1,ReadPos 99 C Bases,598702904
POSITIONAL BASE CONTENT,Read1,ReadPos 100 C Bases,597270781
POSITIONAL BASE CONTENT,Read1,ReadPos 101 C Bases,590039123
POSITIONAL BASE CONTENT,Read1,ReadPos 102 C Bases,587341046
POSITIONAL BASE CONTENT,Read1,ReadPos 103 C Bases,587035774
POSITIONAL BASE CONTENT,Read1,ReadPos 104 C Bases,591661804
POSITIONAL BASE CONTENT,Read1,ReadPos 105 C Bases,592430651
POSITIONAL BASE CONTENT,Read1,ReadPos 106 C Bases,597920509
POSITIONAL BASE CONTENT,Read1,ReadPos 107 C Bases,594745634
POSITIONAL BASE CONTENT,Read1,ReadPos 108 C Bases,599276068
POSITIONAL BASE CONTENT,Read1,ReadPos 109 C Bases,589507599
POSITIONAL BASE CONTENT,Read1,ReadPos 110 C Bases,594856858
POSITIONAL BASE CONTENT,Read1,ReadPos 111 C Bases,586738091
POSITIONAL BASE CONTENT,Read1,ReadPos 112 C Bases,581494417
POSITIONAL BASE CONTENT,Read1,ReadPos 113 C Bases,583046214
POSITIONAL BASE CONTENT,Read1,ReadPos 114 C Bases,585277581
POSITIONAL BASE CONTENT,Read1,ReadPos 115 C Bases,592350837
POSITIONAL BASE CONTENT,Read1,ReadPos 116 C Bases,579116691
POSITIONAL BASE CONTENT,Read1,ReadPos 117 C Bases,578374581
POSITIONAL BASE CONTENT,Read1,ReadPos 118 C Bases,579532619
POSITIONAL BASE CONTENT,Read1,ReadPos 119 C Bases,586820256
POSITIONAL BASE CONTENT,Read1,ReadPos 120 C Bases,591078771
POSITIONAL BASE CONTENT,Read1,ReadPos 121 C Bases,580414923
POSITIONAL BASE CONTENT,Read1,ReadPos 122 C Bases,578857114
POSITIONAL BASE CONTENT,Read1,ReadPos 123 C Bases,581080741
POSITIONAL BASE CONTENT,Read1,ReadPos 124 C Bases,585664035
POSITIONAL BASE CONTENT,Read1,ReadPos 125 C Bases,586601070
POSITIONAL BASE CONTENT,Read1,ReadPos 126 C Bases,576344078
POSITIONAL BASE CONTENT,Read1,ReadPos 127 C Bases,570101688
POSITIONAL BASE CONTENT,Read1,ReadPos 128 C Bases,573701386
POSITIONAL BASE CONTENT,Read1,ReadPos 129 C Bases,582175678
POSITIONAL BASE CONTENT,Read1,ReadPos 130 C Bases,582327175
POSITIONAL BASE CONTENT,Read1,ReadPos 131 C Bases,573378353
POSITIONAL BASE CONTENT,Read1,ReadPos 132 C Bases,570877581
POSITIONAL BASE CONTENT,Read1,ReadPos 133 C Bases,578854417
POSITIONAL BASE CONTENT,Read1,ReadPos 134 C Bases,584564001
POSITIONAL BASE CONTENT,Read1,ReadPos 135 C Bases,579498944
POSITIONAL BASE CONTENT,Read1,ReadPos 136 C Bases,576412560
POSITIONAL BASE CONTENT,Read1,ReadPos 137 C Bases,576223888
POSITIONAL BASE CONTENT,Read1,ReadPos 138 C Bases,577205156
POSITIONAL BASE CONTENT,Read1,ReadPos 139 C Bases,581286536
POSITIONAL BASE CONTENT,Read1,ReadPos 140 C Bases,575499298
POSITIONAL BASE CONTENT,Read1,ReadPos 141 C Bases,570639683
POSITIONAL BASE CONTENT,Read1,ReadPos 142 C Bases,570674307
POSITIONAL BASE CONTENT,Read1,ReadPos 143 C Bases,571889222
POSITIONAL BASE CONTENT,Read1,ReadPos 144 C Bases,579967741
POSITIONAL BASE CONTENT,Read1,ReadPos 145 C Bases,575798792
POSITIONAL BASE CONTENT,Read1,ReadPos 146 C Bases,567959923
POSITIONAL BASE CONTENT,Read1,ReadPos 147 C Bases,562959233
POSITIONAL BASE CONTENT,Read1,ReadPos 148 C Bases,558274183
POSITIONAL BASE CONTENT,Read1,ReadPos 149 C Bases,576286247
POSITIONAL BASE CONTENT,Read1,ReadPos 150 C Bases,575487305
POSITIONAL BASE CONTENT,Read1,ReadPos 151 C Bases,566364813
POSITIONAL BASE CONTENT,Read1,ReadPos 1 G Bases,1314409863
POSITIONAL BASE CONTENT,Read1,ReadPos 2 G Bases,487521685
POSITIONAL BASE CONTENT,Read1,ReadPos 3 G Bases,550514844
POSITIONAL BASE CONTENT,Read1,ReadPos 4 G Bases,345707120
POSITIONAL BASE CONTENT,Read1,ReadPos 5 G Bases,367580220
POSITIONAL BASE CONTENT,Read1,ReadPos 6 G Bases,930510092
POSITIONAL BASE CONTENT,Read1,ReadPos 7 G Bases,777233574
POSITIONAL BASE CONTENT,Read1,ReadPos 8 G Bases,715411465
POSITIONAL BASE CONTENT,Read1,ReadPos 9 G Bases,691044716
POSITIONAL BASE CONTENT,Read1,ReadPos 10 G Bases,337128552
POSITIONAL BASE CONTENT,Read1,ReadPos 11 G Bases,1010662303
POSITIONAL BASE CONTENT,Read1,ReadPos 12 G Bases,561864583
POSITIONAL BASE CONTENT,Read1,ReadPos 13 G Bases,794899857
POSITIONAL BASE CONTENT,Read1,ReadPos 14 G Bases,542692009
POSITIONAL BASE CONTENT,Read1,ReadPos 15 G Bases,640361750
POSITIONAL BASE CONTENT,Read1,ReadPos 16 G Bases,606834031
POSITIONAL BASE CONTENT,Read1,ReadPos 17 G Bases,559828986
POSITIONAL BASE CONTENT,Read1,ReadPos 18 G Bases,578661639
POSITIONAL BASE CONTENT,Read1,ReadPos 19 G Bases,602302234
POSITIONAL BASE CONTENT,Read1,ReadPos 20 G Bases,628082391
POSITIONAL BASE CONTENT,Read1,ReadPos 21 G Bases,629005297
POSITIONAL BASE CONTENT,Read1,ReadPos 22 G Bases,591956367
POSITIONAL BASE CONTENT,Read1,ReadPos 23 G Bases,609654186
POSITIONAL BASE CONTENT,Read1,ReadPos 24 G Bases,601932287
POSITIONAL BASE CONTENT,Read1,ReadPos 25 G Bases,610064778
POSITIONAL BASE CONTENT,Read1,ReadPos 26 G Bases,593256380
POSITIONAL BASE CONTENT,Read1,ReadPos 27 G Bases,583714950
POSITIONAL BASE CONTENT,Read1,ReadPos 28 G Bases,600126413
POSITIONAL BASE CONTENT,Read1,ReadPos 29 G Bases,587773816
POSITIONAL BASE CONTENT,Read1,ReadPos 30 G Bases,607145796
POSITIONAL BASE CONTENT,Read1,ReadPos 31 G Bases,620456131
POSITIONAL BASE CONTENT,Read1,ReadPos 32 G Bases,584405893
POSITIONAL BASE CONTENT,Read1,ReadPos 33 G Bases,593829353
POSITIONAL BASE CONTENT,Read1,ReadPos 34 G Bases,589409948
POSITIONAL BASE CONTENT,Read1,ReadPos 35 G Bases,593671845
POSITIONAL BASE CONTENT,Read1,ReadPos 36 G Bases,597515018
POSITIONAL BASE CONTENT,Read1,ReadPos 37 G Bases,597952100
POSITIONAL BASE CONTENT,Read1,ReadPos 38 G Bases,595144751
POSITIONAL BASE CONTENT,Read1,ReadPos 39 G Bases,594300982
POSITIONAL BASE CONTENT,Read1,ReadPos 40 G Bases,588813450
POSITIONAL BASE CONTENT,Read1,ReadPos 41 G Bases,605990787
POSITIONAL BASE CONTENT,Read1,ReadPos 42 G Bases,584516349
POSITIONAL BASE CONTENT,Read1,ReadPos 43 G Bases,595487907
POSITIONAL BASE CONTENT,Read1,ReadPos 44 G Bases,597474157
POSITIONAL BASE CONTENT,Read1,ReadPos 45 G Bases,602621149
POSITIONAL BASE CONTENT,Read1,ReadPos 46 G Bases,606105206
POSITIONAL BASE CONTENT,Read1,ReadPos 47 G Bases,588266637
POSITIONAL BASE CONTENT,Read1,ReadPos 48 G Bases,586388313
POSITIONAL BASE CONTENT,Read1,ReadPos 49 G Bases,589748917
POSITIONAL BASE CONTENT,Read1,ReadPos 50 G Bases,595350428
POSITIONAL BASE CONTENT,Read1,ReadPos 51 G Bases,607995430
POSITIONAL BASE CONTENT,Read1,ReadPos 52 G Bases,590194121
POSITIONAL BASE CONTENT,Read1,ReadPos 53 G Bases,596468040
POSITIONAL BASE CONTENT,Read1,ReadPos 54 G Bases,600617452
POSITIONAL BASE CONTENT,Read1,ReadPos 55 G Bases,597513106
POSITIONAL BASE CONTENT,Read1,ReadPos 56 G Bases,613088989
POSITIONAL BASE CONTENT,Read1,ReadPos 57 G Bases,581413652
POSITIONAL BASE CONTENT,Read1,ReadPos 58 G Bases,583010612
POSITIONAL BASE CONTENT,Read1,ReadPos 59 G Bases,585220268
POSITIONAL BASE CONTENT,Read1,ReadPos 60 G Bases,595938859
POSITIONAL BASE CONTENT,Read1,ReadPos 61 G Bases,608392731
POSITIONAL BASE CONTENT,Read1,ReadPos 62 G Bases,595251578
POSITIONAL BASE CONTENT,Read1,ReadPos 63 G Bases,594721823
POSITIONAL BASE CONTENT,Read1,ReadPos 64 G Bases,587283643
POSITIONAL BASE CONTENT,Read1,ReadPos 65 G Bases,586332405
POSITIONAL BASE CONTENT,Read1,ReadPos 66 G Bases,592217861
POSITIONAL BASE CONTENT,Read1,ReadPos 67 G Bases,577441023
POSITIONAL BASE CONTENT,Read1,ReadPos 68 G Bases,594125901
POSITIONAL BASE CONTENT,Read1,ReadPos 69 G Bases,603682101
POSITIONAL BASE CONTENT,Read1,ReadPos 70 G Bases,604958068
POSITIONAL BASE CONTENT,Read1,ReadPos 71 G Bases,604099140
POSITIONAL BASE CONTENT,Read1,ReadPos 72 G Bases,582198993
POSITIONAL BASE CONTENT,Read1,ReadPos 73 G Bases,591273709
POSITIONAL BASE CONTENT,Read1,ReadPos 74 G Bases,592997690
POSITIONAL BASE CONTENT,Read1,ReadPos 75 G Bases,603341674
POSITIONAL BASE CONTENT,Read1,ReadPos 76 G Bases,598461349
POSITIONAL BASE CONTENT,Read1,ReadPos 77 G Bases,588965106
POSITIONAL BASE CONTENT,Read1,ReadPos 78 G Bases,597243920
POSITIONAL BASE CONTENT,Read1,ReadPos 79 G Bases,592079460
POSITIONAL BASE CONTENT,Read1,ReadPos 80 G Bases,598702998
POSITIONAL BASE CONTENT,Read1,ReadPos 81 G Bases,598393949
POSITIONAL BASE CONTENT,Read1,ReadPos 82 G Bases,579842413
POSITIONAL BASE CONTENT,Read1,ReadPos 83 G Bases,591489653
POSITIONAL BASE CONTENT,Read1,ReadPos 84 G Bases,586468736
POSITIONAL BASE CONTENT,Read1,ReadPos 85 G Bases,591899602
POSITIONAL BASE CONTENT,Read1,ReadPos 86 G Bases,594304575
POSITIONAL BASE CONTENT,Read1,ReadPos 87 G Bases,592673113
POSITIONAL BASE CONTENT,Read1,ReadPos 88 G Bases,592078299
POSITIONAL BASE CONTENT,Read1,ReadPos 89 G Bases,588364251
POSITIONAL BASE CONTENT,Read1,ReadPos 90 G Bases,588294448
POSITIONAL BASE CONTENT,Read1,ReadPos 91 G Bases,590336540
POSITIONAL BASE CONTENT,Read1,ReadPos 92 G Bases,584375360
POSITIONAL BASE CONTENT,Read1,ReadPos 93 G Bases,589981630
POSITIONAL BASE CONTENT,Read1,ReadPos 94 G Bases,579572241
POSITIONAL BASE CONTENT,Read1,ReadPos 95 G Bases,583529593
POSITIONAL BASE CONTENT,Read1,ReadPos 96 G Bases,583440981
POSITIONAL BASE CONTENT,Read1,ReadPos 97 G Bases,586887581
POSITIONAL BASE CONTENT,Read1,ReadPos 98 G Bases,590094258
POSITIONAL BASE CONTENT,Read1,ReadPos 99 G Bases,587514327
POSITIONAL BASE CONTENT,Read1,ReadPos 100 G Bases,589677909
POSITIONAL BASE CONTENT,Read1,ReadPos 101 G Bases,584736742
POSITIONAL BASE CONTENT,Read1,ReadPos 102 G Bases,584250736
POSITIONAL BASE CONTENT,Read1,ReadPos 103 G Bases,582534719
POSITIONAL BASE CONTENT,Read1,ReadPos 104 G Bases,580469735
POSITIONAL BASE CONTENT,Read1,ReadPos 105 G Bases,586839913
POSITIONAL BASE CONTENT,Read1,ReadPos 106 G Bases,582606429
POSITIONAL BASE CONTENT,Read1,ReadPos 107 G Bases,577081785
POSITIONAL BASE CONTENT,Read1,ReadPos 108 G Bases,575954005
POSITIONAL BASE CONTENT,Read1,ReadPos 109 G Bases,581231359
POSITIONAL BASE CONTENT,Read1,ReadPos 110 G Bases,590822764
POSITIONAL BASE CONTENT,Read1,ReadPos 111 G Bases,587340771
POSITIONAL BASE CONTENT,Read1,ReadPos 112 G Bases,581225302
POSITIONAL BASE CONTENT,Read1,ReadPos 113 G Bases,574202734
POSITIONAL BASE CONTENT,Read1,ReadPos 114 G Bases,577431043
POSITIONAL BASE CONTENT,Read1,ReadPos 115 G Bases,578059457
POSITIONAL BASE CONTENT,Read1,ReadPos 116 G Bases,586111500
POSITIONAL BASE CONTENT,Read1,ReadPos 117 G Bases,582455318
POSITIONAL BASE CONTENT,Read1,ReadPos 118 G Bases,583599571
POSITIONAL BASE CONTENT,Read1,ReadPos 119 G Bases,583827337
POSITIONAL BASE CONTENT,Read1,ReadPos 120 G Bases,581068326
POSITIONAL BASE CONTENT,Read1,ReadPos 121 G Bases,585637937
POSITIONAL BASE CONTENT,Read1,ReadPos 122 G Bases,580628728
POSITIONAL BASE CONTENT,Read1,ReadPos 123 G Bases,574599786
POSITIONAL BASE CONTENT,Read1,ReadPos 124 G Bases,576217977
POSITIONAL BASE CONTENT,Read1,ReadPos 125 G Bases,578837015
POSITIONAL BASE CONTENT,Read1,ReadPos 126 G Bases,585129322
POSITIONAL BASE CONTENT,Read1,ReadPos 127 G Bases,578816361
POSITIONAL BASE CONTENT,Read1,ReadPos 128 G Bases,575979311
POSITIONAL BASE CONTENT,Read1,ReadPos 129 G Bases,578807742
POSITIONAL BASE CONTENT,Read1,ReadPos 130 G Bases,577697585
POSITIONAL BASE CONTENT,Read1,ReadPos 131 G Bases,583661164
POSITIONAL BASE CONTENT,Read1,ReadPos 132 G Bases,578463112
POSITIONAL BASE CONTENT,Read1,ReadPos 133 G Bases,574708981
POSITIONAL BASE CONTENT,Read1,ReadPos 134 G Bases,576788733
POSITIONAL BASE CONTENT,Read1,ReadPos 135 G Bases,578415350
POSITIONAL BASE CONTENT,Read1,ReadPos 136 G Bases,584093646
POSITIONAL BASE CONTENT,Read1,ReadPos 137 G Bases,576642834
POSITIONAL BASE CONTENT,Read1,ReadPos 138 G Bases,570008854
POSITIONAL BASE CONTENT,Read1,ReadPos 139 G Bases,574114020
POSITIONAL BASE CONTENT,Read1,ReadPos 140 G Bases,578451242
POSITIONAL BASE CONTENT,Read1,ReadPos 141 G Bases,581179914
POSITIONAL BASE CONTENT,Read1,ReadPos 142 G Bases,575972044
POSITIONAL BASE CONTENT,Read1,ReadPos 143 G Bases,573971711
POSITIONAL BASE CONTENT,Read1,ReadPos 144 G Bases,576710935
POSITIONAL BASE CONTENT,Read1,ReadPos 145 G Bases,576282078
POSITIONAL BASE CONTENT,Read1,ReadPos 146 G Bases,578245052
POSITIONAL BASE CONTENT,Read1,ReadPos 147 G Bases,570964189
POSITIONAL BASE CONTENT,Read1,ReadPos 148 G Bases,566156823
POSITIONAL BASE CONTENT,Read1,ReadPos 149 G Bases,554014653
POSITIONAL BASE CONTENT,Read1,ReadPos 150 G Bases,499937833
POSITIONAL BASE CONTENT,Read1,ReadPos 151 G Bases,386514236
POSITIONAL BASE CONTENT,Read1,ReadPos 1 T Bases,302029884
POSITIONAL BASE CONTENT,Read1,ReadPos 2 T Bases,1107057638
POSITIONAL BASE CONTENT,Read1,ReadPos 3 T Bases,902786571
POSITIONAL BASE CONTENT,Read1,ReadPos 4 T Bases,1180661849
POSITIONAL BASE CONTENT,Read1,ReadPos 5 T Bases,1083865566
POSITIONAL BASE CONTENT,Read1,ReadPos 6 T Bases,474589681
POSITIONAL BASE CONTENT,Read1,ReadPos 7 T Bases,674993057
POSITIONAL BASE CONTENT,Read1,ReadPos 8 T Bases,612625765
POSITIONAL BASE CONTENT,Read1,ReadPos 9 T Bases,619634701
POSITIONAL BASE CONTENT,Read1,ReadPos 10 T Bases,1122264341
POSITIONAL BASE CONTENT,Read1,ReadPos 11 T Bases,700747695
POSITIONAL BASE CONTENT,Read1,ReadPos 12 T Bases,996407043
POSITIONAL BASE CONTENT,Read1,ReadPos 13 T Bases,794171395
POSITIONAL BASE CONTENT,Read1,ReadPos 14 T Bases,862353548
POSITIONAL BASE CONTENT,Read1,ReadPos 15 T Bases,707502641
POSITIONAL BASE CONTENT,Read1,ReadPos 16 T Bases,765448550
POSITIONAL BASE CONTENT,Read1,ReadPos 17 T Bases,852572194
POSITIONAL BASE CONTENT,Read1,ReadPos 18 T Bases,868115595
POSITIONAL BASE CONTENT,Read1,ReadPos 19 T Bases,851724181
POSITIONAL BASE CONTENT,Read1,ReadPos 20 T Bases,838513829
POSITIONAL BASE CONTENT,Read1,ReadPos 21 T Bases,814289253
POSITIONAL BASE CONTENT,Read1,ReadPos 22 T Bases,860070640
POSITIONAL BASE CONTENT,Read1,ReadPos 23 T Bases,833641328
POSITIONAL BASE CONTENT,Read1,ReadPos 24 T Bases,847672386
POSITIONAL BASE CONTENT,Read1,ReadPos 25 T Bases,839887681
POSITIONAL BASE CONTENT,Read1,ReadPos 26 T Bases,850576417
POSITIONAL BASE CONTENT,Read1,ReadPos 27 T Bases,869139369
POSITIONAL BASE CONTENT,Read1,ReadPos 28 T Bases,861566781
POSITIONAL BASE CONTENT,Read1,ReadPos 29 T Bases,865502399
POSITIONAL BASE CONTENT,Read1,ReadPos 30 T Bases,845773972
POSITIONAL BASE CONTENT,Read1,ReadPos 31 T Bases,824078706
POSITIONAL BASE CONTENT,Read1,ReadPos 32 T Bases,855767226
POSITIONAL BASE CONTENT,Read1,ReadPos 33 T Bases,858948981
POSITIONAL BASE CONTENT,Read1,ReadPos 34 T Bases,871274848
POSITIONAL BASE CONTENT,Read1,ReadPos 35 T Bases,861051428
POSITIONAL BASE CONTENT,Read1,ReadPos 36 T Bases,843789980
POSITIONAL BASE CONTENT,Read1,ReadPos 37 T Bases,850172899
POSITIONAL BASE CONTENT,Read1,ReadPos 38 T Bases,848911856
POSITIONAL BASE CONTENT,Read1,ReadPos 39 T Bases,861796348
POSITIONAL BASE CONTENT,Read1,ReadPos 40 T Bases,859738605
POSITIONAL BASE CONTENT,Read1,ReadPos 41 T Bases,843576084
POSITIONAL BASE CONTENT,Read1,ReadPos 42 T Bases,860692560
POSITIONAL BASE CONTENT,Read1,ReadPos 43 T Bases,851142943
POSITIONAL BASE CONTENT,Read1,ReadPos 44 T Bases,859324307
POSITIONAL BASE CONTENT,Read1,ReadPos 45 T Bases,844687537
POSITIONAL BASE CONTENT,Read1,ReadPos 46 T Bases,842388298
POSITIONAL BASE CONTENT,Read1,ReadPos 47 T Bases,858981621
POSITIONAL BASE CONTENT,Read1,ReadPos 48 T Bases,855958460
POSITIONAL BASE CONTENT,Read1,ReadPos 49 T Bases,863205135
POSITIONAL BASE CONTENT,Read1,ReadPos 50 T Bases,848857888
POSITIONAL BASE CONTENT,Read1,ReadPos 51 T Bases,848959968
POSITIONAL BASE CONTENT,Read1,ReadPos 52 T Bases,855629722
POSITIONAL BASE CONTENT,Read1,ReadPos 53 T Bases,858215217
POSITIONAL BASE CONTENT,Read1,ReadPos 54 T Bases,846093658
POSITIONAL BASE CONTENT,Read1,ReadPos 55 T Bases,841848276
POSITIONAL BASE CONTENT,Read1,ReadPos 56 T Bases,837756532
POSITIONAL BASE CONTENT,Read1,ReadPos 57 T Bases,864683794
POSITIONAL BASE CONTENT,Read1,ReadPos 58 T Bases,872150665
POSITIONAL BASE CONTENT,Read1,ReadPos 59 T Bases,864229533
POSITIONAL BASE CONTENT,Read1,ReadPos 60 T Bases,853170179
POSITIONAL BASE CONTENT,Read1,ReadPos 61 T Bases,841110939
POSITIONAL BASE CONTENT,Read1,ReadPos 62 T Bases,849807330
POSITIONAL BASE CONTENT,Read1,ReadPos 63 T Bases,852997151
POSITIONAL BASE CONTENT,Read1,ReadPos 64 T Bases,856166108
POSITIONAL BASE CONTENT,Read1,ReadPos 65 T Bases,862864029
POSITIONAL BASE CONTENT,Read1,ReadPos 66 T Bases,845743388
POSITIONAL BASE CONTENT,Read1,ReadPos 67 T Bases,864519865
POSITIONAL BASE CONTENT,Read1,ReadPos 68 T Bases,855428297
POSITIONAL BASE CONTENT,Read1,ReadPos 69 T Bases,853285203
POSITIONAL BASE CONTENT,Read1,ReadPos 70 T Bases,848279295
POSITIONAL BASE CONTENT,Read1,ReadPos 71 T Bases,846114742
POSITIONAL BASE CONTENT,Read1,ReadPos 72 T Bases,868978897
POSITIONAL BASE CONTENT,Read1,ReadPos 73 T Bases,849944280
POSITIONAL BASE CONTENT,Read1,ReadPos 74 T Bases,850316128
POSITIONAL BASE CONTENT,Read1,ReadPos 75 T Bases,839058922
POSITIONAL BASE CONTENT,Read1,ReadPos 76 T Bases,834362959
POSITIONAL BASE CONTENT,Read1,ReadPos 77 T Bases,854836369
POSITIONAL BASE CONTENT,Read1,ReadPos 78 T Bases,847533272
POSITIONAL BASE CONTENT,Read1,ReadPos 79 T Bases,854187412
POSITIONAL BASE CONTENT,Read1,ReadPos 80 T Bases,850317182
POSITIONAL BASE CONTENT,Read1,ReadPos 81 T Bases,845609403
POSITIONAL BASE CONTENT,Read1,ReadPos 82 T Bases,861194298
POSITIONAL BASE CONTENT,Read1,ReadPos 83 T Bases,850617704
POSITIONAL BASE CONTENT,Read1,ReadPos 84 T Bases,851422938
POSITIONAL BASE CONTENT,Read1,ReadPos 85 T Bases,845669011
POSITIONAL BASE CONTENT,Read1,ReadPos 86 T Bases,844114105
POSITIONAL BASE CONTENT,Read1,ReadPos 87 T Bases,845988012
POSITIONAL BASE CONTENT,Read1,ReadPos 88 T Bases,843738535
POSITIONAL BASE CONTENT,Read1,ReadPos 89 T Bases,848116247
POSITIONAL BASE CONTENT,Read1,ReadPos 90 T Bases,851514199
POSITIONAL BASE CONTENT,Read1,ReadPos 91 T Bases,845194111
POSITIONAL BASE CONTENT,Read1,ReadPos 92 T Bases,848259050
POSITIONAL BASE CONTENT,Read1,ReadPos 93 T Bases,842895242
POSITIONAL BASE CONTENT,Read1,ReadPos 94 T Bases,848545056
POSITIONAL BASE CONTENT,Read1,ReadPos 95 T Bases,847787748
POSITIONAL BASE CONTENT,Read1,ReadPos 96 T Bases,847631076
POSITIONAL BASE CONTENT,Read1,ReadPos 97 T Bases,844088558
POSITIONAL BASE CONTENT,Read1,ReadPos 98 T Bases,838331280
POSITIONAL BASE CONTENT,Read1,ReadPos 99 T Bases,845649463
POSITIONAL BASE CONTENT,Read1,ReadPos 100 T Bases,838029991
POSITIONAL BASE CONTENT,Read1,ReadPos 101 T Bases,841770897
POSITIONAL BASE CONTENT,Read1,ReadPos 102 T Bases,842414566
POSITIONAL BASE CONTENT,Read1,ReadPos 103 T Bases,843602707
POSITIONAL BASE CONTENT,Read1,ReadPos 104 T Bases,843238054
POSITIONAL BASE CONTENT,Read1,ReadPos 105 T Bases,844023565
POSITIONAL BASE CONTENT,Read1,ReadPos 106 T Bases,839604492
POSITIONAL BASE CONTENT,Read1,ReadPos 107 T Bases,849452799
POSITIONAL BASE CONTENT,Read1,ReadPos 108 T Bases,839131696
POSITIONAL BASE CONTENT,Read1,ReadPos 109 T Bases,840684180
POSITIONAL BASE CONTENT,Read1,ReadPos 110 T Bases,829862134
POSITIONAL BASE CONTENT,Read1,ReadPos 111 T Bases,832937037
POSITIONAL BASE CONTENT,Read1,ReadPos 112 T Bases,841235512
POSITIONAL BASE CONTENT,Read1,ReadPos 113 T Bases,846353589
POSITIONAL BASE CONTENT,Read1,ReadPos 114 T Bases,845927066
POSITIONAL BASE CONTENT,Read1,ReadPos 115 T Bases,842021394
POSITIONAL BASE CONTENT,Read1,ReadPos 116 T Bases,838528639
POSITIONAL BASE CONTENT,Read1,ReadPos 117 T Bases,845491479
POSITIONAL BASE CONTENT,Read1,ReadPos 118 T Bases,840331688
POSITIONAL BASE CONTENT,Read1,ReadPos 119 T Bases,840822714
POSITIONAL BASE CONTENT,Read1,ReadPos 120 T Bases,837331515
POSITIONAL BASE CONTENT,Read1,ReadPos 121 T Bases,840755536
POSITIONAL BASE CONTENT,Read1,ReadPos 122 T Bases,840094847
POSITIONAL BASE CONTENT,Read1,ReadPos 123 T Bases,844569840
POSITIONAL BASE CONTENT,Read1,ReadPos 124 T Bases,842764484
POSITIONAL BASE CONTENT,Read1,ReadPos 125 T Bases,841047686
POSITIONAL BASE CONTENT,Read1,ReadPos 126 T Bases,835783948
POSITIONAL BASE CONTENT,Read1,ReadPos 127 T Bases,841129730
POSITIONAL BASE CONTENT,Read1,ReadPos 128 T Bases,842271684
POSITIONAL BASE CONTENT,Read1,ReadPos 129 T Bases,841561953
POSITIONAL BASE CONTENT,Read1,ReadPos 130 T Bases,837401681
POSITIONAL BASE CONTENT,Read1,ReadPos 131 T Bases,837341657
POSITIONAL BASE CONTENT,Read1,ReadPos 132 T Bases,839449194
POSITIONAL BASE CONTENT,Read1,ReadPos 133 T Bases,838459686
POSITIONAL BASE CONTENT,Read1,ReadPos 134 T Bases,836980548
POSITIONAL BASE CONTENT,Read1,ReadPos 135 T Bases,837360301
POSITIONAL BASE CONTENT,Read1,ReadPos 136 T Bases,829236406
POSITIONAL BASE CONTENT,Read1,ReadPos 137 T Bases,834765971
POSITIONAL BASE CONTENT,Read1,ReadPos 138 T Bases,838735938
POSITIONAL BASE CONTENT,Read1,ReadPos 139 T Bases,838114072
POSITIONAL BASE CONTENT,Read1,ReadPos 140 T Bases,828520851
POSITIONAL BASE CONTENT,Read1,ReadPos 141 T Bases,824752602
POSITIONAL BASE CONTENT,Read1,ReadPos 142 T Bases,829814021
POSITIONAL BASE CONTENT,Read1,ReadPos 143 T Bases,831021761
POSITIONAL BASE CONTENT,Read1,ReadPos 144 T Bases,831560147
POSITIONAL BASE CONTENT,Read1,ReadPos 145 T Bases,828627990
POSITIONAL BASE CONTENT,Read1,ReadPos 146 T Bases,825010542
POSITIONAL BASE CONTENT,Read1,ReadPos 147 T Bases,824855597
POSITIONAL BASE CONTENT,Read1,ReadPos 148 T Bases,814716785
POSITIONAL BASE CONTENT,Read1,ReadPos 149 T Bases,806501978
POSITIONAL BASE CONTENT,Read1,ReadPos 150 T Bases,809536981
POSITIONAL BASE CONTENT,Read1,ReadPos 151 T Bases,796251714
POSITIONAL BASE CONTENT,Read1,ReadPos 1 N Bases,8731
POSITIONAL BASE CONTENT,Read1,ReadPos 2 N Bases,1127351
POSITIONAL BASE CONTENT,Read1,ReadPos 3 N Bases,702625
POSITIONAL BASE CONTENT,Read1,ReadPos 4 N Bases,1869033
POSITIONAL BASE CONTENT,Read1,ReadPos 5 N Bases,62672
POSITIONAL BASE CONTENT,Read1,ReadPos 6 N Bases,1519942
POSITIONAL BASE CONTENT,Read1,ReadPos 7 N Bases,60232
POSITIONAL BASE CONTENT,Read1,ReadPos 8 N Bases,63863
POSITIONAL BASE CONTENT,Read1,ReadPos 9 N Bases,637638
POSITIONAL BASE CONTENT,Read1,ReadPos 10 N Bases,2520753
POSITIONAL BASE CONTENT,Read1,ReadPos 11 N Bases,1525259
POSITIONAL BASE CONTENT,Read1,ReadPos 12 N Bases,355527
POSITIONAL BASE CONTENT,Read1,ReadPos 13 N Bases,3
POSITIONAL BASE CONTENT,Read1,ReadPos 14 N Bases,724
POSITIONAL BASE CONTENT,Read1,ReadPos 15 N Bases,1751633
POSITIONAL BASE CONTENT,Read1,ReadPos 16 N Bases,3153328
POSITIONAL BASE CONTENT,Read1,ReadPos 17 N Bases,1960940
POSITIONAL BASE CONTENT,Read1,ReadPos 18 N Bases,657423
POSITIONAL BASE CONTENT,Read1,ReadPos 19 N Bases,1847333
POSITIONAL BASE CONTENT,Read1,ReadPos 20 N Bases,1426749
POSITIONAL BASE CONTENT,Read1,ReadPos 21 N Bases,1238417
POSITIONAL BASE CONTENT,Read1,ReadPos 22 N Bases,40170
POSITIONAL BASE CONTENT,Read1,ReadPos 23 N Bases,910283
POSITIONAL BASE CONTENT,Read1,ReadPos 24 N Bases,6470637
POSITIONAL BASE CONTENT,Read1,ReadPos 25 N Bases,1436356
POSITIONAL BASE CONTENT,Read1,ReadPos 26 N Bases,1594516
POSITIONAL BASE CONTENT,Read1,ReadPos 27 N Bases,792906
POSITIONAL BASE CONTENT,Read1,ReadPos 28 N Bases,793358
POSITIONAL BASE CONTENT,Read1,ReadPos 29 N Bases,2226591
POSITIONAL BASE CONTENT,Read1,ReadPos 30 N Bases,784926
POSITIONAL BASE CONTENT,Read1,ReadPos 31 N Bases,1233051
POSITIONAL BASE CONTENT,Read1,ReadPos 32 N Bases,1825972
POSITIONAL BASE CONTENT,Read1,ReadPos 33 N Bases,2293497
POSITIONAL BASE CONTENT,Read1,ReadPos 34 N Bases,663594
POSITIONAL BASE CONTENT,Read1,ReadPos 35 N Bases,861291
POSITIONAL BASE CONTENT,Read1,ReadPos 36 N Bases,2126153
POSITIONAL BASE CONTENT,Read1,ReadPos 37 N Bases,34526
POSITIONAL BASE CONTENT,Read1,ReadPos 38 N Bases,1746057
POSITIONAL BASE CONTENT,Read1,ReadPos 39 N Bases,6545
POSITIONAL BASE CONTENT,Read1,ReadPos 40 N Bases,3012030
POSITIONAL BASE CONTENT,Read1,ReadPos 41 N Bases,1701055
POSITIONAL BASE CONTENT,Read1,ReadPos 42 N Bases,1204704
POSITIONAL BASE CONTENT,Read1,ReadPos 43 N Bases,878753
POSITIONAL BASE CONTENT,Read1,ReadPos 44 N Bases,78534
POSITIONAL BASE CONTENT,Read1,ReadPos 45 N Bases,1412034
POSITIONAL BASE CONTENT,Read1,ReadPos 46 N Bases,1779387
POSITIONAL BASE CONTENT,Read1,ReadPos 47 N Bases,13907
POSITIONAL BASE CONTENT,Read1,ReadPos 48 N Bases,1171106
POSITIONAL BASE CONTENT,Read1,ReadPos 49 N Bases,464348
POSITIONAL BASE CONTENT,Read1,ReadPos 50 N Bases,350988
POSITIONAL BASE CONTENT,Read1,ReadPos 51 N Bases,584
POSITIONAL BASE CONTENT,Read1,ReadPos 52 N Bases,23465
POSITIONAL BASE CONTENT,Read1,ReadPos 53 N Bases,95093
POSITIONAL BASE CONTENT,Read1,ReadPos 54 N Bases,20500
POSITIONAL BASE CONTENT,Read1,ReadPos 55 N Bases,2223896
POSITIONAL BASE CONTENT,Read1,ReadPos 56 N Bases,855405
POSITIONAL BASE CONTENT,Read1,ReadPos 57 N Bases,76153
POSITIONAL BASE CONTENT,Read1,ReadPos 58 N Bases,301313
POSITIONAL BASE CONTENT,Read1,ReadPos 59 N Bases,47966
POSITIONAL BASE CONTENT,Read1,ReadPos 60 N Bases,727936
POSITIONAL BASE CONTENT,Read1,ReadPos 61 N Bases,31769
POSITIONAL BASE CONTENT,Read1,ReadPos 62 N Bases,1148825
POSITIONAL BASE CONTENT,Read1,ReadPos 63 N Bases,1405450
POSITIONAL BASE CONTENT,Read1,ReadPos 64 N Bases,1581785
POSITIONAL BASE CONTENT,Read1,ReadPos 65 N Bases,1932
POSITIONAL BASE CONTENT,Read1,ReadPos 66 N Bases,14574
POSITIONAL BASE CONTENT,Read1,ReadPos 67 N Bases,2618403
POSITIONAL BASE CONTENT,Read1,ReadPos 68 N Bases,1480615
POSITIONAL BASE CONTENT,Read1,ReadPos 69 N Bases,699039
POSITIONAL BASE CONTENT,Read1,ReadPos 70 N Bases,749151
POSITIONAL BASE CONTENT,Read1,ReadPos 71 N Bases,762432
POSITIONAL BASE CONTENT,Read1,ReadPos 72 N Bases,7278
POSITIONAL BASE CONTENT,Read1,ReadPos 73 N Bases,365943
POSITIONAL BASE CONTENT,Read1,ReadPos 74 N Bases,361792
POSITIONAL BASE CONTENT,Read1,ReadPos 75 N Bases,3281
POSITIONAL BASE CONTENT,Read1,ReadPos 76 N Bases,635366
POSITIONAL BASE CONTENT,Read1,ReadPos 77 N Bases,54805
POSITIONAL BASE CONTENT,Read1,ReadPos 78 N Bases,280
POSITIONAL BASE CONTENT,Read1,ReadPos 79 N Bases,64
POSITIONAL BASE CONTENT,Read1,ReadPos 80 N Bases,955
POSITIONAL BASE CONTENT,Read1,ReadPos 81 N Bases,53526
POSITIONAL BASE CONTENT,Read1,ReadPos 82 N Bases,1437638
POSITIONAL BASE CONTENT,Read1,ReadPos 83 N Bases,1561732
POSITIONAL BASE CONTENT,Read1,ReadPos 84 N Bases,393250
POSITIONAL BASE CONTENT,Read1,ReadPos 85 N Bases,769750
POSITIONAL BASE CONTENT,Read1,ReadPos 86 N Bases,22697
POSITIONAL BASE CONTENT,Read1,ReadPos 87 N Bases,18862
POSITIONAL BASE CONTENT,Read1,ReadPos 88 N Bases,1395244
POSITIONAL BASE CONTENT,Read1,ReadPos 89 N Bases,1483228
POSITIONAL BASE CONTENT,Read1,ReadPos 90 N Bases,292
POSITIONAL BASE CONTENT,Read1,ReadPos 91 N Bases,652082
POSITIONAL BASE CONTENT,Read1,ReadPos 92 N Bases,972296
POSITIONAL BASE CONTENT,Read1,ReadPos 93 N Bases,1177720
POSITIONAL BASE CONTENT,Read1,ReadPos 94 N Bases,726340
POSITIONAL BASE CONTENT,Read1,ReadPos 95 N Bases,311
POSITIONAL BASE CONTENT,Read1,ReadPos 96 N Bases,589278
POSITIONAL BASE CONTENT,Read1,ReadPos 97 N Bases,90757
POSITIONAL BASE CONTENT,Read1,ReadPos 98 N Bases,2618012
POSITIONAL BASE CONTENT,Read1,ReadPos 99 N Bases,818814
POSITIONAL BASE CONTENT,Read1,ReadPos 100 N Bases,2346149
POSITIONAL BASE CONTENT,Read1,ReadPos 101 N Bases,6580
POSITIONAL BASE CONTENT,Read1,ReadPos 102 N Bases,472991
POSITIONAL BASE CONTENT,Read1,ReadPos 103 N Bases,53837
POSITIONAL BASE CONTENT,Read1,ReadPos 104 N Bases,223726
POSITIONAL BASE CONTENT,Read1,ReadPos 105 N Bases,37234
POSITIONAL BASE CONTENT,Read1,ReadPos 106 N Bases,177
POSITIONAL BASE CONTENT,Read1,ReadPos 107 N Bases,1236
POSITIONAL BASE CONTENT,Read1,ReadPos 108 N Bases,330175
POSITIONAL BASE CONTENT,Read1,ReadPos 109 N Bases,2922234
POSITIONAL BASE CONTENT,Read1,ReadPos 110 N Bases,1425756
POSITIONAL BASE CONTENT,Read1,ReadPos 111 N Bases,1090380
POSITIONAL BASE CONTENT,Read1,ReadPos 112 N Bases,30569
POSITIONAL BASE CONTENT,Read1,ReadPos 113 N Bases,0
POSITIONAL BASE CONTENT,Read1,ReadPos 114 N Bases,107981
POSITIONAL BASE CONTENT,Read1,ReadPos 115 N Bases,366519
POSITIONAL BASE CONTENT,Read1,ReadPos 116 N Bases,1032
POSITIONAL BASE CONTENT,Read1,ReadPos 117 N Bases,191
POSITIONAL BASE CONTENT,Read1,ReadPos 118 N Bases,24327
POSITIONAL BASE CONTENT,Read1,ReadPos 119 N Bases,1096644
POSITIONAL BASE CONTENT,Read1,ReadPos 120 N Bases,3994
POSITIONAL BASE CONTENT,Read1,ReadPos 121 N Bases,1203
POSITIONAL BASE CONTENT,Read1,ReadPos 122 N Bases,723486
POSITIONAL BASE CONTENT,Read1,ReadPos 123 N Bases,8336
POSITIONAL BASE CONTENT,Read1,ReadPos 124 N Bases,1118708
POSITIONAL BASE CONTENT,Read1,ReadPos 125 N Bases,753814
POSITIONAL BASE CONTENT,Read1,ReadPos 126 N Bases,9197
POSITIONAL BASE CONTENT,Read1,ReadPos 127 N Bases,308882
POSITIONAL BASE CONTENT,Read1,ReadPos 128 N Bases,765927
POSITIONAL BASE CONTENT,Read1,ReadPos 129 N Bases,110
POSITIONAL BASE CONTENT,Read1,ReadPos 130 N Bases,770945
POSITIONAL BASE CONTENT,Read1,ReadPos 131 N Bases,30012
POSITIONAL BASE CONTENT,Read1,ReadPos 132 N Bases,394622
POSITIONAL BASE CONTENT,Read1,ReadPos 133 N Bases,797306
POSITIONAL BASE CONTENT,Read1,ReadPos 134 N Bases,1375
POSITIONAL BASE CONTENT,Read1,ReadPos 135 N Bases,689942
POSITIONAL BASE CONTENT,Read1,ReadPos 136 N Bases,750361
POSITIONAL BASE CONTENT,Read1,ReadPos 137 N Bases,1043935
POSITIONAL BASE CONTENT,Read1,ReadPos 138 N Bases,746896
POSITIONAL BASE CONTENT,Read1,ReadPos 139 N Bases,2018
POSITIONAL BASE CONTENT,Read1,ReadPos 140 N Bases,361713
POSITIONAL BASE CONTENT,Read1,ReadPos 141 N Bases,1650419
POSITIONAL BASE CONTENT,Read1,ReadPos 142 N Bases,3209
POSITIONAL BASE CONTENT,Read1,ReadPos 143 N Bases,1168713
POSITIONAL BASE CONTENT,Read1,ReadPos 144 N Bases,37796
POSITIONAL BASE CONTENT,Read1,ReadPos 145 N Bases,390766
POSITIONAL BASE CONTENT,Read1,ReadPos 146 N Bases,1327061
POSITIONAL BASE CONTENT,Read1,ReadPos 147 N Bases,1551716
POSITIONAL BASE CONTENT,Read1,ReadPos 148 N Bases,120498
POSITIONAL BASE CONTENT,Read1,ReadPos 149 N Bases,32006
POSITIONAL BASE CONTENT,Read1,ReadPos 150 N Bases,2295758
POSITIONAL BASE CONTENT,Read1,ReadPos 151 N Bases,95879
READ LENGTHS,Read1,20bp Length Reads,2177
READ LENGTHS,Read1,21bp Length Reads,3723
READ LENGTHS,Read1,22bp Length Reads,3357
READ LENGTHS,Read1,23bp Length Reads,4511
READ LENGTHS,Read1,24bp Length Reads,6215
READ LENGTHS,Read1,25bp Length Reads,6525
READ LENGTHS,Read1,26bp Length Reads,13787
READ LENGTHS,Read1,27bp Length Reads,77428
READ LENGTHS,Read1,28bp Length Reads,110798
READ LENGTHS,Read1,29bp Length Reads,146037
READ LENGTHS,Read1,30bp Length Reads,148760
READ LENGTHS,Read1,31bp Length Reads,193047
READ LENGTHS,Read1,32bp Length Reads,311112
READ LENGTHS,Read1,33bp Length Reads,458800
READ LENGTHS,Read1,34bp Length Reads,531923
READ LENGTHS,Read1,35bp Length Reads,466074
READ LENGTHS,Read1,36bp Length Reads,303009
READ LENGTHS,Read1,37bp Length Reads,175674
READ LENGTHS,Read1,38bp Length Reads,155073
READ LENGTHS,Read1,39bp Length Reads,219978
READ LENGTHS,Read1,40bp Length Reads,298361
READ LENGTHS,Read1,41bp Length Reads,402443
READ LENGTHS,Read1,42bp Length Reads,528450
READ LENGTHS,Read1,43bp Length Reads,667349
READ LENGTHS,Read1,44bp Length Reads,762887
READ LENGTHS,Read1,45bp Length Reads,661580
READ LENGTHS,Read1,46bp Length Reads,439331
READ LENGTHS,Read1,47bp Length Reads,263454
READ LENGTHS,Read1,48bp Length Reads,207983
READ LENGTHS,Read1,49bp Length Reads,264049
READ LENGTHS,Read1,50bp Length Reads,353070
READ LENGTHS,Read1,51bp Length Reads,484669
READ LENGTHS,Read1,52bp Length Reads,599474
READ LENGTHS,Read1,53bp Length Reads,714653
READ LENGTHS,Read1,54bp Length Reads,794948
READ LENGTHS,Read1,55bp Length Reads,716728
READ LENGTHS,Read1,56bp Length Reads,555128
READ LENGTHS,Read1,57bp Length Reads,372459
READ LENGTHS,Read1,58bp Length Reads,277815
READ LENGTHS,Read1,59bp Length Reads,303838
READ LENGTHS,Read1,60bp Length Reads,398240
READ LENGTHS,Read1,61bp Length Reads,535432
READ LENGTHS,Read1,62bp Length Reads,689400
READ LENGTHS,Read1,63bp Length Reads,805616
READ LENGTHS,Read1,64bp Length Reads,903525
READ LENGTHS,Read1,65bp Length Reads,834317
READ LENGTHS,Read1,66bp Length Reads,684408
READ LENGTHS,Read1,67bp Length Reads,497984
READ LENGTHS,Read1,68bp Length Reads,360872
READ LENGTHS,Read1,69bp Length Reads,360994
READ LENGTHS,Read1,70bp Length Reads,439514
READ LENGTHS,Read1,71bp Length Reads,613929
READ LENGTHS,Read1,72bp Length Reads,779671
READ LENGTHS,Read1,73bp Length Reads,902173
READ LENGTHS,Read1,74bp Length Reads,1003750
READ LENGTHS,Read1,75bp Length Reads,948488
READ LENGTHS,Read1,76bp Length Reads,844356
READ LENGTHS,Read1,77bp Length Reads,672212
READ LENGTHS,Read1,78bp Length Reads,496442
READ LENGTHS,Read1,79bp Length Reads,447738
READ LENGTHS,Read1,80bp Length Reads,490357
READ LENGTHS,Read1,81bp Length Reads,662038
READ LENGTHS,Read1,82bp Length Reads,841690
READ LENGTHS,Read1,83bp Length Reads,1008655
READ LENGTHS,Read1,84bp Length Reads,1142016
READ LENGTHS,Read1,85bp Length Reads,1128655
READ LENGTHS,Read1,86bp Length Reads,1041410
READ LENGTHS,Read1,87bp Length Reads,858816
READ LENGTHS,Read1,88bp Length Reads,657321
READ LENGTHS,Read1,89bp Length Reads,562947
READ LENGTHS,Read1,90bp Length Reads,561849
READ LENGTHS,Read1,91bp Length Reads,703029
READ LENGTHS,Read1,92bp Length Reads,891512
READ LENGTHS,Read1,93bp Length Reads,1114458
READ LENGTHS,Read1,94bp Length Reads,1267241
READ LENGTHS,Read1,95bp Length Reads,1325342
READ LENGTHS,Read1,96bp Length Reads,1235993
READ LENGTHS,Read1,97bp Length Reads,1057147
READ LENGTHS,Read1,98bp Length Reads,838602
READ LENGTHS,Read1,99bp Length Reads,702920
READ LENGTHS,Read1,100bp Length Reads,668022
READ LENGTHS,Read1,101bp Length Reads,766229
READ LENGTHS,Read1,102bp Length Reads,961832
READ LENGTHS,Read1,103bp Length Reads,1186396
READ LENGTHS,Read1,104bp Length Reads,1386746
READ LENGTHS,Read1,105bp Length Reads,1481643
READ LENGTHS,Read1,106bp Length Reads,1441383
READ LENGTHS,Read1,107bp Length Reads,1279297
READ LENGTHS,Read1,108bp Length Reads,1066293
READ LENGTHS,Read1,109bp Length Reads,880253
READ LENGTHS,Read1,110bp Length Reads,801140
READ LENGTHS,Read1,111bp Length Reads,852115
READ LENGTHS,Read1,112bp Length Reads,1041665
READ LENGTHS,Read1,113bp Length Reads,1254442
READ LENGTHS,Read1,114bp Length Reads,1499449
READ LENGTHS,Read1,115bp Length Reads,1632994
READ LENGTHS,Read1,116bp Length Reads,1630002
READ LENGTHS,Read1,117bp Length Reads,1522316
READ LENGTHS,Read1,118bp Length Reads,1335434
READ LENGTHS,Read1,119bp Length Reads,1128450
READ LENGTHS,Read1,120bp Length Reads,989280
READ LENGTHS,Read1,121bp Length Reads,976222
READ LENGTHS,Read1,122bp Length Reads,1115168
READ LENGTHS,Read1,123bp Length Reads,1336125
READ LENGTHS,Read1,124bp Length Reads,1619169
READ LENGTHS,Read1,125bp Length Reads,1810108
READ LENGTHS,Read1,126bp Length Reads,1840946
READ LENGTHS,Read1,127bp Length Reads,1780259
READ LENGTHS,Read1,128bp Length Reads,1603388
READ LENGTHS,Read1,129bp Length Reads,1419518
READ LENGTHS,Read1,130bp Length Reads,1225569
READ LENGTHS,Read1,131bp Length Reads,1151721
READ LENGTHS,Read1,132bp Length Reads,1241533
READ LENGTHS,Read1,133bp Length Reads,1487069
READ LENGTHS,Read1,134bp Length Reads,1784141
READ LENGTHS,Read1,135bp Length Reads,2016973
READ LENGTHS,Read1,136bp Length Reads,2116708
READ LENGTHS,Read1,137bp Length Reads,2099029
READ LENGTHS,Read1,138bp Length Reads,1967706
READ LENGTHS,Read1,139bp Length Reads,1794980
READ LENGTHS,Read1,140bp Length Reads,1669386
READ LENGTHS,Read1,141bp Length Reads,1545758
READ LENGTHS,Read1,142bp Length Reads,1682485
READ LENGTHS,Read1,143bp Length Reads,2357055
READ LENGTHS,Read1,144bp Length Reads,3429870
READ LENGTHS,Read1,145bp Length Reads,6970140
READ LENGTHS,Read1,146bp Length Reads,14448085
READ LENGTHS,Read1,147bp Length Reads,30614505
READ LENGTHS,Read1,148bp Length Reads,62427814
READ LENGTHS,Read1,149bp Length Reads,187365419
READ LENGTHS,Read1,150bp Length Reads,755858081
READ LENGTHS,Read1,151bp Length Reads,1749226642
READ GC CONTENT,Read1,0% GC Reads,7253
READ GC CONTENT,Read1,1% GC Reads,8983
READ GC CONTENT,Read1,2% GC Reads,15293
READ GC CONTENT,Read1,3% GC Reads,26210
READ GC CONTENT,Read1,4% GC Reads,37456
READ GC CONTENT,Read1,5% GC Reads,49239
READ GC CONTENT,Read1,6% GC Reads,66562
READ GC CONTENT,Read1,7% GC Reads,93827
READ GC CONTENT,Read1,8% GC Reads,160987
READ GC CONTENT,Read1,9% GC Reads,249096
READ GC CONTENT,Read1,10% GC Reads,353376
READ GC CONTENT,Read1,11% GC Reads,492488
READ GC CONTENT,Read1,12% GC Reads,640430
READ GC CONTENT,Read1,13% GC Reads,773880
READ GC CONTENT,Read1,14% GC Reads,811262
READ GC CONTENT,Read1,15% GC Reads,793143
READ GC CONTENT,Read1,16% GC Reads,891267
READ GC CONTENT,Read1,17% GC Reads,1147109
READ GC CONTENT,Read1,18% GC Reads,1808986
READ GC CONTENT,Read1,19% GC Reads,2948778
READ GC CONTENT,Read1,20% GC Reads,4733047
READ GC CONTENT,Read1,21% GC Reads,6953209
READ GC CONTENT,Read1,22% GC Reads,10137922
READ GC CONTENT,Read1,23% GC Reads,14174486
READ GC CONTENT,Read1,24% GC Reads,19396245
READ GC CONTENT,Read1,25% GC Reads,26838804
READ GC CONTENT,Read1,26% GC Reads,34252201
READ GC CONTENT,Read1,27% GC Reads,42908861
READ GC CONTENT,Read1,28% GC Reads,52133929
READ GC CONTENT,Read1,29% GC Reads,61492689
READ GC CONTENT,Read1,30% GC Reads,70697695
READ GC CONTENT,Read1,31% GC Reads,79556683
READ GC CONTENT,Read1,32% GC Reads,88010176
READ GC CONTENT,Read1,33% GC Reads,96066834
READ GC CONTENT,Read1,34% GC Reads,103772094
READ GC CONTENT,Read1,35% GC Reads,111297800
READ GC CONTENT,Read1,36% GC Reads,118489705
READ GC CONTENT,Read1,37% GC Reads,123660778
READ GC CONTENT,Read1,38% GC Reads,126088047
READ GC CONTENT,Read1,39% GC Reads,125123057
READ GC CONTENT,Read1,40% GC Reads,121525326
READ GC CONTENT,Read1,41% GC Reads,115627197
READ GC CONTENT,Read1,42% GC Reads,108152721
READ GC CONTENT,Read1,43% GC Reads,99910033
READ GC CONTENT,Read1,44% GC Reads,92909765
READ GC CONTENT,Read1,45% GC Reads,87874882
READ GC CONTENT,Read1,46% GC Reads,84010054
READ GC CONTENT,Read1,47% GC Reads,81268229
READ GC CONTENT,Read1,48% GC Reads,79337380
READ GC CONTENT,Read1,49% GC Reads,78100185
READ GC CONTENT,Read1,50% GC Reads,77020216
READ GC CONTENT,Read1,51% GC Reads,74967350
READ GC CONTENT,Read1,52% GC Reads,71137682
READ GC CONTENT,Read1,53% GC Reads,64475929
READ GC CONTENT,Read1,54% GC Reads,56248800
READ GC CONTENT,Read1,55% GC Reads,47675563
READ GC CONTENT,Read1,56% GC Reads,39751207
READ GC CONTENT,Read1,57% GC Reads,33246419
READ GC CONTENT,Read1,58% GC Reads,27884727
READ GC CONTENT,Read1,59% GC Reads,23654034
READ GC CONTENT,Read1,60% GC Reads,20203755
READ GC CONTENT,Read1,61% GC Reads,17355593
READ GC CONTENT,Read1,62% GC Reads,14930293
READ GC CONTENT,Read1,63% GC Reads,12824946
READ GC CONTENT,Read1,64% GC Reads,10934641
READ GC CONTENT,Read1,65% GC Reads,9222776
READ GC CONTENT,Read1,66% GC Reads,7675022
READ GC CONTENT,Read1,67% GC Reads,6265420
READ GC CONTENT,Read1,68% GC Reads,5049002
READ GC CONTENT,Read1,69% GC Reads,4040799
READ GC CONTENT,Read1,70% GC Reads,3218361
READ GC CONTENT,Read1,71% GC Reads,2593835
READ GC CONTENT,Read1,72% GC Reads,2103204
READ GC CONTENT,Read1,73% GC Reads,1710706
READ GC CONTENT,Read1,74% GC Reads,1397384
READ GC CONTENT,Read1,75% GC Reads,1178221
READ GC CONTENT,Read1,76% GC Reads,970971
READ GC CONTENT,Read1,77% GC Reads,842162
READ GC CONTENT,Read1,78% GC Reads,706403
READ GC CONTENT,Read1,79% GC Reads,567283
READ GC CONTENT,Read1,80% GC Reads,440768
READ GC CONTENT,Read1,81% GC Reads,322733
READ GC CONTENT,Read1,82% GC Reads,232635
READ GC CONTENT,Read1,83% GC Reads,152754
READ GC CONTENT,Read1,84% GC Reads,93591
READ GC CONTENT,Read1,85% GC Reads,51545
READ GC CONTENT,Read1,86% GC Reads,28671
READ GC CONTENT,Read1,87% GC Reads,14859
READ GC CONTENT,Read1,88% GC Reads,8755
READ GC CONTENT,Read1,89% GC Reads,6186
READ GC CONTENT,Read1,90% GC Reads,4590
READ GC CONTENT,Read1,91% GC Reads,3309
READ GC CONTENT,Read1,92% GC Reads,2536
READ GC CONTENT,Read1,93% GC Reads,1967
READ GC CONTENT,Read1,94% GC Reads,1603
READ GC CONTENT,Read1,95% GC Reads,1414
READ GC CONTENT,Read1,96% GC Reads,1481
READ GC CONTENT,Read1,97% GC Reads,1707
READ GC CONTENT,Read1,98% GC Reads,2257
READ GC CONTENT,Read1,99% GC Reads,2082
READ GC CONTENT,Read1,100% GC Reads,883
READ GC CONTENT QUALITY,Read1,0% GC Reads Average Quality,39.11
READ GC CONTENT QUALITY,Read1,1% GC Reads Average Quality,38.93
READ GC CONTENT QUALITY,Read1,2% GC Reads Average Quality,38.90
READ GC CONTENT QUALITY,Read1,3% GC Reads Average Quality,38.94
READ GC CONTENT QUALITY,Read1,4% GC Reads Average Quality,38.87
READ GC CONTENT QUALITY,Read1,5% GC Reads Average Quality,38.83
READ GC CONTENT QUALITY,Read1,6% GC Reads Average Quality,38.85
READ GC CONTENT QUALITY,Read1,7% GC Reads Average Quality,38.89
READ GC CONTENT QUALITY,Read1,8% GC Reads Average Quality,38.98
READ GC CONTENT QUALITY,Read1,9% GC Reads Average Quality,39.00
READ GC CONTENT QUALITY,Read1,10% GC Reads Average Quality,38.97
READ GC CONTENT QUALITY,Read1,11% GC Reads Average Quality,38.96
READ GC CONTENT QUALITY,Read1,12% GC Reads Average Quality,38.93
READ GC CONTENT QUALITY,Read1,13% GC Reads Average Quality,38.89
READ GC CONTENT QUALITY,Read1,14% GC Reads Average Quality,38.82
READ GC CONTENT QUALITY,Read1,15% GC Reads Average Quality,38.73
READ GC CONTENT QUALITY,Read1,16% GC Reads Average Quality,38.76
READ GC CONTENT QUALITY,Read1,17% GC Reads Average Quality,38.83
READ GC CONTENT QUALITY,Read1,18% GC Reads Average Quality,38.91
READ GC CONTENT QUALITY,Read1,19% GC Reads Average Quality,38.96
READ GC CONTENT QUALITY,Read1,20% GC Reads Average Quality,38.95
READ GC CONTENT QUALITY,Read1,21% GC Reads Average Quality,38.93
READ GC CONTENT QUALITY,Read1,22% GC Reads Average Quality,38.91
READ GC CONTENT QUALITY,Read1,23% GC Reads Average Quality,38.89
READ GC CONTENT QUALITY,Read1,24% GC Reads Average Quality,38.87
READ GC CONTENT QUALITY,Read1,25% GC Reads Average Quality,38.85
READ GC CONTENT QUALITY,Read1,26% GC Reads Average Quality,38.83
READ GC CONTENT QUALITY,Read1,27% GC Reads Average Quality,38.81
READ GC CONTENT QUALITY,Read1,28% GC Reads Average Quality,38.79
READ GC CONTENT QUALITY,Read1,29% GC Reads Average Quality,38.77
READ GC CONTENT QUALITY,Read1,30% GC Reads Average Quality,38.75
READ GC CONTENT QUALITY,Read1,31% GC Reads Average Quality,38.73
READ GC CONTENT QUALITY,Read1,32% GC Reads Average Quality,38.71
READ GC CONTENT QUALITY,Read1,33% GC Reads Average Quality,38.70
READ GC CONTENT QUALITY,Read1,34% GC Reads Average Quality,38.69
READ GC CONTENT QUALITY,Read1,35% GC Reads Average Quality,38.68
READ GC CONTENT QUALITY,Read1,36% GC Reads Average Quality,38.67
READ GC CONTENT QUALITY,Read1,37% GC Reads Average Quality,38.66
READ GC CONTENT QUALITY,Read1,38% GC Reads Average Quality,38.65
READ GC CONTENT QUALITY,Read1,39% GC Reads Average Quality,38.62
READ GC CONTENT QUALITY,Read1,40% GC Reads Average Quality,38.59
READ GC CONTENT QUALITY,Read1,41% GC Reads Average Quality,38.56
READ GC CONTENT QUALITY,Read1,42% GC Reads Average Quality,38.53
READ GC CONTENT QUALITY,Read1,43% GC Reads Average Quality,38.50
READ GC CONTENT QUALITY,Read1,44% GC Reads Average Quality,38.47
READ GC CONTENT QUALITY,Read1,45% GC Reads Average Quality,38.46
READ GC CONTENT QUALITY,Read1,46% GC Reads Average Quality,38.45
READ GC CONTENT QUALITY,Read1,47% GC Reads Average Quality,38.45
READ GC CONTENT QUALITY,Read1,48% GC Reads Average Quality,38.46
READ GC CONTENT QUALITY,Read1,49% GC Reads Average Quality,38.47
READ GC CONTENT QUALITY,Read1,50% GC Reads Average Quality,38.49
READ GC CONTENT QUALITY,Read1,51% GC Reads Average Quality,38.52
READ GC CONTENT QUALITY,Read1,52% GC Reads Average Quality,38.53
READ GC CONTENT QUALITY,Read1,53% GC Reads Average Quality,38.53
READ GC CONTENT QUALITY,Read1,54% GC Reads Average Quality,38.53
READ GC CONTENT QUALITY,Read1,55% GC Reads Average Quality,38.52
READ GC CONTENT QUALITY,Read1,56% GC Reads Average Quality,38.51
READ GC CONTENT QUALITY,Read1,57% GC Reads Average Quality,38.50
READ GC CONTENT QUALITY,Read1,58% GC Reads Average Quality,38.51
READ GC CONTENT QUALITY,Read1,59% GC Reads Average Quality,38.51
READ GC CONTENT QUALITY,Read1,60% GC Reads Average Quality,38.51
READ GC CONTENT QUALITY,Read1,61% GC Reads Average Quality,38.51
READ GC CONTENT QUALITY,Read1,62% GC Reads Average Quality,38.51
READ GC CONTENT QUALITY,Read1,63% GC Reads Average Quality,38.50
READ GC CONTENT QUALITY,Read1,64% GC Reads Average Quality,38.49
READ GC CONTENT QUALITY,Read1,65% GC Reads Average Quality,38.46
READ GC CONTENT QUALITY,Read1,66% GC Reads Average Quality,38.44
READ GC CONTENT QUALITY,Read1,67% GC Reads Average Quality,38.39
READ GC CONTENT QUALITY,Read1,68% GC Reads Average Quality,38.33
READ GC CONTENT QUALITY,Read1,69% GC Reads Average Quality,38.26
READ GC CONTENT QUALITY,Read1,70% GC Reads Average Quality,38.18
READ GC CONTENT QUALITY,Read1,71% GC Reads Average Quality,38.10
READ GC CONTENT QUALITY,Read1,72% GC Reads Average Quality,38.00
READ GC CONTENT QUALITY,Read1,73% GC Reads Average Quality,37.89
READ GC CONTENT QUALITY,Read1,74% GC Reads Average Quality,37.77
READ GC CONTENT QUALITY,Read1,75% GC Reads Average Quality,37.67
READ GC CONTENT QUALITY,Read1,76% GC Reads Average Quality,37.58
READ GC CONTENT QUALITY,Read1,77% GC Reads Average Quality,37.54
READ GC CONTENT QUALITY,Read1,78% GC Reads Average Quality,37.51
READ GC CONTENT QUALITY,Read1,79% GC Reads Average Quality,37.46
READ GC CONTENT QUALITY,Read1,80% GC Reads Average Quality,37.43
READ GC CONTENT QUALITY,Read1,81% GC Reads Average Quality,37.38
READ GC CONTENT QUALITY,Read1,82% GC Reads Average Quality,37.38
READ GC CONTENT QUALITY,Read1,83% GC Reads Average Quality,37.34
READ GC CONTENT QUALITY,Read1,84% GC Reads Average Quality,37.16
READ GC CONTENT QUALITY,Read1,85% GC Reads Average Quality,36.73
READ GC CONTENT QUALITY,Read1,86% GC Reads Average Quality,36.04
READ GC CONTENT QUALITY,Read1,87% GC Reads Average Quality,34.74
READ GC CONTENT QUALITY,Read1,88% GC Reads Average Quality,33.30
READ GC CONTENT QUALITY,Read1,89% GC Reads Average Quality,32.58
READ GC CONTENT QUALITY,Read1,90% GC Reads Average Quality,32.26
READ GC CONTENT QUALITY,Read1,91% GC Reads Average Quality,31.84
READ GC CONTENT QUALITY,Read1,92% GC Reads Average Quality,31.44
READ GC CONTENT QUALITY,Read1,93% GC Reads Average Quality,30.97
READ GC CONTENT QUALITY,Read1,94% GC Reads Average Quality,30.53
READ GC CONTENT QUALITY,Read1,95% GC Reads Average Quality,30.53
READ GC CONTENT QUALITY,Read1,96% GC Reads Average Quality,31.20
READ GC CONTENT QUALITY,Read1,97% GC Reads Average Quality,32.30
READ GC CONTENT QUALITY,Read1,98% GC Reads Average Quality,34.17
READ GC CONTENT QUALITY,Read1,99% GC Reads Average Quality,35.46
READ GC CONTENT QUALITY,Read1,100% GC Reads Average Quality,35.26
SEQUENCE POSITIONS,Read1,'AGATCGGAAGAG' 1bp Starts,2
SEQUENCE POSITIONS,Read1,'AGATCGGAAGAG' 2bp Starts,9
SEQUENCE POSITIONS,Read1,'AGATCGGAAGAG' 3bp Starts,2
SEQUENCE POSITIONS,Read1,'AGATCGGAAGAG' 4bp Starts,1
SEQUENCE POSITIONS,Read1,'AGATCGGAAGAG' 5bp Starts,33
SEQUENCE POSITIONS,Read1,'AGATCGGAAGAG' 6bp Starts,27
SEQUENCE POSITIONS,Read1,'AGATCGGAAGAG' 7bp Starts,15
SEQUENCE POSITIONS,Read1,'AGATCGGAAGAG' 8bp Starts,41
SEQUENCE POSITIONS,Read1,'AGATCGGAAGAG' 9bp Starts,46
SEQUENCE POSITIONS,Read1,'AGATCGGAAGAG' 10bp Starts,80
SEQUENCE POSITIONS,Read1,'AGATCGGAAGAG' 11bp Starts,29
SEQUENCE POSITIONS,Read1,'AGATCGGAAGAG' 12bp Starts,16
SEQUENCE POSITIONS,Read1,'AGATCGGAAGAG' 13bp Starts,17
SEQUENCE POSITIONS,Read1,'AGATCGGAAGAG' 14bp Starts,34
SEQUENCE POSITIONS,Read1,'AGATCGGAAGAG' 15bp Starts,27
SEQUENCE POSITIONS,Read1,'AGATCGGAAGAG' 16bp Starts,14
SEQUENCE POSITIONS,Read1,'AGATCGGAAGAG' 17bp Starts,24
SEQUENCE POSITIONS,Read1,'AGATCGGAAGAG' 18bp Starts,11
SEQUENCE POSITIONS,Read1,'AGATCGGAAGAG' 19bp Starts,39
SEQUENCE POSITIONS,Read1,'AGATCGGAAGAG' 20bp Starts,36
SEQUENCE POSITIONS,Read1,'AGATCGGAAGAG' 21bp Starts,25
SEQUENCE POSITIONS,Read1,'AGATCGGAAGAG' 22bp Starts,37
SEQUENCE POSITIONS,Read1,'AGATCGGAAGAG' 23bp Starts,29
SEQUENCE POSITIONS,Read1,'AGATCGGAAGAG' 24bp Starts,44
SEQUENCE POSITIONS,Read1,'AGATCGGAAGAG' 25bp Starts,34
SEQUENCE POSITIONS,Read1,'AGATCGGAAGAG' 26bp Starts,23
SEQUENCE POSITIONS,Read1,'AGATCGGAAGAG' 27bp Starts,23
SEQUENCE POSITIONS,Read1,'AGATCGGAAGAG' 28bp Starts,30
SEQUENCE POSITIONS,Read1,'AGATCGGAAGAG' 29bp Starts,16
SEQUENCE POSITIONS,Read1,'AGATCGGAAGAG' 30bp Starts,26
SEQUENCE POSITIONS,Read1,'AGATCGGAAGAG' 31bp Starts,29
SEQUENCE POSITIONS,Read1,'AGATCGGAAGAG' 32bp Starts,11
SEQUENCE POSITIONS,Read1,'AGATCGGAAGAG' 33bp Starts,29
SEQUENCE POSITIONS,Read1,'AGATCGGAAGAG' 34bp Starts,16
SEQUENCE POSITIONS,Read1,'AGATCGGAAGAG' 35bp Starts,38
SEQUENCE POSITIONS,Read1,'AGATCGGAAGAG' 36bp Starts,64
SEQUENCE POSITIONS,Read1,'AGATCGGAAGAG' 37bp Starts,52
SEQUENCE POSITIONS,Read1,'AGATCGGAAGAG' 38bp Starts,56
SEQUENCE POSITIONS,Read1,'AGATCGGAAGAG' 39bp Starts,20
SEQUENCE POSITIONS,Read1,'AGATCGGAAGAG' 40bp Starts,42
SEQUENCE POSITIONS,Read1,'AGATCGGAAGAG' 41bp Starts,28
SEQUENCE POSITIONS,Read1,'AGATCGGAAGAG' 42bp Starts,32
SEQUENCE POSITIONS,Read1,'AGATCGGAAGAG' 43bp Starts,59
SEQUENCE POSITIONS,Read1,'AGATCGGAAGAG' 44bp Starts,23
SEQUENCE POSITIONS,Read1,'AGATCGGAAGAG' 45bp Starts,28
SEQUENCE POSITIONS,Read1,'AGATCGGAAGAG' 46bp Starts,28
SEQUENCE POSITIONS,Read1,'AGATCGGAAGAG' 47bp Starts,54
SEQUENCE POSITIONS,Read1,'AGATCGGAAGAG' 48bp Starts,21
SEQUENCE POSITIONS,Read1,'AGATCGGAAGAG' 49bp Starts,38
SEQUENCE POSITIONS,Read1,'AGATCGGAAGAG' 50bp Starts,22
SEQUENCE POSITIONS,Read1,'AGATCGGAAGAG' 51bp Starts,21
SEQUENCE POSITIONS,Read1,'AGATCGGAAGAG' 52bp Starts,24
SEQUENCE POSITIONS,Read1,'AGATCGGAAGAG' 53bp Starts,39
SEQUENCE POSITIONS,Read1,'AGATCGGAAGAG' 54bp Starts,28
SEQUENCE POSITIONS,Read1,'AGATCGGAAGAG' 55bp Starts,75
SEQUENCE POSITIONS,Read1,'AGATCGGAAGAG' 56bp Starts,42
SEQUENCE POSITIONS,Read1,'AGATCGGAAGAG' 57bp Starts,48
SEQUENCE POSITIONS,Read1,'AGATCGGAAGAG' 58bp Starts,27
SEQUENCE POSITIONS,Read1,'AGATCGGAAGAG' 59bp Starts,13
SEQUENCE POSITIONS,Read1,'AGATCGGAAGAG' 60bp Starts,32
SEQUENCE POSITIONS,Read1,'AGATCGGAAGAG' 61bp Starts,41
SEQUENCE POSITIONS,Read1,'AGATCGGAAGAG' 62bp Starts,47
SEQUENCE POSITIONS,Read1,'AGATCGGAAGAG' 63bp Starts,16
SEQUENCE POSITIONS,Read1,'AGATCGGAAGAG' 64bp Starts,14
SEQUENCE POSITIONS,Read1,'AGATCGGAAGAG' 65bp Starts,39
SEQUENCE POSITIONS,Read1,'AGATCGGAAGAG' 66bp Starts,32
SEQUENCE POSITIONS,Read1,'AGATCGGAAGAG' 67bp Starts,36
SEQUENCE POSITIONS,Read1,'AGATCGGAAGAG' 68bp Starts,43
SEQUENCE POSITIONS,Read1,'AGATCGGAAGAG' 69bp Starts,40
SEQUENCE POSITIONS,Read1,'AGATCGGAAGAG' 70bp Starts,21
SEQUENCE POSITIONS,Read1,'AGATCGGAAGAG' 71bp Starts,45
SEQUENCE POSITIONS,Read1,'AGATCGGAAGAG' 72bp Starts,31
SEQUENCE POSITIONS,Read1,'AGATCGGAAGAG' 73bp Starts,41
SEQUENCE POSITIONS,Read1,'AGATCGGAAGAG' 74bp Starts,32
SEQUENCE POSITIONS,Read1,'AGATCGGAAGAG' 75bp Starts,35
SEQUENCE POSITIONS,Read1,'AGATCGGAAGAG' 76bp Starts,38
SEQUENCE POSITIONS,Read1,'AGATCGGAAGAG' 77bp Starts,39
SEQUENCE POSITIONS,Read1,'AGATCGGAAGAG' 78bp Starts,27
SEQUENCE POSITIONS,Read1,'AGATCGGAAGAG' 79bp Starts,30
SEQUENCE POSITIONS,Read1,'AGATCGGAAGAG' 80bp Starts,36
SEQUENCE POSITIONS,Read1,'AGATCGGAAGAG' 81bp Starts,41
SEQUENCE POSITIONS,Read1,'AGATCGGAAGAG' 82bp Starts,29
SEQUENCE POSITIONS,Read1,'AGATCGGAAGAG' 83bp Starts,22
SEQUENCE POSITIONS,Read1,'AGATCGGAAGAG' 84bp Starts,19
SEQUENCE POSITIONS,Read1,'AGATCGGAAGAG' 85bp Starts,35
SEQUENCE POSITIONS,Read1,'AGATCGGAAGAG' 86bp Starts,33
SEQUENCE POSITIONS,Read1,'AGATCGGAAGAG' 87bp Starts,24
SEQUENCE POSITIONS,Read1,'AGATCGGAAGAG' 88bp Starts,47
SEQUENCE POSITIONS,Read1,'AGATCGGAAGAG' 89bp Starts,25
SEQUENCE POSITIONS,Read1,'AGATCGGAAGAG' 90bp Starts,30
SEQUENCE POSITIONS,Read1,'AGATCGGAAGAG' 91bp Starts,39
SEQUENCE POSITIONS,Read1,'AGATCGGAAGAG' 92bp Starts,29
SEQUENCE POSITIONS,Read1,'AGATCGGAAGAG' 93bp Starts,35
SEQUENCE POSITIONS,Read1,'AGATCGGAAGAG' 94bp Starts,25
SEQUENCE POSITIONS,Read1,'AGATCGGAAGAG' 95bp Starts,54
SEQUENCE POSITIONS,Read1,'AGATCGGAAGAG' 96bp Starts,20
SEQUENCE POSITIONS,Read1,'AGATCGGAAGAG' 97bp Starts,31
SEQUENCE POSITIONS,Read1,'AGATCGGAAGAG' 98bp Starts,31
SEQUENCE POSITIONS,Read1,'AGATCGGAAGAG' 99bp Starts,16
SEQUENCE POSITIONS,Read1,'AGATCGGAAGAG' 100bp Starts,28
SEQUENCE POSITIONS,Read1,'AGATCGGAAGAG' 101bp Starts,21
SEQUENCE POSITIONS,Read1,'AGATCGGAAGAG' 102bp Starts,17
SEQUENCE POSITIONS,Read1,'AGATCGGAAGAG' 103bp Starts,32
SEQUENCE POSITIONS,Read1,'AGATCGGAAGAG' 104bp Starts,18
SEQUENCE POSITIONS,Read1,'AGATCGGAAGAG' 105bp Starts,36
SEQUENCE POSITIONS,Read1,'AGATCGGAAGAG' 106bp Starts,47
SEQUENCE POSITIONS,Read1,'AGATCGGAAGAG' 107bp Starts,22
SEQUENCE POSITIONS,Read1,'AGATCGGAAGAG' 108bp Starts,44
SEQUENCE POSITIONS,Read1,'AGATCGGAAGAG' 109bp Starts,32
SEQUENCE POSITIONS,Read1,'AGATCGGAAGAG' 110bp Starts,15
SEQUENCE POSITIONS,Read1,'AGATCGGAAGAG' 111bp Starts,34
SEQUENCE POSITIONS,Read1,'AGATCGGAAGAG' 112bp Starts,45
SEQUENCE POSITIONS,Read1,'AGATCGGAAGAG' 113bp Starts,53
SEQUENCE POSITIONS,Read1,'AGATCGGAAGAG' 114bp Starts,35
SEQUENCE POSITIONS,Read1,'AGATCGGAAGAG' 115bp Starts,33
SEQUENCE POSITIONS,Read1,'AGATCGGAAGAG' 116bp Starts,33
SEQUENCE POSITIONS,Read1,'AGATCGGAAGAG' 117bp Starts,39
SEQUENCE POSITIONS,Read1,'AGATCGGAAGAG' 118bp Starts,37
SEQUENCE POSITIONS,Read1,'AGATCGGAAGAG' 119bp Starts,42
SEQUENCE POSITIONS,Read1,'AGATCGGAAGAG' 120bp Starts,35
SEQUENCE POSITIONS,Read1,'AGATCGGAAGAG' 121bp Starts,27
SEQUENCE POSITIONS,Read1,'AGATCGGAAGAG' 122bp Starts,38
SEQUENCE POSITIONS,Read1,'AGATCGGAAGAG' 123bp Starts,28
SEQUENCE POSITIONS,Read1,'AGATCGGAAGAG' 124bp Starts,29
SEQUENCE POSITIONS,Read1,'AGATCGGAAGAG' 125bp Starts,33
SEQUENCE POSITIONS,Read1,'AGATCGGAAGAG' 126bp Starts,37
SEQUENCE POSITIONS,Read1,'AGATCGGAAGAG' 127bp Starts,37
SEQUENCE POSITIONS,Read1,'AGATCGGAAGAG' 128bp Starts,27
SEQUENCE POSITIONS,Read1,'AGATCGGAAGAG' 129bp Starts,17
SEQUENCE POSITIONS,Read1,'AGATCGGAAGAG' 130bp Starts,33
SEQUENCE POSITIONS,Read1,'AGATCGGAAGAG' 131bp Starts,28
SEQUENCE POSITIONS,Read1,'AGATCGGAAGAG' 132bp Starts,23
SEQUENCE POSITIONS,Read1,'AGATCGGAAGAG' 133bp Starts,41
SEQUENCE POSITIONS,Read1,'AGATCGGAAGAG' 134bp Starts,37
SEQUENCE POSITIONS,Read1,'AGATCGGAAGAG' 135bp Starts,13
SEQUENCE POSITIONS,Read1,'AGATCGGAAGAG' 136bp Starts,38
SEQUENCE POSITIONS,Read1,'AGATCGGAAGAG' 137bp Starts,21
SEQUENCE POSITIONS,Read1,'AGATCGGAAGAG' 138bp Starts,9
SEQUENCE POSITIONS,Read1,'AGATCGGAAGAG' Total Sequence Starts,4311,0.00
SEQUENCE POSITIONS,Read1,'TGGAATTCTCGG' 2bp Starts,26
SEQUENCE POSITIONS,Read1,'TGGAATTCTCGG' 3bp Starts,9
SEQUENCE POSITIONS,Read1,'TGGAATTCTCGG' 4bp Starts,21
SEQUENCE POSITIONS,Read1,'TGGAATTCTCGG' 5bp Starts,55
SEQUENCE POSITIONS,Read1,'TGGAATTCTCGG' 6bp Starts,3
SEQUENCE POSITIONS,Read1,'TGGAATTCTCGG' 7bp Starts,7
SEQUENCE POSITIONS,Read1,'TGGAATTCTCGG' 8bp Starts,1
SEQUENCE POSITIONS,Read1,'TGGAATTCTCGG' 9bp Starts,9
SEQUENCE POSITIONS,Read1,'TGGAATTCTCGG' 10bp Starts,23
SEQUENCE POSITIONS,Read1,'TGGAATTCTCGG' 11bp Starts,53
SEQUENCE POSITIONS,Read1,'TGGAATTCTCGG' 12bp Starts,68
SEQUENCE POSITIONS,Read1,'TGGAATTCTCGG' 13bp Starts,37
SEQUENCE POSITIONS,Read1,'TGGAATTCTCGG' 14bp Starts,54
SEQUENCE POSITIONS,Read1,'TGGAATTCTCGG' 15bp Starts,59
SEQUENCE POSITIONS,Read1,'TGGAATTCTCGG' 16bp Starts,29
SEQUENCE POSITIONS,Read1,'TGGAATTCTCGG' 17bp Starts,31
SEQUENCE POSITIONS,Read1,'TGGAATTCTCGG' 18bp Starts,29
SEQUENCE POSITIONS,Read1,'TGGAATTCTCGG' 19bp Starts,41
SEQUENCE POSITIONS,Read1,'TGGAATTCTCGG' 20bp Starts,108
SEQUENCE POSITIONS,Read1,'TGGAATTCTCGG' 21bp Starts,38
SEQUENCE POSITIONS,Read1,'TGGAATTCTCGG' 22bp Starts,52
SEQUENCE POSITIONS,Read1,'TGGAATTCTCGG' 23bp Starts,40
SEQUENCE POSITIONS,Read1,'TGGAATTCTCGG' 24bp Starts,36
SEQUENCE POSITIONS,Read1,'TGGAATTCTCGG' 25bp Starts,88
SEQUENCE POSITIONS,Read1,'TGGAATTCTCGG' 26bp Starts,53
SEQUENCE POSITIONS,Read1,'TGGAATTCTCGG' 27bp Starts,31
SEQUENCE POSITIONS,Read1,'TGGAATTCTCGG' 28bp Starts,38
SEQUENCE POSITIONS,Read1,'TGGAATTCTCGG' 29bp Starts,76
SEQUENCE POSITIONS,Read1,'TGGAATTCTCGG' 30bp Starts,52
SEQUENCE POSITIONS,Read1,'TGGAATTCTCGG' 31bp Starts,37
SEQUENCE POSITIONS,Read1,'TGGAATTCTCGG' 32bp Starts,47
SEQUENCE POSITIONS,Read1,'TGGAATTCTCGG' 33bp Starts,47
SEQUENCE POSITIONS,Read1,'TGGAATTCTCGG' 34bp Starts,41
SEQUENCE POSITIONS,Read1,'TGGAATTCTCGG' 35bp Starts,38
SEQUENCE POSITIONS,Read1,'TGGAATTCTCGG' 36bp Starts,55
SEQUENCE POSITIONS,Read1,'TGGAATTCTCGG' 37bp Starts,139
SEQUENCE POSITIONS,Read1,'TGGAATTCTCGG' 38bp Starts,36
SEQUENCE POSITIONS,Read1,'TGGAATTCTCGG' 39bp Starts,64
SEQUENCE POSITIONS,Read1,'TGGAATTCTCGG' 40bp Starts,21
SEQUENCE POSITIONS,Read1,'TGGAATTCTCGG' 41bp Starts,36
SEQUENCE POSITIONS,Read1,'TGGAATTCTCGG' 42bp Starts,37
SEQUENCE POSITIONS,Read1,'TGGAATTCTCGG' 43bp Starts,29
SEQUENCE POSITIONS,Read1,'TGGAATTCTCGG' 44bp Starts,48
SEQUENCE POSITIONS,Read1,'TGGAATTCTCGG' 45bp Starts,25
SEQUENCE POSITIONS,Read1,'TGGAATTCTCGG' 46bp Starts,61
SEQUENCE POSITIONS,Read1,'TGGAATTCTCGG' 47bp Starts,40
SEQUENCE POSITIONS,Read1,'TGGAATTCTCGG' 48bp Starts,41
SEQUENCE POSITIONS,Read1,'TGGAATTCTCGG' 49bp Starts,30
SEQUENCE POSITIONS,Read1,'TGGAATTCTCGG' 50bp Starts,42
SEQUENCE POSITIONS,Read1,'TGGAATTCTCGG' 51bp Starts,60
SEQUENCE POSITIONS,Read1,'TGGAATTCTCGG' 52bp Starts,58
SEQUENCE POSITIONS,Read1,'TGGAATTCTCGG' 53bp Starts,38
SEQUENCE POSITIONS,Read1,'TGGAATTCTCGG' 54bp Starts,53
SEQUENCE POSITIONS,Read1,'TGGAATTCTCGG' 55bp Starts,48
SEQUENCE POSITIONS,Read1,'TGGAATTCTCGG' 56bp Starts,54
SEQUENCE POSITIONS,Read1,'TGGAATTCTCGG' 57bp Starts,30
SEQUENCE POSITIONS,Read1,'TGGAATTCTCGG' 58bp Starts,42
SEQUENCE POSITIONS,Read1,'TGGAATTCTCGG' 59bp Starts,38
SEQUENCE POSITIONS,Read1,'TGGAATTCTCGG' 60bp Starts,32
SEQUENCE POSITIONS,Read1,'TGGAATTCTCGG' 61bp Starts,36
SEQUENCE POSITIONS,Read1,'TGGAATTCTCGG' 62bp Starts,28
SEQUENCE POSITIONS,Read1,'TGGAATTCTCGG' 63bp Starts,47
SEQUENCE POSITIONS,Read1,'TGGAATTCTCGG' 64bp Starts,66
SEQUENCE POSITIONS,Read1,'TGGAATTCTCGG' 65bp Starts,50
SEQUENCE POSITIONS,Read1,'TGGAATTCTCGG' 66bp Starts,62
SEQUENCE POSITIONS,Read1,'TGGAATTCTCGG' 67bp Starts,30
SEQUENCE POSITIONS,Read1,'TGGAATTCTCGG' 68bp Starts,79
SEQUENCE POSITIONS,Read1,'TGGAATTCTCGG' 69bp Starts,28
SEQUENCE POSITIONS,Read1,'TGGAATTCTCGG' 70bp Starts,39
SEQUENCE POSITIONS,Read1,'TGGAATTCTCGG' 71bp Starts,48
SEQUENCE POSITIONS,Read1,'TGGAATTCTCGG' 72bp Starts,61
SEQUENCE POSITIONS,Read1,'TGGAATTCTCGG' 73bp Starts,79
SEQUENCE POSITIONS,Read1,'TGGAATTCTCGG' 74bp Starts,66
SEQUENCE POSITIONS,Read1,'TGGAATTCTCGG' 75bp Starts,58
SEQUENCE POSITIONS,Read1,'TGGAATTCTCGG' 76bp Starts,47
SEQUENCE POSITIONS,Read1,'TGGAATTCTCGG' 77bp Starts,24
SEQUENCE POSITIONS,Read1,'TGGAATTCTCGG' 78bp Starts,45
SEQUENCE POSITIONS,Read1,'TGGAATTCTCGG' 79bp Starts,59
SEQUENCE POSITIONS,Read1,'TGGAATTCTCGG' 80bp Starts,32
SEQUENCE POSITIONS,Read1,'TGGAATTCTCGG' 81bp Starts,42
SEQUENCE POSITIONS,Read1,'TGGAATTCTCGG' 82bp Starts,34
SEQUENCE POSITIONS,Read1,'TGGAATTCTCGG' 83bp Starts,54
SEQUENCE POSITIONS,Read1,'TGGAATTCTCGG' 84bp Starts,45
SEQUENCE POSITIONS,Read1,'TGGAATTCTCGG' 85bp Starts,35
SEQUENCE POSITIONS,Read1,'TGGAATTCTCGG' 86bp Starts,72
SEQUENCE POSITIONS,Read1,'TGGAATTCTCGG' 87bp Starts,46
SEQUENCE POSITIONS,Read1,'TGGAATTCTCGG' 88bp Starts,38
SEQUENCE POSITIONS,Read1,'TGGAATTCTCGG' 89bp Starts,36
SEQUENCE POSITIONS,Read1,'TGGAATTCTCGG' 90bp Starts,89
SEQUENCE POSITIONS,Read1,'TGGAATTCTCGG' 91bp Starts,27
SEQUENCE POSITIONS,Read1,'TGGAATTCTCGG' 92bp Starts,68
SEQUENCE POSITIONS,Read1,'TGGAATTCTCGG' 93bp Starts,50
SEQUENCE POSITIONS,Read1,'TGGAATTCTCGG' 94bp Starts,58
SEQUENCE POSITIONS,Read1,'TGGAATTCTCGG' 95bp Starts,122
SEQUENCE POSITIONS,Read1,'TGGAATTCTCGG' 96bp Starts,33
SEQUENCE POSITIONS,Read1,'TGGAATTCTCGG' 97bp Starts,51
SEQUENCE POSITIONS,Read1,'TGGAATTCTCGG' 98bp Starts,37
SEQUENCE POSITIONS,Read1,'TGGAATTCTCGG' 99bp Starts,41
SEQUENCE POSITIONS,Read1,'TGGAATTCTCGG' 100bp Starts,54
SEQUENCE POSITIONS,Read1,'TGGAATTCTCGG' 101bp Starts,39
SEQUENCE POSITIONS,Read1,'TGGAATTCTCGG' 102bp Starts,28
SEQUENCE POSITIONS,Read1,'TGGAATTCTCGG' 103bp Starts,73
SEQUENCE POSITIONS,Read1,'TGGAATTCTCGG' 104bp Starts,34
SEQUENCE POSITIONS,Read1,'TGGAATTCTCGG' 105bp Starts,119
SEQUENCE POSITIONS,Read1,'TGGAATTCTCGG' 106bp Starts,76
SEQUENCE POSITIONS,Read1,'TGGAATTCTCGG' 107bp Starts,34
SEQUENCE POSITIONS,Read1,'TGGAATTCTCGG' 108bp Starts,21
SEQUENCE POSITIONS,Read1,'TGGAATTCTCGG' 109bp Starts,43
SEQUENCE POSITIONS,Read1,'TGGAATTCTCGG' 110bp Starts,51
SEQUENCE POSITIONS,Read1,'TGGAATTCTCGG' 111bp Starts,51
SEQUENCE POSITIONS,Read1,'TGGAATTCTCGG' 112bp Starts,60
SEQUENCE POSITIONS,Read1,'TGGAATTCTCGG' 113bp Starts,38
SEQUENCE POSITIONS,Read1,'TGGAATTCTCGG' 114bp Starts,31
SEQUENCE POSITIONS,Read1,'TGGAATTCTCGG' 115bp Starts,46
SEQUENCE POSITIONS,Read1,'TGGAATTCTCGG' 116bp Starts,49
SEQUENCE POSITIONS,Read1,'TGGAATTCTCGG' 117bp Starts,79
SEQUENCE POSITIONS,Read1,'TGGAATTCTCGG' 118bp Starts,23
SEQUENCE POSITIONS,Read1,'TGGAATTCTCGG' 119bp Starts,59
SEQUENCE POSITIONS,Read1,'TGGAATTCTCGG' 120bp Starts,47
SEQUENCE POSITIONS,Read1,'TGGAATTCTCGG' 121bp Starts,47
SEQUENCE POSITIONS,Read1,'TGGAATTCTCGG' 122bp Starts,73
SEQUENCE POSITIONS,Read1,'TGGAATTCTCGG' 123bp Starts,27
SEQUENCE POSITIONS,Read1,'TGGAATTCTCGG' 124bp Starts,34
SEQUENCE POSITIONS,Read1,'TGGAATTCTCGG' 125bp Starts,46
SEQUENCE POSITIONS,Read1,'TGGAATTCTCGG' 126bp Starts,53
SEQUENCE POSITIONS,Read1,'TGGAATTCTCGG' 127bp Starts,59
SEQUENCE POSITIONS,Read1,'TGGAATTCTCGG' 128bp Starts,43
SEQUENCE POSITIONS,Read1,'TGGAATTCTCGG' 129bp Starts,34
SEQUENCE POSITIONS,Read1,'TGGAATTCTCGG' 130bp Starts,21
SEQUENCE POSITIONS,Read1,'TGGAATTCTCGG' 131bp Starts,47
SEQUENCE POSITIONS,Read1,'TGGAATTCTCGG' 132bp Starts,89
SEQUENCE POSITIONS,Read1,'TGGAATTCTCGG' 133bp Starts,66
SEQUENCE POSITIONS,Read1,'TGGAATTCTCGG' 134bp Starts,73
SEQUENCE POSITIONS,Read1,'TGGAATTCTCGG' 135bp Starts,44
SEQUENCE POSITIONS,Read1,'TGGAATTCTCGG' 136bp Starts,46
SEQUENCE POSITIONS,Read1,'TGGAATTCTCGG' 137bp Starts,43
SEQUENCE POSITIONS,Read1,'TGGAATTCTCGG' 138bp Starts,36
SEQUENCE POSITIONS,Read1,'TGGAATTCTCGG' 139bp Starts,42
SEQUENCE POSITIONS,Read1,'TGGAATTCTCGG' 140bp Starts,41
SEQUENCE POSITIONS,Read1,'TGGAATTCTCGG' Total Sequence Starts,6515,0.00
SEQUENCE POSITIONS,Read1,'GATCGTCGGACT' 2bp Starts,2
SEQUENCE POSITIONS,Read1,'GATCGTCGGACT' 7bp Starts,6
SEQUENCE POSITIONS,Read1,'GATCGTCGGACT' 8bp Starts,2
SEQUENCE POSITIONS,Read1,'GATCGTCGGACT' 11bp Starts,3
SEQUENCE POSITIONS,Read1,'GATCGTCGGACT' 13bp Starts,4
SEQUENCE POSITIONS,Read1,'GATCGTCGGACT' 15bp Starts,3
SEQUENCE POSITIONS,Read1,'GATCGTCGGACT' 16bp Starts,3
SEQUENCE POSITIONS,Read1,'GATCGTCGGACT' 20bp Starts,3
SEQUENCE POSITIONS,Read1,'GATCGTCGGACT' 23bp Starts,1
SEQUENCE POSITIONS,Read1,'GATCGTCGGACT' 24bp Starts,5
SEQUENCE POSITIONS,Read1,'GATCGTCGGACT' 25bp Starts,4
SEQUENCE POSITIONS,Read1,'GATCGTCGGACT' 26bp Starts,1
SEQUENCE POSITIONS,Read1,'GATCGTCGGACT' 27bp Starts,3
SEQUENCE POSITIONS,Read1,'GATCGTCGGACT' 33bp Starts,1
SEQUENCE POSITIONS,Read1,'GATCGTCGGACT' 38bp Starts,2
SEQUENCE POSITIONS,Read1,'GATCGTCGGACT' 40bp Starts,2
SEQUENCE POSITIONS,Read1,'GATCGTCGGACT' 43bp Starts,6
SEQUENCE POSITIONS,Read1,'GATCGTCGGACT' 44bp Starts,2
SEQUENCE POSITIONS,Read1,'GATCGTCGGACT' 45bp Starts,1
SEQUENCE POSITIONS,Read1,'GATCGTCGGACT' 46bp Starts,4
SEQUENCE POSITIONS,Read1,'GATCGTCGGACT' 47bp Starts,1
SEQUENCE POSITIONS,Read1,'GATCGTCGGACT' 48bp Starts,1
SEQUENCE POSITIONS,Read1,'GATCGTCGGACT' 50bp Starts,5
SEQUENCE POSITIONS,Read1,'GATCGTCGGACT' 53bp Starts,3
SEQUENCE POSITIONS,Read1,'GATCGTCGGACT' 55bp Starts,1
SEQUENCE POSITIONS,Read1,'GATCGTCGGACT' 57bp Starts,5
SEQUENCE POSITIONS,Read1,'GATCGTCGGACT' 58bp Starts,10
SEQUENCE POSITIONS,Read1,'GATCGTCGGACT' 59bp Starts,1
SEQUENCE POSITIONS,Read1,'GATCGTCGGACT' 60bp Starts,1
SEQUENCE POSITIONS,Read1,'GATCGTCGGACT' 62bp Starts,4
SEQUENCE POSITIONS,Read1,'GATCGTCGGACT' 65bp Starts,3
SEQUENCE POSITIONS,Read1,'GATCGTCGGACT' 67bp Starts,4
SEQUENCE POSITIONS,Read1,'GATCGTCGGACT' 68bp Starts,1
SEQUENCE POSITIONS,Read1,'GATCGTCGGACT' 69bp Starts,1
SEQUENCE POSITIONS,Read1,'GATCGTCGGACT' 77bp Starts,1
SEQUENCE POSITIONS,Read1,'GATCGTCGGACT' 81bp Starts,1
SEQUENCE POSITIONS,Read1,'GATCGTCGGACT' 84bp Starts,8
SEQUENCE POSITIONS,Read1,'GATCGTCGGACT' 85bp Starts,2
SEQUENCE POSITIONS,Read1,'GATCGTCGGACT' 89bp Starts,2
SEQUENCE POSITIONS,Read1,'GATCGTCGGACT' 90bp Starts,4
SEQUENCE POSITIONS,Read1,'GATCGTCGGACT' 91bp Starts,16
SEQUENCE POSITIONS,Read1,'GATCGTCGGACT' 93bp Starts,1
SEQUENCE POSITIONS,Read1,'GATCGTCGGACT' 94bp Starts,10
SEQUENCE POSITIONS,Read1,'GATCGTCGGACT' 95bp Starts,1
SEQUENCE POSITIONS,Read1,'GATCGTCGGACT' 96bp Starts,9
SEQUENCE POSITIONS,Read1,'GATCGTCGGACT' 98bp Starts,3
SEQUENCE POSITIONS,Read1,'GATCGTCGGACT' 99bp Starts,1
SEQUENCE POSITIONS,Read1,'GATCGTCGGACT' 100bp Starts,8
SEQUENCE POSITIONS,Read1,'GATCGTCGGACT' 101bp Starts,6
SEQUENCE POSITIONS,Read1,'GATCGTCGGACT' 104bp Starts,2
SEQUENCE POSITIONS,Read1,'GATCGTCGGACT' 105bp Starts,1
SEQUENCE POSITIONS,Read1,'GATCGTCGGACT' 107bp Starts,2
SEQUENCE POSITIONS,Read1,'GATCGTCGGACT' 109bp Starts,3
SEQUENCE POSITIONS,Read1,'GATCGTCGGACT' 111bp Starts,29
SEQUENCE POSITIONS,Read1,'GATCGTCGGACT' 112bp Starts,3
SEQUENCE POSITIONS,Read1,'GATCGTCGGACT' 113bp Starts,2
SEQUENCE POSITIONS,Read1,'GATCGTCGGACT' 114bp Starts,4
SEQUENCE POSITIONS,Read1,'GATCGTCGGACT' 116bp Starts,2
SEQUENCE POSITIONS,Read1,'GATCGTCGGACT' 117bp Starts,2
SEQUENCE POSITIONS,Read1,'GATCGTCGGACT' 119bp Starts,2
SEQUENCE POSITIONS,Read1,'GATCGTCGGACT' 120bp Starts,1
SEQUENCE POSITIONS,Read1,'GATCGTCGGACT' 121bp Starts,3
SEQUENCE POSITIONS,Read1,'GATCGTCGGACT' 123bp Starts,3
SEQUENCE POSITIONS,Read1,'GATCGTCGGACT' 124bp Starts,2
SEQUENCE POSITIONS,Read1,'GATCGTCGGACT' 126bp Starts,1
SEQUENCE POSITIONS,Read1,'GATCGTCGGACT' 127bp Starts,2
SEQUENCE POSITIONS,Read1,'GATCGTCGGACT' 128bp Starts,2
SEQUENCE POSITIONS,Read1,'GATCGTCGGACT' 129bp Starts,2
SEQUENCE POSITIONS,Read1,'GATCGTCGGACT' 130bp Starts,1
SEQUENCE POSITIONS,Read1,'GATCGTCGGACT' 132bp Starts,4
SEQUENCE POSITIONS,Read1,'GATCGTCGGACT' 134bp Starts,1
SEQUENCE POSITIONS,Read1,'GATCGTCGGACT' 135bp Starts,2
SEQUENCE POSITIONS,Read1,'GATCGTCGGACT' 137bp Starts,1
SEQUENCE POSITIONS,Read1,'GATCGTCGGACT' 139bp Starts,6
SEQUENCE POSITIONS,Read1,'GATCGTCGGACT' 140bp Starts,8
SEQUENCE POSITIONS,Read1,'GATCGTCGGACT' Total Sequence Starts,263,0.00
SEQUENCE POSITIONS,Read1,'CTGTCTCTTATA' 1bp Starts,26
SEQUENCE POSITIONS,Read1,'CTGTCTCTTATA' 2bp Starts,65
SEQUENCE POSITIONS,Read1,'CTGTCTCTTATA' 3bp Starts,208
SEQUENCE POSITIONS,Read1,'CTGTCTCTTATA' 4bp Starts,530
SEQUENCE POSITIONS,Read1,'CTGTCTCTTATA' 5bp Starts,102
SEQUENCE POSITIONS,Read1,'CTGTCTCTTATA' 6bp Starts,84
SEQUENCE POSITIONS,Read1,'CTGTCTCTTATA' 7bp Starts,321
SEQUENCE POSITIONS,Read1,'CTGTCTCTTATA' 8bp Starts,142
SEQUENCE POSITIONS,Read1,'CTGTCTCTTATA' 9bp Starts,1543
SEQUENCE POSITIONS,Read1,'CTGTCTCTTATA' 10bp Starts,257
SEQUENCE POSITIONS,Read1,'CTGTCTCTTATA' 11bp Starts,457
SEQUENCE POSITIONS,Read1,'CTGTCTCTTATA' 12bp Starts,182
SEQUENCE POSITIONS,Read1,'CTGTCTCTTATA' 13bp Starts,334
SEQUENCE POSITIONS,Read1,'CTGTCTCTTATA' 14bp Starts,371
SEQUENCE POSITIONS,Read1,'CTGTCTCTTATA' 15bp Starts,264
SEQUENCE POSITIONS,Read1,'CTGTCTCTTATA' 16bp Starts,250
SEQUENCE POSITIONS,Read1,'CTGTCTCTTATA' 17bp Starts,276
SEQUENCE POSITIONS,Read1,'CTGTCTCTTATA' 18bp Starts,283
SEQUENCE POSITIONS,Read1,'CTGTCTCTTATA' 19bp Starts,443
SEQUENCE POSITIONS,Read1,'CTGTCTCTTATA' 20bp Starts,368
SEQUENCE POSITIONS,Read1,'CTGTCTCTTATA' 21bp Starts,329
SEQUENCE POSITIONS,Read1,'CTGTCTCTTATA' 22bp Starts,308
SEQUENCE POSITIONS,Read1,'CTGTCTCTTATA' 23bp Starts,451
SEQUENCE POSITIONS,Read1,'CTGTCTCTTATA' 24bp Starts,416
SEQUENCE POSITIONS,Read1,'CTGTCTCTTATA' 25bp Starts,376
SEQUENCE POSITIONS,Read1,'CTGTCTCTTATA' 26bp Starts,381
SEQUENCE POSITIONS,Read1,'CTGTCTCTTATA' 27bp Starts,390
SEQUENCE POSITIONS,Read1,'CTGTCTCTTATA' 28bp Starts,397
SEQUENCE POSITIONS,Read1,'CTGTCTCTTATA' 29bp Starts,578
SEQUENCE POSITIONS,Read1,'CTGTCTCTTATA' 30bp Starts,466
SEQUENCE POSITIONS,Read1,'CTGTCTCTTATA' 31bp Starts,407
SEQUENCE POSITIONS,Read1,'CTGTCTCTTATA' 32bp Starts,448
SEQUENCE POSITIONS,Read1,'CTGTCTCTTATA' 33bp Starts,652
SEQUENCE POSITIONS,Read1,'CTGTCTCTTATA' 34bp Starts,662
SEQUENCE POSITIONS,Read1,'CTGTCTCTTATA' 35bp Starts,588
SEQUENCE POSITIONS,Read1,'CTGTCTCTTATA' 36bp Starts,579
SEQUENCE POSITIONS,Read1,'CTGTCTCTTATA' 37bp Starts,488
SEQUENCE POSITIONS,Read1,'CTGTCTCTTATA' 38bp Starts,467
SEQUENCE POSITIONS,Read1,'CTGTCTCTTATA' 39bp Starts,637
SEQUENCE POSITIONS,Read1,'CTGTCTCTTATA' 40bp Starts,667
SEQUENCE POSITIONS,Read1,'CTGTCTCTTATA' 41bp Starts,572
SEQUENCE POSITIONS,Read1,'CTGTCTCTTATA' 42bp Starts,698
SEQUENCE POSITIONS,Read1,'CTGTCTCTTATA' 43bp Starts,844
SEQUENCE POSITIONS,Read1,'CTGTCTCTTATA' 44bp Starts,701
SEQUENCE POSITIONS,Read1,'CTGTCTCTTATA' 45bp Starts,829
SEQUENCE POSITIONS,Read1,'CTGTCTCTTATA' 46bp Starts,670
SEQUENCE POSITIONS,Read1,'CTGTCTCTTATA' 47bp Starts,612
SEQUENCE POSITIONS,Read1,'CTGTCTCTTATA' 48bp Starts,606
SEQUENCE POSITIONS,Read1,'CTGTCTCTTATA' 49bp Starts,572
SEQUENCE POSITIONS,Read1,'CTGTCTCTTATA' 50bp Starts,736
SEQUENCE POSITIONS,Read1,'CTGTCTCTTATA' 51bp Starts,668
SEQUENCE POSITIONS,Read1,'CTGTCTCTTATA' 52bp Starts,746
SEQUENCE POSITIONS,Read1,'CTGTCTCTTATA' 53bp Starts,815
SEQUENCE POSITIONS,Read1,'CTGTCTCTTATA' 54bp Starts,786
SEQUENCE POSITIONS,Read1,'CTGTCTCTTATA' 55bp Starts,946
SEQUENCE POSITIONS,Read1,'CTGTCTCTTATA' 56bp Starts,774
SEQUENCE POSITIONS,Read1,'CTGTCTCTTATA' 57bp Starts,764
SEQUENCE POSITIONS,Read1,'CTGTCTCTTATA' 58bp Starts,734
SEQUENCE POSITIONS,Read1,'CTGTCTCTTATA' 59bp Starts,715
SEQUENCE POSITIONS,Read1,'CTGTCTCTTATA' 60bp Starts,734
SEQUENCE POSITIONS,Read1,'CTGTCTCTTATA' 61bp Starts,756
SEQUENCE POSITIONS,Read1,'CTGTCTCTTATA' 62bp Starts,862
SEQUENCE POSITIONS,Read1,'CTGTCTCTTATA' 63bp Starts,873
SEQUENCE POSITIONS,Read1,'CTGTCTCTTATA' 64bp Starts,963
SEQUENCE POSITIONS,Read1,'CTGTCTCTTATA' 65bp Starts,1309
SEQUENCE POSITIONS,Read1,'CTGTCTCTTATA' 66bp Starts,1303
SEQUENCE POSITIONS,Read1,'CTGTCTCTTATA' 67bp Starts,1074
SEQUENCE POSITIONS,Read1,'CTGTCTCTTATA' 68bp Starts,898
SEQUENCE POSITIONS,Read1,'CTGTCTCTTATA' 69bp Starts,829
SEQUENCE POSITIONS,Read1,'CTGTCTCTTATA' 70bp Starts,1081
SEQUENCE POSITIONS,Read1,'CTGTCTCTTATA' 71bp Starts,841
SEQUENCE POSITIONS,Read1,'CTGTCTCTTATA' 72bp Starts,1054
SEQUENCE POSITIONS,Read1,'CTGTCTCTTATA' 73bp Starts,964
SEQUENCE POSITIONS,Read1,'CTGTCTCTTATA' 74bp Starts,1072
SEQUENCE POSITIONS,Read1,'CTGTCTCTTATA' 75bp Starts,1150
SEQUENCE POSITIONS,Read1,'CTGTCTCTTATA' 76bp Starts,1123
SEQUENCE POSITIONS,Read1,'CTGTCTCTTATA' 77bp Starts,1113
SEQUENCE POSITIONS,Read1,'CTGTCTCTTATA' 78bp Starts,983
SEQUENCE POSITIONS,Read1,'CTGTCTCTTATA' 79bp Starts,964
SEQUENCE POSITIONS,Read1,'CTGTCTCTTATA' 80bp Starts,989
SEQUENCE POSITIONS,Read1,'CTGTCTCTTATA' 81bp Starts,950
SEQUENCE POSITIONS,Read1,'CTGTCTCTTATA' 82bp Starts,1179
SEQUENCE POSITIONS,Read1,'CTGTCTCTTATA' 83bp Starts,1430
SEQUENCE POSITIONS,Read1,'CTGTCTCTTATA' 84bp Starts,1402
SEQUENCE POSITIONS,Read1,'CTGTCTCTTATA' 85bp Starts,1678
SEQUENCE POSITIONS,Read1,'CTGTCTCTTATA' 86bp Starts,1530
SEQUENCE POSITIONS,Read1,'CTGTCTCTTATA' 87bp Starts,1440
SEQUENCE POSITIONS,Read1,'CTGTCTCTTATA' 88bp Starts,1207
SEQUENCE POSITIONS,Read1,'CTGTCTCTTATA' 89bp Starts,1137
SEQUENCE POSITIONS,Read1,'CTGTCTCTTATA' 90bp Starts,1154
SEQUENCE POSITIONS,Read1,'CTGTCTCTTATA' 91bp Starts,1080
SEQUENCE POSITIONS,Read1,'CTGTCTCTTATA' 92bp Starts,1269
SEQUENCE POSITIONS,Read1,'CTGTCTCTTATA' 93bp Starts,1382
SEQUENCE POSITIONS,Read1,'CTGTCTCTTATA' 94bp Starts,1663
SEQUENCE POSITIONS,Read1,'CTGTCTCTTATA' 95bp Starts,1701
SEQUENCE POSITIONS,Read1,'CTGTCTCTTATA' 96bp Starts,1901
SEQUENCE POSITIONS,Read1,'CTGTCTCTTATA' 97bp Starts,1652
SEQUENCE POSITIONS,Read1,'CTGTCTCTTATA' 98bp Starts,1527
SEQUENCE POSITIONS,Read1,'CTGTCTCTTATA' 99bp Starts,1271
SEQUENCE POSITIONS,Read1,'CTGTCTCTTATA' 100bp Starts,1277
SEQUENCE POSITIONS,Read1,'CTGTCTCTTATA' 101bp Starts,1320
SEQUENCE POSITIONS,Read1,'CTGTCTCTTATA' 102bp Starts,1261
SEQUENCE POSITIONS,Read1,'CTGTCTCTTATA' 103bp Starts,1438
SEQUENCE POSITIONS,Read1,'CTGTCTCTTATA' 104bp Starts,1753
SEQUENCE POSITIONS,Read1,'CTGTCTCTTATA' 105bp Starts,1948
SEQUENCE POSITIONS,Read1,'CTGTCTCTTATA' 106bp Starts,1992
SEQUENCE POSITIONS,Read1,'CTGTCTCTTATA' 107bp Starts,1924
SEQUENCE POSITIONS,Read1,'CTGTCTCTTATA' 108bp Starts,1849
SEQUENCE POSITIONS,Read1,'CTGTCTCTTATA' 109bp Starts,1687
SEQUENCE POSITIONS,Read1,'CTGTCTCTTATA' 110bp Starts,1549
SEQUENCE POSITIONS,Read1,'CTGTCTCTTATA' 111bp Starts,1526
SEQUENCE POSITIONS,Read1,'CTGTCTCTTATA' 112bp Starts,1632
SEQUENCE POSITIONS,Read1,'CTGTCTCTTATA' 113bp Starts,1789
SEQUENCE POSITIONS,Read1,'CTGTCTCTTATA' 114bp Starts,2033
SEQUENCE POSITIONS,Read1,'CTGTCTCTTATA' 115bp Starts,2351
SEQUENCE POSITIONS,Read1,'CTGTCTCTTATA' 116bp Starts,2561
SEQUENCE POSITIONS,Read1,'CTGTCTCTTATA' 117bp Starts,2617
SEQUENCE POSITIONS,Read1,'CTGTCTCTTATA' 118bp Starts,2494
SEQUENCE POSITIONS,Read1,'CTGTCTCTTATA' 119bp Starts,2246
SEQUENCE POSITIONS,Read1,'CTGTCTCTTATA' 120bp Starts,2050
SEQUENCE POSITIONS,Read1,'CTGTCTCTTATA' 121bp Starts,1948
SEQUENCE POSITIONS,Read1,'CTGTCTCTTATA' 122bp Starts,2031
SEQUENCE POSITIONS,Read1,'CTGTCTCTTATA' 123bp Starts,2291
SEQUENCE POSITIONS,Read1,'CTGTCTCTTATA' 124bp Starts,2647
SEQUENCE POSITIONS,Read1,'CTGTCTCTTATA' 125bp Starts,3079
SEQUENCE POSITIONS,Read1,'CTGTCTCTTATA' 126bp Starts,3476
SEQUENCE POSITIONS,Read1,'CTGTCTCTTATA' 127bp Starts,3399
SEQUENCE POSITIONS,Read1,'CTGTCTCTTATA' 128bp Starts,3297
SEQUENCE POSITIONS,Read1,'CTGTCTCTTATA' 129bp Starts,3274
SEQUENCE POSITIONS,Read1,'CTGTCTCTTATA' 130bp Starts,3233
SEQUENCE POSITIONS,Read1,'CTGTCTCTTATA' 131bp Starts,2732
SEQUENCE POSITIONS,Read1,'CTGTCTCTTATA' 132bp Starts,2645
SEQUENCE POSITIONS,Read1,'CTGTCTCTTATA' 133bp Starts,3487
SEQUENCE POSITIONS,Read1,'CTGTCTCTTATA' 134bp Starts,3737
SEQUENCE POSITIONS,Read1,'CTGTCTCTTATA' 135bp Starts,3680
SEQUENCE POSITIONS,Read1,'CTGTCTCTTATA' 136bp Starts,4162
SEQUENCE POSITIONS,Read1,'CTGTCTCTTATA' 137bp Starts,483
SEQUENCE POSITIONS,Read1,'CTGTCTCTTATA' 138bp Starts,153
SEQUENCE POSITIONS,Read1,'CTGTCTCTTATA' Total Sequence Starts,166520,0.00
POSITIONAL QUALITY,Read1,ReadPos 1 1% Quantile QV,12
POSITIONAL QUALITY,Read1,ReadPos 1 2% Quantile QV,24
POSITIONAL QUALITY,Read1,ReadPos 1 5% Quantile QV,24
POSITIONAL QUALITY,Read1,ReadPos 1 10% Quantile QV,40
POSITIONAL QUALITY,Read1,ReadPos 1 25% Quantile QV,40
POSITIONAL QUALITY,Read1,ReadPos 1 50% Quantile QV,40
POSITIONAL QUALITY,Read1,ReadPos 1 75% Quantile QV,40
POSITIONAL QUALITY,Read1,ReadPos 1 90% Quantile QV,40
POSITIONAL QUALITY,Read1,ReadPos 1 95% Quantile QV,40
POSITIONAL QUALITY,Read1,ReadPos 1 98% Quantile QV,40
POSITIONAL QUALITY,Read1,ReadPos 1 99% Quantile QV,40
POSITIONAL QUALITY,Read1,ReadPos 2 1% Quantile QV,12
POSITIONAL QUALITY,Read1,ReadPos 2 2% Quantile QV,24
POSITIONAL QUALITY,Read1,ReadPos 2 5% Quantile QV,40
POSITIONAL QUALITY,Read1,ReadPos 2 10% Quantile QV,40
POSITIONAL QUALITY,Read1,ReadPos 2 25% Quantile QV,40
POSITIONAL QUALITY,Read1,ReadPos 2 50% Quantile QV,40
POSITIONAL QUALITY,Read1,ReadPos 2 75% Quantile QV,40
POSITIONAL QUALITY,Read1,ReadPos 2 90% Quantile QV,40
POSITIONAL QUALITY,Read1,ReadPos 2 95% Quantile QV,40
POSITIONAL QUALITY,Read1,ReadPos 2 98% Quantile QV,40
POSITIONAL QUALITY,Read1,ReadPos 2 99% Quantile QV,40
POSITIONAL QUALITY,Read1,ReadPos 3 1% Quantile QV,12
POSITIONAL QUALITY,Read1,ReadPos 3 2% Quantile QV,24
POSITIONAL QUALITY,Read1,ReadPos 3 5% Quantile QV,40
POSITIONAL QUALITY,Read1,ReadPos 3 10% Quantile QV,40
POSITIONAL QUALITY,Read1,ReadPos 3 25% Quantile QV,40
POSITIONAL QUALITY,Read1,ReadPos 3 50% Quantile QV,40
POSITIONAL QUALITY,Read1,ReadPos 3 75% Quantile QV,40
POSITIONAL QUALITY,Read1,ReadPos 3 90% Quantile QV,40
POSITIONAL QUALITY,Read1,ReadPos 3 95% Quantile QV,40
POSITIONAL QUALITY,Read1,ReadPos 3 98% Quantile QV,40
POSITIONAL QUALITY,Read1,ReadPos 3 99% Quantile QV,40
POSITIONAL QUALITY,Read1,ReadPos 4 1% Quantile QV,12
POSITIONAL QUALITY,Read1,ReadPos 4 2% Quantile QV,24
POSITIONAL QUALITY,Read1,ReadPos 4 5% Quantile QV,24
POSITIONAL QUALITY,Read1,ReadPos 4 10% Quantile QV,40
POSITIONAL QUALITY,Read1,ReadPos 4 25% Quantile QV,40
POSITIONAL QUALITY,Read1,ReadPos 4 50% Quantile QV,40
POSITIONAL QUALITY,Read1,ReadPos 4 75% Quantile QV,40
POSITIONAL QUALITY,Read1,ReadPos 4 90% Quantile QV,40
POSITIONAL QUALITY,Read1,ReadPos 4 95% Quantile QV,40
POSITIONAL QUALITY,Read1,ReadPos 4 98% Quantile QV,40
POSITIONAL QUALITY,Read1,ReadPos 4 99% Quantile QV,40
POSITIONAL QUALITY,Read1,ReadPos 5 1% Quantile QV,12
POSITIONAL QUALITY,Read1,ReadPos 5 2% Quantile QV,24
POSITIONAL QUALITY,Read1,ReadPos 5 5% Quantile QV,24
POSITIONAL QUALITY,Read1,ReadPos 5 10% Quantile QV,40
POSITIONAL QUALITY,Read1,ReadPos 5 25% Quantile QV,40
POSITIONAL QUALITY,Read1,ReadPos 5 50% Quantile QV,40
POSITIONAL QUALITY,Read1,ReadPos 5 75% Quantile QV,40
POSITIONAL QUALITY,Read1,ReadPos 5 90% Quantile QV,40
POSITIONAL QUALITY,Read1,ReadPos 5 95% Quantile QV,40
POSITIONAL QUALITY,Read1,ReadPos 5 98% Quantile QV,40
POSITIONAL QUALITY,Read1,ReadPos 5 99% Quantile QV,40
POSITIONAL QUALITY,Read1,ReadPos 6 1% Quantile QV,12
POSITIONAL QUALITY,Read1,ReadPos 6 2% Quantile QV,24
POSITIONAL QUALITY,Read1,ReadPos 6 5% Quantile QV,24
POSITIONAL QUALITY,Read1,ReadPos 6 10% Quantile QV,40
POSITIONAL QUALITY,Read1,ReadPos 6 25% Quantile QV,40
POSITIONAL QUALITY,Read1,ReadPos 6 50% Quantile QV,40
POSITIONAL QUALITY,Read1,ReadPos 6 75% Quantile QV,40
POSITIONAL QUALITY,Read1,ReadPos 6 90% Quantile QV,40
POSITIONAL QUALITY,Read1,ReadPos 6 95% Quantile QV,40
POSITIONAL QUALITY,Read1,ReadPos 6 98% Quantile QV,40
POSITIONAL QUALITY,Read1,ReadPos 6 99% Quantile QV,40
POSITIONAL QUALITY,Read1,ReadPos 7 1% Quantile QV,12
POSITIONAL QUALITY,Read1,ReadPos 7 2% Quantile QV,24
POSITIONAL QUALITY,Read1,ReadPos 7 5% Quantile QV,24
POSITIONAL QUALITY,Read1,ReadPos 7 10% Quantile QV,40
POSITIONAL QUALITY,Read1,ReadPos 7 25% Quantile QV,40
POSITIONAL QUALITY,Read1,ReadPos 7 50% Quantile QV,40
POSITIONAL QUALITY,Read1,ReadPos 7 75% Quantile QV,40
POSITIONAL QUALITY,Read1,ReadPos 7 90% Quantile QV,40
POSITIONAL QUALITY,Read1,ReadPos 7 95% Quantile QV,40
POSITIONAL QUALITY,Read1,ReadPos 7 98% Quantile QV,40
POSITIONAL QUALITY,Read1,ReadPos 7 99% Quantile QV,40
POSITIONAL QUALITY,Read1,ReadPos 8 1% Quantile QV,12
POSITIONAL QUALITY,Read1,ReadPos 8 2% Quantile QV,24
POSITIONAL QUALITY,Read1,ReadPos 8 5% Quantile QV,24
POSITIONAL QUALITY,Read1,ReadPos 8 10% Quantile QV,40
POSITIONAL QUALITY,Read1,ReadPos 8 25% Quantile QV,40
POSITIONAL QUALITY,Read1,ReadPos 8 50% Quantile QV,40
POSITIONAL QUALITY,Read1,ReadPos 8 75% Quantile QV,40
POSITIONAL QUALITY,Read1,ReadPos 8 90% Quantile QV,40
POSITIONAL QUALITY,Read1,ReadPos 8 95% Quantile QV,40
POSITIONAL QUALITY,Read1,ReadPos 8 98% Quantile QV,40
POSITIONAL QUALITY,Read1,ReadPos 8 99% Quantile QV,40
POSITIONAL QUALITY,Read1,ReadPos 9 1% Quantile QV,12
POSITIONAL QUALITY,Read1,ReadPos 9 2% Quantile QV,24
POSITIONAL QUALITY,Read1,ReadPos 9 5% Quantile QV,24
POSITIONAL QUALITY,Read1,ReadPos 9 10% Quantile QV,40
POSITIONAL QUALITY,Read1,ReadPos 9 25% Quantile QV,40
POSITIONAL QUALITY,Read1,ReadPos 9 50% Quantile QV,40
POSITIONAL QUALITY,Read1,ReadPos 9 75% Quantile QV,40
POSITIONAL QUALITY,Read1,ReadPos 9 90% Quantile QV,40
POSITIONAL QUALITY,Read1,ReadPos 9 95% Quantile QV,40
POSITIONAL QUALITY,Read1,ReadPos 9 98% Quantile QV,40
POSITIONAL QUALITY,Read1,ReadPos 9 99% Quantile QV,40
POSITIONAL QUALITY,Read1,ReadPos 10 1% Quantile QV,12
POSITIONAL QUALITY,Read1,ReadPos 10 2% Quantile QV,24
POSITIONAL QUALITY,Read1,ReadPos 10 5% Quantile QV,24
POSITIONAL QUALITY,Read1,ReadPos 10 10% Quantile QV,40
POSITIONAL QUALITY,Read1,ReadPos 10 25% Quantile QV,40
POSITIONAL QUALITY,Read1,ReadPos 10 50% Quantile QV,40
POSITIONAL QUALITY,Read1,ReadPos 10 75% Quantile QV,40
POSITIONAL QUALITY,Read1,ReadPos 10 90% Quantile QV,40
POSITIONAL QUALITY,Read1,ReadPos 10 95% Quantile QV,40
POSITIONAL QUALITY,Read1,ReadPos 10 98% Quantile QV,40
POSITIONAL QUALITY,Read1,ReadPos 10 99% Quantile QV,40
POSITIONAL QUALITY,Read1,ReadPos 11 1% Quantile QV,12
POSITIONAL QUALITY,Read1,ReadPos 11 2% Quantile QV,24
POSITIONAL QUALITY,Read1,ReadPos 11 5% Quantile QV,40
POSITIONAL QUALITY,Read1,ReadPos 11 10% Quantile QV,40
POSITIONAL QUALITY,Read1,ReadPos 11 25% Quantile QV,40
POSITIONAL QUALITY,Read1,ReadPos 11 50% Quantile QV,40
POSITIONAL QUALITY,Read1,ReadPos 11 75% Quantile QV,40
POSITIONAL QUALITY,Read1,ReadPos 11 90% Quantile QV,40
POSITIONAL QUALITY,Read1,ReadPos 11 95% Quantile QV,40
POSITIONAL QUALITY,Read1,ReadPos 11 98% Quantile QV,40
POSITIONAL QUALITY,Read1,ReadPos 11 99% Quantile QV,40
POSITIONAL QUALITY,Read1,ReadPos 12 1% Quantile QV,12
POSITIONAL QUALITY,Read1,ReadPos 12 2% Quantile QV,24
POSITIONAL QUALITY,Read1,ReadPos 12 5% Quantile QV,24
POSITIONAL QUALITY,Read1,ReadPos 12 10% Quantile QV,40
POSITIONAL QUALITY,Read1,ReadPos 12 25% Quantile QV,40
POSITIONAL QUALITY,Read1,ReadPos 12 50% Quantile QV,40
POSITIONAL QUALITY,Read1,ReadPos 12 75% Quantile QV,40
POSITIONAL QUALITY,Read1,ReadPos 12 90% Quantile QV,40
POSITIONAL QUALITY,Read1,ReadPos 12 95% Quantile QV,40
POSITIONAL QUALITY,Read1,ReadPos 12 98% Quantile QV,40
POSITIONAL QUALITY,Read1,ReadPos 12 99% Quantile QV,40
POSITIONAL QUALITY,Read1,ReadPos 13 1% Quantile QV,12
POSITIONAL QUALITY,Read1,ReadPos 13 2% Quantile QV,24
POSITIONAL QUALITY,Read1,ReadPos 13 5% Quantile QV,40
POSITIONAL QUALITY,Read1,ReadPos 13 10% Quantile QV,40
POSITIONAL QUALITY,Read1,ReadPos 13 25% Quantile QV,40
POSITIONAL QUALITY,Read1,ReadPos 13 50% Quantile QV,40
POSITIONAL QUALITY,Read1,ReadPos 13 75% Quantile QV,40
POSITIONAL QUALITY,Read1,ReadPos 13 90% Quantile QV,40
POSITIONAL QUALITY,Read1,ReadPos 13 95% Quantile QV,40
POSITIONAL QUALITY,Read1,ReadPos 13 98% Quantile QV,40
POSITIONAL QUALITY,Read1,ReadPos 13 99% Quantile QV,40
POSITIONAL QUALITY,Read1,ReadPos 14 1% Quantile QV,12
POSITIONAL QUALITY,Read1,ReadPos 14 2% Quantile QV,24
POSITIONAL QUALITY,Read1,ReadPos 14 5% Quantile QV,24
POSITIONAL QUALITY,Read1,ReadPos 14 10% Quantile QV,40
POSITIONAL QUALITY,Read1,ReadPos 14 25% Quantile QV,40
POSITIONAL QUALITY,Read1,ReadPos 14 50% Quantile QV,40
POSITIONAL QUALITY,Read1,ReadPos 14 75% Quantile QV,40
POSITIONAL QUALITY,Read1,ReadPos 14 90% Quantile QV,40
POSITIONAL QUALITY,Read1,ReadPos 14 95% Quantile QV,40
POSITIONAL QUALITY,Read1,ReadPos 14 98% Quantile QV,40
POSITIONAL QUALITY,Read1,ReadPos 14 99% Quantile QV,40
POSITIONAL QUALITY,Read1,ReadPos 15 1% Quantile QV,12
POSITIONAL QUALITY,Read1,ReadPos 15 2% Quantile QV,24
POSITIONAL QUALITY,Read1,ReadPos 15 5% Quantile QV,24
POSITIONAL QUALITY,Read1,ReadPos 15 10% Quantile QV,40
POSITIONAL QUALITY,Read1,ReadPos 15 25% Quantile QV,40
POSITIONAL QUALITY,Read1,ReadPos 15 50% Quantile QV,40
POSITIONAL QUALITY,Read1,ReadPos 15 75% Quantile QV,40
POSITIONAL QUALITY,Read1,ReadPos 15 90% Quantile QV,40
POSITIONAL QUALITY,Read1,ReadPos 15 95% Quantile QV,40
POSITIONAL QUALITY,Read1,ReadPos 15 98% Quantile QV,40
POSITIONAL QUALITY,Read1,ReadPos 15 99% Quantile QV,40
POSITIONAL QUALITY,Read1,ReadPos 16 1% Quantile QV,24
POSITIONAL QUALITY,Read1,ReadPos 16 2% Quantile QV,24
POSITIONAL QUALITY,Read1,ReadPos 16 5% Quantile QV,40
POSITIONAL QUALITY,Read1,ReadPos 16 10% Quantile QV,40
POSITIONAL QUALITY,Read1,ReadPos 16 25% Quantile QV,40
POSITIONAL QUALITY,Read1,ReadPos 16 50% Quantile QV,40
POSITIONAL QUALITY,Read1,ReadPos 16 75% Quantile QV,40
POSITIONAL QUALITY,Read1,ReadPos 16 90% Quantile QV,40
POSITIONAL QUALITY,Read1,ReadPos 16 95% Quantile QV,40
POSITIONAL QUALITY,Read1,ReadPos 16 98% Quantile QV,40
POSITIONAL QUALITY,Read1,ReadPos 16 99% Quantile QV,40
POSITIONAL QUALITY,Read1,ReadPos 17 1% Quantile QV,24
POSITIONAL QUALITY,Read1,ReadPos 17 2% Quantile QV,24
POSITIONAL QUALITY,Read1,ReadPos 17 5% Quantile QV,40
POSITIONAL QUALITY,Read1,ReadPos 17 10% Quantile QV,40
POSITIONAL QUALITY,Read1,ReadPos 17 25% Quantile QV,40
POSITIONAL QUALITY,Read1,ReadPos 17 50% Quantile QV,40
POSITIONAL QUALITY,Read1,ReadPos 17 75% Quantile QV,40
POSITIONAL QUALITY,Read1,ReadPos 17 90% Quantile QV,40
POSITIONAL QUALITY,Read1,ReadPos 17 95% Quantile QV,40
POSITIONAL QUALITY,Read1,ReadPos 17 98% Quantile QV,40
POSITIONAL QUALITY,Read1,ReadPos 17 99% Quantile QV,40
POSITIONAL QUALITY,Read1,ReadPos 18 1% Quantile QV,24
POSITIONAL QUALITY,Read1,ReadPos 18 2% Quantile QV,24
POSITIONAL QUALITY,Read1,ReadPos 18 5% Quantile QV,40
POSITIONAL QUALITY,Read1,ReadPos 18 10% Quantile QV,40
POSITIONAL QUALITY,Read1,ReadPos 18 25% Quantile QV,40
POSITIONAL QUALITY,Read1,ReadPos 18 50% Quantile QV,40
POSITIONAL QUALITY,Read1,ReadPos 18 75% Quantile QV,40
POSITIONAL QUALITY,Read1,ReadPos 18 90% Quantile QV,40
POSITIONAL QUALITY,Read1,ReadPos 18 95% Quantile QV,40
POSITIONAL QUALITY,Read1,ReadPos 18 98% Quantile QV,40
POSITIONAL QUALITY,Read1,ReadPos 18 99% Quantile QV,40
POSITIONAL QUALITY,Read1,ReadPos 19 1% Quantile QV,24
POSITIONAL QUALITY,Read1,ReadPos 19 2% Quantile QV,24
POSITIONAL QUALITY,Read1,ReadPos 19 5% Quantile QV,40
POSITIONAL QUALITY,Read1,ReadPos 19 10% Quantile QV,40
POSITIONAL QUALITY,Read1,ReadPos 19 25% Quantile QV,40
POSITIONAL QUALITY,Read1,ReadPos 19 50% Quantile QV,40
POSITIONAL QUALITY,Read1,ReadPos 19 75% Quantile QV,40
POSITIONAL QUALITY,Read1,ReadPos 19 90% Quantile QV,40
POSITIONAL QUALITY,Read1,ReadPos 19 95% Quantile QV,40
POSITIONAL QUALITY,Read1,ReadPos 19 98% Quantile QV,40
POSITIONAL QUALITY,Read1,ReadPos 19 99% Quantile QV,40
POSITIONAL QUALITY,Read1,ReadPos 20 1% Quantile QV,24
POSITIONAL QUALITY,Read1,ReadPos 20 2% Quantile QV,24
POSITIONAL QUALITY,Read1,ReadPos 20 5% Quantile QV,40
POSITIONAL QUALITY,Read1,ReadPos 20 10% Quantile QV,40
POSITIONAL QUALITY,Read1,ReadPos 20 25% Quantile QV,40
POSITIONAL QUALITY,Read1,ReadPos 20 50% Quantile QV,40
POSITIONAL QUALITY,Read1,ReadPos 20 75% Quantile QV,40
POSITIONAL QUALITY,Read1,ReadPos 20 90% Quantile QV,40
POSITIONAL QUALITY,Read1,ReadPos 20 95% Quantile QV,40
POSITIONAL QUALITY,Read1,ReadPos 20 98% Quantile QV,40
POSITIONAL QUALITY,Read1,ReadPos 20 99% Quantile QV,40
POSITIONAL QUALITY,Read1,ReadPos 21 1% Quantile QV,24
POSITIONAL QUALITY,Read1,ReadPos 21 2% Quantile QV,24
POSITIONAL QUALITY,Read1,ReadPos 21 5% Quantile QV,40
POSITIONAL QUALITY,Read1,ReadPos 21 10% Quantile QV,40
POSITIONAL QUALITY,Read1,ReadPos 21 25% Quantile QV,40
POSITIONAL QUALITY,Read1,ReadPos 21 50% Quantile QV,40
POSITIONAL QUALITY,Read1,ReadPos 21 75% Quantile QV,40
POSITIONAL QUALITY,Read1,ReadPos 21 90% Quantile QV,40
POSITIONAL QUALITY,Read1,ReadPos 21 95% Quantile QV,40
POSITIONAL QUALITY,Read1,ReadPos 21 98% Quantile QV,40
POSITIONAL QUALITY,Read1,ReadPos 21 99% Quantile QV,40
POSITIONAL QUALITY,Read1,ReadPos 22 1% Quantile QV,24
POSITIONAL QUALITY,Read1,ReadPos 22 2% Quantile QV,24
POSITIONAL QUALITY,Read1,ReadPos 22 5% Quantile QV,40
POSITIONAL QUALITY,Read1,ReadPos 22 10% Quantile QV,40
POSITIONAL QUALITY,Read1,ReadPos 22 25% Quantile QV,40
POSITIONAL QUALITY,Read1,ReadPos 22 50% Quantile QV,40
POSITIONAL QUALITY,Read1,ReadPos 22 75% Quantile QV,40
POSITIONAL QUALITY,Read1,ReadPos 22 90% Quantile QV,40
POSITIONAL QUALITY,Read1,ReadPos 22 95% Quantile QV,40
POSITIONAL QUALITY,Read1,ReadPos 22 98% Quantile QV,40
POSITIONAL QUALITY,Read1,ReadPos 22 99% Quantile QV,40
POSITIONAL QUALITY,Read1,ReadPos 23 1% Quantile QV,24
POSITIONAL QUALITY,Read1,ReadPos 23 2% Quantile QV,24
POSITIONAL QUALITY,Read1,ReadPos 23 5% Quantile QV,40
POSITIONAL QUALITY,Read1,ReadPos 23 10% Quantile QV,40
POSITIONAL QUALITY,Read1,ReadPos 23 25% Quantile QV,40
POSITIONAL QUALITY,Read1,ReadPos 23 50% Quantile QV,40
POSITIONAL QUALITY,Read1,ReadPos 23 75% Quantile QV,40
POSITIONAL QUALITY,Read1,ReadPos 23 90% Quantile QV,40
POSITIONAL QUALITY,Read1,ReadPos 23 95% Quantile QV,40
POSITIONAL QUALITY,Read1,ReadPos 23 98% Quantile QV,40
POSITIONAL QUALITY,Read1,ReadPos 23 99% Quantile QV,40
POSITIONAL QUALITY,Read1,ReadPos 24 1% Quantile QV,12
POSITIONAL QUALITY,Read1,ReadPos 24 2% Quantile QV,24
POSITIONAL QUALITY,Read1,ReadPos 24 5% Quantile QV,40
POSITIONAL QUALITY,Read1,ReadPos 24 10% Quantile QV,40
POSITIONAL QUALITY,Read1,ReadPos 24 25% Quantile QV,40
POSITIONAL QUALITY,Read1,ReadPos 24 50% Quantile QV,40
POSITIONAL QUALITY,Read1,ReadPos 24 75% Quantile QV,40
POSITIONAL QUALITY,Read1,ReadPos 24 90% Quantile QV,40
POSITIONAL QUALITY,Read1,ReadPos 24 95% Quantile QV,40
POSITIONAL QUALITY,Read1,ReadPos 24 98% Quantile QV,40
POSITIONAL QUALITY,Read1,ReadPos 24 99% Quantile QV,40
POSITIONAL QUALITY,Read1,ReadPos 25 1% Quantile QV,24
POSITIONAL QUALITY,Read1,ReadPos 25 2% Quantile QV,24
POSITIONAL QUALITY,Read1,ReadPos 25 5% Quantile QV,40
POSITIONAL QUALITY,Read1,ReadPos 25 10% Quantile QV,40
POSITIONAL QUALITY,Read1,ReadPos 25 25% Quantile QV,40
POSITIONAL QUALITY,Read1,ReadPos 25 50% Quantile QV,40
POSITIONAL QUALITY,Read1,ReadPos 25 75% Quantile QV,40
POSITIONAL QUALITY,Read1,ReadPos 25 90% Quantile QV,40
POSITIONAL QUALITY,Read1,ReadPos 25 95% Quantile QV,40
POSITIONAL QUALITY,Read1,ReadPos 25 98% Quantile QV,40
POSITIONAL QUALITY,Read1,ReadPos 25 99% Quantile QV,40
POSITIONAL QUALITY,Read1,ReadPos 26 1% Quantile QV,12
POSITIONAL QUALITY,Read1,ReadPos 26 2% Quantile QV,24
POSITIONAL QUALITY,Read1,ReadPos 26 5% Quantile QV,24
POSITIONAL QUALITY,Read1,ReadPos 26 10% Quantile QV,40
POSITIONAL QUALITY,Read1,ReadPos 26 25% Quantile QV,40
POSITIONAL QUALITY,Read1,ReadPos 26 50% Quantile QV,40
POSITIONAL QUALITY,Read1,ReadPos 26 75% Quantile QV,40
POSITIONAL QUALITY,Read1,ReadPos 26 90% Quantile QV,40
POSITIONAL QUALITY,Read1,ReadPos 26 95% Quantile QV,40
POSITIONAL QUALITY,Read1,ReadPos 26 98% Quantile QV,40
POSITIONAL QUALITY,Read1,ReadPos 26 99% Quantile QV,40
POSITIONAL QUALITY,Read1,ReadPos 27 1% Quantile QV,12
POSITIONAL QUALITY,Read1,ReadPos 27 2% Quantile QV,24
POSITIONAL QUALITY,Read1,ReadPos 27 5% Quantile QV,24
POSITIONAL QUALITY,Read1,ReadPos 27 10% Quantile QV,40
POSITIONAL QUALITY,Read1,ReadPos 27 25% Quantile QV,40
POSITIONAL QUALITY,Read1,ReadPos 27 50% Quantile QV,40
POSITIONAL QUALITY,Read1,ReadPos 27 75% Quantile QV,40
POSITIONAL QUALITY,Read1,ReadPos 27 90% Quantile QV,40
POSITIONAL QUALITY,Read1,ReadPos 27 95% Quantile QV,40
POSITIONAL QUALITY,Read1,ReadPos 27 98% Quantile QV,40
POSITIONAL QUALITY,Read1,ReadPos 27 99% Quantile QV,40
POSITIONAL QUALITY,Read1,ReadPos 28 1% Quantile QV,12
POSITIONAL QUALITY,Read1,ReadPos 28 2% Quantile QV,24
POSITIONAL QUALITY,Read1,ReadPos 28 5% Quantile QV,24
POSITIONAL QUALITY,Read1,ReadPos 28 10% Quantile QV,40
POSITIONAL QUALITY,Read1,ReadPos 28 25% Quantile QV,40
POSITIONAL QUALITY,Read1,ReadPos 28 50% Quantile QV,40
POSITIONAL QUALITY,Read1,ReadPos 28 75% Quantile QV,40
POSITIONAL QUALITY,Read1,ReadPos 28 90% Quantile QV,40
POSITIONAL QUALITY,Read1,ReadPos 28 95% Quantile QV,40
POSITIONAL QUALITY,Read1,ReadPos 28 98% Quantile QV,40
POSITIONAL QUALITY,Read1,ReadPos 28 99% Quantile QV,40
POSITIONAL QUALITY,Read1,ReadPos 29 1% Quantile QV,12
POSITIONAL QUALITY,Read1,ReadPos 29 2% Quantile QV,24
POSITIONAL QUALITY,Read1,ReadPos 29 5% Quantile QV,24
POSITIONAL QUALITY,Read1,ReadPos 29 10% Quantile QV,40
POSITIONAL QUALITY,Read1,ReadPos 29 25% Quantile QV,40
POSITIONAL QUALITY,Read1,ReadPos 29 50% Quantile QV,40
POSITIONAL QUALITY,Read1,ReadPos 29 75% Quantile QV,40
POSITIONAL QUALITY,Read1,ReadPos 29 90% Quantile QV,40
POSITIONAL QUALITY,Read1,ReadPos 29 95% Quantile QV,40
POSITIONAL QUALITY,Read1,ReadPos 29 98% Quantile QV,40
POSITIONAL QUALITY,Read1,ReadPos 29 99% Quantile QV,40
POSITIONAL QUALITY,Read1,ReadPos 30 1% Quantile QV,12
POSITIONAL QUALITY,Read1,ReadPos 30 2% Quantile QV,24
POSITIONAL QUALITY,Read1,ReadPos 30 5% Quantile QV,24
POSITIONAL QUALITY,Read1,ReadPos 30 10% Quantile QV,40
POSITIONAL QUALITY,Read1,ReadPos 30 25% Quantile QV,40
POSITIONAL QUALITY,Read1,ReadPos 30 50% Quantile QV,40
POSITIONAL QUALITY,Read1,ReadPos 30 75% Quantile QV,40
POSITIONAL QUALITY,Read1,ReadPos 30 90% Quantile QV,40
POSITIONAL QUALITY,Read1,ReadPos 30 95% Quantile QV,40
POSITIONAL QUALITY,Read1,ReadPos 30 98% Quantile QV,40
POSITIONAL QUALITY,Read1,ReadPos 30 99% Quantile QV,40
POSITIONAL QUALITY,Read1,ReadPos 31 1% Quantile QV,12
POSITIONAL QUALITY,Read1,ReadPos 31 2% Quantile QV,24
POSITIONAL QUALITY,Read1,ReadPos 31 5% Quantile QV,24
POSITIONAL QUALITY,Read1,ReadPos 31 10% Quantile QV,40
POSITIONAL QUALITY,Read1,ReadPos 31 25% Quantile QV,40
POSITIONAL QUALITY,Read1,ReadPos 31 50% Quantile QV,40
POSITIONAL QUALITY,Read1,ReadPos 31 75% Quantile QV,40
POSITIONAL QUALITY,Read1,ReadPos 31 90% Quantile QV,40
POSITIONAL QUALITY,Read1,ReadPos 31 95% Quantile QV,40
POSITIONAL QUALITY,Read1,ReadPos 31 98% Quantile QV,40
POSITIONAL QUALITY,Read1,ReadPos 31 99% Quantile QV,40
POSITIONAL QUALITY,Read1,ReadPos 32 1% Quantile QV,12
POSITIONAL QUALITY,Read1,ReadPos 32 2% Quantile QV,24
POSITIONAL QUALITY,Read1,ReadPos 32 5% Quantile QV,24
POSITIONAL QUALITY,Read1,ReadPos 32 10% Quantile QV,40
POSITIONAL QUALITY,Read1,ReadPos 32 25% Quantile QV,40
POSITIONAL QUALITY,Read1,ReadPos 32 50% Quantile QV,40
POSITIONAL QUALITY,Read1,ReadPos 32 75% Quantile QV,40
POSITIONAL QUALITY,Read1,ReadPos 32 90% Quantile QV,40
POSITIONAL QUALITY,Read1,ReadPos 32 95% Quantile QV,40
POSITIONAL QUALITY,Read1,ReadPos 32 98% Quantile QV,40
POSITIONAL QUALITY,Read1,ReadPos 32 99% Quantile QV,40
POSITIONAL QUALITY,Read1,ReadPos 33 1% Quantile QV,12
POSITIONAL QUALITY,Read1,ReadPos 33 2% Quantile QV,24
POSITIONAL QUALITY,Read1,ReadPos 33 5% Quantile QV,24
POSITIONAL QUALITY,Read1,ReadPos 33 10% Quantile QV,40
POSITIONAL QUALITY,Read1,ReadPos 33 25% Quantile QV,40
POSITIONAL QUALITY,Read1,ReadPos 33 50% Quantile QV,40
POSITIONAL QUALITY,Read1,ReadPos 33 75% Quantile QV,40
POSITIONAL QUALITY,Read1,ReadPos 33 90% Quantile QV,40
POSITIONAL QUALITY,Read1,ReadPos 33 95% Quantile QV,40
POSITIONAL QUALITY,Read1,ReadPos 33 98% Quantile QV,40
POSITIONAL QUALITY,Read1,ReadPos 33 99% Quantile QV,40
POSITIONAL QUALITY,Read1,ReadPos 34 1% Quantile QV,12
POSITIONAL QUALITY,Read1,ReadPos 34 2% Quantile QV,24
POSITIONAL QUALITY,Read1,ReadPos 34 5% Quantile QV,24
POSITIONAL QUALITY,Read1,ReadPos 34 10% Quantile QV,40
POSITIONAL QUALITY,Read1,ReadPos 34 25% Quantile QV,40
POSITIONAL QUALITY,Read1,ReadPos 34 50% Quantile QV,40
POSITIONAL QUALITY,Read1,ReadPos 34 75% Quantile QV,40
POSITIONAL QUALITY,Read1,ReadPos 34 90% Quantile QV,40
POSITIONAL QUALITY,Read1,ReadPos 34 95% Quantile QV,40
POSITIONAL QUALITY,Read1,ReadPos 34 98% Quantile QV,40
POSITIONAL QUALITY,Read1,ReadPos 34 99% Quantile QV,40
POSITIONAL QUALITY,Read1,ReadPos 35 1% Quantile QV,12
POSITIONAL QUALITY,Read1,ReadPos 35 2% Quantile QV,24
POSITIONAL QUALITY,Read1,ReadPos 35 5% Quantile QV,24
POSITIONAL QUALITY,Read1,ReadPos 35 10% Quantile QV,40
POSITIONAL QUALITY,Read1,ReadPos 35 25% Quantile QV,40
POSITIONAL QUALITY,Read1,ReadPos 35 50% Quantile QV,40
POSITIONAL QUALITY,Read1,ReadPos 35 75% Quantile QV,40
POSITIONAL QUALITY,Read1,ReadPos 35 90% Quantile QV,40
POSITIONAL QUALITY,Read1,ReadPos 35 95% Quantile QV,40
POSITIONAL QUALITY,Read1,ReadPos 35 98% Quantile QV,40
POSITIONAL QUALITY,Read1,ReadPos 35 99% Quantile QV,40
POSITIONAL QUALITY,Read1,ReadPos 36 1% Quantile QV,12
POSITIONAL QUALITY,Read1,ReadPos 36 2% Quantile QV,24
POSITIONAL QUALITY,Read1,ReadPos 36 5% Quantile QV,24
POSITIONAL QUALITY,Read1,ReadPos 36 10% Quantile QV,40
POSITIONAL QUALITY,Read1,ReadPos 36 25% Quantile QV,40
POSITIONAL QUALITY,Read1,ReadPos 36 50% Quantile QV,40
POSITIONAL QUALITY,Read1,ReadPos 36 75% Quantile QV,40
POSITIONAL QUALITY,Read1,ReadPos 36 90% Quantile QV,40
POSITIONAL QUALITY,Read1,ReadPos 36 95% Quantile QV,40
POSITIONAL QUALITY,Read1,ReadPos 36 98% Quantile QV,40
POSITIONAL QUALITY,Read1,ReadPos 36 99% Quantile QV,40
POSITIONAL QUALITY,Read1,ReadPos 37 1% Quantile QV,12
POSITIONAL QUALITY,Read1,ReadPos 37 2% Quantile QV,24
POSITIONAL QUALITY,Read1,ReadPos 37 5% Quantile QV,40
POSITIONAL QUALITY,Read1,ReadPos 37 10% Quantile QV,40
POSITIONAL QUALITY,Read1,ReadPos 37 25% Quantile QV,40
POSITIONAL QUALITY,Read1,ReadPos 37 50% Quantile QV,40
POSITIONAL QUALITY,Read1,ReadPos 37 75% Quantile QV,40
POSITIONAL QUALITY,Read1,ReadPos 37 90% Quantile QV,40
POSITIONAL QUALITY,Read1,ReadPos 37 95% Quantile QV,40
POSITIONAL QUALITY,Read1,ReadPos 37 98% Quantile QV,40
POSITIONAL QUALITY,Read1,ReadPos 37 99% Quantile QV,40
POSITIONAL QUALITY,Read1,ReadPos 38 1% Quantile QV,12
POSITIONAL QUALITY,Read1,ReadPos 38 2% Quantile QV,24
POSITIONAL QUALITY,Read1,ReadPos 38 5% Quantile QV,24
POSITIONAL QUALITY,Read1,ReadPos 38 10% Quantile QV,40
POSITIONAL QUALITY,Read1,ReadPos 38 25% Quantile QV,40
POSITIONAL QUALITY,Read1,ReadPos 38 50% Quantile QV,40
POSITIONAL QUALITY,Read1,ReadPos 38 75% Quantile QV,40
POSITIONAL QUALITY,Read1,ReadPos 38 90% Quantile QV,40
POSITIONAL QUALITY,Read1,ReadPos 38 95% Quantile QV,40
POSITIONAL QUALITY,Read1,ReadPos 38 98% Quantile QV,40
POSITIONAL QUALITY,Read1,ReadPos 38 99% Quantile QV,40
POSITIONAL QUALITY,Read1,ReadPos 39 1% Quantile QV,12
POSITIONAL QUALITY,Read1,ReadPos 39 2% Quantile QV,24
POSITIONAL QUALITY,Read1,ReadPos 39 5% Quantile QV,40
POSITIONAL QUALITY,Read1,ReadPos 39 10% Quantile QV,40
POSITIONAL QUALITY,Read1,ReadPos 39 25% Quantile QV,40
POSITIONAL QUALITY,Read1,ReadPos 39 50% Quantile QV,40
POSITIONAL QUALITY,Read1,ReadPos 39 75% Quantile QV,40
POSITIONAL QUALITY,Read1,ReadPos 39 90% Quantile QV,40
POSITIONAL QUALITY,Read1,ReadPos 39 95% Quantile QV,40
POSITIONAL QUALITY,Read1,ReadPos 39 98% Quantile QV,40
POSITIONAL QUALITY,Read1,ReadPos 39 99% Quantile QV,40
POSITIONAL QUALITY,Read1,ReadPos 40 1% Quantile QV,12
POSITIONAL QUALITY,Read1,ReadPos 40 2% Quantile QV,24
POSITIONAL QUALITY,Read1,ReadPos 40 5% Quantile QV,24
POSITIONAL QUALITY,Read1,ReadPos 40 10% Quantile QV,40
POSITIONAL QUALITY,Read1,ReadPos 40 25% Quantile QV,40
POSITIONAL QUALITY,Read1,ReadPos 40 50% Quantile QV,40
POSITIONAL QUALITY,Read1,ReadPos 40 75% Quantile QV,40
POSITIONAL QUALITY,Read1,ReadPos 40 90% Quantile QV,40
POSITIONAL QUALITY,Read1,ReadPos 40 95% Quantile QV,40
POSITIONAL QUALITY,Read1,ReadPos 40 98% Quantile QV,40
POSITIONAL QUALITY,Read1,ReadPos 40 99% Quantile QV,40
POSITIONAL QUALITY,Read1,ReadPos 41 1% Quantile QV,12
POSITIONAL QUALITY,Read1,ReadPos 41 2% Quantile QV,24
POSITIONAL QUALITY,Read1,ReadPos 41 5% Quantile QV,24
POSITIONAL QUALITY,Read1,ReadPos 41 10% Quantile QV,40
POSITIONAL QUALITY,Read1,ReadPos 41 25% Quantile QV,40
POSITIONAL QUALITY,Read1,ReadPos 41 50% Quantile QV,40
POSITIONAL QUALITY,Read1,ReadPos 41 75% Quantile QV,40
POSITIONAL QUALITY,Read1,ReadPos 41 90% Quantile QV,40
POSITIONAL QUALITY,Read1,ReadPos 41 95% Quantile QV,40
POSITIONAL QUALITY,Read1,ReadPos 41 98% Quantile QV,40
POSITIONAL QUALITY,Read1,ReadPos 41 99% Quantile QV,40
POSITIONAL QUALITY,Read1,ReadPos 42 1% Quantile QV,12
POSITIONAL QUALITY,Read1,ReadPos 42 2% Quantile QV,24
POSITIONAL QUALITY,Read1,ReadPos 42 5% Quantile QV,24
POSITIONAL QUALITY,Read1,ReadPos 42 10% Quantile QV,40
POSITIONAL QUALITY,Read1,ReadPos 42 25% Quantile QV,40
POSITIONAL QUALITY,Read1,ReadPos 42 50% Quantile QV,40
POSITIONAL QUALITY,Read1,ReadPos 42 75% Quantile QV,40
POSITIONAL QUALITY,Read1,ReadPos 42 90% Quantile QV,40
POSITIONAL QUALITY,Read1,ReadPos 42 95% Quantile QV,40
POSITIONAL QUALITY,Read1,ReadPos 42 98% Quantile QV,40
POSITIONAL QUALITY,Read1,ReadPos 42 99% Quantile QV,40
POSITIONAL QUALITY,Read1,ReadPos 43 1% Quantile QV,12
POSITIONAL QUALITY,Read1,ReadPos 43 2% Quantile QV,24
POSITIONAL QUALITY,Read1,ReadPos 43 5% Quantile QV,24
POSITIONAL QUALITY,Read1,ReadPos 43 10% Quantile QV,40
POSITIONAL QUALITY,Read1,ReadPos 43 25% Quantile QV,40
POSITIONAL QUALITY,Read1,ReadPos 43 50% Quantile QV,40
POSITIONAL QUALITY,Read1,ReadPos 43 75% Quantile QV,40
POSITIONAL QUALITY,Read1,ReadPos 43 90% Quantile QV,40
POSITIONAL QUALITY,Read1,ReadPos 43 95% Quantile QV,40
POSITIONAL QUALITY,Read1,ReadPos 43 98% Quantile QV,40
POSITIONAL QUALITY,Read1,ReadPos 43 99% Quantile QV,40
POSITIONAL QUALITY,Read1,ReadPos 44 1% Quantile QV,12
POSITIONAL QUALITY,Read1,ReadPos 44 2% Quantile QV,24
POSITIONAL QUALITY,Read1,ReadPos 44 5% Quantile QV,24
POSITIONAL QUALITY,Read1,ReadPos 44 10% Quantile QV,40
POSITIONAL QUALITY,Read1,ReadPos 44 25% Quantile QV,40
POSITIONAL QUALITY,Read1,ReadPos 44 50% Quantile QV,40
POSITIONAL QUALITY,Read1,ReadPos 44 75% Quantile QV,40
POSITIONAL QUALITY,Read1,ReadPos 44 90% Quantile QV,40
POSITIONAL QUALITY,Read1,ReadPos 44 95% Quantile QV,40
POSITIONAL QUALITY,Read1,ReadPos 44 98% Quantile QV,40
POSITIONAL QUALITY,Read1,ReadPos 44 99% Quantile QV,40
POSITIONAL QUALITY,Read1,ReadPos 45 1% Quantile QV,12
POSITIONAL QUALITY,Read1,ReadPos 45 2% Quantile QV,24
POSITIONAL QUALITY,Read1,ReadPos 45 5% Quantile QV,24
POSITIONAL QUALITY,Read1,ReadPos 45 10% Quantile QV,40
POSITIONAL QUALITY,Read1,ReadPos 45 25% Quantile QV,40
POSITIONAL QUALITY,Read1,ReadPos 45 50% Quantile QV,40
POSITIONAL QUALITY,Read1,ReadPos 45 75% Quantile QV,40
POSITIONAL QUALITY,Read1,ReadPos 45 90% Quantile QV,40
POSITIONAL QUALITY,Read1,ReadPos 45 95% Quantile QV,40
POSITIONAL QUALITY,Read1,ReadPos 45 98% Quantile QV,40
POSITIONAL QUALITY,Read1,ReadPos 45 99% Quantile QV,40
POSITIONAL QUALITY,Read1,ReadPos 46 1% Quantile QV,12
POSITIONAL QUALITY,Read1,ReadPos 46 2% Quantile QV,24
POSITIONAL QUALITY,Read1,ReadPos 46 5% Quantile QV,24
POSITIONAL QUALITY,Read1,ReadPos 46 10% Quantile QV,40
POSITIONAL QUALITY,Read1,ReadPos 46 25% Quantile QV,40
POSITIONAL QUALITY,Read1,ReadPos 46 50% Quantile QV,40
POSITIONAL QUALITY,Read1,ReadPos 46 75% Quantile QV,40
POSITIONAL QUALITY,Read1,ReadPos 46 90% Quantile QV,40
POSITIONAL QUALITY,Read1,ReadPos 46 95% Quantile QV,40
POSITIONAL QUALITY,Read1,ReadPos 46 98% Quantile QV,40
POSITIONAL QUALITY,Read1,ReadPos 46 99% Quantile QV,40
POSITIONAL QUALITY,Read1,ReadPos 47 1% Quantile QV,12
POSITIONAL QUALITY,Read1,ReadPos 47 2% Quantile QV,24
POSITIONAL QUALITY,Read1,ReadPos 47 5% Quantile QV,24
POSITIONAL QUALITY,Read1,ReadPos 47 10% Quantile QV,40
POSITIONAL QUALITY,Read1,ReadPos 47 25% Quantile QV,40
POSITIONAL QUALITY,Read1,ReadPos 47 50% Quantile QV,40
POSITIONAL QUALITY,Read1,ReadPos 47 75% Quantile QV,40
POSITIONAL QUALITY,Read1,ReadPos 47 90% Quantile QV,40
POSITIONAL QUALITY,Read1,ReadPos 47 95% Quantile QV,40
POSITIONAL QUALITY,Read1,ReadPos 47 98% Quantile QV,40
POSITIONAL QUALITY,Read1,ReadPos 47 99% Quantile QV,40
POSITIONAL QUALITY,Read1,ReadPos 48 1% Quantile QV,12
POSITIONAL QUALITY,Read1,ReadPos 48 2% Quantile QV,24
POSITIONAL QUALITY,Read1,ReadPos 48 5% Quantile QV,24
POSITIONAL QUALITY,Read1,ReadPos 48 10% Quantile QV,40
POSITIONAL QUALITY,Read1,ReadPos 48 25% Quantile QV,40
POSITIONAL QUALITY,Read1,ReadPos 48 50% Quantile QV,40
POSITIONAL QUALITY,Read1,ReadPos 48 75% Quantile QV,40
POSITIONAL QUALITY,Read1,ReadPos 48 90% Quantile QV,40
POSITIONAL QUALITY,Read1,ReadPos 48 95% Quantile QV,40
POSITIONAL QUALITY,Read1,ReadPos 48 98% Quantile QV,40
POSITIONAL QUALITY,Read1,ReadPos 48 99% Quantile QV,40
POSITIONAL QUALITY,Read1,ReadPos 49 1% Quantile QV,12
POSITIONAL QUALITY,Read1,ReadPos 49 2% Quantile QV,24
POSITIONAL QUALITY,Read1,ReadPos 49 5% Quantile QV,24
POSITIONAL QUALITY,Read1,ReadPos 49 10% Quantile QV,40
POSITIONAL QUALITY,Read1,ReadPos 49 25% Quantile QV,40
POSITIONAL QUALITY,Read1,ReadPos 49 50% Quantile QV,40
POSITIONAL QUALITY,Read1,ReadPos 49 75% Quantile QV,40
POSITIONAL QUALITY,Read1,ReadPos 49 90% Quantile QV,40
POSITIONAL QUALITY,Read1,ReadPos 49 95% Quantile QV,40
POSITIONAL QUALITY,Read1,ReadPos 49 98% Quantile QV,40
POSITIONAL QUALITY,Read1,ReadPos 49 99% Quantile QV,40
POSITIONAL QUALITY,Read1,ReadPos 50 1% Quantile QV,12
POSITIONAL QUALITY,Read1,ReadPos 50 2% Quantile QV,24
POSITIONAL QUALITY,Read1,ReadPos 50 5% Quantile QV,24
POSITIONAL QUALITY,Read1,ReadPos 50 10% Quantile QV,40
POSITIONAL QUALITY,Read1,ReadPos 50 25% Quantile QV,40
POSITIONAL QUALITY,Read1,ReadPos 50 50% Quantile QV,40
POSITIONAL QUALITY,Read1,ReadPos 50 75% Quantile QV,40
POSITIONAL QUALITY,Read1,ReadPos 50 90% Quantile QV,40
POSITIONAL QUALITY,Read1,ReadPos 50 95% Quantile QV,40
POSITIONAL QUALITY,Read1,ReadPos 50 98% Quantile QV,40
POSITIONAL QUALITY,Read1,ReadPos 50 99% Quantile QV,40
POSITIONAL QUALITY,Read1,ReadPos 51 1% Quantile QV,12
POSITIONAL QUALITY,Read1,ReadPos 51 2% Quantile QV,24
POSITIONAL QUALITY,Read1,ReadPos 51 5% Quantile QV,24
POSITIONAL QUALITY,Read1,ReadPos 51 10% Quantile QV,40
POSITIONAL QUALITY,Read1,ReadPos 51 25% Quantile QV,40
POSITIONAL QUALITY,Read1,ReadPos 51 50% Quantile QV,40
POSITIONAL QUALITY,Read1,ReadPos 51 75% Quantile QV,40
POSITIONAL QUALITY,Read1,ReadPos 51 90% Quantile QV,40
POSITIONAL QUALITY,Read1,ReadPos 51 95% Quantile QV,40
POSITIONAL QUALITY,Read1,ReadPos 51 98% Quantile QV,40
POSITIONAL QUALITY,Read1,ReadPos 51 99% Quantile QV,40
POSITIONAL QUALITY,Read1,ReadPos 52 1% Quantile QV,12
POSITIONAL QUALITY,Read1,ReadPos 52 2% Quantile QV,24
POSITIONAL QUALITY,Read1,ReadPos 52 5% Quantile QV,24
POSITIONAL QUALITY,Read1,ReadPos 52 10% Quantile QV,40
POSITIONAL QUALITY,Read1,ReadPos 52 25% Quantile QV,40
POSITIONAL QUALITY,Read1,ReadPos 52 50% Quantile QV,40
POSITIONAL QUALITY,Read1,ReadPos 52 75% Quantile QV,40
POSITIONAL QUALITY,Read1,ReadPos 52 90% Quantile QV,40
POSITIONAL QUALITY,Read1,ReadPos 52 95% Quantile QV,40
POSITIONAL QUALITY,Read1,ReadPos 52 98% Quantile QV,40
POSITIONAL QUALITY,Read1,ReadPos 52 99% Quantile QV,40
POSITIONAL QUALITY,Read1,ReadPos 53 1% Quantile QV,12
POSITIONAL QUALITY,Read1,ReadPos 53 2% Quantile QV,24
POSITIONAL QUALITY,Read1,ReadPos 53 5% Quantile QV,24
POSITIONAL QUALITY,Read1,ReadPos 53 10% Quantile QV,40
POSITIONAL QUALITY,Read1,ReadPos 53 25% Quantile QV,40
POSITIONAL QUALITY,Read1,ReadPos 53 50% Quantile QV,40
POSITIONAL QUALITY,Read1,ReadPos 53 75% Quantile QV,40
POSITIONAL QUALITY,Read1,ReadPos 53 90% Quantile QV,40
POSITIONAL QUALITY,Read1,ReadPos 53 95% Quantile QV,40
POSITIONAL QUALITY,Read1,ReadPos 53 98% Quantile QV,40
POSITIONAL QUALITY,Read1,ReadPos 53 99% Quantile QV,40
POSITIONAL QUALITY,Read1,ReadPos 54 1% Quantile QV,12
POSITIONAL QUALITY,Read1,ReadPos 54 2% Quantile QV,24
POSITIONAL QUALITY,Read1,ReadPos 54 5% Quantile QV,24
POSITIONAL QUALITY,Read1,ReadPos 54 10% Quantile QV,40
POSITIONAL QUALITY,Read1,ReadPos 54 25% Quantile QV,40
POSITIONAL QUALITY,Read1,ReadPos 54 50% Quantile QV,40
POSITIONAL QUALITY,Read1,ReadPos 54 75% Quantile QV,40
POSITIONAL QUALITY,Read1,ReadPos 54 90% Quantile QV,40
POSITIONAL QUALITY,Read1,ReadPos 54 95% Quantile QV,40
POSITIONAL QUALITY,Read1,ReadPos 54 98% Quantile QV,40
POSITIONAL QUALITY,Read1,ReadPos 54 99% Quantile QV,40
POSITIONAL QUALITY,Read1,ReadPos 55 1% Quantile QV,12
POSITIONAL QUALITY,Read1,ReadPos 55 2% Quantile QV,24
POSITIONAL QUALITY,Read1,ReadPos 55 5% Quantile QV,24
POSITIONAL QUALITY,Read1,ReadPos 55 10% Quantile QV,40
POSITIONAL QUALITY,Read1,ReadPos 55 25% Quantile QV,40
POSITIONAL QUALITY,Read1,ReadPos 55 50% Quantile QV,40
POSITIONAL QUALITY,Read1,ReadPos 55 75% Quantile QV,40
POSITIONAL QUALITY,Read1,ReadPos 55 90% Quantile QV,40
POSITIONAL QUALITY,Read1,ReadPos 55 95% Quantile QV,40
POSITIONAL QUALITY,Read1,ReadPos 55 98% Quantile QV,40
POSITIONAL QUALITY,Read1,ReadPos 55 99% Quantile QV,40
POSITIONAL QUALITY,Read1,ReadPos 56 1% Quantile QV,12
POSITIONAL QUALITY,Read1,ReadPos 56 2% Quantile QV,24
POSITIONAL QUALITY,Read1,ReadPos 56 5% Quantile QV,24
POSITIONAL QUALITY,Read1,ReadPos 56 10% Quantile QV,40
POSITIONAL QUALITY,Read1,ReadPos 56 25% Quantile QV,40
POSITIONAL QUALITY,Read1,ReadPos 56 50% Quantile QV,40
POSITIONAL QUALITY,Read1,ReadPos 56 75% Quantile QV,40
POSITIONAL QUALITY,Read1,ReadPos 56 90% Quantile QV,40
POSITIONAL QUALITY,Read1,ReadPos 56 95% Quantile QV,40
POSITIONAL QUALITY,Read1,ReadPos 56 98% Quantile QV,40
POSITIONAL QUALITY,Read1,ReadPos 56 99% Quantile QV,40
POSITIONAL QUALITY,Read1,ReadPos 57 1% Quantile QV,12
POSITIONAL QUALITY,Read1,ReadPos 57 2% Quantile QV,24
POSITIONAL QUALITY,Read1,ReadPos 57 5% Quantile QV,24
POSITIONAL QUALITY,Read1,ReadPos 57 10% Quantile QV,40
POSITIONAL QUALITY,Read1,ReadPos 57 25% Quantile QV,40
POSITIONAL QUALITY,Read1,ReadPos 57 50% Quantile QV,40
POSITIONAL QUALITY,Read1,ReadPos 57 75% Quantile QV,40
POSITIONAL QUALITY,Read1,ReadPos 57 90% Quantile QV,40
POSITIONAL QUALITY,Read1,ReadPos 57 95% Quantile QV,40
POSITIONAL QUALITY,Read1,ReadPos 57 98% Quantile QV,40
POSITIONAL QUALITY,Read1,ReadPos 57 99% Quantile QV,40
POSITIONAL QUALITY,Read1,ReadPos 58 1% Quantile QV,12
POSITIONAL QUALITY,Read1,ReadPos 58 2% Quantile QV,24
POSITIONAL QUALITY,Read1,ReadPos 58 5% Quantile QV,24
POSITIONAL QUALITY,Read1,ReadPos 58 10% Quantile QV,40
POSITIONAL QUALITY,Read1,ReadPos 58 25% Quantile QV,40
POSITIONAL QUALITY,Read1,ReadPos 58 50% Quantile QV,40
POSITIONAL QUALITY,Read1,ReadPos 58 75% Quantile QV,40
POSITIONAL QUALITY,Read1,ReadPos 58 90% Quantile QV,40
POSITIONAL QUALITY,Read1,ReadPos 58 95% Quantile QV,40
POSITIONAL QUALITY,Read1,ReadPos 58 98% Quantile QV,40
POSITIONAL QUALITY,Read1,ReadPos 58 99% Quantile QV,40
POSITIONAL QUALITY,Read1,ReadPos 59 1% Quantile QV,12
POSITIONAL QUALITY,Read1,ReadPos 59 2% Quantile QV,24
POSITIONAL QUALITY,Read1,ReadPos 59 5% Quantile QV,24
POSITIONAL QUALITY,Read1,ReadPos 59 10% Quantile QV,40
POSITIONAL QUALITY,Read1,ReadPos 59 25% Quantile QV,40
POSITIONAL QUALITY,Read1,ReadPos 59 50% Quantile QV,40
POSITIONAL QUALITY,Read1,ReadPos 59 75% Quantile QV,40
POSITIONAL QUALITY,Read1,ReadPos 59 90% Quantile QV,40
POSITIONAL QUALITY,Read1,ReadPos 59 95% Quantile QV,40
POSITIONAL QUALITY,Read1,ReadPos 59 98% Quantile QV,40
POSITIONAL QUALITY,Read1,ReadPos 59 99% Quantile QV,40
POSITIONAL QUALITY,Read1,ReadPos 60 1% Quantile QV,12
POSITIONAL QUALITY,Read1,ReadPos 60 2% Quantile QV,24
POSITIONAL QUALITY,Read1,ReadPos 60 5% Quantile QV,24
POSITIONAL QUALITY,Read1,ReadPos 60 10% Quantile QV,40
POSITIONAL QUALITY,Read1,ReadPos 60 25% Quantile QV,40
POSITIONAL QUALITY,Read1,ReadPos 60 50% Quantile QV,40
POSITIONAL QUALITY,Read1,ReadPos 60 75% Quantile QV,40
POSITIONAL QUALITY,Read1,ReadPos 60 90% Quantile QV,40
POSITIONAL QUALITY,Read1,ReadPos 60 95% Quantile QV,40
POSITIONAL QUALITY,Read1,ReadPos 60 98% Quantile QV,40
POSITIONAL QUALITY,Read1,ReadPos 60 99% Quantile QV,40
POSITIONAL QUALITY,Read1,ReadPos 61 1% Quantile QV,12
POSITIONAL QUALITY,Read1,ReadPos 61 2% Quantile QV,24
POSITIONAL QUALITY,Read1,ReadPos 61 5% Quantile QV,24
POSITIONAL QUALITY,Read1,ReadPos 61 10% Quantile QV,40
POSITIONAL QUALITY,Read1,ReadPos 61 25% Quantile QV,40
POSITIONAL QUALITY,Read1,ReadPos 61 50% Quantile QV,40
POSITIONAL QUALITY,Read1,ReadPos 61 75% Quantile QV,40
POSITIONAL QUALITY,Read1,ReadPos 61 90% Quantile QV,40
POSITIONAL QUALITY,Read1,ReadPos 61 95% Quantile QV,40
POSITIONAL QUALITY,Read1,ReadPos 61 98% Quantile QV,40
POSITIONAL QUALITY,Read1,ReadPos 61 99% Quantile QV,40
POSITIONAL QUALITY,Read1,ReadPos 62 1% Quantile QV,12
POSITIONAL QUALITY,Read1,ReadPos 62 2% Quantile QV,24
POSITIONAL QUALITY,Read1,ReadPos 62 5% Quantile QV,24
POSITIONAL QUALITY,Read1,ReadPos 62 10% Quantile QV,40
POSITIONAL QUALITY,Read1,ReadPos 62 25% Quantile QV,40
POSITIONAL QUALITY,Read1,ReadPos 62 50% Quantile QV,40
POSITIONAL QUALITY,Read1,ReadPos 62 75% Quantile QV,40
POSITIONAL QUALITY,Read1,ReadPos 62 90% Quantile QV,40
POSITIONAL QUALITY,Read1,ReadPos 62 95% Quantile QV,40
POSITIONAL QUALITY,Read1,ReadPos 62 98% Quantile QV,40
POSITIONAL QUALITY,Read1,ReadPos 62 99% Quantile QV,40
POSITIONAL QUALITY,Read1,ReadPos 63 1% Quantile QV,12
POSITIONAL QUALITY,Read1,ReadPos 63 2% Quantile QV,12
POSITIONAL QUALITY,Read1,ReadPos 63 5% Quantile QV,24
POSITIONAL QUALITY,Read1,ReadPos 63 10% Quantile QV,40
POSITIONAL QUALITY,Read1,ReadPos 63 25% Quantile QV,40
POSITIONAL QUALITY,Read1,ReadPos 63 50% Quantile QV,40
POSITIONAL QUALITY,Read1,ReadPos 63 75% Quantile QV,40
POSITIONAL QUALITY,Read1,ReadPos 63 90% Quantile QV,40
POSITIONAL QUALITY,Read1,ReadPos 63 95% Quantile QV,40
POSITIONAL QUALITY,Read1,ReadPos 63 98% Quantile QV,40
POSITIONAL QUALITY,Read1,ReadPos 63 99% Quantile QV,40
POSITIONAL QUALITY,Read1,ReadPos 64 1% Quantile QV,12
POSITIONAL QUALITY,Read1,ReadPos 64 2% Quantile QV,12
POSITIONAL QUALITY,Read1,ReadPos 64 5% Quantile QV,24
POSITIONAL QUALITY,Read1,ReadPos 64 10% Quantile QV,40
POSITIONAL QUALITY,Read1,ReadPos 64 25% Quantile QV,40
POSITIONAL QUALITY,Read1,ReadPos 64 50% Quantile QV,40
POSITIONAL QUALITY,Read1,ReadPos 64 75% Quantile QV,40
POSITIONAL QUALITY,Read1,ReadPos 64 90% Quantile QV,40
POSITIONAL QUALITY,Read1,ReadPos 64 95% Quantile QV,40
POSITIONAL QUALITY,Read1,ReadPos 64 98% Quantile QV,40
POSITIONAL QUALITY,Read1,ReadPos 64 99% Quantile QV,40
POSITIONAL QUALITY,Read1,ReadPos 65 1% Quantile QV,12
POSITIONAL QUALITY,Read1,ReadPos 65 2% Quantile QV,12
POSITIONAL QUALITY,Read1,ReadPos 65 5% Quantile QV,24
POSITIONAL QUALITY,Read1,ReadPos 65 10% Quantile QV,40
POSITIONAL QUALITY,Read1,ReadPos 65 25% Quantile QV,40
POSITIONAL QUALITY,Read1,ReadPos 65 50% Quantile QV,40
POSITIONAL QUALITY,Read1,ReadPos 65 75% Quantile QV,40
POSITIONAL QUALITY,Read1,ReadPos 65 90% Quantile QV,40
POSITIONAL QUALITY,Read1,ReadPos 65 95% Quantile QV,40
POSITIONAL QUALITY,Read1,ReadPos 65 98% Quantile QV,40
POSITIONAL QUALITY,Read1,ReadPos 65 99% Quantile QV,40
POSITIONAL QUALITY,Read1,ReadPos 66 1% Quantile QV,12
POSITIONAL QUALITY,Read1,ReadPos 66 2% Quantile QV,12
POSITIONAL QUALITY,Read1,ReadPos 66 5% Quantile QV,24
POSITIONAL QUALITY,Read1,ReadPos 66 10% Quantile QV,40
POSITIONAL QUALITY,Read1,ReadPos 66 25% Quantile QV,40
POSITIONAL QUALITY,Read1,ReadPos 66 50% Quantile QV,40
POSITIONAL QUALITY,Read1,ReadPos 66 75% Quantile QV,40
POSITIONAL QUALITY,Read1,ReadPos 66 90% Quantile QV,40
POSITIONAL QUALITY,Read1,ReadPos 66 95% Quantile QV,40
POSITIONAL QUALITY,Read1,ReadPos 66 98% Quantile QV,40
POSITIONAL QUALITY,Read1,ReadPos 66 99% Quantile QV,40
POSITIONAL QUALITY,Read1,ReadPos 67 1% Quantile QV,12
POSITIONAL QUALITY,Read1,ReadPos 67 2% Quantile QV,12
POSITIONAL QUALITY,Read1,ReadPos 67 5% Quantile QV,24
POSITIONAL QUALITY,Read1,ReadPos 67 10% Quantile QV,40
POSITIONAL QUALITY,Read1,ReadPos 67 25% Quantile QV,40
POSITIONAL QUALITY,Read1,ReadPos 67 50% Quantile QV,40
POSITIONAL QUALITY,Read1,ReadPos 67 75% Quantile QV,40
POSITIONAL QUALITY,Read1,ReadPos 67 90% Quantile QV,40
POSITIONAL QUALITY,Read1,ReadPos 67 95% Quantile QV,40
POSITIONAL QUALITY,Read1,ReadPos 67 98% Quantile QV,40
POSITIONAL QUALITY,Read1,ReadPos 67 99% Quantile QV,40
POSITIONAL QUALITY,Read1,ReadPos 68 1% Quantile QV,12
POSITIONAL QUALITY,Read1,ReadPos 68 2% Quantile QV,12
POSITIONAL QUALITY,Read1,ReadPos 68 5% Quantile QV,24
POSITIONAL QUALITY,Read1,ReadPos 68 10% Quantile QV,40
POSITIONAL QUALITY,Read1,ReadPos 68 25% Quantile QV,40
POSITIONAL QUALITY,Read1,ReadPos 68 50% Quantile QV,40
POSITIONAL QUALITY,Read1,ReadPos 68 75% Quantile QV,40
POSITIONAL QUALITY,Read1,ReadPos 68 90% Quantile QV,40
POSITIONAL QUALITY,Read1,ReadPos 68 95% Quantile QV,40
POSITIONAL QUALITY,Read1,ReadPos 68 98% Quantile QV,40
POSITIONAL QUALITY,Read1,ReadPos 68 99% Quantile QV,40
POSITIONAL QUALITY,Read1,ReadPos 69 1% Quantile QV,12
POSITIONAL QUALITY,Read1,ReadPos 69 2% Quantile QV,12
POSITIONAL QUALITY,Read1,ReadPos 69 5% Quantile QV,24
POSITIONAL QUALITY,Read1,ReadPos 69 10% Quantile QV,40
POSITIONAL QUALITY,Read1,ReadPos 69 25% Quantile QV,40
POSITIONAL QUALITY,Read1,ReadPos 69 50% Quantile QV,40
POSITIONAL QUALITY,Read1,ReadPos 69 75% Quantile QV,40
POSITIONAL QUALITY,Read1,ReadPos 69 90% Quantile QV,40
POSITIONAL QUALITY,Read1,ReadPos 69 95% Quantile QV,40
POSITIONAL QUALITY,Read1,ReadPos 69 98% Quantile QV,40
POSITIONAL QUALITY,Read1,ReadPos 69 99% Quantile QV,40
POSITIONAL QUALITY,Read1,ReadPos 70 1% Quantile QV,12
POSITIONAL QUALITY,Read1,ReadPos 70 2% Quantile QV,12
POSITIONAL QUALITY,Read1,ReadPos 70 5% Quantile QV,24
POSITIONAL QUALITY,Read1,ReadPos 70 10% Quantile QV,40
POSITIONAL QUALITY,Read1,ReadPos 70 25% Quantile QV,40
POSITIONAL QUALITY,Read1,ReadPos 70 50% Quantile QV,40
POSITIONAL QUALITY,Read1,ReadPos 70 75% Quantile QV,40
POSITIONAL QUALITY,Read1,ReadPos 70 90% Quantile QV,40
POSITIONAL QUALITY,Read1,ReadPos 70 95% Quantile QV,40
POSITIONAL QUALITY,Read1,ReadPos 70 98% Quantile QV,40
POSITIONAL QUALITY,Read1,ReadPos 70 99% Quantile QV,40
POSITIONAL QUALITY,Read1,ReadPos 71 1% Quantile QV,12
POSITIONAL QUALITY,Read1,ReadPos 71 2% Quantile QV,12
POSITIONAL QUALITY,Read1,ReadPos 71 5% Quantile QV,24
POSITIONAL QUALITY,Read1,ReadPos 71 10% Quantile QV,40
POSITIONAL QUALITY,Read1,ReadPos 71 25% Quantile QV,40
POSITIONAL QUALITY,Read1,ReadPos 71 50% Quantile QV,40
POSITIONAL QUALITY,Read1,ReadPos 71 75% Quantile QV,40
POSITIONAL QUALITY,Read1,ReadPos 71 90% Quantile QV,40
POSITIONAL QUALITY,Read1,ReadPos 71 95% Quantile QV,40
POSITIONAL QUALITY,Read1,ReadPos 71 98% Quantile QV,40
POSITIONAL QUALITY,Read1,ReadPos 71 99% Quantile QV,40
POSITIONAL QUALITY,Read1,ReadPos 72 1% Quantile QV,12
POSITIONAL QUALITY,Read1,ReadPos 72 2% Quantile QV,12
POSITIONAL QUALITY,Read1,ReadPos 72 5% Quantile QV,24
POSITIONAL QUALITY,Read1,ReadPos 72 10% Quantile QV,40
POSITIONAL QUALITY,Read1,ReadPos 72 25% Quantile QV,40
POSITIONAL QUALITY,Read1,ReadPos 72 50% Quantile QV,40
POSITIONAL QUALITY,Read1,ReadPos 72 75% Quantile QV,40
POSITIONAL QUALITY,Read1,ReadPos 72 90% Quantile QV,40
POSITIONAL QUALITY,Read1,ReadPos 72 95% Quantile QV,40
POSITIONAL QUALITY,Read1,ReadPos 72 98% Quantile QV,40
POSITIONAL QUALITY,Read1,ReadPos 72 99% Quantile QV,40
POSITIONAL QUALITY,Read1,ReadPos 73 1% Quantile QV,12
POSITIONAL QUALITY,Read1,ReadPos 73 2% Quantile QV,12
POSITIONAL QUALITY,Read1,ReadPos 73 5% Quantile QV,24
POSITIONAL QUALITY,Read1,ReadPos 73 10% Quantile QV,40
POSITIONAL QUALITY,Read1,ReadPos 73 25% Quantile QV,40
POSITIONAL QUALITY,Read1,ReadPos 73 50% Quantile QV,40
POSITIONAL QUALITY,Read1,ReadPos 73 75% Quantile QV,40
POSITIONAL QUALITY,Read1,ReadPos 73 90% Quantile QV,40
POSITIONAL QUALITY,Read1,ReadPos 73 95% Quantile QV,40
POSITIONAL QUALITY,Read1,ReadPos 73 98% Quantile QV,40
POSITIONAL QUALITY,Read1,ReadPos 73 99% Quantile QV,40
POSITIONAL QUALITY,Read1,ReadPos 74 1% Quantile QV,12
POSITIONAL QUALITY,Read1,ReadPos 74 2% Quantile QV,12
POSITIONAL QUALITY,Read1,ReadPos 74 5% Quantile QV,24
POSITIONAL QUALITY,Read1,ReadPos 74 10% Quantile QV,40
POSITIONAL QUALITY,Read1,ReadPos 74 25% Quantile QV,40
POSITIONAL QUALITY,Read1,ReadPos 74 50% Quantile QV,40
POSITIONAL QUALITY,Read1,ReadPos 74 75% Quantile QV,40
POSITIONAL QUALITY,Read1,ReadPos 74 90% Quantile QV,40
POSITIONAL QUALITY,Read1,ReadPos 74 95% Quantile QV,40
POSITIONAL QUALITY,Read1,ReadPos 74 98% Quantile QV,40
POSITIONAL QUALITY,Read1,ReadPos 74 99% Quantile QV,40
POSITIONAL QUALITY,Read1,ReadPos 75 1% Quantile QV,12
POSITIONAL QUALITY,Read1,ReadPos 75 2% Quantile QV,12
POSITIONAL QUALITY,Read1,ReadPos 75 5% Quantile QV,24
POSITIONAL QUALITY,Read1,ReadPos 75 10% Quantile QV,40
POSITIONAL QUALITY,Read1,ReadPos 75 25% Quantile QV,40
POSITIONAL QUALITY,Read1,ReadPos 75 50% Quantile QV,40
POSITIONAL QUALITY,Read1,ReadPos 75 75% Quantile QV,40
POSITIONAL QUALITY,Read1,ReadPos 75 90% Quantile QV,40
POSITIONAL QUALITY,Read1,ReadPos 75 95% Quantile QV,40
POSITIONAL QUALITY,Read1,ReadPos 75 98% Quantile QV,40
POSITIONAL QUALITY,Read1,ReadPos 75 99% Quantile QV,40
POSITIONAL QUALITY,Read1,ReadPos 76 1% Quantile QV,12
POSITIONAL QUALITY,Read1,ReadPos 76 2% Quantile QV,12
POSITIONAL QUALITY,Read1,ReadPos 76 5% Quantile QV,24
POSITIONAL QUALITY,Read1,ReadPos 76 10% Quantile QV,40
POSITIONAL QUALITY,Read1,ReadPos 76 25% Quantile QV,40
POSITIONAL QUALITY,Read1,ReadPos 76 50% Quantile QV,40
POSITIONAL QUALITY,Read1,ReadPos 76 75% Quantile QV,40
POSITIONAL QUALITY,Read1,ReadPos 76 90% Quantile QV,40
POSITIONAL QUALITY,Read1,ReadPos 76 95% Quantile QV,40
POSITIONAL QUALITY,Read1,ReadPos 76 98% Quantile QV,40
POSITIONAL QUALITY,Read1,ReadPos 76 99% Quantile QV,40
POSITIONAL QUALITY,Read1,ReadPos 77 1% Quantile QV,12
POSITIONAL QUALITY,Read1,ReadPos 77 2% Quantile QV,12
POSITIONAL QUALITY,Read1,ReadPos 77 5% Quantile QV,24
POSITIONAL QUALITY,Read1,ReadPos 77 10% Quantile QV,40
POSITIONAL QUALITY,Read1,ReadPos 77 25% Quantile QV,40
POSITIONAL QUALITY,Read1,ReadPos 77 50% Quantile QV,40
POSITIONAL QUALITY,Read1,ReadPos 77 75% Quantile QV,40
POSITIONAL QUALITY,Read1,ReadPos 77 90% Quantile QV,40
POSITIONAL QUALITY,Read1,ReadPos 77 95% Quantile QV,40
POSITIONAL QUALITY,Read1,ReadPos 77 98% Quantile QV,40
POSITIONAL QUALITY,Read1,ReadPos 77 99% Quantile QV,40
POSITIONAL QUALITY,Read1,ReadPos 78 1% Quantile QV,12
POSITIONAL QUALITY,Read1,ReadPos 78 2% Quantile QV,12
POSITIONAL QUALITY,Read1,ReadPos 78 5% Quantile QV,24
POSITIONAL QUALITY,Read1,ReadPos 78 10% Quantile QV,40
POSITIONAL QUALITY,Read1,ReadPos 78 25% Quantile QV,40
POSITIONAL QUALITY,Read1,ReadPos 78 50% Quantile QV,40
POSITIONAL QUALITY,Read1,ReadPos 78 75% Quantile QV,40
POSITIONAL QUALITY,Read1,ReadPos 78 90% Quantile QV,40
POSITIONAL QUALITY,Read1,ReadPos 78 95% Quantile QV,40
POSITIONAL QUALITY,Read1,ReadPos 78 98% Quantile QV,40
POSITIONAL QUALITY,Read1,ReadPos 78 99% Quantile QV,40
POSITIONAL QUALITY,Read1,ReadPos 79 1% Quantile QV,12
POSITIONAL QUALITY,Read1,ReadPos 79 2% Quantile QV,12
POSITIONAL QUALITY,Read1,ReadPos 79 5% Quantile QV,24
POSITIONAL QUALITY,Read1,ReadPos 79 10% Quantile QV,40
POSITIONAL QUALITY,Read1,ReadPos 79 25% Quantile QV,40
POSITIONAL QUALITY,Read1,ReadPos 79 50% Quantile QV,40
POSITIONAL QUALITY,Read1,ReadPos 79 75% Quantile QV,40
POSITIONAL QUALITY,Read1,ReadPos 79 90% Quantile QV,40
POSITIONAL QUALITY,Read1,ReadPos 79 95% Quantile QV,40
POSITIONAL QUALITY,Read1,ReadPos 79 98% Quantile QV,40
POSITIONAL QUALITY,Read1,ReadPos 79 99% Quantile QV,40
POSITIONAL QUALITY,Read1,ReadPos 80 1% Quantile QV,12
POSITIONAL QUALITY,Read1,ReadPos 80 2% Quantile QV,12
POSITIONAL QUALITY,Read1,ReadPos 80 5% Quantile QV,24
POSITIONAL QUALITY,Read1,ReadPos 80 10% Quantile QV,40
POSITIONAL QUALITY,Read1,ReadPos 80 25% Quantile QV,40
POSITIONAL QUALITY,Read1,ReadPos 80 50% Quantile QV,40
POSITIONAL QUALITY,Read1,ReadPos 80 75% Quantile QV,40
POSITIONAL QUALITY,Read1,ReadPos 80 90% Quantile QV,40
POSITIONAL QUALITY,Read1,ReadPos 80 95% Quantile QV,40
POSITIONAL QUALITY,Read1,ReadPos 80 98% Quantile QV,40
POSITIONAL QUALITY,Read1,ReadPos 80 99% Quantile QV,40
POSITIONAL QUALITY,Read1,ReadPos 81 1% Quantile QV,12
POSITIONAL QUALITY,Read1,ReadPos 81 2% Quantile QV,12
POSITIONAL QUALITY,Read1,ReadPos 81 5% Quantile QV,24
POSITIONAL QUALITY,Read1,ReadPos 81 10% Quantile QV,40
POSITIONAL QUALITY,Read1,ReadPos 81 25% Quantile QV,40
POSITIONAL QUALITY,Read1,ReadPos 81 50% Quantile QV,40
POSITIONAL QUALITY,Read1,ReadPos 81 75% Quantile QV,40
POSITIONAL QUALITY,Read1,ReadPos 81 90% Quantile QV,40
POSITIONAL QUALITY,Read1,ReadPos 81 95% Quantile QV,40
POSITIONAL QUALITY,Read1,ReadPos 81 98% Quantile QV,40
POSITIONAL QUALITY,Read1,ReadPos 81 99% Quantile QV,40
POSITIONAL QUALITY,Read1,ReadPos 82 1% Quantile QV,12
POSITIONAL QUALITY,Read1,ReadPos 82 2% Quantile QV,12
POSITIONAL QUALITY,Read1,ReadPos 82 5% Quantile QV,24
POSITIONAL QUALITY,Read1,ReadPos 82 10% Quantile QV,40
POSITIONAL QUALITY,Read1,ReadPos 82 25% Quantile QV,40
POSITIONAL QUALITY,Read1,ReadPos 82 50% Quantile QV,40
POSITIONAL QUALITY,Read1,ReadPos 82 75% Quantile QV,40
POSITIONAL QUALITY,Read1,ReadPos 82 90% Quantile QV,40
POSITIONAL QUALITY,Read1,ReadPos 82 95% Quantile QV,40
POSITIONAL QUALITY,Read1,ReadPos 82 98% Quantile QV,40
POSITIONAL QUALITY,Read1,ReadPos 82 99% Quantile QV,40
POSITIONAL QUALITY,Read1,ReadPos 83 1% Quantile QV,12
POSITIONAL QUALITY,Read1,ReadPos 83 2% Quantile QV,12
POSITIONAL QUALITY,Read1,ReadPos 83 5% Quantile QV,24
POSITIONAL QUALITY,Read1,ReadPos 83 10% Quantile QV,40
POSITIONAL QUALITY,Read1,ReadPos 83 25% Quantile QV,40
POSITIONAL QUALITY,Read1,ReadPos 83 50% Quantile QV,40
POSITIONAL QUALITY,Read1,ReadPos 83 75% Quantile QV,40
POSITIONAL QUALITY,Read1,ReadPos 83 90% Quantile QV,40
POSITIONAL QUALITY,Read1,ReadPos 83 95% Quantile QV,40
POSITIONAL QUALITY,Read1,ReadPos 83 98% Quantile QV,40
POSITIONAL QUALITY,Read1,ReadPos 83 99% Quantile QV,40
POSITIONAL QUALITY,Read1,ReadPos 84 1% Quantile QV,12
POSITIONAL QUALITY,Read1,ReadPos 84 2% Quantile QV,12
POSITIONAL QUALITY,Read1,ReadPos 84 5% Quantile QV,24
POSITIONAL QUALITY,Read1,ReadPos 84 10% Quantile QV,40
POSITIONAL QUALITY,Read1,ReadPos 84 25% Quantile QV,40
POSITIONAL QUALITY,Read1,ReadPos 84 50% Quantile QV,40
POSITIONAL QUALITY,Read1,ReadPos 84 75% Quantile QV,40
POSITIONAL QUALITY,Read1,ReadPos 84 90% Quantile QV,40
POSITIONAL QUALITY,Read1,ReadPos 84 95% Quantile QV,40
POSITIONAL QUALITY,Read1,ReadPos 84 98% Quantile QV,40
POSITIONAL QUALITY,Read1,ReadPos 84 99% Quantile QV,40
POSITIONAL QUALITY,Read1,ReadPos 85 1% Quantile QV,12
POSITIONAL QUALITY,Read1,ReadPos 85 2% Quantile QV,12
POSITIONAL QUALITY,Read1,ReadPos 85 5% Quantile QV,24
POSITIONAL QUALITY,Read1,ReadPos 85 10% Quantile QV,40
POSITIONAL QUALITY,Read1,ReadPos 85 25% Quantile QV,40
POSITIONAL QUALITY,Read1,ReadPos 85 50% Quantile QV,40
POSITIONAL QUALITY,Read1,ReadPos 85 75% Quantile QV,40
POSITIONAL QUALITY,Read1,ReadPos 85 90% Quantile QV,40
POSITIONAL QUALITY,Read1,ReadPos 85 95% Quantile QV,40
POSITIONAL QUALITY,Read1,ReadPos 85 98% Quantile QV,40
POSITIONAL QUALITY,Read1,ReadPos 85 99% Quantile QV,40
POSITIONAL QUALITY,Read1,ReadPos 86 1% Quantile QV,12
POSITIONAL QUALITY,Read1,ReadPos 86 2% Quantile QV,12
POSITIONAL QUALITY,Read1,ReadPos 86 5% Quantile QV,24
POSITIONAL QUALITY,Read1,ReadPos 86 10% Quantile QV,40
POSITIONAL QUALITY,Read1,ReadPos 86 25% Quantile QV,40
POSITIONAL QUALITY,Read1,ReadPos 86 50% Quantile QV,40
POSITIONAL QUALITY,Read1,ReadPos 86 75% Quantile QV,40
POSITIONAL QUALITY,Read1,ReadPos 86 90% Quantile QV,40
POSITIONAL QUALITY,Read1,ReadPos 86 95% Quantile QV,40
POSITIONAL QUALITY,Read1,ReadPos 86 98% Quantile QV,40
POSITIONAL QUALITY,Read1,ReadPos 86 99% Quantile QV,40
POSITIONAL QUALITY,Read1,ReadPos 87 1% Quantile QV,12
POSITIONAL QUALITY,Read1,ReadPos 87 2% Quantile QV,12
POSITIONAL QUALITY,Read1,ReadPos 87 5% Quantile QV,24
POSITIONAL QUALITY,Read1,ReadPos 87 10% Quantile QV,40
POSITIONAL QUALITY,Read1,ReadPos 87 25% Quantile QV,40
POSITIONAL QUALITY,Read1,ReadPos 87 50% Quantile QV,40
POSITIONAL QUALITY,Read1,ReadPos 87 75% Quantile QV,40
POSITIONAL QUALITY,Read1,ReadPos 87 90% Quantile QV,40
POSITIONAL QUALITY,Read1,ReadPos 87 95% Quantile QV,40
POSITIONAL QUALITY,Read1,ReadPos 87 98% Quantile QV,40
POSITIONAL QUALITY,Read1,ReadPos 87 99% Quantile QV,40
POSITIONAL QUALITY,Read1,ReadPos 88 1% Quantile QV,12
POSITIONAL QUALITY,Read1,ReadPos 88 2% Quantile QV,12
POSITIONAL QUALITY,Read1,ReadPos 88 5% Quantile QV,24
POSITIONAL QUALITY,Read1,ReadPos 88 10% Quantile QV,40
POSITIONAL QUALITY,Read1,ReadPos 88 25% Quantile QV,40
POSITIONAL QUALITY,Read1,ReadPos 88 50% Quantile QV,40
POSITIONAL QUALITY,Read1,ReadPos 88 75% Quantile QV,40
POSITIONAL QUALITY,Read1,ReadPos 88 90% Quantile QV,40
POSITIONAL QUALITY,Read1,ReadPos 88 95% Quantile QV,40
POSITIONAL QUALITY,Read1,ReadPos 88 98% Quantile QV,40
POSITIONAL QUALITY,Read1,ReadPos 88 99% Quantile QV,40
POSITIONAL QUALITY,Read1,ReadPos 89 1% Quantile QV,12
POSITIONAL QUALITY,Read1,ReadPos 89 2% Quantile QV,12
POSITIONAL QUALITY,Read1,ReadPos 89 5% Quantile QV,24
POSITIONAL QUALITY,Read1,ReadPos 89 10% Quantile QV,40
POSITIONAL QUALITY,Read1,ReadPos 89 25% Quantile QV,40
POSITIONAL QUALITY,Read1,ReadPos 89 50% Quantile QV,40
POSITIONAL QUALITY,Read1,ReadPos 89 75% Quantile QV,40
POSITIONAL QUALITY,Read1,ReadPos 89 90% Quantile QV,40
POSITIONAL QUALITY,Read1,ReadPos 89 95% Quantile QV,40
POSITIONAL QUALITY,Read1,ReadPos 89 98% Quantile QV,40
POSITIONAL QUALITY,Read1,ReadPos 89 99% Quantile QV,40
POSITIONAL QUALITY,Read1,ReadPos 90 1% Quantile QV,12
POSITIONAL QUALITY,Read1,ReadPos 90 2% Quantile QV,12
POSITIONAL QUALITY,Read1,ReadPos 90 5% Quantile QV,24
POSITIONAL QUALITY,Read1,ReadPos 90 10% Quantile QV,40
POSITIONAL QUALITY,Read1,ReadPos 90 25% Quantile QV,40
POSITIONAL QUALITY,Read1,ReadPos 90 50% Quantile QV,40
POSITIONAL QUALITY,Read1,ReadPos 90 75% Quantile QV,40
POSITIONAL QUALITY,Read1,ReadPos 90 90% Quantile QV,40
POSITIONAL QUALITY,Read1,ReadPos 90 95% Quantile QV,40
POSITIONAL QUALITY,Read1,ReadPos 90 98% Quantile QV,40
POSITIONAL QUALITY,Read1,ReadPos 90 99% Quantile QV,40
POSITIONAL QUALITY,Read1,ReadPos 91 1% Quantile QV,12
POSITIONAL QUALITY,Read1,ReadPos 91 2% Quantile QV,12
POSITIONAL QUALITY,Read1,ReadPos 91 5% Quantile QV,24
POSITIONAL QUALITY,Read1,ReadPos 91 10% Quantile QV,40
POSITIONAL QUALITY,Read1,ReadPos 91 25% Quantile QV,40
POSITIONAL QUALITY,Read1,ReadPos 91 50% Quantile QV,40
POSITIONAL QUALITY,Read1,ReadPos 91 75% Quantile QV,40
POSITIONAL QUALITY,Read1,ReadPos 91 90% Quantile QV,40
POSITIONAL QUALITY,Read1,ReadPos 91 95% Quantile QV,40
POSITIONAL QUALITY,Read1,ReadPos 91 98% Quantile QV,40
POSITIONAL QUALITY,Read1,ReadPos 91 99% Quantile QV,40
POSITIONAL QUALITY,Read1,ReadPos 92 1% Quantile QV,12
POSITIONAL QUALITY,Read1,ReadPos 92 2% Quantile QV,12
POSITIONAL QUALITY,Read1,ReadPos 92 5% Quantile QV,24
POSITIONAL QUALITY,Read1,ReadPos 92 10% Quantile QV,40
POSITIONAL QUALITY,Read1,ReadPos 92 25% Quantile QV,40
POSITIONAL QUALITY,Read1,ReadPos 92 50% Quantile QV,40
POSITIONAL QUALITY,Read1,ReadPos 92 75% Quantile QV,40
POSITIONAL QUALITY,Read1,ReadPos 92 90% Quantile QV,40
POSITIONAL QUALITY,Read1,ReadPos 92 95% Quantile QV,40
POSITIONAL QUALITY,Read1,ReadPos 92 98% Quantile QV,40
POSITIONAL QUALITY,Read1,ReadPos 92 99% Quantile QV,40
POSITIONAL QUALITY,Read1,ReadPos 93 1% Quantile QV,12
POSITIONAL QUALITY,Read1,ReadPos 93 2% Quantile QV,12
POSITIONAL QUALITY,Read1,ReadPos 93 5% Quantile QV,24
POSITIONAL QUALITY,Read1,ReadPos 93 10% Quantile QV,40
POSITIONAL QUALITY,Read1,ReadPos 93 25% Quantile QV,40
POSITIONAL QUALITY,Read1,ReadPos 93 50% Quantile QV,40
POSITIONAL QUALITY,Read1,ReadPos 93 75% Quantile QV,40
POSITIONAL QUALITY,Read1,ReadPos 93 90% Quantile QV,40
POSITIONAL QUALITY,Read1,ReadPos 93 95% Quantile QV,40
POSITIONAL QUALITY,Read1,ReadPos 93 98% Quantile QV,40
POSITIONAL QUALITY,Read1,ReadPos 93 99% Quantile QV,40
POSITIONAL QUALITY,Read1,ReadPos 94 1% Quantile QV,12
POSITIONAL QUALITY,Read1,ReadPos 94 2% Quantile QV,12
POSITIONAL QUALITY,Read1,ReadPos 94 5% Quantile QV,24
POSITIONAL QUALITY,Read1,ReadPos 94 10% Quantile QV,40
POSITIONAL QUALITY,Read1,ReadPos 94 25% Quantile QV,40
POSITIONAL QUALITY,Read1,ReadPos 94 50% Quantile QV,40
POSITIONAL QUALITY,Read1,ReadPos 94 75% Quantile QV,40
POSITIONAL QUALITY,Read1,ReadPos 94 90% Quantile QV,40
POSITIONAL QUALITY,Read1,ReadPos 94 95% Quantile QV,40
POSITIONAL QUALITY,Read1,ReadPos 94 98% Quantile QV,40
POSITIONAL QUALITY,Read1,ReadPos 94 99% Quantile QV,40
POSITIONAL QUALITY,Read1,ReadPos 95 1% Quantile QV,12
POSITIONAL QUALITY,Read1,ReadPos 95 2% Quantile QV,12
POSITIONAL QUALITY,Read1,ReadPos 95 5% Quantile QV,24
POSITIONAL QUALITY,Read1,ReadPos 95 10% Quantile QV,40
POSITIONAL QUALITY,Read1,ReadPos 95 25% Quantile QV,40
POSITIONAL QUALITY,Read1,ReadPos 95 50% Quantile QV,40
POSITIONAL QUALITY,Read1,ReadPos 95 75% Quantile QV,40
POSITIONAL QUALITY,Read1,ReadPos 95 90% Quantile QV,40
POSITIONAL QUALITY,Read1,ReadPos 95 95% Quantile QV,40
POSITIONAL QUALITY,Read1,ReadPos 95 98% Quantile QV,40
POSITIONAL QUALITY,Read1,ReadPos 95 99% Quantile QV,40
POSITIONAL QUALITY,Read1,ReadPos 96 1% Quantile QV,12
POSITIONAL QUALITY,Read1,ReadPos 96 2% Quantile QV,12
POSITIONAL QUALITY,Read1,ReadPos 96 5% Quantile QV,24
POSITIONAL QUALITY,Read1,ReadPos 96 10% Quantile QV,40
POSITIONAL QUALITY,Read1,ReadPos 96 25% Quantile QV,40
POSITIONAL QUALITY,Read1,ReadPos 96 50% Quantile QV,40
POSITIONAL QUALITY,Read1,ReadPos 96 75% Quantile QV,40
POSITIONAL QUALITY,Read1,ReadPos 96 90% Quantile QV,40
POSITIONAL QUALITY,Read1,ReadPos 96 95% Quantile QV,40
POSITIONAL QUALITY,Read1,ReadPos 96 98% Quantile QV,40
POSITIONAL QUALITY,Read1,ReadPos 96 99% Quantile QV,40
POSITIONAL QUALITY,Read1,ReadPos 97 1% Quantile QV,12
POSITIONAL QUALITY,Read1,ReadPos 97 2% Quantile QV,12
POSITIONAL QUALITY,Read1,ReadPos 97 5% Quantile QV,24
POSITIONAL QUALITY,Read1,ReadPos 97 10% Quantile QV,40
POSITIONAL QUALITY,Read1,ReadPos 97 25% Quantile QV,40
POSITIONAL QUALITY,Read1,ReadPos 97 50% Quantile QV,40
POSITIONAL QUALITY,Read1,ReadPos 97 75% Quantile QV,40
POSITIONAL QUALITY,Read1,ReadPos 97 90% Quantile QV,40
POSITIONAL QUALITY,Read1,ReadPos 97 95% Quantile QV,40
POSITIONAL QUALITY,Read1,ReadPos 97 98% Quantile QV,40
POSITIONAL QUALITY,Read1,ReadPos 97 99% Quantile QV,40
POSITIONAL QUALITY,Read1,ReadPos 98 1% Quantile QV,12
POSITIONAL QUALITY,Read1,ReadPos 98 2% Quantile QV,12
POSITIONAL QUALITY,Read1,ReadPos 98 5% Quantile QV,24
POSITIONAL QUALITY,Read1,ReadPos 98 10% Quantile QV,40
POSITIONAL QUALITY,Read1,ReadPos 98 25% Quantile QV,40
POSITIONAL QUALITY,Read1,ReadPos 98 50% Quantile QV,40
POSITIONAL QUALITY,Read1,ReadPos 98 75% Quantile QV,40
POSITIONAL QUALITY,Read1,ReadPos 98 90% Quantile QV,40
POSITIONAL QUALITY,Read1,ReadPos 98 95% Quantile QV,40
POSITIONAL QUALITY,Read1,ReadPos 98 98% Quantile QV,40
POSITIONAL QUALITY,Read1,ReadPos 98 99% Quantile QV,40
POSITIONAL QUALITY,Read1,ReadPos 99 1% Quantile QV,12
POSITIONAL QUALITY,Read1,ReadPos 99 2% Quantile QV,12
POSITIONAL QUALITY,Read1,ReadPos 99 5% Quantile QV,24
POSITIONAL QUALITY,Read1,ReadPos 99 10% Quantile QV,40
POSITIONAL QUALITY,Read1,ReadPos 99 25% Quantile QV,40
POSITIONAL QUALITY,Read1,ReadPos 99 50% Quantile QV,40
POSITIONAL QUALITY,Read1,ReadPos 99 75% Quantile QV,40
POSITIONAL QUALITY,Read1,ReadPos 99 90% Quantile QV,40
POSITIONAL QUALITY,Read1,ReadPos 99 95% Quantile QV,40
POSITIONAL QUALITY,Read1,ReadPos 99 98% Quantile QV,40
POSITIONAL QUALITY,Read1,ReadPos 99 99% Quantile QV,40
POSITIONAL QUALITY,Read1,ReadPos 100 1% Quantile QV,12
POSITIONAL QUALITY,Read1,ReadPos 100 2% Quantile QV,12
POSITIONAL QUALITY,Read1,ReadPos 100 5% Quantile QV,24
POSITIONAL QUALITY,Read1,ReadPos 100 10% Quantile QV,40
POSITIONAL QUALITY,Read1,ReadPos 100 25% Quantile QV,40
POSITIONAL QUALITY,Read1,ReadPos 100 50% Quantile QV,40
POSITIONAL QUALITY,Read1,ReadPos 100 75% Quantile QV,40
POSITIONAL QUALITY,Read1,ReadPos 100 90% Quantile QV,40
POSITIONAL QUALITY,Read1,ReadPos 100 95% Quantile QV,40
POSITIONAL QUALITY,Read1,ReadPos 100 98% Quantile QV,40
POSITIONAL QUALITY,Read1,ReadPos 100 99% Quantile QV,40
POSITIONAL QUALITY,Read1,ReadPos 101 1% Quantile QV,12
POSITIONAL QUALITY,Read1,ReadPos 101 2% Quantile QV,12
POSITIONAL QUALITY,Read1,ReadPos 101 5% Quantile QV,24
POSITIONAL QUALITY,Read1,ReadPos 101 10% Quantile QV,40
POSITIONAL QUALITY,Read1,ReadPos 101 25% Quantile QV,40
POSITIONAL QUALITY,Read1,ReadPos 101 50% Quantile QV,40
POSITIONAL QUALITY,Read1,ReadPos 101 75% Quantile QV,40
POSITIONAL QUALITY,Read1,ReadPos 101 90% Quantile QV,40
POSITIONAL QUALITY,Read1,ReadPos 101 95% Quantile QV,40
POSITIONAL QUALITY,Read1,ReadPos 101 98% Quantile QV,40
POSITIONAL QUALITY,Read1,ReadPos 101 99% Quantile QV,40
POSITIONAL QUALITY,Read1,ReadPos 102 1% Quantile QV,12
POSITIONAL QUALITY,Read1,ReadPos 102 2% Quantile QV,12
POSITIONAL QUALITY,Read1,ReadPos 102 5% Quantile QV,24
POSITIONAL QUALITY,Read1,ReadPos 102 10% Quantile QV,40
POSITIONAL QUALITY,Read1,ReadPos 102 25% Quantile QV,40
POSITIONAL QUALITY,Read1,ReadPos 102 50% Quantile QV,40
POSITIONAL QUALITY,Read1,ReadPos 102 75% Quantile QV,40
POSITIONAL QUALITY,Read1,ReadPos 102 90% Quantile QV,40
POSITIONAL QUALITY,Read1,ReadPos 102 95% Quantile QV,40
POSITIONAL QUALITY,Read1,ReadPos 102 98% Quantile QV,40
POSITIONAL QUALITY,Read1,ReadPos 102 99% Quantile QV,40
POSITIONAL QUALITY,Read1,ReadPos 103 1% Quantile QV,12
POSITIONAL QUALITY,Read1,ReadPos 103 2% Quantile QV,12
POSITIONAL QUALITY,Read1,ReadPos 103 5% Quantile QV,24
POSITIONAL QUALITY,Read1,ReadPos 103 10% Quantile QV,40
POSITIONAL QUALITY,Read1,ReadPos 103 25% Quantile QV,40
POSITIONAL QUALITY,Read1,ReadPos 103 50% Quantile QV,40
POSITIONAL QUALITY,Read1,ReadPos 103 75% Quantile QV,40
POSITIONAL QUALITY,Read1,ReadPos 103 90% Quantile QV,40
POSITIONAL QUALITY,Read1,ReadPos 103 95% Quantile QV,40
POSITIONAL QUALITY,Read1,ReadPos 103 98% Quantile QV,40
POSITIONAL QUALITY,Read1,ReadPos 103 99% Quantile QV,40
POSITIONAL QUALITY,Read1,ReadPos 104 1% Quantile QV,12
POSITIONAL QUALITY,Read1,ReadPos 104 2% Quantile QV,12
POSITIONAL QUALITY,Read1,ReadPos 104 5% Quantile QV,24
POSITIONAL QUALITY,Read1,ReadPos 104 10% Quantile QV,40
POSITIONAL QUALITY,Read1,ReadPos 104 25% Quantile QV,40
POSITIONAL QUALITY,Read1,ReadPos 104 50% Quantile QV,40
POSITIONAL QUALITY,Read1,ReadPos 104 75% Quantile QV,40
POSITIONAL QUALITY,Read1,ReadPos 104 90% Quantile QV,40
POSITIONAL QUALITY,Read1,ReadPos 104 95% Quantile QV,40
POSITIONAL QUALITY,Read1,ReadPos 104 98% Quantile QV,40
POSITIONAL QUALITY,Read1,ReadPos 104 99% Quantile QV,40
POSITIONAL QUALITY,Read1,ReadPos 105 1% Quantile QV,12
POSITIONAL QUALITY,Read1,ReadPos 105 2% Quantile QV,12
POSITIONAL QUALITY,Read1,ReadPos 105 5% Quantile QV,24
POSITIONAL QUALITY,Read1,ReadPos 105 10% Quantile QV,40
POSITIONAL QUALITY,Read1,ReadPos 105 25% Quantile QV,40
POSITIONAL QUALITY,Read1,ReadPos 105 50% Quantile QV,40
POSITIONAL QUALITY,Read1,ReadPos 105 75% Quantile QV,40
POSITIONAL QUALITY,Read1,ReadPos 105 90% Quantile QV,40
POSITIONAL QUALITY,Read1,ReadPos 105 95% Quantile QV,40
POSITIONAL QUALITY,Read1,ReadPos 105 98% Quantile QV,40
POSITIONAL QUALITY,Read1,ReadPos 105 99% Quantile QV,40
POSITIONAL QUALITY,Read1,ReadPos 106 1% Quantile QV,12
POSITIONAL QUALITY,Read1,ReadPos 106 2% Quantile QV,12
POSITIONAL QUALITY,Read1,ReadPos 106 5% Quantile QV,24
POSITIONAL QUALITY,Read1,ReadPos 106 10% Quantile QV,40
POSITIONAL QUALITY,Read1,ReadPos 106 25% Quantile QV,40
POSITIONAL QUALITY,Read1,ReadPos 106 50% Quantile QV,40
POSITIONAL QUALITY,Read1,ReadPos 106 75% Quantile QV,40
POSITIONAL QUALITY,Read1,ReadPos 106 90% Quantile QV,40
POSITIONAL QUALITY,Read1,ReadPos 106 95% Quantile QV,40
POSITIONAL QUALITY,Read1,ReadPos 106 98% Quantile QV,40
POSITIONAL QUALITY,Read1,ReadPos 106 99% Quantile QV,40
POSITIONAL QUALITY,Read1,ReadPos 107 1% Quantile QV,12
POSITIONAL QUALITY,Read1,ReadPos 107 2% Quantile QV,12
POSITIONAL QUALITY,Read1,ReadPos 107 5% Quantile QV,24
POSITIONAL QUALITY,Read1,ReadPos 107 10% Quantile QV,40
POSITIONAL QUALITY,Read1,ReadPos 107 25% Quantile QV,40
POSITIONAL QUALITY,Read1,ReadPos 107 50% Quantile QV,40
POSITIONAL QUALITY,Read1,ReadPos 107 75% Quantile QV,40
POSITIONAL QUALITY,Read1,ReadPos 107 90% Quantile QV,40
POSITIONAL QUALITY,Read1,ReadPos 107 95% Quantile QV,40
POSITIONAL QUALITY,Read1,ReadPos 107 98% Quantile QV,40
POSITIONAL QUALITY,Read1,ReadPos 107 99% Quantile QV,40
POSITIONAL QUALITY,Read1,ReadPos 108 1% Quantile QV,12
POSITIONAL QUALITY,Read1,ReadPos 108 2% Quantile QV,12
POSITIONAL QUALITY,Read1,ReadPos 108 5% Quantile QV,24
POSITIONAL QUALITY,Read1,ReadPos 108 10% Quantile QV,40
POSITIONAL QUALITY,Read1,ReadPos 108 25% Quantile QV,40
POSITIONAL QUALITY,Read1,ReadPos 108 50% Quantile QV,40
POSITIONAL QUALITY,Read1,ReadPos 108 75% Quantile QV,40
POSITIONAL QUALITY,Read1,ReadPos 108 90% Quantile QV,40
POSITIONAL QUALITY,Read1,ReadPos 108 95% Quantile QV,40
POSITIONAL QUALITY,Read1,ReadPos 108 98% Quantile QV,40
POSITIONAL QUALITY,Read1,ReadPos 108 99% Quantile QV,40
POSITIONAL QUALITY,Read1,ReadPos 109 1% Quantile QV,12
POSITIONAL QUALITY,Read1,ReadPos 109 2% Quantile QV,12
POSITIONAL QUALITY,Read1,ReadPos 109 5% Quantile QV,24
POSITIONAL QUALITY,Read1,ReadPos 109 10% Quantile QV,40
POSITIONAL QUALITY,Read1,ReadPos 109 25% Quantile QV,40
POSITIONAL QUALITY,Read1,ReadPos 109 50% Quantile QV,40
POSITIONAL QUALITY,Read1,ReadPos 109 75% Quantile QV,40
POSITIONAL QUALITY,Read1,ReadPos 109 90% Quantile QV,40
POSITIONAL QUALITY,Read1,ReadPos 109 95% Quantile QV,40
POSITIONAL QUALITY,Read1,ReadPos 109 98% Quantile QV,40
POSITIONAL QUALITY,Read1,ReadPos 109 99% Quantile QV,40
POSITIONAL QUALITY,Read1,ReadPos 110 1% Quantile QV,12
POSITIONAL QUALITY,Read1,ReadPos 110 2% Quantile QV,12
POSITIONAL QUALITY,Read1,ReadPos 110 5% Quantile QV,24
POSITIONAL QUALITY,Read1,ReadPos 110 10% Quantile QV,40
POSITIONAL QUALITY,Read1,ReadPos 110 25% Quantile QV,40
POSITIONAL QUALITY,Read1,ReadPos 110 50% Quantile QV,40
POSITIONAL QUALITY,Read1,ReadPos 110 75% Quantile QV,40
POSITIONAL QUALITY,Read1,ReadPos 110 90% Quantile QV,40
POSITIONAL QUALITY,Read1,ReadPos 110 95% Quantile QV,40
POSITIONAL QUALITY,Read1,ReadPos 110 98% Quantile QV,40
POSITIONAL QUALITY,Read1,ReadPos 110 99% Quantile QV,40
POSITIONAL QUALITY,Read1,ReadPos 111 1% Quantile QV,12
POSITIONAL QUALITY,Read1,ReadPos 111 2% Quantile QV,12
POSITIONAL QUALITY,Read1,ReadPos 111 5% Quantile QV,24
POSITIONAL QUALITY,Read1,ReadPos 111 10% Quantile QV,40
POSITIONAL QUALITY,Read1,ReadPos 111 25% Quantile QV,40
POSITIONAL QUALITY,Read1,ReadPos 111 50% Quantile QV,40
POSITIONAL QUALITY,Read1,ReadPos 111 75% Quantile QV,40
POSITIONAL QUALITY,Read1,ReadPos 111 90% Quantile QV,40
POSITIONAL QUALITY,Read1,ReadPos 111 95% Quantile QV,40
POSITIONAL QUALITY,Read1,ReadPos 111 98% Quantile QV,40
POSITIONAL QUALITY,Read1,ReadPos 111 99% Quantile QV,40
POSITIONAL QUALITY,Read1,ReadPos 112 1% Quantile QV,12
POSITIONAL QUALITY,Read1,ReadPos 112 2% Quantile QV,12
POSITIONAL QUALITY,Read1,ReadPos 112 5% Quantile QV,24
POSITIONAL QUALITY,Read1,ReadPos 112 10% Quantile QV,40
POSITIONAL QUALITY,Read1,ReadPos 112 25% Quantile QV,40
POSITIONAL QUALITY,Read1,ReadPos 112 50% Quantile QV,40
POSITIONAL QUALITY,Read1,ReadPos 112 75% Quantile QV,40
POSITIONAL QUALITY,Read1,ReadPos 112 90% Quantile QV,40
POSITIONAL QUALITY,Read1,ReadPos 112 95% Quantile QV,40
POSITIONAL QUALITY,Read1,ReadPos 112 98% Quantile QV,40
POSITIONAL QUALITY,Read1,ReadPos 112 99% Quantile QV,40
POSITIONAL QUALITY,Read1,ReadPos 113 1% Quantile QV,12
POSITIONAL QUALITY,Read1,ReadPos 113 2% Quantile QV,12
POSITIONAL QUALITY,Read1,ReadPos 113 5% Quantile QV,24
POSITIONAL QUALITY,Read1,ReadPos 113 10% Quantile QV,40
POSITIONAL QUALITY,Read1,ReadPos 113 25% Quantile QV,40
POSITIONAL QUALITY,Read1,ReadPos 113 50% Quantile QV,40
POSITIONAL QUALITY,Read1,ReadPos 113 75% Quantile QV,40
POSITIONAL QUALITY,Read1,ReadPos 113 90% Quantile QV,40
POSITIONAL QUALITY,Read1,ReadPos 113 95% Quantile QV,40
POSITIONAL QUALITY,Read1,ReadPos 113 98% Quantile QV,40
POSITIONAL QUALITY,Read1,ReadPos 113 99% Quantile QV,40
POSITIONAL QUALITY,Read1,ReadPos 114 1% Quantile QV,12
POSITIONAL QUALITY,Read1,ReadPos 114 2% Quantile QV,12
POSITIONAL QUALITY,Read1,ReadPos 114 5% Quantile QV,24
POSITIONAL QUALITY,Read1,ReadPos 114 10% Quantile QV,40
POSITIONAL QUALITY,Read1,ReadPos 114 25% Quantile QV,40
POSITIONAL QUALITY,Read1,ReadPos 114 50% Quantile QV,40
POSITIONAL QUALITY,Read1,ReadPos 114 75% Quantile QV,40
POSITIONAL QUALITY,Read1,ReadPos 114 90% Quantile QV,40
POSITIONAL QUALITY,Read1,ReadPos 114 95% Quantile QV,40
POSITIONAL QUALITY,Read1,ReadPos 114 98% Quantile QV,40
POSITIONAL QUALITY,Read1,ReadPos 114 99% Quantile QV,40
POSITIONAL QUALITY,Read1,ReadPos 115 1% Quantile QV,12
POSITIONAL QUALITY,Read1,ReadPos 115 2% Quantile QV,12
POSITIONAL QUALITY,Read1,ReadPos 115 5% Quantile QV,24
POSITIONAL QUALITY,Read1,ReadPos 115 10% Quantile QV,40
POSITIONAL QUALITY,Read1,ReadPos 115 25% Quantile QV,40
POSITIONAL QUALITY,Read1,ReadPos 115 50% Quantile QV,40
POSITIONAL QUALITY,Read1,ReadPos 115 75% Quantile QV,40
POSITIONAL QUALITY,Read1,ReadPos 115 90% Quantile QV,40
POSITIONAL QUALITY,Read1,ReadPos 115 95% Quantile QV,40
POSITIONAL QUALITY,Read1,ReadPos 115 98% Quantile QV,40
POSITIONAL QUALITY,Read1,ReadPos 115 99% Quantile QV,40
POSITIONAL QUALITY,Read1,ReadPos 116 1% Quantile QV,12
POSITIONAL QUALITY,Read1,ReadPos 116 2% Quantile QV,12
POSITIONAL QUALITY,Read1,ReadPos 116 5% Quantile QV,24
POSITIONAL QUALITY,Read1,ReadPos 116 10% Quantile QV,40
POSITIONAL QUALITY,Read1,ReadPos 116 25% Quantile QV,40
POSITIONAL QUALITY,Read1,ReadPos 116 50% Quantile QV,40
POSITIONAL QUALITY,Read1,ReadPos 116 75% Quantile QV,40
POSITIONAL QUALITY,Read1,ReadPos 116 90% Quantile QV,40
POSITIONAL QUALITY,Read1,ReadPos 116 95% Quantile QV,40
POSITIONAL QUALITY,Read1,ReadPos 116 98% Quantile QV,40
POSITIONAL QUALITY,Read1,ReadPos 116 99% Quantile QV,40
POSITIONAL QUALITY,Read1,ReadPos 117 1% Quantile QV,12
POSITIONAL QUALITY,Read1,ReadPos 117 2% Quantile QV,12
POSITIONAL QUALITY,Read1,ReadPos 117 5% Quantile QV,24
POSITIONAL QUALITY,Read1,ReadPos 117 10% Quantile QV,40
POSITIONAL QUALITY,Read1,ReadPos 117 25% Quantile QV,40
POSITIONAL QUALITY,Read1,ReadPos 117 50% Quantile QV,40
POSITIONAL QUALITY,Read1,ReadPos 117 75% Quantile QV,40
POSITIONAL QUALITY,Read1,ReadPos 117 90% Quantile QV,40
POSITIONAL QUALITY,Read1,ReadPos 117 95% Quantile QV,40
POSITIONAL QUALITY,Read1,ReadPos 117 98% Quantile QV,40
POSITIONAL QUALITY,Read1,ReadPos 117 99% Quantile QV,40
POSITIONAL QUALITY,Read1,ReadPos 118 1% Quantile QV,12
POSITIONAL QUALITY,Read1,ReadPos 118 2% Quantile QV,12
POSITIONAL QUALITY,Read1,ReadPos 118 5% Quantile QV,24
POSITIONAL QUALITY,Read1,ReadPos 118 10% Quantile QV,40
POSITIONAL QUALITY,Read1,ReadPos 118 25% Quantile QV,40
POSITIONAL QUALITY,Read1,ReadPos 118 50% Quantile QV,40
POSITIONAL QUALITY,Read1,ReadPos 118 75% Quantile QV,40
POSITIONAL QUALITY,Read1,ReadPos 118 90% Quantile QV,40
POSITIONAL QUALITY,Read1,ReadPos 118 95% Quantile QV,40
POSITIONAL QUALITY,Read1,ReadPos 118 98% Quantile QV,40
POSITIONAL QUALITY,Read1,ReadPos 118 99% Quantile QV,40
POSITIONAL QUALITY,Read1,ReadPos 119 1% Quantile QV,12
POSITIONAL QUALITY,Read1,ReadPos 119 2% Quantile QV,12
POSITIONAL QUALITY,Read1,ReadPos 119 5% Quantile QV,24
POSITIONAL QUALITY,Read1,ReadPos 119 10% Quantile QV,40
POSITIONAL QUALITY,Read1,ReadPos 119 25% Quantile QV,40
POSITIONAL QUALITY,Read1,ReadPos 119 50% Quantile QV,40
POSITIONAL QUALITY,Read1,ReadPos 119 75% Quantile QV,40
POSITIONAL QUALITY,Read1,ReadPos 119 90% Quantile QV,40
POSITIONAL QUALITY,Read1,ReadPos 119 95% Quantile QV,40
POSITIONAL QUALITY,Read1,ReadPos 119 98% Quantile QV,40
POSITIONAL QUALITY,Read1,ReadPos 119 99% Quantile QV,40
POSITIONAL QUALITY,Read1,ReadPos 120 1% Quantile QV,12
POSITIONAL QUALITY,Read1,ReadPos 120 2% Quantile QV,12
POSITIONAL QUALITY,Read1,ReadPos 120 5% Quantile QV,24
POSITIONAL QUALITY,Read1,ReadPos 120 10% Quantile QV,40
POSITIONAL QUALITY,Read1,ReadPos 120 25% Quantile QV,40
POSITIONAL QUALITY,Read1,ReadPos 120 50% Quantile QV,40
POSITIONAL QUALITY,Read1,ReadPos 120 75% Quantile QV,40
POSITIONAL QUALITY,Read1,ReadPos 120 90% Quantile QV,40
POSITIONAL QUALITY,Read1,ReadPos 120 95% Quantile QV,40
POSITIONAL QUALITY,Read1,ReadPos 120 98% Quantile QV,40
POSITIONAL QUALITY,Read1,ReadPos 120 99% Quantile QV,40
POSITIONAL QUALITY,Read1,ReadPos 121 1% Quantile QV,12
POSITIONAL QUALITY,Read1,ReadPos 121 2% Quantile QV,12
POSITIONAL QUALITY,Read1,ReadPos 121 5% Quantile QV,24
POSITIONAL QUALITY,Read1,ReadPos 121 10% Quantile QV,40
POSITIONAL QUALITY,Read1,ReadPos 121 25% Quantile QV,40
POSITIONAL QUALITY,Read1,ReadPos 121 50% Quantile QV,40
POSITIONAL QUALITY,Read1,ReadPos 121 75% Quantile QV,40
POSITIONAL QUALITY,Read1,ReadPos 121 90% Quantile QV,40
POSITIONAL QUALITY,Read1,ReadPos 121 95% Quantile QV,40
POSITIONAL QUALITY,Read1,ReadPos 121 98% Quantile QV,40
POSITIONAL QUALITY,Read1,ReadPos 121 99% Quantile QV,40
POSITIONAL QUALITY,Read1,ReadPos 122 1% Quantile QV,12
POSITIONAL QUALITY,Read1,ReadPos 122 2% Quantile QV,12
POSITIONAL QUALITY,Read1,ReadPos 122 5% Quantile QV,24
POSITIONAL QUALITY,Read1,ReadPos 122 10% Quantile QV,40
POSITIONAL QUALITY,Read1,ReadPos 122 25% Quantile QV,40
POSITIONAL QUALITY,Read1,ReadPos 122 50% Quantile QV,40
POSITIONAL QUALITY,Read1,ReadPos 122 75% Quantile QV,40
POSITIONAL QUALITY,Read1,ReadPos 122 90% Quantile QV,40
POSITIONAL QUALITY,Read1,ReadPos 122 95% Quantile QV,40
POSITIONAL QUALITY,Read1,ReadPos 122 98% Quantile QV,40
POSITIONAL QUALITY,Read1,ReadPos 122 99% Quantile QV,40
POSITIONAL QUALITY,Read1,ReadPos 123 1% Quantile QV,12
POSITIONAL QUALITY,Read1,ReadPos 123 2% Quantile QV,12
POSITIONAL QUALITY,Read1,ReadPos 123 5% Quantile QV,24
POSITIONAL QUALITY,Read1,ReadPos 123 10% Quantile QV,40
POSITIONAL QUALITY,Read1,ReadPos 123 25% Quantile QV,40
POSITIONAL QUALITY,Read1,ReadPos 123 50% Quantile QV,40
POSITIONAL QUALITY,Read1,ReadPos 123 75% Quantile QV,40
POSITIONAL QUALITY,Read1,ReadPos 123 90% Quantile QV,40
POSITIONAL QUALITY,Read1,ReadPos 123 95% Quantile QV,40
POSITIONAL QUALITY,Read1,ReadPos 123 98% Quantile QV,40
POSITIONAL QUALITY,Read1,ReadPos 123 99% Quantile QV,40
POSITIONAL QUALITY,Read1,ReadPos 124 1% Quantile QV,12
POSITIONAL QUALITY,Read1,ReadPos 124 2% Quantile QV,12
POSITIONAL QUALITY,Read1,ReadPos 124 5% Quantile QV,24
POSITIONAL QUALITY,Read1,ReadPos 124 10% Quantile QV,40
POSITIONAL QUALITY,Read1,ReadPos 124 25% Quantile QV,40
POSITIONAL QUALITY,Read1,ReadPos 124 50% Quantile QV,40
POSITIONAL QUALITY,Read1,ReadPos 124 75% Quantile QV,40
POSITIONAL QUALITY,Read1,ReadPos 124 90% Quantile QV,40
POSITIONAL QUALITY,Read1,ReadPos 124 95% Quantile QV,40
POSITIONAL QUALITY,Read1,ReadPos 124 98% Quantile QV,40
POSITIONAL QUALITY,Read1,ReadPos 124 99% Quantile QV,40
POSITIONAL QUALITY,Read1,ReadPos 125 1% Quantile QV,12
POSITIONAL QUALITY,Read1,ReadPos 125 2% Quantile QV,12
POSITIONAL QUALITY,Read1,ReadPos 125 5% Quantile QV,24
POSITIONAL QUALITY,Read1,ReadPos 125 10% Quantile QV,40
POSITIONAL QUALITY,Read1,ReadPos 125 25% Quantile QV,40
POSITIONAL QUALITY,Read1,ReadPos 125 50% Quantile QV,40
POSITIONAL QUALITY,Read1,ReadPos 125 75% Quantile QV,40
POSITIONAL QUALITY,Read1,ReadPos 125 90% Quantile QV,40
POSITIONAL QUALITY,Read1,ReadPos 125 95% Quantile QV,40
POSITIONAL QUALITY,Read1,ReadPos 125 98% Quantile QV,40
POSITIONAL QUALITY,Read1,ReadPos 125 99% Quantile QV,40
POSITIONAL QUALITY,Read1,ReadPos 126 1% Quantile QV,12
POSITIONAL QUALITY,Read1,ReadPos 126 2% Quantile QV,12
POSITIONAL QUALITY,Read1,ReadPos 126 5% Quantile QV,24
POSITIONAL QUALITY,Read1,ReadPos 126 10% Quantile QV,24
POSITIONAL QUALITY,Read1,ReadPos 126 25% Quantile QV,40
POSITIONAL QUALITY,Read1,ReadPos 126 50% Quantile QV,40
POSITIONAL QUALITY,Read1,ReadPos 126 75% Quantile QV,40
POSITIONAL QUALITY,Read1,ReadPos 126 90% Quantile QV,40
POSITIONAL QUALITY,Read1,ReadPos 126 95% Quantile QV,40
POSITIONAL QUALITY,Read1,ReadPos 126 98% Quantile QV,40
POSITIONAL QUALITY,Read1,ReadPos 126 99% Quantile QV,40
POSITIONAL QUALITY,Read1,ReadPos 127 1% Quantile QV,12
POSITIONAL QUALITY,Read1,ReadPos 127 2% Quantile QV,12
POSITIONAL QUALITY,Read1,ReadPos 127 5% Quantile QV,24
POSITIONAL QUALITY,Read1,ReadPos 127 10% Quantile QV,24
POSITIONAL QUALITY,Read1,ReadPos 127 25% Quantile QV,40
POSITIONAL QUALITY,Read1,ReadPos 127 50% Quantile QV,40
POSITIONAL QUALITY,Read1,ReadPos 127 75% Quantile QV,40
POSITIONAL QUALITY,Read1,ReadPos 127 90% Quantile QV,40
POSITIONAL QUALITY,Read1,ReadPos 127 95% Quantile QV,40
POSITIONAL QUALITY,Read1,ReadPos 127 98% Quantile QV,40
POSITIONAL QUALITY,Read1,ReadPos 127 99% Quantile QV,40
POSITIONAL QUALITY,Read1,ReadPos 128 1% Quantile QV,12
POSITIONAL QUALITY,Read1,ReadPos 128 2% Quantile QV,12
POSITIONAL QUALITY,Read1,ReadPos 128 5% Quantile QV,24
POSITIONAL QUALITY,Read1,ReadPos 128 10% Quantile QV,24
POSITIONAL QUALITY,Read1,ReadPos 128 25% Quantile QV,40
POSITIONAL QUALITY,Read1,ReadPos 128 50% Quantile QV,40
POSITIONAL QUALITY,Read1,ReadPos 128 75% Quantile QV,40
POSITIONAL QUALITY,Read1,ReadPos 128 90% Quantile QV,40
POSITIONAL QUALITY,Read1,ReadPos 128 95% Quantile QV,40
POSITIONAL QUALITY,Read1,ReadPos 128 98% Quantile QV,40
POSITIONAL QUALITY,Read1,ReadPos 128 99% Quantile QV,40
POSITIONAL QUALITY,Read1,ReadPos 129 1% Quantile QV,12
POSITIONAL QUALITY,Read1,ReadPos 129 2% Quantile QV,12
POSITIONAL QUALITY,Read1,ReadPos 129 5% Quantile QV,24
POSITIONAL QUALITY,Read1,ReadPos 129 10% Quantile QV,24
POSITIONAL QUALITY,Read1,ReadPos 129 25% Quantile QV,40
POSITIONAL QUALITY,Read1,ReadPos 129 50% Quantile QV,40
POSITIONAL QUALITY,Read1,ReadPos 129 75% Quantile QV,40
POSITIONAL QUALITY,Read1,ReadPos 129 90% Quantile QV,40
POSITIONAL QUALITY,Read1,ReadPos 129 95% Quantile QV,40
POSITIONAL QUALITY,Read1,ReadPos 129 98% Quantile QV,40
POSITIONAL QUALITY,Read1,ReadPos 129 99% Quantile QV,40
POSITIONAL QUALITY,Read1,ReadPos 130 1% Quantile QV,12
POSITIONAL QUALITY,Read1,ReadPos 130 2% Quantile QV,12
POSITIONAL QUALITY,Read1,ReadPos 130 5% Quantile QV,24
POSITIONAL QUALITY,Read1,ReadPos 130 10% Quantile QV,24
POSITIONAL QUALITY,Read1,ReadPos 130 25% Quantile QV,40
POSITIONAL QUALITY,Read1,ReadPos 130 50% Quantile QV,40
POSITIONAL QUALITY,Read1,ReadPos 130 75% Quantile QV,40
POSITIONAL QUALITY,Read1,ReadPos 130 90% Quantile QV,40
POSITIONAL QUALITY,Read1,ReadPos 130 95% Quantile QV,40
POSITIONAL QUALITY,Read1,ReadPos 130 98% Quantile QV,40
POSITIONAL QUALITY,Read1,ReadPos 130 99% Quantile QV,40
POSITIONAL QUALITY,Read1,ReadPos 131 1% Quantile QV,12
POSITIONAL QUALITY,Read1,ReadPos 131 2% Quantile QV,12
POSITIONAL QUALITY,Read1,ReadPos 131 5% Quantile QV,24
POSITIONAL QUALITY,Read1,ReadPos 131 10% Quantile QV,24
POSITIONAL QUALITY,Read1,ReadPos 131 25% Quantile QV,40
POSITIONAL QUALITY,Read1,ReadPos 131 50% Quantile QV,40
POSITIONAL QUALITY,Read1,ReadPos 131 75% Quantile QV,40
POSITIONAL QUALITY,Read1,ReadPos 131 90% Quantile QV,40
POSITIONAL QUALITY,Read1,ReadPos 131 95% Quantile QV,40
POSITIONAL QUALITY,Read1,ReadPos 131 98% Quantile QV,40
POSITIONAL QUALITY,Read1,ReadPos 131 99% Quantile QV,40
POSITIONAL QUALITY,Read1,ReadPos 132 1% Quantile QV,12
POSITIONAL QUALITY,Read1,ReadPos 132 2% Quantile QV,12
POSITIONAL QUALITY,Read1,ReadPos 132 5% Quantile QV,24
POSITIONAL QUALITY,Read1,ReadPos 132 10% Quantile QV,24
POSITIONAL QUALITY,Read1,ReadPos 132 25% Quantile QV,40
POSITIONAL QUALITY,Read1,ReadPos 132 50% Quantile QV,40
POSITIONAL QUALITY,Read1,ReadPos 132 75% Quantile QV,40
POSITIONAL QUALITY,Read1,ReadPos 132 90% Quantile QV,40
POSITIONAL QUALITY,Read1,ReadPos 132 95% Quantile QV,40
POSITIONAL QUALITY,Read1,ReadPos 132 98% Quantile QV,40
POSITIONAL QUALITY,Read1,ReadPos 132 99% Quantile QV,40
POSITIONAL QUALITY,Read1,ReadPos 133 1% Quantile QV,12
POSITIONAL QUALITY,Read1,ReadPos 133 2% Quantile QV,12
POSITIONAL QUALITY,Read1,ReadPos 133 5% Quantile QV,24
POSITIONAL QUALITY,Read1,ReadPos 133 10% Quantile QV,24
POSITIONAL QUALITY,Read1,ReadPos 133 25% Quantile QV,40
POSITIONAL QUALITY,Read1,ReadPos 133 50% Quantile QV,40
POSITIONAL QUALITY,Read1,ReadPos 133 75% Quantile QV,40
POSITIONAL QUALITY,Read1,ReadPos 133 90% Quantile QV,40
POSITIONAL QUALITY,Read1,ReadPos 133 95% Quantile QV,40
POSITIONAL QUALITY,Read1,ReadPos 133 98% Quantile QV,40
POSITIONAL QUALITY,Read1,ReadPos 133 99% Quantile QV,40
POSITIONAL QUALITY,Read1,ReadPos 134 1% Quantile QV,12
POSITIONAL QUALITY,Read1,ReadPos 134 2% Quantile QV,12
POSITIONAL QUALITY,Read1,ReadPos 134 5% Quantile QV,24
POSITIONAL QUALITY,Read1,ReadPos 134 10% Quantile QV,24
POSITIONAL QUALITY,Read1,ReadPos 134 25% Quantile QV,40
POSITIONAL QUALITY,Read1,ReadPos 134 50% Quantile QV,40
POSITIONAL QUALITY,Read1,ReadPos 134 75% Quantile QV,40
POSITIONAL QUALITY,Read1,ReadPos 134 90% Quantile QV,40
POSITIONAL QUALITY,Read1,ReadPos 134 95% Quantile QV,40
POSITIONAL QUALITY,Read1,ReadPos 134 98% Quantile QV,40
POSITIONAL QUALITY,Read1,ReadPos 134 99% Quantile QV,40
POSITIONAL QUALITY,Read1,ReadPos 135 1% Quantile QV,12
POSITIONAL QUALITY,Read1,ReadPos 135 2% Quantile QV,12
POSITIONAL QUALITY,Read1,ReadPos 135 5% Quantile QV,24
POSITIONAL QUALITY,Read1,ReadPos 135 10% Quantile QV,24
POSITIONAL QUALITY,Read1,ReadPos 135 25% Quantile QV,40
POSITIONAL QUALITY,Read1,ReadPos 135 50% Quantile QV,40
POSITIONAL QUALITY,Read1,ReadPos 135 75% Quantile QV,40
POSITIONAL QUALITY,Read1,ReadPos 135 90% Quantile QV,40
POSITIONAL QUALITY,Read1,ReadPos 135 95% Quantile QV,40
POSITIONAL QUALITY,Read1,ReadPos 135 98% Quantile QV,40
POSITIONAL QUALITY,Read1,ReadPos 135 99% Quantile QV,40
POSITIONAL QUALITY,Read1,ReadPos 136 1% Quantile QV,12
POSITIONAL QUALITY,Read1,ReadPos 136 2% Quantile QV,12
POSITIONAL QUALITY,Read1,ReadPos 136 5% Quantile QV,24
POSITIONAL QUALITY,Read1,ReadPos 136 10% Quantile QV,24
POSITIONAL QUALITY,Read1,ReadPos 136 25% Quantile QV,40
POSITIONAL QUALITY,Read1,ReadPos 136 50% Quantile QV,40
POSITIONAL QUALITY,Read1,ReadPos 136 75% Quantile QV,40
POSITIONAL QUALITY,Read1,ReadPos 136 90% Quantile QV,40
POSITIONAL QUALITY,Read1,ReadPos 136 95% Quantile QV,40
POSITIONAL QUALITY,Read1,ReadPos 136 98% Quantile QV,40
POSITIONAL QUALITY,Read1,ReadPos 136 99% Quantile QV,40
POSITIONAL QUALITY,Read1,ReadPos 137 1% Quantile QV,12
POSITIONAL QUALITY,Read1,ReadPos 137 2% Quantile QV,12
POSITIONAL QUALITY,Read1,ReadPos 137 5% Quantile QV,24
POSITIONAL QUALITY,Read1,ReadPos 137 10% Quantile QV,24
POSITIONAL QUALITY,Read1,ReadPos 137 25% Quantile QV,40
POSITIONAL QUALITY,Read1,ReadPos 137 50% Quantile QV,40
POSITIONAL QUALITY,Read1,ReadPos 137 75% Quantile QV,40
POSITIONAL QUALITY,Read1,ReadPos 137 90% Quantile QV,40
POSITIONAL QUALITY,Read1,ReadPos 137 95% Quantile QV,40
POSITIONAL QUALITY,Read1,ReadPos 137 98% Quantile QV,40
POSITIONAL QUALITY,Read1,ReadPos 137 99% Quantile QV,40
POSITIONAL QUALITY,Read1,ReadPos 138 1% Quantile QV,12
POSITIONAL QUALITY,Read1,ReadPos 138 2% Quantile QV,12
POSITIONAL QUALITY,Read1,ReadPos 138 5% Quantile QV,24
POSITIONAL QUALITY,Read1,ReadPos 138 10% Quantile QV,24
POSITIONAL QUALITY,Read1,ReadPos 138 25% Quantile QV,40
POSITIONAL QUALITY,Read1,ReadPos 138 50% Quantile QV,40
POSITIONAL QUALITY,Read1,ReadPos 138 75% Quantile QV,40
POSITIONAL QUALITY,Read1,ReadPos 138 90% Quantile QV,40
POSITIONAL QUALITY,Read1,ReadPos 138 95% Quantile QV,40
POSITIONAL QUALITY,Read1,ReadPos 138 98% Quantile QV,40
POSITIONAL QUALITY,Read1,ReadPos 138 99% Quantile QV,40
POSITIONAL QUALITY,Read1,ReadPos 139 1% Quantile QV,12
POSITIONAL QUALITY,Read1,ReadPos 139 2% Quantile QV,12
POSITIONAL QUALITY,Read1,ReadPos 139 5% Quantile QV,24
POSITIONAL QUALITY,Read1,ReadPos 139 10% Quantile QV,24
POSITIONAL QUALITY,Read1,ReadPos 139 25% Quantile QV,40
POSITIONAL QUALITY,Read1,ReadPos 139 50% Quantile QV,40
POSITIONAL QUALITY,Read1,ReadPos 139 75% Quantile QV,40
POSITIONAL QUALITY,Read1,ReadPos 139 90% Quantile QV,40
POSITIONAL QUALITY,Read1,ReadPos 139 95% Quantile QV,40
POSITIONAL QUALITY,Read1,ReadPos 139 98% Quantile QV,40
POSITIONAL QUALITY,Read1,ReadPos 139 99% Quantile QV,40
POSITIONAL QUALITY,Read1,ReadPos 140 1% Quantile QV,12
POSITIONAL QUALITY,Read1,ReadPos 140 2% Quantile QV,12
POSITIONAL QUALITY,Read1,ReadPos 140 5% Quantile QV,24
POSITIONAL QUALITY,Read1,ReadPos 140 10% Quantile QV,24
POSITIONAL QUALITY,Read1,ReadPos 140 25% Quantile QV,40
POSITIONAL QUALITY,Read1,ReadPos 140 50% Quantile QV,40
POSITIONAL QUALITY,Read1,ReadPos 140 75% Quantile QV,40
POSITIONAL QUALITY,Read1,ReadPos 140 90% Quantile QV,40
POSITIONAL QUALITY,Read1,ReadPos 140 95% Quantile QV,40
POSITIONAL QUALITY,Read1,ReadPos 140 98% Quantile QV,40
POSITIONAL QUALITY,Read1,ReadPos 140 99% Quantile QV,40
POSITIONAL QUALITY,Read1,ReadPos 141 1% Quantile QV,12
POSITIONAL QUALITY,Read1,ReadPos 141 2% Quantile QV,12
POSITIONAL QUALITY,Read1,ReadPos 141 5% Quantile QV,24
POSITIONAL QUALITY,Read1,ReadPos 141 10% Quantile QV,24
POSITIONAL QUALITY,Read1,ReadPos 141 25% Quantile QV,40
POSITIONAL QUALITY,Read1,ReadPos 141 50% Quantile QV,40
POSITIONAL QUALITY,Read1,ReadPos 141 75% Quantile QV,40
POSITIONAL QUALITY,Read1,ReadPos 141 90% Quantile QV,40
POSITIONAL QUALITY,Read1,ReadPos 141 95% Quantile QV,40
POSITIONAL QUALITY,Read1,ReadPos 141 98% Quantile QV,40
POSITIONAL QUALITY,Read1,ReadPos 141 99% Quantile QV,40
POSITIONAL QUALITY,Read1,ReadPos 142 1% Quantile QV,12
POSITIONAL QUALITY,Read1,ReadPos 142 2% Quantile QV,12
POSITIONAL QUALITY,Read1,ReadPos 142 5% Quantile QV,24
POSITIONAL QUALITY,Read1,ReadPos 142 10% Quantile QV,24
POSITIONAL QUALITY,Read1,ReadPos 142 25% Quantile QV,40
POSITIONAL QUALITY,Read1,ReadPos 142 50% Quantile QV,40
POSITIONAL QUALITY,Read1,ReadPos 142 75% Quantile QV,40
POSITIONAL QUALITY,Read1,ReadPos 142 90% Quantile QV,40
POSITIONAL QUALITY,Read1,ReadPos 142 95% Quantile QV,40
POSITIONAL QUALITY,Read1,ReadPos 142 98% Quantile QV,40
POSITIONAL QUALITY,Read1,ReadPos 142 99% Quantile QV,40
POSITIONAL QUALITY,Read1,ReadPos 143 1% Quantile QV,12
POSITIONAL QUALITY,Read1,ReadPos 143 2% Quantile QV,12
POSITIONAL QUALITY,Read1,ReadPos 143 5% Quantile QV,24
POSITIONAL QUALITY,Read1,ReadPos 143 10% Quantile QV,24
POSITIONAL QUALITY,Read1,ReadPos 143 25% Quantile QV,40
POSITIONAL QUALITY,Read1,ReadPos 143 50% Quantile QV,40
POSITIONAL QUALITY,Read1,ReadPos 143 75% Quantile QV,40
POSITIONAL QUALITY,Read1,ReadPos 143 90% Quantile QV,40
POSITIONAL QUALITY,Read1,ReadPos 143 95% Quantile QV,40
POSITIONAL QUALITY,Read1,ReadPos 143 98% Quantile QV,40
POSITIONAL QUALITY,Read1,ReadPos 143 99% Quantile QV,40
POSITIONAL QUALITY,Read1,ReadPos 144 1% Quantile QV,12
POSITIONAL QUALITY,Read1,ReadPos 144 2% Quantile QV,12
POSITIONAL QUALITY,Read1,ReadPos 144 5% Quantile QV,24
POSITIONAL QUALITY,Read1,ReadPos 144 10% Quantile QV,24
POSITIONAL QUALITY,Read1,ReadPos 144 25% Quantile QV,40
POSITIONAL QUALITY,Read1,ReadPos 144 50% Quantile QV,40
POSITIONAL QUALITY,Read1,ReadPos 144 75% Quantile QV,40
POSITIONAL QUALITY,Read1,ReadPos 144 90% Quantile QV,40
POSITIONAL QUALITY,Read1,ReadPos 144 95% Quantile QV,40
POSITIONAL QUALITY,Read1,ReadPos 144 98% Quantile QV,40
POSITIONAL QUALITY,Read1,ReadPos 144 99% Quantile QV,40
POSITIONAL QUALITY,Read1,ReadPos 145 1% Quantile QV,12
POSITIONAL QUALITY,Read1,ReadPos 145 2% Quantile QV,12
POSITIONAL QUALITY,Read1,ReadPos 145 5% Quantile QV,12
POSITIONAL QUALITY,Read1,ReadPos 145 10% Quantile QV,24
POSITIONAL QUALITY,Read1,ReadPos 145 25% Quantile QV,40
POSITIONAL QUALITY,Read1,ReadPos 145 50% Quantile QV,40
POSITIONAL QUALITY,Read1,ReadPos 145 75% Quantile QV,40
POSITIONAL QUALITY,Read1,ReadPos 145 90% Quantile QV,40
POSITIONAL QUALITY,Read1,ReadPos 145 95% Quantile QV,40
POSITIONAL QUALITY,Read1,ReadPos 145 98% Quantile QV,40
POSITIONAL QUALITY,Read1,ReadPos 145 99% Quantile QV,40
POSITIONAL QUALITY,Read1,ReadPos 146 1% Quantile QV,12
POSITIONAL QUALITY,Read1,ReadPos 146 2% Quantile QV,12
POSITIONAL QUALITY,Read1,ReadPos 146 5% Quantile QV,12
POSITIONAL QUALITY,Read1,ReadPos 146 10% Quantile QV,24
POSITIONAL QUALITY,Read1,ReadPos 146 25% Quantile QV,40
POSITIONAL QUALITY,Read1,ReadPos 146 50% Quantile QV,40
POSITIONAL QUALITY,Read1,ReadPos 146 75% Quantile QV,40
POSITIONAL QUALITY,Read1,ReadPos 146 90% Quantile QV,40
POSITIONAL QUALITY,Read1,ReadPos 146 95% Quantile QV,40
POSITIONAL QUALITY,Read1,ReadPos 146 98% Quantile QV,40
POSITIONAL QUALITY,Read1,ReadPos 146 99% Quantile QV,40
POSITIONAL QUALITY,Read1,ReadPos 147 1% Quantile QV,12
POSITIONAL QUALITY,Read1,ReadPos 147 2% Quantile QV,12
POSITIONAL QUALITY,Read1,ReadPos 147 5% Quantile QV,12
POSITIONAL QUALITY,Read1,ReadPos 147 10% Quantile QV,24
POSITIONAL QUALITY,Read1,ReadPos 147 25% Quantile QV,40
POSITIONAL QUALITY,Read1,ReadPos 147 50% Quantile QV,40
POSITIONAL QUALITY,Read1,ReadPos 147 75% Quantile QV,40
POSITIONAL QUALITY,Read1,ReadPos 147 90% Quantile QV,40
POSITIONAL QUALITY,Read1,ReadPos 147 95% Quantile QV,40
POSITIONAL QUALITY,Read1,ReadPos 147 98% Quantile QV,40
POSITIONAL QUALITY,Read1,ReadPos 147 99% Quantile QV,40
POSITIONAL QUALITY,Read1,ReadPos 148 1% Quantile QV,12
POSITIONAL QUALITY,Read1,ReadPos 148 2% Quantile QV,12
POSITIONAL QUALITY,Read1,ReadPos 148 5% Quantile QV,12
POSITIONAL QUALITY,Read1,ReadPos 148 10% Quantile QV,24
POSITIONAL QUALITY,Read1,ReadPos 148 25% Quantile QV,40
POSITIONAL QUALITY,Read1,ReadPos 148 50% Quantile QV,40
POSITIONAL QUALITY,Read1,ReadPos 148 75% Quantile QV,40
POSITIONAL QUALITY,Read1,ReadPos 148 90% Quantile QV,40
POSITIONAL QUALITY,Read1,ReadPos 148 95% Quantile QV,40
POSITIONAL QUALITY,Read1,ReadPos 148 98% Quantile QV,40
POSITIONAL QUALITY,Read1,ReadPos 148 99% Quantile QV,40
POSITIONAL QUALITY,Read1,ReadPos 149 1% Quantile QV,12
POSITIONAL QUALITY,Read1,ReadPos 149 2% Quantile QV,12
POSITIONAL QUALITY,Read1,ReadPos 149 5% Quantile QV,12
POSITIONAL QUALITY,Read1,ReadPos 149 10% Quantile QV,24
POSITIONAL QUALITY,Read1,ReadPos 149 25% Quantile QV,40
POSITIONAL QUALITY,Read1,ReadPos 149 50% Quantile QV,40
POSITIONAL QUALITY,Read1,ReadPos 149 75% Quantile QV,40
POSITIONAL QUALITY,Read1,ReadPos 149 90% Quantile QV,40
POSITIONAL QUALITY,Read1,ReadPos 149 95% Quantile QV,40
POSITIONAL QUALITY,Read1,ReadPos 149 98% Quantile QV,40
POSITIONAL QUALITY,Read1,ReadPos 149 99% Quantile QV,40
POSITIONAL QUALITY,Read1,ReadPos 150 1% Quantile QV,12
POSITIONAL QUALITY,Read1,ReadPos 150 2% Quantile QV,12
POSITIONAL QUALITY,Read1,ReadPos 150 5% Quantile QV,12
POSITIONAL QUALITY,Read1,ReadPos 150 10% Quantile QV,24
POSITIONAL QUALITY,Read1,ReadPos 150 25% Quantile QV,40
POSITIONAL QUALITY,Read1,ReadPos 150 50% Quantile QV,40
POSITIONAL QUALITY,Read1,ReadPos 150 75% Quantile QV,40
POSITIONAL QUALITY,Read1,ReadPos 150 90% Quantile QV,40
POSITIONAL QUALITY,Read1,ReadPos 150 95% Quantile QV,40
POSITIONAL QUALITY,Read1,ReadPos 150 98% Quantile QV,40
POSITIONAL QUALITY,Read1,ReadPos 150 99% Quantile QV,40
POSITIONAL QUALITY,Read1,ReadPos 151 1% Quantile QV,12
POSITIONAL QUALITY,Read1,ReadPos 151 2% Quantile QV,12
POSITIONAL QUALITY,Read1,ReadPos 151 5% Quantile QV,12
POSITIONAL QUALITY,Read1,ReadPos 151 10% Quantile QV,24
POSITIONAL QUALITY,Read1,ReadPos 151 25% Quantile QV,40
POSITIONAL QUALITY,Read1,ReadPos 151 50% Quantile QV,40
POSITIONAL QUALITY,Read1,ReadPos 151 75% Quantile QV,40
POSITIONAL QUALITY,Read1,ReadPos 151 90% Quantile QV,40
POSITIONAL QUALITY,Read1,ReadPos 151 95% Quantile QV,40
POSITIONAL QUALITY,Read1,ReadPos 151 98% Quantile QV,40
POSITIONAL QUALITY,Read1,ReadPos 151 99% Quantile QV,40
READ MEAN QUALITY,Read2,Q13 Reads,22
READ MEAN QUALITY,Read2,Q14 Reads,1415
READ MEAN QUALITY,Read2,Q15 Reads,27709
READ MEAN QUALITY,Read2,Q16 Reads,213533
READ MEAN QUALITY,Read2,Q17 Reads,899533
READ MEAN QUALITY,Read2,Q18 Reads,2221177
READ MEAN QUALITY,Read2,Q19 Reads,3714621
READ MEAN QUALITY,Read2,Q20 Reads,4590079
READ MEAN QUALITY,Read2,Q21 Reads,5368796
READ MEAN QUALITY,Read2,Q22 Reads,5798764
READ MEAN QUALITY,Read2,Q23 Reads,6229463
READ MEAN QUALITY,Read2,Q24 Reads,6766486
READ MEAN QUALITY,Read2,Q25 Reads,7788268
READ MEAN QUALITY,Read2,Q26 Reads,8673107
READ MEAN QUALITY,Read2,Q27 Reads,9714027
READ MEAN QUALITY,Read2,Q28 Reads,10575023
READ MEAN QUALITY,Read2,Q29 Reads,12115132
READ MEAN QUALITY,Read2,Q30 Reads,13681190
READ MEAN QUALITY,Read2,Q31 Reads,15914509
READ MEAN QUALITY,Read2,Q32 Reads,18413796
READ MEAN QUALITY,Read2,Q33 Reads,23079932
READ MEAN QUALITY,Read2,Q34 Reads,29637162
READ MEAN QUALITY,Read2,Q35 Reads,41427439
READ MEAN QUALITY,Read2,Q36 Reads,62225856
READ MEAN QUALITY,Read2,Q37 Reads,109046451
READ MEAN QUALITY,Read2,Q38 Reads,215746582
READ MEAN QUALITY,Read2,Q39 Reads,714157959
READ MEAN QUALITY,Read2,Q40 Reads,1589046426
POSITIONAL BASE MEAN QUALITY,Read2,ReadPos 1 A Average Quality,38.04
POSITIONAL BASE MEAN QUALITY,Read2,ReadPos 2 A Average Quality,38.32
POSITIONAL BASE MEAN QUALITY,Read2,ReadPos 3 A Average Quality,38.85
POSITIONAL BASE MEAN QUALITY,Read2,ReadPos 4 A Average Quality,38.72
POSITIONAL BASE MEAN QUALITY,Read2,ReadPos 5 A Average Quality,38.84
POSITIONAL BASE MEAN QUALITY,Read2,ReadPos 6 A Average Quality,39.16
POSITIONAL BASE MEAN QUALITY,Read2,ReadPos 7 A Average Quality,39.10
POSITIONAL BASE MEAN QUALITY,Read2,ReadPos 8 A Average Quality,39.13
POSITIONAL BASE MEAN QUALITY,Read2,ReadPos 9 A Average Quality,39.03
POSITIONAL BASE MEAN QUALITY,Read2,ReadPos 10 A Average Quality,39.09
POSITIONAL BASE MEAN QUALITY,Read2,ReadPos 11 A Average Quality,39.18
POSITIONAL BASE MEAN QUALITY,Read2,ReadPos 12 A Average Quality,39.12
POSITIONAL BASE MEAN QUALITY,Read2,ReadPos 13 A Average Quality,39.20
POSITIONAL BASE MEAN QUALITY,Read2,ReadPos 14 A Average Quality,39.13
POSITIONAL BASE MEAN QUALITY,Read2,ReadPos 15 A Average Quality,39.17
POSITIONAL BASE MEAN QUALITY,Read2,ReadPos 16 A Average Quality,39.19
POSITIONAL BASE MEAN QUALITY,Read2,ReadPos 17 A Average Quality,39.15
POSITIONAL BASE MEAN QUALITY,Read2,ReadPos 18 A Average Quality,39.16
POSITIONAL BASE MEAN QUALITY,Read2,ReadPos 19 A Average Quality,39.19
POSITIONAL BASE MEAN QUALITY,Read2,ReadPos 20 A Average Quality,39.17
POSITIONAL BASE MEAN QUALITY,Read2,ReadPos 21 A Average Quality,39.21
POSITIONAL BASE MEAN QUALITY,Read2,ReadPos 22 A Average Quality,39.16
POSITIONAL BASE MEAN QUALITY,Read2,ReadPos 23 A Average Quality,39.16
POSITIONAL BASE MEAN QUALITY,Read2,ReadPos 24 A Average Quality,39.19
POSITIONAL BASE MEAN QUALITY,Read2,ReadPos 25 A Average Quality,39.17
POSITIONAL BASE MEAN QUALITY,Read2,ReadPos 26 A Average Quality,38.83
POSITIONAL BASE MEAN QUALITY,Read2,ReadPos 27 A Average Quality,38.86
POSITIONAL BASE MEAN QUALITY,Read2,ReadPos 28 A Average Quality,38.86
POSITIONAL BASE MEAN QUALITY,Read2,ReadPos 29 A Average Quality,38.88
POSITIONAL BASE MEAN QUALITY,Read2,ReadPos 30 A Average Quality,38.90
POSITIONAL BASE MEAN QUALITY,Read2,ReadPos 31 A Average Quality,38.92
POSITIONAL BASE MEAN QUALITY,Read2,ReadPos 32 A Average Quality,38.91
POSITIONAL BASE MEAN QUALITY,Read2,ReadPos 33 A Average Quality,38.91
POSITIONAL BASE MEAN QUALITY,Read2,ReadPos 34 A Average Quality,38.91
POSITIONAL BASE MEAN QUALITY,Read2,ReadPos 35 A Average Quality,38.92
POSITIONAL BASE MEAN QUALITY,Read2,ReadPos 36 A Average Quality,38.93
POSITIONAL BASE MEAN QUALITY,Read2,ReadPos 37 A Average Quality,38.94
POSITIONAL BASE MEAN QUALITY,Read2,ReadPos 38 A Average Quality,38.95
POSITIONAL BASE MEAN QUALITY,Read2,ReadPos 39 A Average Quality,38.93
POSITIONAL BASE MEAN QUALITY,Read2,ReadPos 40 A Average Quality,38.93
POSITIONAL BASE MEAN QUALITY,Read2,ReadPos 41 A Average Quality,38.93
POSITIONAL BASE MEAN QUALITY,Read2,ReadPos 42 A Average Quality,38.93
POSITIONAL BASE MEAN QUALITY,Read2,ReadPos 43 A Average Quality,38.92
POSITIONAL BASE MEAN QUALITY,Read2,ReadPos 44 A Average Quality,38.92
POSITIONAL BASE MEAN QUALITY,Read2,ReadPos 45 A Average Quality,38.91
POSITIONAL BASE MEAN QUALITY,Read2,ReadPos 46 A Average Quality,38.93
POSITIONAL BASE MEAN QUALITY,Read2,ReadPos 47 A Average Quality,38.91
POSITIONAL BASE MEAN QUALITY,Read2,ReadPos 48 A Average Quality,38.89
POSITIONAL BASE MEAN QUALITY,Read2,ReadPos 49 A Average Quality,38.88
POSITIONAL BASE MEAN QUALITY,Read2,ReadPos 50 A Average Quality,38.88
POSITIONAL BASE MEAN QUALITY,Read2,ReadPos 51 A Average Quality,38.88
POSITIONAL BASE MEAN QUALITY,Read2,ReadPos 52 A Average Quality,38.88
POSITIONAL BASE MEAN QUALITY,Read2,ReadPos 53 A Average Quality,38.89
POSITIONAL BASE MEAN QUALITY,Read2,ReadPos 54 A Average Quality,38.86
POSITIONAL BASE MEAN QUALITY,Read2,ReadPos 55 A Average Quality,38.86
POSITIONAL BASE MEAN QUALITY,Read2,ReadPos 56 A Average Quality,38.85
POSITIONAL BASE MEAN QUALITY,Read2,ReadPos 57 A Average Quality,38.85
POSITIONAL BASE MEAN QUALITY,Read2,ReadPos 58 A Average Quality,38.83
POSITIONAL BASE MEAN QUALITY,Read2,ReadPos 59 A Average Quality,38.83
POSITIONAL BASE MEAN QUALITY,Read2,ReadPos 60 A Average Quality,38.83
POSITIONAL BASE MEAN QUALITY,Read2,ReadPos 61 A Average Quality,38.81
POSITIONAL BASE MEAN QUALITY,Read2,ReadPos 62 A Average Quality,38.83
POSITIONAL BASE MEAN QUALITY,Read2,ReadPos 63 A Average Quality,38.78
POSITIONAL BASE MEAN QUALITY,Read2,ReadPos 64 A Average Quality,38.78
POSITIONAL BASE MEAN QUALITY,Read2,ReadPos 65 A Average Quality,38.78
POSITIONAL BASE MEAN QUALITY,Read2,ReadPos 66 A Average Quality,38.76
POSITIONAL BASE MEAN QUALITY,Read2,ReadPos 67 A Average Quality,38.76
POSITIONAL BASE MEAN QUALITY,Read2,ReadPos 68 A Average Quality,38.76
POSITIONAL BASE MEAN QUALITY,Read2,ReadPos 69 A Average Quality,38.77
POSITIONAL BASE MEAN QUALITY,Read2,ReadPos 70 A Average Quality,38.74
POSITIONAL BASE MEAN QUALITY,Read2,ReadPos 71 A Average Quality,38.74
POSITIONAL BASE MEAN QUALITY,Read2,ReadPos 72 A Average Quality,38.72
POSITIONAL BASE MEAN QUALITY,Read2,ReadPos 73 A Average Quality,38.70
POSITIONAL BASE MEAN QUALITY,Read2,ReadPos 74 A Average Quality,38.70
POSITIONAL BASE MEAN QUALITY,Read2,ReadPos 75 A Average Quality,38.67
POSITIONAL BASE MEAN QUALITY,Read2,ReadPos 76 A Average Quality,38.67
POSITIONAL BASE MEAN QUALITY,Read2,ReadPos 77 A Average Quality,38.65
POSITIONAL BASE MEAN QUALITY,Read2,ReadPos 78 A Average Quality,38.65
POSITIONAL BASE MEAN QUALITY,Read2,ReadPos 79 A Average Quality,38.63
POSITIONAL BASE MEAN QUALITY,Read2,ReadPos 80 A Average Quality,38.62
POSITIONAL BASE MEAN QUALITY,Read2,ReadPos 81 A Average Quality,38.61
POSITIONAL BASE MEAN QUALITY,Read2,ReadPos 82 A Average Quality,38.60
POSITIONAL BASE MEAN QUALITY,Read2,ReadPos 83 A Average Quality,38.56
POSITIONAL BASE MEAN QUALITY,Read2,ReadPos 84 A Average Quality,38.58
POSITIONAL BASE MEAN QUALITY,Read2,ReadPos 85 A Average Quality,38.58
POSITIONAL BASE MEAN QUALITY,Read2,ReadPos 86 A Average Quality,38.56
POSITIONAL BASE MEAN QUALITY,Read2,ReadPos 87 A Average Quality,38.55
POSITIONAL BASE MEAN QUALITY,Read2,ReadPos 88 A Average Quality,38.52
POSITIONAL BASE MEAN QUALITY,Read2,ReadPos 89 A Average Quality,38.51
POSITIONAL BASE MEAN QUALITY,Read2,ReadPos 90 A Average Quality,38.49
POSITIONAL BASE MEAN QUALITY,Read2,ReadPos 91 A Average Quality,38.49
POSITIONAL BASE MEAN QUALITY,Read2,ReadPos 92 A Average Quality,38.47
POSITIONAL BASE MEAN QUALITY,Read2,ReadPos 93 A Average Quality,38.44
POSITIONAL BASE MEAN QUALITY,Read2,ReadPos 94 A Average Quality,38.44
POSITIONAL BASE MEAN QUALITY,Read2,ReadPos 95 A Average Quality,38.43
POSITIONAL BASE MEAN QUALITY,Read2,ReadPos 96 A Average Quality,38.39
POSITIONAL BASE MEAN QUALITY,Read2,ReadPos 97 A Average Quality,38.39
POSITIONAL BASE MEAN QUALITY,Read2,ReadPos 98 A Average Quality,38.38
POSITIONAL BASE MEAN QUALITY,Read2,ReadPos 99 A Average Quality,38.35
POSITIONAL BASE MEAN QUALITY,Read2,ReadPos 100 A Average Quality,38.34
POSITIONAL BASE MEAN QUALITY,Read2,ReadPos 101 A Average Quality,38.32
POSITIONAL BASE MEAN QUALITY,Read2,ReadPos 102 A Average Quality,38.33
POSITIONAL BASE MEAN QUALITY,Read2,ReadPos 103 A Average Quality,38.32
POSITIONAL BASE MEAN QUALITY,Read2,ReadPos 104 A Average Quality,38.30
POSITIONAL BASE MEAN QUALITY,Read2,ReadPos 105 A Average Quality,38.28
POSITIONAL BASE MEAN QUALITY,Read2,ReadPos 106 A Average Quality,38.25
POSITIONAL BASE MEAN QUALITY,Read2,ReadPos 107 A Average Quality,38.23
POSITIONAL BASE MEAN QUALITY,Read2,ReadPos 108 A Average Quality,38.22
POSITIONAL BASE MEAN QUALITY,Read2,ReadPos 109 A Average Quality,38.20
POSITIONAL BASE MEAN QUALITY,Read2,ReadPos 110 A Average Quality,38.19
POSITIONAL BASE MEAN QUALITY,Read2,ReadPos 111 A Average Quality,38.15
POSITIONAL BASE MEAN QUALITY,Read2,ReadPos 112 A Average Quality,38.14
POSITIONAL BASE MEAN QUALITY,Read2,ReadPos 113 A Average Quality,38.10
POSITIONAL BASE MEAN QUALITY,Read2,ReadPos 114 A Average Quality,38.10
POSITIONAL BASE MEAN QUALITY,Read2,ReadPos 115 A Average Quality,38.08
POSITIONAL BASE MEAN QUALITY,Read2,ReadPos 116 A Average Quality,38.06
POSITIONAL BASE MEAN QUALITY,Read2,ReadPos 117 A Average Quality,38.05
POSITIONAL BASE MEAN QUALITY,Read2,ReadPos 118 A Average Quality,38.02
POSITIONAL BASE MEAN QUALITY,Read2,ReadPos 119 A Average Quality,38.01
POSITIONAL BASE MEAN QUALITY,Read2,ReadPos 120 A Average Quality,37.99
POSITIONAL BASE MEAN QUALITY,Read2,ReadPos 121 A Average Quality,37.97
POSITIONAL BASE MEAN QUALITY,Read2,ReadPos 122 A Average Quality,37.95
POSITIONAL BASE MEAN QUALITY,Read2,ReadPos 123 A Average Quality,37.91
POSITIONAL BASE MEAN QUALITY,Read2,ReadPos 124 A Average Quality,37.90
POSITIONAL BASE MEAN QUALITY,Read2,ReadPos 125 A Average Quality,37.87
POSITIONAL BASE MEAN QUALITY,Read2,ReadPos 126 A Average Quality,37.86
POSITIONAL BASE MEAN QUALITY,Read2,ReadPos 127 A Average Quality,37.86
POSITIONAL BASE MEAN QUALITY,Read2,ReadPos 128 A Average Quality,37.84
POSITIONAL BASE MEAN QUALITY,Read2,ReadPos 129 A Average Quality,37.84
POSITIONAL BASE MEAN QUALITY,Read2,ReadPos 130 A Average Quality,37.80
POSITIONAL BASE MEAN QUALITY,Read2,ReadPos 131 A Average Quality,37.75
POSITIONAL BASE MEAN QUALITY,Read2,ReadPos 132 A Average Quality,37.73
POSITIONAL BASE MEAN QUALITY,Read2,ReadPos 133 A Average Quality,37.70
POSITIONAL BASE MEAN QUALITY,Read2,ReadPos 134 A Average Quality,37.69
POSITIONAL BASE MEAN QUALITY,Read2,ReadPos 135 A Average Quality,37.68
POSITIONAL BASE MEAN QUALITY,Read2,ReadPos 136 A Average Quality,37.63
POSITIONAL BASE MEAN QUALITY,Read2,ReadPos 137 A Average Quality,37.64
POSITIONAL BASE MEAN QUALITY,Read2,ReadPos 138 A Average Quality,37.58
POSITIONAL BASE MEAN QUALITY,Read2,ReadPos 139 A Average Quality,37.56
POSITIONAL BASE MEAN QUALITY,Read2,ReadPos 140 A Average Quality,37.51
POSITIONAL BASE MEAN QUALITY,Read2,ReadPos 141 A Average Quality,37.47
POSITIONAL BASE MEAN QUALITY,Read2,ReadPos 142 A Average Quality,37.45
POSITIONAL BASE MEAN QUALITY,Read2,ReadPos 143 A Average Quality,37.45
POSITIONAL BASE MEAN QUALITY,Read2,ReadPos 144 A Average Quality,37.40
POSITIONAL BASE MEAN QUALITY,Read2,ReadPos 145 A Average Quality,37.37
POSITIONAL BASE MEAN QUALITY,Read2,ReadPos 146 A Average Quality,37.33
POSITIONAL BASE MEAN QUALITY,Read2,ReadPos 147 A Average Quality,37.30
POSITIONAL BASE MEAN QUALITY,Read2,ReadPos 148 A Average Quality,37.26
POSITIONAL BASE MEAN QUALITY,Read2,ReadPos 149 A Average Quality,37.25
POSITIONAL BASE MEAN QUALITY,Read2,ReadPos 150 A Average Quality,37.18
POSITIONAL BASE MEAN QUALITY,Read2,ReadPos 151 A Average Quality,NA
POSITIONAL BASE MEAN QUALITY,Read2,ReadPos 1 C Average Quality,37.18
POSITIONAL BASE MEAN QUALITY,Read2,ReadPos 2 C Average Quality,38.61
POSITIONAL BASE MEAN QUALITY,Read2,ReadPos 3 C Average Quality,38.78
POSITIONAL BASE MEAN QUALITY,Read2,ReadPos 4 C Average Quality,38.38
POSITIONAL BASE MEAN QUALITY,Read2,ReadPos 5 C Average Quality,38.69
POSITIONAL BASE MEAN QUALITY,Read2,ReadPos 6 C Average Quality,39.09
POSITIONAL BASE MEAN QUALITY,Read2,ReadPos 7 C Average Quality,39.01
POSITIONAL BASE MEAN QUALITY,Read2,ReadPos 8 C Average Quality,39.07
POSITIONAL BASE MEAN QUALITY,Read2,ReadPos 9 C Average Quality,39.04
POSITIONAL BASE MEAN QUALITY,Read2,ReadPos 10 C Average Quality,38.98
POSITIONAL BASE MEAN QUALITY,Read2,ReadPos 11 C Average Quality,39.18
POSITIONAL BASE MEAN QUALITY,Read2,ReadPos 12 C Average Quality,39.04
POSITIONAL BASE MEAN QUALITY,Read2,ReadPos 13 C Average Quality,39.15
POSITIONAL BASE MEAN QUALITY,Read2,ReadPos 14 C Average Quality,39.11
POSITIONAL BASE MEAN QUALITY,Read2,ReadPos 15 C Average Quality,39.16
POSITIONAL BASE MEAN QUALITY,Read2,ReadPos 16 C Average Quality,39.16
POSITIONAL BASE MEAN QUALITY,Read2,ReadPos 17 C Average Quality,39.14
POSITIONAL BASE MEAN QUALITY,Read2,ReadPos 18 C Average Quality,39.15
POSITIONAL BASE MEAN QUALITY,Read2,ReadPos 19 C Average Quality,39.18
POSITIONAL BASE MEAN QUALITY,Read2,ReadPos 20 C Average Quality,39.18
POSITIONAL BASE MEAN QUALITY,Read2,ReadPos 21 C Average Quality,39.21
POSITIONAL BASE MEAN QUALITY,Read2,ReadPos 22 C Average Quality,39.18
POSITIONAL BASE MEAN QUALITY,Read2,ReadPos 23 C Average Quality,39.19
POSITIONAL BASE MEAN QUALITY,Read2,ReadPos 24 C Average Quality,39.20
POSITIONAL BASE MEAN QUALITY,Read2,ReadPos 25 C Average Quality,39.20
POSITIONAL BASE MEAN QUALITY,Read2,ReadPos 26 C Average Quality,38.84
POSITIONAL BASE MEAN QUALITY,Read2,ReadPos 27 C Average Quality,38.84
POSITIONAL BASE MEAN QUALITY,Read2,ReadPos 28 C Average Quality,38.81
POSITIONAL BASE MEAN QUALITY,Read2,ReadPos 29 C Average Quality,38.81
POSITIONAL BASE MEAN QUALITY,Read2,ReadPos 30 C Average Quality,38.83
POSITIONAL BASE MEAN QUALITY,Read2,ReadPos 31 C Average Quality,38.82
POSITIONAL BASE MEAN QUALITY,Read2,ReadPos 32 C Average Quality,38.82
POSITIONAL BASE MEAN QUALITY,Read2,ReadPos 33 C Average Quality,38.80
POSITIONAL BASE MEAN QUALITY,Read2,ReadPos 34 C Average Quality,38.79
POSITIONAL BASE MEAN QUALITY,Read2,ReadPos 35 C Average Quality,38.80
POSITIONAL BASE MEAN QUALITY,Read2,ReadPos 36 C Average Quality,38.79
POSITIONAL BASE MEAN QUALITY,Read2,ReadPos 37 C Average Quality,38.80
POSITIONAL BASE MEAN QUALITY,Read2,ReadPos 38 C Average Quality,38.80
POSITIONAL BASE MEAN QUALITY,Read2,ReadPos 39 C Average Quality,38.77
POSITIONAL BASE MEAN QUALITY,Read2,ReadPos 40 C Average Quality,38.77
POSITIONAL BASE MEAN QUALITY,Read2,ReadPos 41 C Average Quality,38.76
POSITIONAL BASE MEAN QUALITY,Read2,ReadPos 42 C Average Quality,38.76
POSITIONAL BASE MEAN QUALITY,Read2,ReadPos 43 C Average Quality,38.74
POSITIONAL BASE MEAN QUALITY,Read2,ReadPos 44 C Average Quality,38.74
POSITIONAL BASE MEAN QUALITY,Read2,ReadPos 45 C Average Quality,38.73
POSITIONAL BASE MEAN QUALITY,Read2,ReadPos 46 C Average Quality,38.73
POSITIONAL BASE MEAN QUALITY,Read2,ReadPos 47 C Average Quality,38.72
POSITIONAL BASE MEAN QUALITY,Read2,ReadPos 48 C Average Quality,38.69
POSITIONAL BASE MEAN QUALITY,Read2,ReadPos 49 C Average Quality,38.68
POSITIONAL BASE MEAN QUALITY,Read2,ReadPos 50 C Average Quality,38.69
POSITIONAL BASE MEAN QUALITY,Read2,ReadPos 51 C Average Quality,38.67
POSITIONAL BASE MEAN QUALITY,Read2,ReadPos 52 C Average Quality,38.67
POSITIONAL BASE MEAN QUALITY,Read2,ReadPos 53 C Average Quality,38.67
POSITIONAL BASE MEAN QUALITY,Read2,ReadPos 54 C Average Quality,38.64
POSITIONAL BASE MEAN QUALITY,Read2,ReadPos 55 C Average Quality,38.64
POSITIONAL BASE MEAN QUALITY,Read2,ReadPos 56 C Average Quality,38.62
POSITIONAL BASE MEAN QUALITY,Read2,ReadPos 57 C Average Quality,38.62
POSITIONAL BASE MEAN QUALITY,Read2,ReadPos 58 C Average Quality,38.58
POSITIONAL BASE MEAN QUALITY,Read2,ReadPos 59 C Average Quality,38.59
POSITIONAL BASE MEAN QUALITY,Read2,ReadPos 60 C Average Quality,38.58
POSITIONAL BASE MEAN QUALITY,Read2,ReadPos 61 C Average Quality,38.54
POSITIONAL BASE MEAN QUALITY,Read2,ReadPos 62 C Average Quality,38.57
POSITIONAL BASE MEAN QUALITY,Read2,ReadPos 63 C Average Quality,38.51
POSITIONAL BASE MEAN QUALITY,Read2,ReadPos 64 C Average Quality,38.50
POSITIONAL BASE MEAN QUALITY,Read2,ReadPos 65 C Average Quality,38.50
POSITIONAL BASE MEAN QUALITY,Read2,ReadPos 66 C Average Quality,38.49
POSITIONAL BASE MEAN QUALITY,Read2,ReadPos 67 C Average Quality,38.48
POSITIONAL BASE MEAN QUALITY,Read2,ReadPos 68 C Average Quality,38.48
POSITIONAL BASE MEAN QUALITY,Read2,ReadPos 69 C Average Quality,38.46
POSITIONAL BASE MEAN QUALITY,Read2,ReadPos 70 C Average Quality,38.45
POSITIONAL BASE MEAN QUALITY,Read2,ReadPos 71 C Average Quality,38.44
POSITIONAL BASE MEAN QUALITY,Read2,ReadPos 72 C Average Quality,38.41
POSITIONAL BASE MEAN QUALITY,Read2,ReadPos 73 C Average Quality,38.38
POSITIONAL BASE MEAN QUALITY,Read2,ReadPos 74 C Average Quality,38.37
POSITIONAL BASE MEAN QUALITY,Read2,ReadPos 75 C Average Quality,38.36
POSITIONAL BASE MEAN QUALITY,Read2,ReadPos 76 C Average Quality,38.35
POSITIONAL BASE MEAN QUALITY,Read2,ReadPos 77 C Average Quality,38.31
POSITIONAL BASE MEAN QUALITY,Read2,ReadPos 78 C Average Quality,38.31
POSITIONAL BASE MEAN QUALITY,Read2,ReadPos 79 C Average Quality,38.28
POSITIONAL BASE MEAN QUALITY,Read2,ReadPos 80 C Average Quality,38.28
POSITIONAL BASE MEAN QUALITY,Read2,ReadPos 81 C Average Quality,38.26
POSITIONAL BASE MEAN QUALITY,Read2,ReadPos 82 C Average Quality,38.24
POSITIONAL BASE MEAN QUALITY,Read2,ReadPos 83 C Average Quality,38.19
POSITIONAL BASE MEAN QUALITY,Read2,ReadPos 84 C Average Quality,38.21
POSITIONAL BASE MEAN QUALITY,Read2,ReadPos 85 C Average Quality,38.21
POSITIONAL BASE MEAN QUALITY,Read2,ReadPos 86 C Average Quality,38.18
POSITIONAL BASE MEAN QUALITY,Read2,ReadPos 87 C Average Quality,38.16
POSITIONAL BASE MEAN QUALITY,Read2,ReadPos 88 C Average Quality,38.14
POSITIONAL BASE MEAN QUALITY,Read2,ReadPos 89 C Average Quality,38.11
POSITIONAL BASE MEAN QUALITY,Read2,ReadPos 90 C Average Quality,38.10
POSITIONAL BASE MEAN QUALITY,Read2,ReadPos 91 C Average Quality,38.08
POSITIONAL BASE MEAN QUALITY,Read2,ReadPos 92 C Average Quality,38.06
POSITIONAL BASE MEAN QUALITY,Read2,ReadPos 93 C Average Quality,38.04
POSITIONAL BASE MEAN QUALITY,Read2,ReadPos 94 C Average Quality,38.01
POSITIONAL BASE MEAN QUALITY,Read2,ReadPos 95 C Average Quality,38.01
POSITIONAL BASE MEAN QUALITY,Read2,ReadPos 96 C Average Quality,37.97
POSITIONAL BASE MEAN QUALITY,Read2,ReadPos 97 C Average Quality,37.96
POSITIONAL BASE MEAN QUALITY,Read2,ReadPos 98 C Average Quality,37.95
POSITIONAL BASE MEAN QUALITY,Read2,ReadPos 99 C Average Quality,37.90
POSITIONAL BASE MEAN QUALITY,Read2,ReadPos 100 C Average Quality,37.89
POSITIONAL BASE MEAN QUALITY,Read2,ReadPos 101 C Average Quality,37.86
POSITIONAL BASE MEAN QUALITY,Read2,ReadPos 102 C Average Quality,37.87
POSITIONAL BASE MEAN QUALITY,Read2,ReadPos 103 C Average Quality,37.85
POSITIONAL BASE MEAN QUALITY,Read2,ReadPos 104 C Average Quality,37.82
POSITIONAL BASE MEAN QUALITY,Read2,ReadPos 105 C Average Quality,37.80
POSITIONAL BASE MEAN QUALITY,Read2,ReadPos 106 C Average Quality,37.78
POSITIONAL BASE MEAN QUALITY,Read2,ReadPos 107 C Average Quality,37.75
POSITIONAL BASE MEAN QUALITY,Read2,ReadPos 108 C Average Quality,37.75
POSITIONAL BASE MEAN QUALITY,Read2,ReadPos 109 C Average Quality,37.68
POSITIONAL BASE MEAN QUALITY,Read2,ReadPos 110 C Average Quality,37.70
POSITIONAL BASE MEAN QUALITY,Read2,ReadPos 111 C Average Quality,37.65
POSITIONAL BASE MEAN QUALITY,Read2,ReadPos 112 C Average Quality,37.64
POSITIONAL BASE MEAN QUALITY,Read2,ReadPos 113 C Average Quality,37.59
POSITIONAL BASE MEAN QUALITY,Read2,ReadPos 114 C Average Quality,37.57
POSITIONAL BASE MEAN QUALITY,Read2,ReadPos 115 C Average Quality,37.58
POSITIONAL BASE MEAN QUALITY,Read2,ReadPos 116 C Average Quality,37.54
POSITIONAL BASE MEAN QUALITY,Read2,ReadPos 117 C Average Quality,37.53
POSITIONAL BASE MEAN QUALITY,Read2,ReadPos 118 C Average Quality,37.49
POSITIONAL BASE MEAN QUALITY,Read2,ReadPos 119 C Average Quality,37.47
POSITIONAL BASE MEAN QUALITY,Read2,ReadPos 120 C Average Quality,37.46
POSITIONAL BASE MEAN QUALITY,Read2,ReadPos 121 C Average Quality,37.45
POSITIONAL BASE MEAN QUALITY,Read2,ReadPos 122 C Average Quality,37.42
POSITIONAL BASE MEAN QUALITY,Read2,ReadPos 123 C Average Quality,37.38
POSITIONAL BASE MEAN QUALITY,Read2,ReadPos 124 C Average Quality,37.34
POSITIONAL BASE MEAN QUALITY,Read2,ReadPos 125 C Average Quality,37.32
POSITIONAL BASE MEAN QUALITY,Read2,ReadPos 126 C Average Quality,37.30
POSITIONAL BASE MEAN QUALITY,Read2,ReadPos 127 C Average Quality,37.30
POSITIONAL BASE MEAN QUALITY,Read2,ReadPos 128 C Average Quality,37.28
POSITIONAL BASE MEAN QUALITY,Read2,ReadPos 129 C Average Quality,37.26
POSITIONAL BASE MEAN QUALITY,Read2,ReadPos 130 C Average Quality,37.23
POSITIONAL BASE MEAN QUALITY,Read2,ReadPos 131 C Average Quality,37.18
POSITIONAL BASE MEAN QUALITY,Read2,ReadPos 132 C Average Quality,37.15
POSITIONAL BASE MEAN QUALITY,Read2,ReadPos 133 C Average Quality,37.12
POSITIONAL BASE MEAN QUALITY,Read2,ReadPos 134 C Average Quality,37.07
POSITIONAL BASE MEAN QUALITY,Read2,ReadPos 135 C Average Quality,37.09
POSITIONAL BASE MEAN QUALITY,Read2,ReadPos 136 C Average Quality,37.05
POSITIONAL BASE MEAN QUALITY,Read2,ReadPos 137 C Average Quality,37.05
POSITIONAL BASE MEAN QUALITY,Read2,ReadPos 138 C Average Quality,36.98
POSITIONAL BASE MEAN QUALITY,Read2,ReadPos 139 C Average Quality,36.94
POSITIONAL BASE MEAN QUALITY,Read2,ReadPos 140 C Average Quality,36.91
POSITIONAL BASE MEAN QUALITY,Read2,ReadPos 141 C Average Quality,36.87
POSITIONAL BASE MEAN QUALITY,Read2,ReadPos 142 C Average Quality,36.84
POSITIONAL BASE MEAN QUALITY,Read2,ReadPos 143 C Average Quality,36.84
POSITIONAL BASE MEAN QUALITY,Read2,ReadPos 144 C Average Quality,36.77
POSITIONAL BASE MEAN QUALITY,Read2,ReadPos 145 C Average Quality,36.75
POSITIONAL BASE MEAN QUALITY,Read2,ReadPos 146 C Average Quality,36.71
POSITIONAL BASE MEAN QUALITY,Read2,ReadPos 147 C Average Quality,36.67
POSITIONAL BASE MEAN QUALITY,Read2,ReadPos 148 C Average Quality,36.63
POSITIONAL BASE MEAN QUALITY,Read2,ReadPos 149 C Average Quality,36.59
POSITIONAL BASE MEAN QUALITY,Read2,ReadPos 150 C Average Quality,36.58
POSITIONAL BASE MEAN QUALITY,Read2,ReadPos 151 C Average Quality,35.75
POSITIONAL BASE MEAN QUALITY,Read2,ReadPos 1 G Average Quality,36.90
POSITIONAL BASE MEAN QUALITY,Read2,ReadPos 2 G Average Quality,38.68
POSITIONAL BASE MEAN QUALITY,Read2,ReadPos 3 G Average Quality,38.87
POSITIONAL BASE MEAN QUALITY,Read2,ReadPos 4 G Average Quality,38.70
POSITIONAL BASE MEAN QUALITY,Read2,ReadPos 5 G Average Quality,38.92
POSITIONAL BASE MEAN QUALITY,Read2,ReadPos 6 G Average Quality,39.26
POSITIONAL BASE MEAN QUALITY,Read2,ReadPos 7 G Average Quality,39.23
POSITIONAL BASE MEAN QUALITY,Read2,ReadPos 8 G Average Quality,39.22
POSITIONAL BASE MEAN QUALITY,Read2,ReadPos 9 G Average Quality,39.22
POSITIONAL BASE MEAN QUALITY,Read2,ReadPos 10 G Average Quality,39.06
POSITIONAL BASE MEAN QUALITY,Read2,ReadPos 11 G Average Quality,39.41
POSITIONAL BASE MEAN QUALITY,Read2,ReadPos 12 G Average Quality,39.25
POSITIONAL BASE MEAN QUALITY,Read2,ReadPos 13 G Average Quality,39.39
POSITIONAL BASE MEAN QUALITY,Read2,ReadPos 14 G Average Quality,39.26
POSITIONAL BASE MEAN QUALITY,Read2,ReadPos 15 G Average Quality,39.31
POSITIONAL BASE MEAN QUALITY,Read2,ReadPos 16 G Average Quality,39.31
POSITIONAL BASE MEAN QUALITY,Read2,ReadPos 17 G Average Quality,39.26
POSITIONAL BASE MEAN QUALITY,Read2,ReadPos 18 G Average Quality,39.26
POSITIONAL BASE MEAN QUALITY,Read2,ReadPos 19 G Average Quality,39.30
POSITIONAL BASE MEAN QUALITY,Read2,ReadPos 20 G Average Quality,39.30
POSITIONAL BASE MEAN QUALITY,Read2,ReadPos 21 G Average Quality,39.29
POSITIONAL BASE MEAN QUALITY,Read2,ReadPos 22 G Average Quality,39.29
POSITIONAL BASE MEAN QUALITY,Read2,ReadPos 23 G Average Quality,39.28
POSITIONAL BASE MEAN QUALITY,Read2,ReadPos 24 G Average Quality,39.29
POSITIONAL BASE MEAN QUALITY,Read2,ReadPos 25 G Average Quality,39.30
POSITIONAL BASE MEAN QUALITY,Read2,ReadPos 26 G Average Quality,38.86
POSITIONAL BASE MEAN QUALITY,Read2,ReadPos 27 G Average Quality,38.86
POSITIONAL BASE MEAN QUALITY,Read2,ReadPos 28 G Average Quality,38.86
POSITIONAL BASE MEAN QUALITY,Read2,ReadPos 29 G Average Quality,38.86
POSITIONAL BASE MEAN QUALITY,Read2,ReadPos 30 G Average Quality,38.88
POSITIONAL BASE MEAN QUALITY,Read2,ReadPos 31 G Average Quality,38.90
POSITIONAL BASE MEAN QUALITY,Read2,ReadPos 32 G Average Quality,38.89
POSITIONAL BASE MEAN QUALITY,Read2,ReadPos 33 G Average Quality,38.91
POSITIONAL BASE MEAN QUALITY,Read2,ReadPos 34 G Average Quality,38.92
POSITIONAL BASE MEAN QUALITY,Read2,ReadPos 35 G Average Quality,38.92
POSITIONAL BASE MEAN QUALITY,Read2,ReadPos 36 G Average Quality,38.93
POSITIONAL BASE MEAN QUALITY,Read2,ReadPos 37 G Average Quality,38.95
POSITIONAL BASE MEAN QUALITY,Read2,ReadPos 38 G Average Quality,38.96
POSITIONAL BASE MEAN QUALITY,Read2,ReadPos 39 G Average Quality,38.96
POSITIONAL BASE MEAN QUALITY,Read2,ReadPos 40 G Average Quality,38.95
POSITIONAL BASE MEAN QUALITY,Read2,ReadPos 41 G Average Quality,38.96
POSITIONAL BASE MEAN QUALITY,Read2,ReadPos 42 G Average Quality,38.96
POSITIONAL BASE MEAN QUALITY,Read2,ReadPos 43 G Average Quality,38.96
POSITIONAL BASE MEAN QUALITY,Read2,ReadPos 44 G Average Quality,38.97
POSITIONAL BASE MEAN QUALITY,Read2,ReadPos 45 G Average Quality,38.96
POSITIONAL BASE MEAN QUALITY,Read2,ReadPos 46 G Average Quality,38.98
POSITIONAL BASE MEAN QUALITY,Read2,ReadPos 47 G Average Quality,38.97
POSITIONAL BASE MEAN QUALITY,Read2,ReadPos 48 G Average Quality,38.96
POSITIONAL BASE MEAN QUALITY,Read2,ReadPos 49 G Average Quality,38.95
POSITIONAL BASE MEAN QUALITY,Read2,ReadPos 50 G Average Quality,38.95
POSITIONAL BASE MEAN QUALITY,Read2,ReadPos 51 G Average Quality,38.96
POSITIONAL BASE MEAN QUALITY,Read2,ReadPos 52 G Average Quality,38.95
POSITIONAL BASE MEAN QUALITY,Read2,ReadPos 53 G Average Quality,38.97
POSITIONAL BASE MEAN QUALITY,Read2,ReadPos 54 G Average Quality,38.95
POSITIONAL BASE MEAN QUALITY,Read2,ReadPos 55 G Average Quality,38.94
POSITIONAL BASE MEAN QUALITY,Read2,ReadPos 56 G Average Quality,38.95
POSITIONAL BASE MEAN QUALITY,Read2,ReadPos 57 G Average Quality,38.94
POSITIONAL BASE MEAN QUALITY,Read2,ReadPos 58 G Average Quality,38.94
POSITIONAL BASE MEAN QUALITY,Read2,ReadPos 59 G Average Quality,38.93
POSITIONAL BASE MEAN QUALITY,Read2,ReadPos 60 G Average Quality,38.93
POSITIONAL BASE MEAN QUALITY,Read2,ReadPos 61 G Average Quality,38.91
POSITIONAL BASE MEAN QUALITY,Read2,ReadPos 62 G Average Quality,38.94
POSITIONAL BASE MEAN QUALITY,Read2,ReadPos 63 G Average Quality,38.90
POSITIONAL BASE MEAN QUALITY,Read2,ReadPos 64 G Average Quality,38.90
POSITIONAL BASE MEAN QUALITY,Read2,ReadPos 65 G Average Quality,38.89
POSITIONAL BASE MEAN QUALITY,Read2,ReadPos 66 G Average Quality,38.89
POSITIONAL BASE MEAN QUALITY,Read2,ReadPos 67 G Average Quality,38.89
POSITIONAL BASE MEAN QUALITY,Read2,ReadPos 68 G Average Quality,38.90
POSITIONAL BASE MEAN QUALITY,Read2,ReadPos 69 G Average Quality,38.90
POSITIONAL BASE MEAN QUALITY,Read2,ReadPos 70 G Average Quality,38.88
POSITIONAL BASE MEAN QUALITY,Read2,ReadPos 71 G Average Quality,38.88
POSITIONAL BASE MEAN QUALITY,Read2,ReadPos 72 G Average Quality,38.87
POSITIONAL BASE MEAN QUALITY,Read2,ReadPos 73 G Average Quality,38.85
POSITIONAL BASE MEAN QUALITY,Read2,ReadPos 74 G Average Quality,38.85
POSITIONAL BASE MEAN QUALITY,Read2,ReadPos 75 G Average Quality,38.83
POSITIONAL BASE MEAN QUALITY,Read2,ReadPos 76 G Average Quality,38.83
POSITIONAL BASE MEAN QUALITY,Read2,ReadPos 77 G Average Quality,38.81
POSITIONAL BASE MEAN QUALITY,Read2,ReadPos 78 G Average Quality,38.82
POSITIONAL BASE MEAN QUALITY,Read2,ReadPos 79 G Average Quality,38.80
POSITIONAL BASE MEAN QUALITY,Read2,ReadPos 80 G Average Quality,38.79
POSITIONAL BASE MEAN QUALITY,Read2,ReadPos 81 G Average Quality,38.79
POSITIONAL BASE MEAN QUALITY,Read2,ReadPos 82 G Average Quality,38.78
POSITIONAL BASE MEAN QUALITY,Read2,ReadPos 83 G Average Quality,38.75
POSITIONAL BASE MEAN QUALITY,Read2,ReadPos 84 G Average Quality,38.77
POSITIONAL BASE MEAN QUALITY,Read2,ReadPos 85 G Average Quality,38.77
POSITIONAL BASE MEAN QUALITY,Read2,ReadPos 86 G Average Quality,38.76
POSITIONAL BASE MEAN QUALITY,Read2,ReadPos 87 G Average Quality,38.76
POSITIONAL BASE MEAN QUALITY,Read2,ReadPos 88 G Average Quality,38.74
POSITIONAL BASE MEAN QUALITY,Read2,ReadPos 89 G Average Quality,38.72
POSITIONAL BASE MEAN QUALITY,Read2,ReadPos 90 G Average Quality,38.71
POSITIONAL BASE MEAN QUALITY,Read2,ReadPos 91 G Average Quality,38.70
POSITIONAL BASE MEAN QUALITY,Read2,ReadPos 92 G Average Quality,38.70
POSITIONAL BASE MEAN QUALITY,Read2,ReadPos 93 G Average Quality,38.68
POSITIONAL BASE MEAN QUALITY,Read2,ReadPos 94 G Average Quality,38.67
POSITIONAL BASE MEAN QUALITY,Read2,ReadPos 95 G Average Quality,38.66
POSITIONAL BASE MEAN QUALITY,Read2,ReadPos 96 G Average Quality,38.64
POSITIONAL BASE MEAN QUALITY,Read2,ReadPos 97 G Average Quality,38.65
POSITIONAL BASE MEAN QUALITY,Read2,ReadPos 98 G Average Quality,38.64
POSITIONAL BASE MEAN QUALITY,Read2,ReadPos 99 G Average Quality,38.62
POSITIONAL BASE MEAN QUALITY,Read2,ReadPos 100 G Average Quality,38.61
POSITIONAL BASE MEAN QUALITY,Read2,ReadPos 101 G Average Quality,38.57
POSITIONAL BASE MEAN QUALITY,Read2,ReadPos 102 G Average Quality,38.60
POSITIONAL BASE MEAN QUALITY,Read2,ReadPos 103 G Average Quality,38.59
POSITIONAL BASE MEAN QUALITY,Read2,ReadPos 104 G Average Quality,38.57
POSITIONAL BASE MEAN QUALITY,Read2,ReadPos 105 G Average Quality,38.55
POSITIONAL BASE MEAN QUALITY,Read2,ReadPos 106 G Average Quality,38.53
POSITIONAL BASE MEAN QUALITY,Read2,ReadPos 107 G Average Quality,38.52
POSITIONAL BASE MEAN QUALITY,Read2,ReadPos 108 G Average Quality,38.52
POSITIONAL BASE MEAN QUALITY,Read2,ReadPos 109 G Average Quality,38.49
POSITIONAL BASE MEAN QUALITY,Read2,ReadPos 110 G Average Quality,38.47
POSITIONAL BASE MEAN QUALITY,Read2,ReadPos 111 G Average Quality,38.45
POSITIONAL BASE MEAN QUALITY,Read2,ReadPos 112 G Average Quality,38.46
POSITIONAL BASE MEAN QUALITY,Read2,ReadPos 113 G Average Quality,38.43
POSITIONAL BASE MEAN QUALITY,Read2,ReadPos 114 G Average Quality,38.42
POSITIONAL BASE MEAN QUALITY,Read2,ReadPos 115 G Average Quality,38.40
POSITIONAL BASE MEAN QUALITY,Read2,ReadPos 116 G Average Quality,38.38
POSITIONAL BASE MEAN QUALITY,Read2,ReadPos 117 G Average Quality,38.39
POSITIONAL BASE MEAN QUALITY,Read2,ReadPos 118 G Average Quality,38.36
POSITIONAL BASE MEAN QUALITY,Read2,ReadPos 119 G Average Quality,38.34
POSITIONAL BASE MEAN QUALITY,Read2,ReadPos 120 G Average Quality,38.32
POSITIONAL BASE MEAN QUALITY,Read2,ReadPos 121 G Average Quality,38.31
POSITIONAL BASE MEAN QUALITY,Read2,ReadPos 122 G Average Quality,38.30
POSITIONAL BASE MEAN QUALITY,Read2,ReadPos 123 G Average Quality,38.28
POSITIONAL BASE MEAN QUALITY,Read2,ReadPos 124 G Average Quality,38.26
POSITIONAL BASE MEAN QUALITY,Read2,ReadPos 125 G Average Quality,38.23
POSITIONAL BASE MEAN QUALITY,Read2,ReadPos 126 G Average Quality,38.22
POSITIONAL BASE MEAN QUALITY,Read2,ReadPos 127 G Average Quality,38.23
POSITIONAL BASE MEAN QUALITY,Read2,ReadPos 128 G Average Quality,38.21
POSITIONAL BASE MEAN QUALITY,Read2,ReadPos 129 G Average Quality,38.20
POSITIONAL BASE MEAN QUALITY,Read2,ReadPos 130 G Average Quality,38.16
POSITIONAL BASE MEAN QUALITY,Read2,ReadPos 131 G Average Quality,38.13
POSITIONAL BASE MEAN QUALITY,Read2,ReadPos 132 G Average Quality,38.12
POSITIONAL BASE MEAN QUALITY,Read2,ReadPos 133 G Average Quality,38.10
POSITIONAL BASE MEAN QUALITY,Read2,ReadPos 134 G Average Quality,38.07
POSITIONAL BASE MEAN QUALITY,Read2,ReadPos 135 G Average Quality,38.07
POSITIONAL BASE MEAN QUALITY,Read2,ReadPos 136 G Average Quality,38.04
POSITIONAL BASE MEAN QUALITY,Read2,ReadPos 137 G Average Quality,38.03
POSITIONAL BASE MEAN QUALITY,Read2,ReadPos 138 G Average Quality,37.99
POSITIONAL BASE MEAN QUALITY,Read2,ReadPos 139 G Average Quality,37.96
POSITIONAL BASE MEAN QUALITY,Read2,ReadPos 140 G Average Quality,37.93
POSITIONAL BASE MEAN QUALITY,Read2,ReadPos 141 G Average Quality,37.89
POSITIONAL BASE MEAN QUALITY,Read2,ReadPos 142 G Average Quality,37.89
POSITIONAL BASE MEAN QUALITY,Read2,ReadPos 143 G Average Quality,37.88
POSITIONAL BASE MEAN QUALITY,Read2,ReadPos 144 G Average Quality,37.83
POSITIONAL BASE MEAN QUALITY,Read2,ReadPos 145 G Average Quality,37.80
POSITIONAL BASE MEAN QUALITY,Read2,ReadPos 146 G Average Quality,37.77
POSITIONAL BASE MEAN QUALITY,Read2,ReadPos 147 G Average Quality,37.75
POSITIONAL BASE MEAN QUALITY,Read2,ReadPos 148 G Average Quality,37.71
POSITIONAL BASE MEAN QUALITY,Read2,ReadPos 149 G Average Quality,37.68
POSITIONAL BASE MEAN QUALITY,Read2,ReadPos 150 G Average Quality,37.61
POSITIONAL BASE MEAN QUALITY,Read2,ReadPos 151 G Average Quality,37.25
POSITIONAL BASE MEAN QUALITY,Read2,ReadPos 1 T Average Quality,38.07
POSITIONAL BASE MEAN QUALITY,Read2,ReadPos 2 T Average Quality,38.97
POSITIONAL BASE MEAN QUALITY,Read2,ReadPos 3 T Average Quality,39.06
POSITIONAL BASE MEAN QUALITY,Read2,ReadPos 4 T Average Quality,38.97
POSITIONAL BASE MEAN QUALITY,Read2,ReadPos 5 T Average Quality,39.25
POSITIONAL BASE MEAN QUALITY,Read2,ReadPos 6 T Average Quality,39.30
POSITIONAL BASE MEAN QUALITY,Read2,ReadPos 7 T Average Quality,39.32
POSITIONAL BASE MEAN QUALITY,Read2,ReadPos 8 T Average Quality,39.33
POSITIONAL BASE MEAN QUALITY,Read2,ReadPos 9 T Average Quality,39.34
POSITIONAL BASE MEAN QUALITY,Read2,ReadPos 10 T Average Quality,39.37
POSITIONAL BASE MEAN QUALITY,Read2,ReadPos 11 T Average Quality,39.48
POSITIONAL BASE MEAN QUALITY,Read2,ReadPos 12 T Average Quality,39.43
POSITIONAL BASE MEAN QUALITY,Read2,ReadPos 13 T Average Quality,39.49
POSITIONAL BASE MEAN QUALITY,Read2,ReadPos 14 T Average Quality,39.45
POSITIONAL BASE MEAN QUALITY,Read2,ReadPos 15 T Average Quality,39.47
POSITIONAL BASE MEAN QUALITY,Read2,ReadPos 16 T Average Quality,39.49
POSITIONAL BASE MEAN QUALITY,Read2,ReadPos 17 T Average Quality,39.48
POSITIONAL BASE MEAN QUALITY,Read2,ReadPos 18 T Average Quality,39.47
POSITIONAL BASE MEAN QUALITY,Read2,ReadPos 19 T Average Quality,39.50
POSITIONAL BASE MEAN QUALITY,Read2,ReadPos 20 T Average Quality,39.50
POSITIONAL BASE MEAN QUALITY,Read2,ReadPos 21 T Average Quality,39.50
POSITIONAL BASE MEAN QUALITY,Read2,ReadPos 22 T Average Quality,39.51
POSITIONAL BASE MEAN QUALITY,Read2,ReadPos 23 T Average Quality,39.50
POSITIONAL BASE MEAN QUALITY,Read2,ReadPos 24 T Average Quality,39.49
POSITIONAL BASE MEAN QUALITY,Read2,ReadPos 25 T Average Quality,39.51
POSITIONAL BASE MEAN QUALITY,Read2,ReadPos 26 T Average Quality,39.18
POSITIONAL BASE MEAN QUALITY,Read2,ReadPos 27 T Average Quality,39.18
POSITIONAL BASE MEAN QUALITY,Read2,ReadPos 28 T Average Quality,39.16
POSITIONAL BASE MEAN QUALITY,Read2,ReadPos 29 T Average Quality,39.16
POSITIONAL BASE MEAN QUALITY,Read2,ReadPos 30 T Average Quality,39.17
POSITIONAL BASE MEAN QUALITY,Read2,ReadPos 31 T Average Quality,39.18
POSITIONAL BASE MEAN QUALITY,Read2,ReadPos 32 T Average Quality,39.19
POSITIONAL BASE MEAN QUALITY,Read2,ReadPos 33 T Average Quality,39.20
POSITIONAL BASE MEAN QUALITY,Read2,ReadPos 34 T Average Quality,39.21
POSITIONAL BASE MEAN QUALITY,Read2,ReadPos 35 T Average Quality,39.21
POSITIONAL BASE MEAN QUALITY,Read2,ReadPos 36 T Average Quality,39.22
POSITIONAL BASE MEAN QUALITY,Read2,ReadPos 37 T Average Quality,39.24
POSITIONAL BASE MEAN QUALITY,Read2,ReadPos 38 T Average Quality,39.25
POSITIONAL BASE MEAN QUALITY,Read2,ReadPos 39 T Average Quality,39.24
POSITIONAL BASE MEAN QUALITY,Read2,ReadPos 40 T Average Quality,39.23
POSITIONAL BASE MEAN QUALITY,Read2,ReadPos 41 T Average Quality,39.24
POSITIONAL BASE MEAN QUALITY,Read2,ReadPos 42 T Average Quality,39.24
POSITIONAL BASE MEAN QUALITY,Read2,ReadPos 43 T Average Quality,39.25
POSITIONAL BASE MEAN QUALITY,Read2,ReadPos 44 T Average Quality,39.25
POSITIONAL BASE MEAN QUALITY,Read2,ReadPos 45 T Average Quality,39.24
POSITIONAL BASE MEAN QUALITY,Read2,ReadPos 46 T Average Quality,39.25
POSITIONAL BASE MEAN QUALITY,Read2,ReadPos 47 T Average Quality,39.25
POSITIONAL BASE MEAN QUALITY,Read2,ReadPos 48 T Average Quality,39.24
POSITIONAL BASE MEAN QUALITY,Read2,ReadPos 49 T Average Quality,39.23
POSITIONAL BASE MEAN QUALITY,Read2,ReadPos 50 T Average Quality,39.23
POSITIONAL BASE MEAN QUALITY,Read2,ReadPos 51 T Average Quality,39.23
POSITIONAL BASE MEAN QUALITY,Read2,ReadPos 52 T Average Quality,39.23
POSITIONAL BASE MEAN QUALITY,Read2,ReadPos 53 T Average Quality,39.24
POSITIONAL BASE MEAN QUALITY,Read2,ReadPos 54 T Average Quality,39.22
POSITIONAL BASE MEAN QUALITY,Read2,ReadPos 55 T Average Quality,39.22
POSITIONAL BASE MEAN QUALITY,Read2,ReadPos 56 T Average Quality,39.21
POSITIONAL BASE MEAN QUALITY,Read2,ReadPos 57 T Average Quality,39.22
POSITIONAL BASE MEAN QUALITY,Read2,ReadPos 58 T Average Quality,39.21
POSITIONAL BASE MEAN QUALITY,Read2,ReadPos 59 T Average Quality,39.20
POSITIONAL BASE MEAN QUALITY,Read2,ReadPos 60 T Average Quality,39.19
POSITIONAL BASE MEAN QUALITY,Read2,ReadPos 61 T Average Quality,39.19
POSITIONAL BASE MEAN QUALITY,Read2,ReadPos 62 T Average Quality,39.20
POSITIONAL BASE MEAN QUALITY,Read2,ReadPos 63 T Average Quality,39.17
POSITIONAL BASE MEAN QUALITY,Read2,ReadPos 64 T Average Quality,39.16
POSITIONAL BASE MEAN QUALITY,Read2,ReadPos 65 T Average Quality,39.16
POSITIONAL BASE MEAN QUALITY,Read2,ReadPos 66 T Average Quality,39.15
POSITIONAL BASE MEAN QUALITY,Read2,ReadPos 67 T Average Quality,39.16
POSITIONAL BASE MEAN QUALITY,Read2,ReadPos 68 T Average Quality,39.16
POSITIONAL BASE MEAN QUALITY,Read2,ReadPos 69 T Average Quality,39.15
POSITIONAL BASE MEAN QUALITY,Read2,ReadPos 70 T Average Quality,39.13
POSITIONAL BASE MEAN QUALITY,Read2,ReadPos 71 T Average Quality,39.13
POSITIONAL BASE MEAN QUALITY,Read2,ReadPos 72 T Average Quality,39.12
POSITIONAL BASE MEAN QUALITY,Read2,ReadPos 73 T Average Quality,39.11
POSITIONAL BASE MEAN QUALITY,Read2,ReadPos 74 T Average Quality,39.09
POSITIONAL BASE MEAN QUALITY,Read2,ReadPos 75 T Average Quality,39.08
POSITIONAL BASE MEAN QUALITY,Read2,ReadPos 76 T Average Quality,39.08
POSITIONAL BASE MEAN QUALITY,Read2,ReadPos 77 T Average Quality,39.07
POSITIONAL BASE MEAN QUALITY,Read2,ReadPos 78 T Average Quality,39.07
POSITIONAL BASE MEAN QUALITY,Read2,ReadPos 79 T Average Quality,39.04
POSITIONAL BASE MEAN QUALITY,Read2,ReadPos 80 T Average Quality,39.04
POSITIONAL BASE MEAN QUALITY,Read2,ReadPos 81 T Average Quality,39.03
POSITIONAL BASE MEAN QUALITY,Read2,ReadPos 82 T Average Quality,39.02
POSITIONAL BASE MEAN QUALITY,Read2,ReadPos 83 T Average Quality,39.00
POSITIONAL BASE MEAN QUALITY,Read2,ReadPos 84 T Average Quality,39.00
POSITIONAL BASE MEAN QUALITY,Read2,ReadPos 85 T Average Quality,39.01
POSITIONAL BASE MEAN QUALITY,Read2,ReadPos 86 T Average Quality,39.00
POSITIONAL BASE MEAN QUALITY,Read2,ReadPos 87 T Average Quality,38.98
POSITIONAL BASE MEAN QUALITY,Read2,ReadPos 88 T Average Quality,38.97
POSITIONAL BASE MEAN QUALITY,Read2,ReadPos 89 T Average Quality,38.95
POSITIONAL BASE MEAN QUALITY,Read2,ReadPos 90 T Average Quality,38.94
POSITIONAL BASE MEAN QUALITY,Read2,ReadPos 91 T Average Quality,38.94
POSITIONAL BASE MEAN QUALITY,Read2,ReadPos 92 T Average Quality,38.92
POSITIONAL BASE MEAN QUALITY,Read2,ReadPos 93 T Average Quality,38.91
POSITIONAL BASE MEAN QUALITY,Read2,ReadPos 94 T Average Quality,38.89
POSITIONAL BASE MEAN QUALITY,Read2,ReadPos 95 T Average Quality,38.90
POSITIONAL BASE MEAN QUALITY,Read2,ReadPos 96 T Average Quality,38.87
POSITIONAL BASE MEAN QUALITY,Read2,ReadPos 97 T Average Quality,38.86
POSITIONAL BASE MEAN QUALITY,Read2,ReadPos 98 T Average Quality,38.86
POSITIONAL BASE MEAN QUALITY,Read2,ReadPos 99 T Average Quality,38.83
POSITIONAL BASE MEAN QUALITY,Read2,ReadPos 100 T Average Quality,38.82
POSITIONAL BASE MEAN QUALITY,Read2,ReadPos 101 T Average Quality,38.81
POSITIONAL BASE MEAN QUALITY,Read2,ReadPos 102 T Average Quality,38.80
POSITIONAL BASE MEAN QUALITY,Read2,ReadPos 103 T Average Quality,38.81
POSITIONAL BASE MEAN QUALITY,Read2,ReadPos 104 T Average Quality,38.78
POSITIONAL BASE MEAN QUALITY,Read2,ReadPos 105 T Average Quality,38.77
POSITIONAL BASE MEAN QUALITY,Read2,ReadPos 106 T Average Quality,38.75
POSITIONAL BASE MEAN QUALITY,Read2,ReadPos 107 T Average Quality,38.73
POSITIONAL BASE MEAN QUALITY,Read2,ReadPos 108 T Average Quality,38.73
POSITIONAL BASE MEAN QUALITY,Read2,ReadPos 109 T Average Quality,38.70
POSITIONAL BASE MEAN QUALITY,Read2,ReadPos 110 T Average Quality,38.70
POSITIONAL BASE MEAN QUALITY,Read2,ReadPos 111 T Average Quality,38.67
POSITIONAL BASE MEAN QUALITY,Read2,ReadPos 112 T Average Quality,38.65
POSITIONAL BASE MEAN QUALITY,Read2,ReadPos 113 T Average Quality,38.64
POSITIONAL BASE MEAN QUALITY,Read2,ReadPos 114 T Average Quality,38.62
POSITIONAL BASE MEAN QUALITY,Read2,ReadPos 115 T Average Quality,38.63
POSITIONAL BASE MEAN QUALITY,Read2,ReadPos 116 T Average Quality,38.60
POSITIONAL BASE MEAN QUALITY,Read2,ReadPos 117 T Average Quality,38.59
POSITIONAL BASE MEAN QUALITY,Read2,ReadPos 118 T Average Quality,38.57
POSITIONAL BASE MEAN QUALITY,Read2,ReadPos 119 T Average Quality,38.55
POSITIONAL BASE MEAN QUALITY,Read2,ReadPos 120 T Average Quality,38.54
POSITIONAL BASE MEAN QUALITY,Read2,ReadPos 121 T Average Quality,38.53
POSITIONAL BASE MEAN QUALITY,Read2,ReadPos 122 T Average Quality,38.50
POSITIONAL BASE MEAN QUALITY,Read2,ReadPos 123 T Average Quality,38.48
POSITIONAL BASE MEAN QUALITY,Read2,ReadPos 124 T Average Quality,38.45
POSITIONAL BASE MEAN QUALITY,Read2,ReadPos 125 T Average Quality,38.45
POSITIONAL BASE MEAN QUALITY,Read2,ReadPos 126 T Average Quality,38.44
POSITIONAL BASE MEAN QUALITY,Read2,ReadPos 127 T Average Quality,38.42
POSITIONAL BASE MEAN QUALITY,Read2,ReadPos 128 T Average Quality,38.42
POSITIONAL BASE MEAN QUALITY,Read2,ReadPos 129 T Average Quality,38.40
POSITIONAL BASE MEAN QUALITY,Read2,ReadPos 130 T Average Quality,38.38
POSITIONAL BASE MEAN QUALITY,Read2,ReadPos 131 T Average Quality,38.36
POSITIONAL BASE MEAN QUALITY,Read2,ReadPos 132 T Average Quality,38.32
POSITIONAL BASE MEAN QUALITY,Read2,ReadPos 133 T Average Quality,38.31
POSITIONAL BASE MEAN QUALITY,Read2,ReadPos 134 T Average Quality,38.27
POSITIONAL BASE MEAN QUALITY,Read2,ReadPos 135 T Average Quality,38.29
POSITIONAL BASE MEAN QUALITY,Read2,ReadPos 136 T Average Quality,38.26
POSITIONAL BASE MEAN QUALITY,Read2,ReadPos 137 T Average Quality,38.24
POSITIONAL BASE MEAN QUALITY,Read2,ReadPos 138 T Average Quality,38.21
POSITIONAL BASE MEAN QUALITY,Read2,ReadPos 139 T Average Quality,38.18
POSITIONAL BASE MEAN QUALITY,Read2,ReadPos 140 T Average Quality,38.16
POSITIONAL BASE MEAN QUALITY,Read2,ReadPos 141 T Average Quality,38.14
POSITIONAL BASE MEAN QUALITY,Read2,ReadPos 142 T Average Quality,38.09
POSITIONAL BASE MEAN QUALITY,Read2,ReadPos 143 T Average Quality,38.10
POSITIONAL BASE MEAN QUALITY,Read2,ReadPos 144 T Average Quality,38.06
POSITIONAL BASE MEAN QUALITY,Read2,ReadPos 145 T Average Quality,38.05
POSITIONAL BASE MEAN QUALITY,Read2,ReadPos 146 T Average Quality,38.02
POSITIONAL BASE MEAN QUALITY,Read2,ReadPos 147 T Average Quality,37.97
POSITIONAL BASE MEAN QUALITY,Read2,ReadPos 148 T Average Quality,37.95
POSITIONAL BASE MEAN QUALITY,Read2,ReadPos 149 T Average Quality,37.92
POSITIONAL BASE MEAN QUALITY,Read2,ReadPos 150 T Average Quality,37.92
POSITIONAL BASE MEAN QUALITY,Read2,ReadPos 151 T Average Quality,37.31
POSITIONAL BASE CONTENT,Read2,ReadPos 1 A Bases,577312648
POSITIONAL BASE CONTENT,Read2,ReadPos 2 A Bases,602343006
POSITIONAL BASE CONTENT,Read2,ReadPos 3 A Bases,694369117
POSITIONAL BASE CONTENT,Read2,ReadPos 4 A Bases,451739324
POSITIONAL BASE CONTENT,Read2,ReadPos 5 A Bases,1097213942
POSITIONAL BASE CONTENT,Read2,ReadPos 6 A Bases,1153388084
POSITIONAL BASE CONTENT,Read2,ReadPos 7 A Bases,920312490
POSITIONAL BASE CONTENT,Read2,ReadPos 8 A Bases,1051602639
POSITIONAL BASE CONTENT,Read2,ReadPos 9 A Bases,387790489
POSITIONAL BASE CONTENT,Read2,ReadPos 10 A Bases,873878152
POSITIONAL BASE CONTENT,Read2,ReadPos 11 A Bases,661912324
POSITIONAL BASE CONTENT,Read2,ReadPos 12 A Bases,750189505
POSITIONAL BASE CONTENT,Read2,ReadPos 13 A Bases,646808178
POSITIONAL BASE CONTENT,Read2,ReadPos 14 A Bases,652149469
POSITIONAL BASE CONTENT,Read2,ReadPos 15 A Bases,926186199
POSITIONAL BASE CONTENT,Read2,ReadPos 16 A Bases,926089047
POSITIONAL BASE CONTENT,Read2,ReadPos 17 A Bases,883499854
POSITIONAL BASE CONTENT,Read2,ReadPos 18 A Bases,880399488
POSITIONAL BASE CONTENT,Read2,ReadPos 19 A Bases,858578221
POSITIONAL BASE CONTENT,Read2,ReadPos 20 A Bases,859253162
POSITIONAL BASE CONTENT,Read2,ReadPos 21 A Bases,852978443
POSITIONAL BASE CONTENT,Read2,ReadPos 22 A Bases,850376866
POSITIONAL BASE CONTENT,Read2,ReadPos 23 A Bases,850052528
POSITIONAL BASE CONTENT,Read2,ReadPos 24 A Bases,846223018
POSITIONAL BASE CONTENT,Read2,ReadPos 25 A Bases,846832686
POSITIONAL BASE CONTENT,Read2,ReadPos 26 A Bases,850782856
POSITIONAL BASE CONTENT,Read2,ReadPos 27 A Bases,843809939
POSITIONAL BASE CONTENT,Read2,ReadPos 28 A Bases,844491485
POSITIONAL BASE CONTENT,Read2,ReadPos 29 A Bases,850840134
POSITIONAL BASE CONTENT,Read2,ReadPos 30 A Bases,857557606
POSITIONAL BASE CONTENT,Read2,ReadPos 31 A Bases,871543995
POSITIONAL BASE CONTENT,Read2,ReadPos 32 A Bases,859689942
POSITIONAL BASE CONTENT,Read2,ReadPos 33 A Bases,850623589
POSITIONAL BASE CONTENT,Read2,ReadPos 34 A Bases,837874069
POSITIONAL BASE CONTENT,Read2,ReadPos 35 A Bases,842187842
POSITIONAL BASE CONTENT,Read2,ReadPos 36 A Bases,875310897
POSITIONAL BASE CONTENT,Read2,ReadPos 37 A Bases,860328614
POSITIONAL BASE CONTENT,Read2,ReadPos 38 A Bases,876823918
POSITIONAL BASE CONTENT,Read2,ReadPos 39 A Bases,858624346
POSITIONAL BASE CONTENT,Read2,ReadPos 40 A Bases,858943195
POSITIONAL BASE CONTENT,Read2,ReadPos 41 A Bases,855967520
POSITIONAL BASE CONTENT,Read2,ReadPos 42 A Bases,860046249
POSITIONAL BASE CONTENT,Read2,ReadPos 43 A Bases,851853571
POSITIONAL BASE CONTENT,Read2,ReadPos 44 A Bases,846805113
POSITIONAL BASE CONTENT,Read2,ReadPos 45 A Bases,855575868
POSITIONAL BASE CONTENT,Read2,ReadPos 46 A Bases,872891045
POSITIONAL BASE CONTENT,Read2,ReadPos 47 A Bases,867398483
POSITIONAL BASE CONTENT,Read2,ReadPos 48 A Bases,862160234
POSITIONAL BASE CONTENT,Read2,ReadPos 49 A Bases,855113159
POSITIONAL BASE CONTENT,Read2,ReadPos 50 A Bases,859747185
POSITIONAL BASE CONTENT,Read2,ReadPos 51 A Bases,853524381
POSITIONAL BASE CONTENT,Read2,ReadPos 52 A Bases,859858685
POSITIONAL BASE CONTENT,Read2,ReadPos 53 A Bases,852437515
POSITIONAL BASE CONTENT,Read2,ReadPos 54 A Bases,864245161
POSITIONAL BASE CONTENT,Read2,ReadPos 55 A Bases,863509994
POSITIONAL BASE CONTENT,Read2,ReadPos 56 A Bases,861334079
POSITIONAL BASE CONTENT,Read2,ReadPos 57 A Bases,851240111
POSITIONAL BASE CONTENT,Read2,ReadPos 58 A Bases,844406729
POSITIONAL BASE CONTENT,Read2,ReadPos 59 A Bases,843194185
POSITIONAL BASE CONTENT,Read2,ReadPos 60 A Bases,850263499
POSITIONAL BASE CONTENT,Read2,ReadPos 61 A Bases,863008916
POSITIONAL BASE CONTENT,Read2,ReadPos 62 A Bases,860833765
POSITIONAL BASE CONTENT,Read2,ReadPos 63 A Bases,859285245
POSITIONAL BASE CONTENT,Read2,ReadPos 64 A Bases,846028200
POSITIONAL BASE CONTENT,Read2,ReadPos 65 A Bases,840593677
POSITIONAL BASE CONTENT,Read2,ReadPos 66 A Bases,847187465
POSITIONAL BASE CONTENT,Read2,ReadPos 67 A Bases,851199567
POSITIONAL BASE CONTENT,Read2,ReadPos 68 A Bases,858257373
POSITIONAL BASE CONTENT,Read2,ReadPos 69 A Bases,844014186
POSITIONAL BASE CONTENT,Read2,ReadPos 70 A Bases,843514458
POSITIONAL BASE CONTENT,Read2,ReadPos 71 A Bases,847368761
POSITIONAL BASE CONTENT,Read2,ReadPos 72 A Bases,852890515
POSITIONAL BASE CONTENT,Read2,ReadPos 73 A Bases,855064448
POSITIONAL BASE CONTENT,Read2,ReadPos 74 A Bases,847774071
POSITIONAL BASE CONTENT,Read2,ReadPos 75 A Bases,847422335
POSITIONAL BASE CONTENT,Read2,ReadPos 76 A Bases,860968283
POSITIONAL BASE CONTENT,Read2,ReadPos 77 A Bases,854894512
POSITIONAL BASE CONTENT,Read2,ReadPos 78 A Bases,860323877
POSITIONAL BASE CONTENT,Read2,ReadPos 79 A Bases,845734513
POSITIONAL BASE CONTENT,Read2,ReadPos 80 A Bases,839401490
POSITIONAL BASE CONTENT,Read2,ReadPos 81 A Bases,845592691
POSITIONAL BASE CONTENT,Read2,ReadPos 82 A Bases,849400072
POSITIONAL BASE CONTENT,Read2,ReadPos 83 A Bases,852239722
POSITIONAL BASE CONTENT,Read2,ReadPos 84 A Bases,843489644
POSITIONAL BASE CONTENT,Read2,ReadPos 85 A Bases,840547864
POSITIONAL BASE CONTENT,Read2,ReadPos 86 A Bases,854131549
POSITIONAL BASE CONTENT,Read2,ReadPos 87 A Bases,855461278
POSITIONAL BASE CONTENT,Read2,ReadPos 88 A Bases,849971636
POSITIONAL BASE CONTENT,Read2,ReadPos 89 A Bases,836947871
POSITIONAL BASE CONTENT,Read2,ReadPos 90 A Bases,837650643
POSITIONAL BASE CONTENT,Read2,ReadPos 91 A Bases,846892824
POSITIONAL BASE CONTENT,Read2,ReadPos 92 A Bases,855406778
POSITIONAL BASE CONTENT,Read2,ReadPos 93 A Bases,848185414
POSITIONAL BASE CONTENT,Read2,ReadPos 94 A Bases,846537842
POSITIONAL BASE CONTENT,Read2,ReadPos 95 A Bases,838258332
POSITIONAL BASE CONTENT,Read2,ReadPos 96 A Bases,847898950
POSITIONAL BASE CONTENT,Read2,ReadPos 97 A Bases,841733249
POSITIONAL BASE CONTENT,Read2,ReadPos 98 A Bases,843170901
POSITIONAL BASE CONTENT,Read2,ReadPos 99 A Bases,836380894
POSITIONAL BASE CONTENT,Read2,ReadPos 100 A Bases,840933512
POSITIONAL BASE CONTENT,Read2,ReadPos 101 A Bases,849889190
POSITIONAL BASE CONTENT,Read2,ReadPos 102 A Bases,851564393
POSITIONAL BASE CONTENT,Read2,ReadPos 103 A Bases,851709346
POSITIONAL BASE CONTENT,Read2,ReadPos 104 A Bases,848333348
POSITIONAL BASE CONTENT,Read2,ReadPos 105 A Bases,839667991
POSITIONAL BASE CONTENT,Read2,ReadPos 106 A Bases,841650097
POSITIONAL BASE CONTENT,Read2,ReadPos 107 A Bases,838357426
POSITIONAL BASE CONTENT,Read2,ReadPos 108 A Bases,843638157
POSITIONAL BASE CONTENT,Read2,ReadPos 109 A Bases,844298048
POSITIONAL BASE CONTENT,Read2,ReadPos 110 A Bases,839923841
POSITIONAL BASE CONTENT,Read2,ReadPos 111 A Bases,847616369
POSITIONAL BASE CONTENT,Read2,ReadPos 112 A Bases,851061717
POSITIONAL BASE CONTENT,Read2,ReadPos 113 A Bases,850420518
POSITIONAL BASE CONTENT,Read2,ReadPos 114 A Bases,843198195
POSITIONAL BASE CONTENT,Read2,ReadPos 115 A Bases,838246195
POSITIONAL BASE CONTENT,Read2,ReadPos 116 A Bases,845799983
POSITIONAL BASE CONTENT,Read2,ReadPos 117 A Bases,841695845
POSITIONAL BASE CONTENT,Read2,ReadPos 118 A Bases,842384330
POSITIONAL BASE CONTENT,Read2,ReadPos 119 A Bases,833070784
POSITIONAL BASE CONTENT,Read2,ReadPos 120 A Bases,834663326
POSITIONAL BASE CONTENT,Read2,ReadPos 121 A Bases,836518652
POSITIONAL BASE CONTENT,Read2,ReadPos 122 A Bases,841707829
POSITIONAL BASE CONTENT,Read2,ReadPos 123 A Bases,840698864
POSITIONAL BASE CONTENT,Read2,ReadPos 124 A Bases,834126599
POSITIONAL BASE CONTENT,Read2,ReadPos 125 A Bases,831251164
POSITIONAL BASE CONTENT,Read2,ReadPos 126 A Bases,839019481
POSITIONAL BASE CONTENT,Read2,ReadPos 127 A Bases,843947352
POSITIONAL BASE CONTENT,Read2,ReadPos 128 A Bases,840014396
POSITIONAL BASE CONTENT,Read2,ReadPos 129 A Bases,828621772
POSITIONAL BASE CONTENT,Read2,ReadPos 130 A Bases,831335943
POSITIONAL BASE CONTENT,Read2,ReadPos 131 A Bases,833584878
POSITIONAL BASE CONTENT,Read2,ReadPos 132 A Bases,837242876
POSITIONAL BASE CONTENT,Read2,ReadPos 133 A Bases,832908196
POSITIONAL BASE CONTENT,Read2,ReadPos 134 A Bases,826448109
POSITIONAL BASE CONTENT,Read2,ReadPos 135 A Bases,827335738
POSITIONAL BASE CONTENT,Read2,ReadPos 136 A Bases,830885635
POSITIONAL BASE CONTENT,Read2,ReadPos 137 A Bases,829864617
POSITIONAL BASE CONTENT,Read2,ReadPos 138 A Bases,829457865
POSITIONAL BASE CONTENT,Read2,ReadPos 139 A Bases,820681050
POSITIONAL BASE CONTENT,Read2,ReadPos 140 A Bases,830088133
POSITIONAL BASE CONTENT,Read2,ReadPos 141 A Bases,833162388
POSITIONAL BASE CONTENT,Read2,ReadPos 142 A Bases,832551728
POSITIONAL BASE CONTENT,Read2,ReadPos 143 A Bases,830066461
POSITIONAL BASE CONTENT,Read2,ReadPos 144 A Bases,816947823
POSITIONAL BASE CONTENT,Read2,ReadPos 145 A Bases,820686099
POSITIONAL BASE CONTENT,Read2,ReadPos 146 A Bases,820566333
POSITIONAL BASE CONTENT,Read2,ReadPos 147 A Bases,812738421
POSITIONAL BASE CONTENT,Read2,ReadPos 148 A Bases,795214181
POSITIONAL BASE CONTENT,Read2,ReadPos 149 A Bases,751619704
POSITIONAL BASE CONTENT,Read2,ReadPos 150 A Bases,615170173
POSITIONAL BASE CONTENT,Read2,ReadPos 151 A Bases,0
POSITIONAL BASE CONTENT,Read2,ReadPos 1 C Bases,714188234
POSITIONAL BASE CONTENT,Read2,ReadPos 2 C Bases,711329790
POSITIONAL BASE CONTENT,Read2,ReadPos 3 C Bases,762647739
POSITIONAL BASE CONTENT,Read2,ReadPos 4 C Bases,931481085
POSITIONAL BASE CONTENT,Read2,ReadPos 5 C Bases,359382700
POSITIONAL BASE CONTENT,Read2,ReadPos 6 C Bases,349961191
POSITIONAL BASE CONTENT,Read2,ReadPos 7 C Bases,535010078
POSITIONAL BASE CONTENT,Read2,ReadPos 8 C Bases,529940364
POSITIONAL BASE CONTENT,Read2,ReadPos 9 C Bases,1210726250
POSITIONAL BASE CONTENT,Read2,ReadPos 10 C Bases,573939991
POSITIONAL BASE CONTENT,Read2,ReadPos 11 C Bases,536623812
POSITIONAL BASE CONTENT,Read2,ReadPos 12 C Bases,601325493
POSITIONAL BASE CONTENT,Read2,ReadPos 13 C Bases,674822593
POSITIONAL BASE CONTENT,Read2,ReadPos 14 C Bases,852301212
POSITIONAL BASE CONTENT,Read2,ReadPos 15 C Bases,634735022
POSITIONAL BASE CONTENT,Read2,ReadPos 16 C Bases,609783057
POSITIONAL BASE CONTENT,Read2,ReadPos 17 C Bases,612646457
POSITIONAL BASE CONTENT,Read2,ReadPos 18 C Bases,582413520
POSITIONAL BASE CONTENT,Read2,ReadPos 19 C Bases,597271635
POSITIONAL BASE CONTENT,Read2,ReadPos 20 C Bases,583175061
POSITIONAL BASE CONTENT,Read2,ReadPos 21 C Bases,613003701
POSITIONAL BASE CONTENT,Read2,ReadPos 22 C Bases,607435955
POSITIONAL BASE CONTENT,Read2,ReadPos 23 C Bases,617125824
POSITIONAL BASE CONTENT,Read2,ReadPos 24 C Bases,612292752
POSITIONAL BASE CONTENT,Read2,ReadPos 25 C Bases,613703248
POSITIONAL BASE CONTENT,Read2,ReadPos 26 C Bases,614170673
POSITIONAL BASE CONTENT,Read2,ReadPos 27 C Bases,612663874
POSITIONAL BASE CONTENT,Read2,ReadPos 28 C Bases,603303196
POSITIONAL BASE CONTENT,Read2,ReadPos 29 C Bases,605749439
POSITIONAL BASE CONTENT,Read2,ReadPos 30 C Bases,599642058
POSITIONAL BASE CONTENT,Read2,ReadPos 31 C Bases,593526884
POSITIONAL BASE CONTENT,Read2,ReadPos 32 C Bases,608993438
POSITIONAL BASE CONTENT,Read2,ReadPos 33 C Bases,605131603
POSITIONAL BASE CONTENT,Read2,ReadPos 34 C Bases,609992824
POSITIONAL BASE CONTENT,Read2,ReadPos 35 C Bases,611251873
POSITIONAL BASE CONTENT,Read2,ReadPos 36 C Bases,589114537
POSITIONAL BASE CONTENT,Read2,ReadPos 37 C Bases,599408358
POSITIONAL BASE CONTENT,Read2,ReadPos 38 C Bases,585793100
POSITIONAL BASE CONTENT,Read2,ReadPos 39 C Bases,593281000
POSITIONAL BASE CONTENT,Read2,ReadPos 40 C Bases,599047899
POSITIONAL BASE CONTENT,Read2,ReadPos 41 C Bases,600731278
POSITIONAL BASE CONTENT,Read2,ReadPos 42 C Bases,600800862
POSITIONAL BASE CONTENT,Read2,ReadPos 43 C Bases,607420822
POSITIONAL BASE CONTENT,Read2,ReadPos 44 C Bases,601877045
POSITIONAL BASE CONTENT,Read2,ReadPos 45 C Bases,601554698
POSITIONAL BASE CONTENT,Read2,ReadPos 46 C Bases,581955950
POSITIONAL BASE CONTENT,Read2,ReadPos 47 C Bases,588507600
POSITIONAL BASE CONTENT,Read2,ReadPos 48 C Bases,597767283
POSITIONAL BASE CONTENT,Read2,ReadPos 49 C Bases,595612780
POSITIONAL BASE CONTENT,Read2,ReadPos 50 C Bases,598406110
POSITIONAL BASE CONTENT,Read2,ReadPos 51 C Bases,592384328
POSITIONAL BASE CONTENT,Read2,ReadPos 52 C Bases,596204886
POSITIONAL BASE CONTENT,Read2,ReadPos 53 C Bases,594567599
POSITIONAL BASE CONTENT,Read2,ReadPos 54 C Bases,589537071
POSITIONAL BASE CONTENT,Read2,ReadPos 55 C Bases,596075920
POSITIONAL BASE CONTENT,Read2,ReadPos 56 C Bases,587195015
POSITIONAL BASE CONTENT,Read2,ReadPos 57 C Bases,601731459
POSITIONAL BASE CONTENT,Read2,ReadPos 58 C Bases,598542596
POSITIONAL BASE CONTENT,Read2,ReadPos 59 C Bases,606196359
POSITIONAL BASE CONTENT,Read2,ReadPos 60 C Bases,598247632
POSITIONAL BASE CONTENT,Read2,ReadPos 61 C Bases,584907630
POSITIONAL BASE CONTENT,Read2,ReadPos 62 C Bases,590100109
POSITIONAL BASE CONTENT,Read2,ReadPos 63 C Bases,588896364
POSITIONAL BASE CONTENT,Read2,ReadPos 64 C Bases,605329079
POSITIONAL BASE CONTENT,Read2,ReadPos 65 C Bases,605007244
POSITIONAL BASE CONTENT,Read2,ReadPos 66 C Bases,608879827
POSITIONAL BASE CONTENT,Read2,ReadPos 67 C Bases,598567763
POSITIONAL BASE CONTENT,Read2,ReadPos 68 C Bases,583805963
POSITIONAL BASE CONTENT,Read2,ReadPos 69 C Bases,591082146
POSITIONAL BASE CONTENT,Read2,ReadPos 70 C Bases,595118818
POSITIONAL BASE CONTENT,Read2,ReadPos 71 C Bases,594335307
POSITIONAL BASE CONTENT,Read2,ReadPos 72 C Bases,586758540
POSITIONAL BASE CONTENT,Read2,ReadPos 73 C Bases,594257184
POSITIONAL BASE CONTENT,Read2,ReadPos 74 C Bases,598771594
POSITIONAL BASE CONTENT,Read2,ReadPos 75 C Bases,598881050
POSITIONAL BASE CONTENT,Read2,ReadPos 76 C Bases,593138254
POSITIONAL BASE CONTENT,Read2,ReadPos 77 C Bases,587968617
POSITIONAL BASE CONTENT,Read2,ReadPos 78 C Bases,580003861
POSITIONAL BASE CONTENT,Read2,ReadPos 79 C Bases,593732569
POSITIONAL BASE CONTENT,Read2,ReadPos 80 C Bases,596551456
POSITIONAL BASE CONTENT,Read2,ReadPos 81 C Bases,595738999
POSITIONAL BASE CONTENT,Read2,ReadPos 82 C Bases,592289558
POSITIONAL BASE CONTENT,Read2,ReadPos 83 C Bases,588259169
POSITIONAL BASE CONTENT,Read2,ReadPos 84 C Bases,600199570
POSITIONAL BASE CONTENT,Read2,ReadPos 85 C Bases,601609364
POSITIONAL BASE CONTENT,Read2,ReadPos 86 C Bases,586526989
POSITIONAL BASE CONTENT,Read2,ReadPos 87 C Bases,584178720
POSITIONAL BASE CONTENT,Read2,ReadPos 88 C Bases,591408932
POSITIONAL BASE CONTENT,Read2,ReadPos 89 C Bases,603953344
POSITIONAL BASE CONTENT,Read2,ReadPos 90 C Bases,599509610
POSITIONAL BASE CONTENT,Read2,ReadPos 91 C Bases,593910788
POSITIONAL BASE CONTENT,Read2,ReadPos 92 C Bases,586769561
POSITIONAL BASE CONTENT,Read2,ReadPos 93 C Bases,592602633
POSITIONAL BASE CONTENT,Read2,ReadPos 94 C Bases,598670597
POSITIONAL BASE CONTENT,Read2,ReadPos 95 C Bases,602207284
POSITIONAL BASE CONTENT,Read2,ReadPos 96 C Bases,592169443
POSITIONAL BASE CONTENT,Read2,ReadPos 97 C Bases,597422574
POSITIONAL BASE CONTENT,Read2,ReadPos 98 C Bases,596118900
POSITIONAL BASE CONTENT,Read2,ReadPos 99 C Bases,598801534
POSITIONAL BASE CONTENT,Read2,ReadPos 100 C Bases,597233488
POSITIONAL BASE CONTENT,Read2,ReadPos 101 C Bases,589069723
POSITIONAL BASE CONTENT,Read2,ReadPos 102 C Bases,586808500
POSITIONAL BASE CONTENT,Read2,ReadPos 103 C Bases,586326190
POSITIONAL BASE CONTENT,Read2,ReadPos 104 C Bases,591607976
POSITIONAL BASE CONTENT,Read2,ReadPos 105 C Bases,592137568
POSITIONAL BASE CONTENT,Read2,ReadPos 106 C Bases,597670040
POSITIONAL BASE CONTENT,Read2,ReadPos 107 C Bases,594237873
POSITIONAL BASE CONTENT,Read2,ReadPos 108 C Bases,598577475
POSITIONAL BASE CONTENT,Read2,ReadPos 109 C Bases,590072592
POSITIONAL BASE CONTENT,Read2,ReadPos 110 C Bases,594800814
POSITIONAL BASE CONTENT,Read2,ReadPos 111 C Bases,586856124
POSITIONAL BASE CONTENT,Read2,ReadPos 112 C Bases,581533678
POSITIONAL BASE CONTENT,Read2,ReadPos 113 C Bases,582857418
POSITIONAL BASE CONTENT,Read2,ReadPos 114 C Bases,584866944
POSITIONAL BASE CONTENT,Read2,ReadPos 115 C Bases,591923900
POSITIONAL BASE CONTENT,Read2,ReadPos 116 C Bases,578786367
POSITIONAL BASE CONTENT,Read2,ReadPos 117 C Bases,578303610
POSITIONAL BASE CONTENT,Read2,ReadPos 118 C Bases,579156019
POSITIONAL BASE CONTENT,Read2,ReadPos 119 C Bases,587272100
POSITIONAL BASE CONTENT,Read2,ReadPos 120 C Bases,590964914
POSITIONAL BASE CONTENT,Read2,ReadPos 121 C Bases,580076424
POSITIONAL BASE CONTENT,Read2,ReadPos 122 C Bases,578938472
POSITIONAL BASE CONTENT,Read2,ReadPos 123 C Bases,581021857
POSITIONAL BASE CONTENT,Read2,ReadPos 124 C Bases,585795092
POSITIONAL BASE CONTENT,Read2,ReadPos 125 C Bases,586612468
POSITIONAL BASE CONTENT,Read2,ReadPos 126 C Bases,576271584
POSITIONAL BASE CONTENT,Read2,ReadPos 127 C Bases,570106143
POSITIONAL BASE CONTENT,Read2,ReadPos 128 C Bases,573916365
POSITIONAL BASE CONTENT,Read2,ReadPos 129 C Bases,582169174
POSITIONAL BASE CONTENT,Read2,ReadPos 130 C Bases,582381621
POSITIONAL BASE CONTENT,Read2,ReadPos 131 C Bases,572836119
POSITIONAL BASE CONTENT,Read2,ReadPos 132 C Bases,570696083
POSITIONAL BASE CONTENT,Read2,ReadPos 133 C Bases,578573833
POSITIONAL BASE CONTENT,Read2,ReadPos 134 C Bases,584669313
POSITIONAL BASE CONTENT,Read2,ReadPos 135 C Bases,579790023
POSITIONAL BASE CONTENT,Read2,ReadPos 136 C Bases,576602404
POSITIONAL BASE CONTENT,Read2,ReadPos 137 C Bases,576163807
POSITIONAL BASE CONTENT,Read2,ReadPos 138 C Bases,577261140
POSITIONAL BASE CONTENT,Read2,ReadPos 139 C Bases,581339837
POSITIONAL BASE CONTENT,Read2,ReadPos 140 C Bases,575773422
POSITIONAL BASE CONTENT,Read2,ReadPos 141 C Bases,570974621
POSITIONAL BASE CONTENT,Read2,ReadPos 142 C Bases,570844285
POSITIONAL BASE CONTENT,Read2,ReadPos 143 C Bases,572316254
POSITIONAL BASE CONTENT,Read2,ReadPos 144 C Bases,580040694
POSITIONAL BASE CONTENT,Read2,ReadPos 145 C Bases,576043649
POSITIONAL BASE CONTENT,Read2,ReadPos 146 C Bases,568412730
POSITIONAL BASE CONTENT,Read2,ReadPos 147 C Bases,563021290
POSITIONAL BASE CONTENT,Read2,ReadPos 148 C Bases,557543787
POSITIONAL BASE CONTENT,Read2,ReadPos 149 C Bases,576206070
POSITIONAL BASE CONTENT,Read2,ReadPos 150 C Bases,576031587
POSITIONAL BASE CONTENT,Read2,ReadPos 151 C Bases,567962396
POSITIONAL BASE CONTENT,Read2,ReadPos 1 G Bases,1325698164
POSITIONAL BASE CONTENT,Read2,ReadPos 2 G Bases,501008580
POSITIONAL BASE CONTENT,Read2,ReadPos 3 G Bases,563040284
POSITIONAL BASE CONTENT,Read2,ReadPos 4 G Bases,357097696
POSITIONAL BASE CONTENT,Read2,ReadPos 5 G Bases,378656557
POSITIONAL BASE CONTENT,Read2,ReadPos 6 G Bases,939082951
POSITIONAL BASE CONTENT,Read2,ReadPos 7 G Bases,785653310
POSITIONAL BASE CONTENT,Read2,ReadPos 8 G Bases,723809491
POSITIONAL BASE CONTENT,Read2,ReadPos 9 G Bases,699347568
POSITIONAL BASE CONTENT,Read2,ReadPos 10 G Bases,347268681
POSITIONAL BASE CONTENT,Read2,ReadPos 11 G Bases,1016859091
POSITIONAL BASE CONTENT,Read2,ReadPos 12 G Bases,569901388
POSITIONAL BASE CONTENT,Read2,ReadPos 13 G Bases,801969875
POSITIONAL BASE CONTENT,Read2,ReadPos 14 G Bases,551219168
POSITIONAL BASE CONTENT,Read2,ReadPos 15 G Bases,648558386
POSITIONAL BASE CONTENT,Read2,ReadPos 16 G Bases,615232501
POSITIONAL BASE CONTENT,Read2,ReadPos 17 G Bases,566965109
POSITIONAL BASE CONTENT,Read2,ReadPos 18 G Bases,585377950
POSITIONAL BASE CONTENT,Read2,ReadPos 19 G Bases,608740416
POSITIONAL BASE CONTENT,Read2,ReadPos 20 G Bases,633413700
POSITIONAL BASE CONTENT,Read2,ReadPos 21 G Bases,634884110
POSITIONAL BASE CONTENT,Read2,ReadPos 22 G Bases,597800468
POSITIONAL BASE CONTENT,Read2,ReadPos 23 G Bases,615547702
POSITIONAL BASE CONTENT,Read2,ReadPos 24 G Bases,608379022
POSITIONAL BASE CONTENT,Read2,ReadPos 25 G Bases,616129995
POSITIONAL BASE CONTENT,Read2,ReadPos 26 G Bases,600426210
POSITIONAL BASE CONTENT,Read2,ReadPos 27 G Bases,590649300
POSITIONAL BASE CONTENT,Read2,ReadPos 28 G Bases,606184883
POSITIONAL BASE CONTENT,Read2,ReadPos 29 G Bases,593824653
POSITIONAL BASE CONTENT,Read2,ReadPos 30 G Bases,612674068
POSITIONAL BASE CONTENT,Read2,ReadPos 31 G Bases,624982529
POSITIONAL BASE CONTENT,Read2,ReadPos 32 G Bases,590207292
POSITIONAL BASE CONTENT,Read2,ReadPos 33 G Bases,598845824
POSITIONAL BASE CONTENT,Read2,ReadPos 34 G Bases,595600283
POSITIONAL BASE CONTENT,Read2,ReadPos 35 G Bases,600085054
POSITIONAL BASE CONTENT,Read2,ReadPos 36 G Bases,603056989
POSITIONAL BASE CONTENT,Read2,ReadPos 37 G Bases,603456061
POSITIONAL BASE CONTENT,Read2,ReadPos 38 G Bases,601452265
POSITIONAL BASE CONTENT,Read2,ReadPos 39 G Bases,600127689
POSITIONAL BASE CONTENT,Read2,ReadPos 40 G Bases,594920093
POSITIONAL BASE CONTENT,Read2,ReadPos 41 G Bases,611077976
POSITIONAL BASE CONTENT,Read2,ReadPos 42 G Bases,590328564
POSITIONAL BASE CONTENT,Read2,ReadPos 43 G Bases,601186314
POSITIONAL BASE CONTENT,Read2,ReadPos 44 G Bases,602917854
POSITIONAL BASE CONTENT,Read2,ReadPos 45 G Bases,608480838
POSITIONAL BASE CONTENT,Read2,ReadPos 46 G Bases,611424408
POSITIONAL BASE CONTENT,Read2,ReadPos 47 G Bases,594062252
POSITIONAL BASE CONTENT,Read2,ReadPos 48 G Bases,592167624
POSITIONAL BASE CONTENT,Read2,ReadPos 49 G Bases,595344834
POSITIONAL BASE CONTENT,Read2,ReadPos 50 G Bases,600922535
POSITIONAL BASE CONTENT,Read2,ReadPos 51 G Bases,613363825
POSITIONAL BASE CONTENT,Read2,ReadPos 52 G Bases,595381335
POSITIONAL BASE CONTENT,Read2,ReadPos 53 G Bases,601852415
POSITIONAL BASE CONTENT,Read2,ReadPos 54 G Bases,605915669
POSITIONAL BASE CONTENT,Read2,ReadPos 55 G Bases,603204896
POSITIONAL BASE CONTENT,Read2,ReadPos 56 G Bases,618389871
POSITIONAL BASE CONTENT,Read2,ReadPos 57 G Bases,587088844
POSITIONAL BASE CONTENT,Read2,ReadPos 58 G Bases,588663157
POSITIONAL BASE CONTENT,Read2,ReadPos 59 G Bases,590470054
POSITIONAL BASE CONTENT,Read2,ReadPos 60 G Bases,601331782
POSITIONAL BASE CONTENT,Read2,ReadPos 61 G Bases,613381889
POSITIONAL BASE CONTENT,Read2,ReadPos 62 G Bases,600144687
POSITIONAL BASE CONTENT,Read2,ReadPos 63 G Bases,599952991
POSITIONAL BASE CONTENT,Read2,ReadPos 64 G Bases,592569904
POSITIONAL BASE CONTENT,Read2,ReadPos 65 G Bases,591472132
POSITIONAL BASE CONTENT,Read2,ReadPos 66 G Bases,597297826
POSITIONAL BASE CONTENT,Read2,ReadPos 67 G Bases,582631860
POSITIONAL BASE CONTENT,Read2,ReadPos 68 G Bases,599486882
POSITIONAL BASE CONTENT,Read2,ReadPos 69 G Bases,608614906
POSITIONAL BASE CONTENT,Read2,ReadPos 70 G Bases,609826108
POSITIONAL BASE CONTENT,Read2,ReadPos 71 G Bases,608961474
POSITIONAL BASE CONTENT,Read2,ReadPos 72 G Bases,587324197
POSITIONAL BASE CONTENT,Read2,ReadPos 73 G Bases,596083740
POSITIONAL BASE CONTENT,Read2,ReadPos 74 G Bases,597422233
POSITIONAL BASE CONTENT,Read2,ReadPos 75 G Bases,608156781
POSITIONAL BASE CONTENT,Read2,ReadPos 76 G Bases,603145445
POSITIONAL BASE CONTENT,Read2,ReadPos 77 G Bases,594140653
POSITIONAL BASE CONTENT,Read2,ReadPos 78 G Bases,601743992
POSITIONAL BASE CONTENT,Read2,ReadPos 79 G Bases,597077038
POSITIONAL BASE CONTENT,Read2,ReadPos 80 G Bases,603474048
POSITIONAL BASE CONTENT,Read2,ReadPos 81 G Bases,602764563
POSITIONAL BASE CONTENT,Read2,ReadPos 82 G Bases,584907935
POSITIONAL BASE CONTENT,Read2,ReadPos 83 G Bases,596218023
POSITIONAL BASE CONTENT,Read2,ReadPos 84 G Bases,590954981
POSITIONAL BASE CONTENT,Read2,ReadPos 85 G Bases,596113310
POSITIONAL BASE CONTENT,Read2,ReadPos 86 G Bases,598507589
POSITIONAL BASE CONTENT,Read2,ReadPos 87 G Bases,597115228
POSITIONAL BASE CONTENT,Read2,ReadPos 88 G Bases,597016203
POSITIONAL BASE CONTENT,Read2,ReadPos 89 G Bases,593000022
POSITIONAL BASE CONTENT,Read2,ReadPos 90 G Bases,592767261
POSITIONAL BASE CONTENT,Read2,ReadPos 91 G Bases,595097327
POSITIONAL BASE CONTENT,Read2,ReadPos 92 G Bases,589003932
POSITIONAL BASE CONTENT,Read2,ReadPos 93 G Bases,594026294
POSITIONAL BASE CONTENT,Read2,ReadPos 94 G Bases,584190792
POSITIONAL BASE CONTENT,Read2,ReadPos 95 G Bases,587986667
POSITIONAL BASE CONTENT,Read2,ReadPos 96 G Bases,587906170
POSITIONAL BASE CONTENT,Read2,ReadPos 97 G Bases,591212621
POSITIONAL BASE CONTENT,Read2,ReadPos 98 G Bases,594881826
POSITIONAL BASE CONTENT,Read2,ReadPos 99 G Bases,591826214
POSITIONAL BASE CONTENT,Read2,ReadPos 100 G Bases,594032874
POSITIONAL BASE CONTENT,Read2,ReadPos 101 G Bases,588806501
POSITIONAL BASE CONTENT,Read2,ReadPos 102 G Bases,588031346
POSITIONAL BASE CONTENT,Read2,ReadPos 103 G Bases,586564667
POSITIONAL BASE CONTENT,Read2,ReadPos 104 G Bases,584656595
POSITIONAL BASE CONTENT,Read2,ReadPos 105 G Bases,590760401
POSITIONAL BASE CONTENT,Read2,ReadPos 106 G Bases,586522139
POSITIONAL BASE CONTENT,Read2,ReadPos 107 G Bases,581013684
POSITIONAL BASE CONTENT,Read2,ReadPos 108 G Bases,579894298
POSITIONAL BASE CONTENT,Read2,ReadPos 109 G Bases,585358066
POSITIONAL BASE CONTENT,Read2,ReadPos 110 G Bases,595304712
POSITIONAL BASE CONTENT,Read2,ReadPos 111 G Bases,591318194
POSITIONAL BASE CONTENT,Read2,ReadPos 112 G Bases,585272224
POSITIONAL BASE CONTENT,Read2,ReadPos 113 G Bases,578464060
POSITIONAL BASE CONTENT,Read2,ReadPos 114 G Bases,581208933
POSITIONAL BASE CONTENT,Read2,ReadPos 115 G Bases,582036347
POSITIONAL BASE CONTENT,Read2,ReadPos 116 G Bases,589603892
POSITIONAL BASE CONTENT,Read2,ReadPos 117 G Bases,586410025
POSITIONAL BASE CONTENT,Read2,ReadPos 118 G Bases,587151825
POSITIONAL BASE CONTENT,Read2,ReadPos 119 G Bases,587895720
POSITIONAL BASE CONTENT,Read2,ReadPos 120 G Bases,585127038
POSITIONAL BASE CONTENT,Read2,ReadPos 121 G Bases,589408871
POSITIONAL BASE CONTENT,Read2,ReadPos 122 G Bases,584706284
POSITIONAL BASE CONTENT,Read2,ReadPos 123 G Bases,578579826
POSITIONAL BASE CONTENT,Read2,ReadPos 124 G Bases,580017513
POSITIONAL BASE CONTENT,Read2,ReadPos 125 G Bases,582517565
POSITIONAL BASE CONTENT,Read2,ReadPos 126 G Bases,588502258
POSITIONAL BASE CONTENT,Read2,ReadPos 127 G Bases,582051467
POSITIONAL BASE CONTENT,Read2,ReadPos 128 G Bases,579798809
POSITIONAL BASE CONTENT,Read2,ReadPos 129 G Bases,582459373
POSITIONAL BASE CONTENT,Read2,ReadPos 130 G Bases,581198000
POSITIONAL BASE CONTENT,Read2,ReadPos 131 G Bases,586842311
POSITIONAL BASE CONTENT,Read2,ReadPos 132 G Bases,582191470
POSITIONAL BASE CONTENT,Read2,ReadPos 133 G Bases,578209832
POSITIONAL BASE CONTENT,Read2,ReadPos 134 G Bases,580491709
POSITIONAL BASE CONTENT,Read2,ReadPos 135 G Bases,582021940
POSITIONAL BASE CONTENT,Read2,ReadPos 136 G Bases,587349017
POSITIONAL BASE CONTENT,Read2,ReadPos 137 G Bases,580124780
POSITIONAL BASE CONTENT,Read2,ReadPos 138 G Bases,573479445
POSITIONAL BASE CONTENT,Read2,ReadPos 139 G Bases,577283383
POSITIONAL BASE CONTENT,Read2,ReadPos 140 G Bases,581873866
POSITIONAL BASE CONTENT,Read2,ReadPos 141 G Bases,584593892
POSITIONAL BASE CONTENT,Read2,ReadPos 142 G Bases,579560062
POSITIONAL BASE CONTENT,Read2,ReadPos 143 G Bases,577471567
POSITIONAL BASE CONTENT,Read2,ReadPos 144 G Bases,579804174
POSITIONAL BASE CONTENT,Read2,ReadPos 145 G Bases,579204544
POSITIONAL BASE CONTENT,Read2,ReadPos 146 G Bases,580967008
POSITIONAL BASE CONTENT,Read2,ReadPos 147 G Bases,573470495
POSITIONAL BASE CONTENT,Read2,ReadPos 148 G Bases,565734708
POSITIONAL BASE CONTENT,Read2,ReadPos 149 G Bases,549388324
POSITIONAL BASE CONTENT,Read2,ReadPos 150 G Bases,487469539
POSITIONAL BASE CONTENT,Read2,ReadPos 151 G Bases,386961562
POSITIONAL BASE CONTENT,Read2,ReadPos 1 T Bases,298237181
POSITIONAL BASE CONTENT,Read2,ReadPos 2 T Bases,1100237387
POSITIONAL BASE CONTENT,Read2,ReadPos 3 T Bases,897007792
POSITIONAL BASE CONTENT,Read2,ReadPos 4 T Bases,1176390991
POSITIONAL BASE CONTENT,Read2,ReadPos 5 T Bases,1079978185
POSITIONAL BASE CONTENT,Read2,ReadPos 6 T Bases,474551714
POSITIONAL BASE CONTENT,Read2,ReadPos 7 T Bases,672932352
POSITIONAL BASE CONTENT,Read2,ReadPos 8 T Bases,611651220
POSITIONAL BASE CONTENT,Read2,ReadPos 9 T Bases,618518534
POSITIONAL BASE CONTENT,Read2,ReadPos 10 T Bases,1121984778
POSITIONAL BASE CONTENT,Read2,ReadPos 11 T Bases,700561892
POSITIONAL BASE CONTENT,Read2,ReadPos 12 T Bases,994957644
POSITIONAL BASE CONTENT,Read2,ReadPos 13 T Bases,793270854
POSITIONAL BASE CONTENT,Read2,ReadPos 14 T Bases,860717895
POSITIONAL BASE CONTENT,Read2,ReadPos 15 T Bases,706554988
POSITIONAL BASE CONTENT,Read2,ReadPos 16 T Bases,765940578
POSITIONAL BASE CONTENT,Read2,ReadPos 17 T Bases,852101032
POSITIONAL BASE CONTENT,Read2,ReadPos 18 T Bases,867708351
POSITIONAL BASE CONTENT,Read2,ReadPos 19 T Bases,852457247
POSITIONAL BASE CONTENT,Read2,ReadPos 20 T Bases,838746855
POSITIONAL BASE CONTENT,Read2,ReadPos 21 T Bases,815421902
POSITIONAL BASE CONTENT,Read2,ReadPos 22 T Bases,860207090
POSITIONAL BASE CONTENT,Read2,ReadPos 23 T Bases,834332337
POSITIONAL BASE CONTENT,Read2,ReadPos 24 T Bases,849513191
POSITIONAL BASE CONTENT,Read2,ReadPos 25 T Bases,839474609
POSITIONAL BASE CONTENT,Read2,ReadPos 26 T Bases,851652331
POSITIONAL BASE CONTENT,Read2,ReadPos 27 T Bases,869107873
POSITIONAL BASE CONTENT,Read2,ReadPos 28 T Bases,862214420
POSITIONAL BASE CONTENT,Read2,ReadPos 29 T Bases,866349509
POSITIONAL BASE CONTENT,Read2,ReadPos 30 T Bases,846774195
POSITIONAL BASE CONTENT,Read2,ReadPos 31 T Bases,825354728
POSITIONAL BASE CONTENT,Read2,ReadPos 32 T Bases,857394613
POSITIONAL BASE CONTENT,Read2,ReadPos 33 T Bases,860381759
POSITIONAL BASE CONTENT,Read2,ReadPos 34 T Bases,871332973
POSITIONAL BASE CONTENT,Read2,ReadPos 35 T Bases,861103816
POSITIONAL BASE CONTENT,Read2,ReadPos 36 T Bases,844087553
POSITIONAL BASE CONTENT,Read2,ReadPos 37 T Bases,850194549
POSITIONAL BASE CONTENT,Read2,ReadPos 38 T Bases,849604180
POSITIONAL BASE CONTENT,Read2,ReadPos 39 T Bases,861877066
POSITIONAL BASE CONTENT,Read2,ReadPos 40 T Bases,860702956
POSITIONAL BASE CONTENT,Read2,ReadPos 41 T Bases,844138141
POSITIONAL BASE CONTENT,Read2,ReadPos 42 T Bases,861798028
POSITIONAL BASE CONTENT,Read2,ReadPos 43 T Bases,851974737
POSITIONAL BASE CONTENT,Read2,ReadPos 44 T Bases,859440195
POSITIONAL BASE CONTENT,Read2,ReadPos 45 T Bases,844975873
POSITIONAL BASE CONTENT,Read2,ReadPos 46 T Bases,843420110
POSITIONAL BASE CONTENT,Read2,ReadPos 47 T Bases,858414217
POSITIONAL BASE CONTENT,Read2,ReadPos 48 T Bases,856207778
POSITIONAL BASE CONTENT,Read2,ReadPos 49 T Bases,863348021
POSITIONAL BASE CONTENT,Read2,ReadPos 50 T Bases,848867741
POSITIONAL BASE CONTENT,Read2,ReadPos 51 T Bases,849474355
POSITIONAL BASE CONTENT,Read2,ReadPos 52 T Bases,856027716
POSITIONAL BASE CONTENT,Read2,ReadPos 53 T Bases,858732981
POSITIONAL BASE CONTENT,Read2,ReadPos 54 T Bases,846347396
POSITIONAL BASE CONTENT,Read2,ReadPos 55 T Bases,842594871
POSITIONAL BASE CONTENT,Read2,ReadPos 56 T Bases,838538660
POSITIONAL BASE CONTENT,Read2,ReadPos 57 T Bases,864834949
POSITIONAL BASE CONTENT,Read2,ReadPos 58 T Bases,872089215
POSITIONAL BASE CONTENT,Read2,ReadPos 59 T Bases,864363100
POSITIONAL BASE CONTENT,Read2,ReadPos 60 T Bases,853291980
POSITIONAL BASE CONTENT,Read2,ReadPos 61 T Bases,840993045
POSITIONAL BASE CONTENT,Read2,ReadPos 62 T Bases,850553193
POSITIONAL BASE CONTENT,Read2,ReadPos 63 T Bases,854073195
POSITIONAL BASE CONTENT,Read2,ReadPos 64 T Bases,856832621
POSITIONAL BASE CONTENT,Read2,ReadPos 65 T Bases,862772972
POSITIONAL BASE CONTENT,Read2,ReadPos 66 T Bases,846301021
POSITIONAL BASE CONTENT,Read2,ReadPos 67 T Bases,865581899
POSITIONAL BASE CONTENT,Read2,ReadPos 68 T Bases,855813774
POSITIONAL BASE CONTENT,Read2,ReadPos 69 T Bases,853247440
POSITIONAL BASE CONTENT,Read2,ReadPos 70 T Bases,848224446
POSITIONAL BASE CONTENT,Read2,ReadPos 71 T Bases,846691779
POSITIONAL BASE CONTENT,Read2,ReadPos 72 T Bases,869085428
POSITIONAL BASE CONTENT,Read2,ReadPos 73 T Bases,850465968
POSITIONAL BASE CONTENT,Read2,ReadPos 74 T Bases,850981584
POSITIONAL BASE CONTENT,Read2,ReadPos 75 T Bases,839497534
POSITIONAL BASE CONTENT,Read2,ReadPos 76 T Bases,834861123
POSITIONAL BASE CONTENT,Read2,ReadPos 77 T Bases,855216390
POSITIONAL BASE CONTENT,Read2,ReadPos 78 T Bases,847561333
POSITIONAL BASE CONTENT,Read2,ReadPos 79 T Bases,853989848
POSITIONAL BASE CONTENT,Read2,ReadPos 80 T Bases,849971510
POSITIONAL BASE CONTENT,Read2,ReadPos 81 T Bases,845998883
POSITIONAL BASE CONTENT,Read2,ReadPos 82 T Bases,861594400
POSITIONAL BASE CONTENT,Read2,ReadPos 83 T Bases,851517503
POSITIONAL BASE CONTENT,Read2,ReadPos 84 T Bases,851654911
POSITIONAL BASE CONTENT,Read2,ReadPos 85 T Bases,845758361
POSITIONAL BASE CONTENT,Read2,ReadPos 86 T Bases,844209417
POSITIONAL BASE CONTENT,Read2,ReadPos 87 T Bases,846218585
POSITIONAL BASE CONTENT,Read2,ReadPos 88 T Bases,844529156
POSITIONAL BASE CONTENT,Read2,ReadPos 89 T Bases,848835764
POSITIONAL BASE CONTENT,Read2,ReadPos 90 T Bases,851506964
POSITIONAL BASE CONTENT,Read2,ReadPos 91 T Bases,845691225
POSITIONAL BASE CONTENT,Read2,ReadPos 92 T Bases,848917261
POSITIONAL BASE CONTENT,Read2,ReadPos 93 T Bases,843567070
POSITIONAL BASE CONTENT,Read2,ReadPos 94 T Bases,848786911
POSITIONAL BASE CONTENT,Read2,ReadPos 95 T Bases,847594226
POSITIONAL BASE CONTENT,Read2,ReadPos 96 T Bases,848102164
POSITIONAL BASE CONTENT,Read2,ReadPos 97 T Bases,844628730
POSITIONAL BASE CONTENT,Read2,ReadPos 98 T Bases,839791601
POSITIONAL BASE CONTENT,Read2,ReadPos 99 T Bases,846124015
POSITIONAL BASE CONTENT,Read2,ReadPos 100 T Bases,838754571
POSITIONAL BASE CONTENT,Read2,ReadPos 101 T Bases,840986236
POSITIONAL BASE CONTENT,Read2,ReadPos 102 T Bases,842686675
POSITIONAL BASE CONTENT,Read2,ReadPos 103 T Bases,843611474
POSITIONAL BASE CONTENT,Read2,ReadPos 104 T Bases,843171969
POSITIONAL BASE CONTENT,Read2,ReadPos 105 T Bases,844077923
POSITIONAL BASE CONTENT,Read2,ReadPos 106 T Bases,840057053
POSITIONAL BASE CONTENT,Read2,ReadPos 107 T Bases,849471349
POSITIONAL BASE CONTENT,Read2,ReadPos 108 T Bases,839518960
POSITIONAL BASE CONTENT,Read2,ReadPos 109 T Bases,841680204
POSITIONAL BASE CONTENT,Read2,ReadPos 110 T Bases,830112882
POSITIONAL BASE CONTENT,Read2,ReadPos 111 T Bases,833074490
POSITIONAL BASE CONTENT,Read2,ReadPos 112 T Bases,841709714
POSITIONAL BASE CONTENT,Read2,ReadPos 113 T Bases,846793436
POSITIONAL BASE CONTENT,Read2,ReadPos 114 T Bases,845499367
POSITIONAL BASE CONTENT,Read2,ReadPos 115 T Bases,842077560
POSITIONAL BASE CONTENT,Read2,ReadPos 116 T Bases,838854138
POSITIONAL BASE CONTENT,Read2,ReadPos 117 T Bases,846032549
POSITIONAL BASE CONTENT,Read2,ReadPos 118 T Bases,840482302
POSITIONAL BASE CONTENT,Read2,ReadPos 119 T Bases,841337650
POSITIONAL BASE CONTENT,Read2,ReadPos 120 T Bases,837730428
POSITIONAL BASE CONTENT,Read2,ReadPos 121 T Bases,840913389
POSITIONAL BASE CONTENT,Read2,ReadPos 122 T Bases,840564502
POSITIONAL BASE CONTENT,Read2,ReadPos 123 T Bases,845048287
POSITIONAL BASE CONTENT,Read2,ReadPos 124 T Bases,843089143
POSITIONAL BASE CONTENT,Read2,ReadPos 125 T Bases,841257336
POSITIONAL BASE CONTENT,Read2,ReadPos 126 T Bases,836300419
POSITIONAL BASE CONTENT,Read2,ReadPos 127 T Bases,841820674
POSITIONAL BASE CONTENT,Read2,ReadPos 128 T Bases,843249003
POSITIONAL BASE CONTENT,Read2,ReadPos 129 T Bases,841777653
POSITIONAL BASE CONTENT,Read2,ReadPos 130 T Bases,837890997
POSITIONAL BASE CONTENT,Read2,ReadPos 131 T Bases,836945345
POSITIONAL BASE CONTENT,Read2,ReadPos 132 T Bases,839444795
POSITIONAL BASE CONTENT,Read2,ReadPos 133 T Bases,838718535
POSITIONAL BASE CONTENT,Read2,ReadPos 134 T Bases,837186283
POSITIONAL BASE CONTENT,Read2,ReadPos 135 T Bases,837861311
POSITIONAL BASE CONTENT,Read2,ReadPos 136 T Bases,830135543
POSITIONAL BASE CONTENT,Read2,ReadPos 137 T Bases,835172003
POSITIONAL BASE CONTENT,Read2,ReadPos 138 T Bases,839076265
POSITIONAL BASE CONTENT,Read2,ReadPos 139 T Bases,837793681
POSITIONAL BASE CONTENT,Read2,ReadPos 140 T Bases,828970085
POSITIONAL BASE CONTENT,Read2,ReadPos 141 T Bases,825609627
POSITIONAL BASE CONTENT,Read2,ReadPos 142 T Bases,830167323
POSITIONAL BASE CONTENT,Read2,ReadPos 143 T Bases,831821291
POSITIONAL BASE CONTENT,Read2,ReadPos 144 T Bases,831535427
POSITIONAL BASE CONTENT,Read2,ReadPos 145 T Bases,828900207
POSITIONAL BASE CONTENT,Read2,ReadPos 146 T Bases,825201853
POSITIONAL BASE CONTENT,Read2,ReadPos 147 T Bases,822095297
POSITIONAL BASE CONTENT,Read2,ReadPos 148 T Bases,806019056
POSITIONAL BASE CONTENT,Read2,ReadPos 149 T Bases,788910508
POSITIONAL BASE CONTENT,Read2,ReadPos 150 T Bases,803208705
POSITIONAL BASE CONTENT,Read2,ReadPos 151 T Bases,780443882
POSITIONAL BASE CONTENT,Read2,ReadPos 1 N Bases,1638230
POSITIONAL BASE CONTENT,Read2,ReadPos 2 N Bases,2155694
POSITIONAL BASE CONTENT,Read2,ReadPos 3 N Bases,9525
POSITIONAL BASE CONTENT,Read2,ReadPos 4 N Bases,365361
POSITIONAL BASE CONTENT,Read2,ReadPos 5 N Bases,1843073
POSITIONAL BASE CONTENT,Read2,ReadPos 6 N Bases,90517
POSITIONAL BASE CONTENT,Read2,ReadPos 7 N Bases,3166227
POSITIONAL BASE CONTENT,Read2,ReadPos 8 N Bases,70743
POSITIONAL BASE CONTENT,Read2,ReadPos 9 N Bases,691616
POSITIONAL BASE CONTENT,Read2,ReadPos 10 N Bases,2855
POSITIONAL BASE CONTENT,Read2,ReadPos 11 N Bases,1117338
POSITIONAL BASE CONTENT,Read2,ReadPos 12 N Bases,700427
POSITIONAL BASE CONTENT,Read2,ReadPos 13 N Bases,202957
POSITIONAL BASE CONTENT,Read2,ReadPos 14 N Bases,686713
POSITIONAL BASE CONTENT,Read2,ReadPos 15 N Bases,1039862
POSITIONAL BASE CONTENT,Read2,ReadPos 16 N Bases,29274
POSITIONAL BASE CONTENT,Read2,ReadPos 17 N Bases,1862005
POSITIONAL BASE CONTENT,Read2,ReadPos 18 N Bases,1175148
POSITIONAL BASE CONTENT,Read2,ReadPos 19 N Bases,26938
POSITIONAL BASE CONTENT,Read2,ReadPos 20 N Bases,2485679
POSITIONAL BASE CONTENT,Read2,ReadPos 21 N Bases,783556
POSITIONAL BASE CONTENT,Read2,ReadPos 22 N Bases,1246786
POSITIONAL BASE CONTENT,Read2,ReadPos 23 N Bases,4490
POSITIONAL BASE CONTENT,Read2,ReadPos 24 N Bases,648923
POSITIONAL BASE CONTENT,Read2,ReadPos 25 N Bases,907780
POSITIONAL BASE CONTENT,Read2,ReadPos 26 N Bases,7941
POSITIONAL BASE CONTENT,Read2,ReadPos 27 N Bases,793110
POSITIONAL BASE CONTENT,Read2,ReadPos 28 N Bases,750315
POSITIONAL BASE CONTENT,Read2,ReadPos 29 N Bases,67585
POSITIONAL BASE CONTENT,Read2,ReadPos 30 N Bases,34267
POSITIONAL BASE CONTENT,Read2,ReadPos 31 N Bases,1123198
POSITIONAL BASE CONTENT,Read2,ReadPos 32 N Bases,50028
POSITIONAL BASE CONTENT,Read2,ReadPos 33 N Bases,1037954
POSITIONAL BASE CONTENT,Read2,ReadPos 34 N Bases,758598
POSITIONAL BASE CONTENT,Read2,ReadPos 35 N Bases,395171
POSITIONAL BASE CONTENT,Read2,ReadPos 36 N Bases,2985459
POSITIONAL BASE CONTENT,Read2,ReadPos 37 N Bases,862029
POSITIONAL BASE CONTENT,Read2,ReadPos 38 N Bases,396749
POSITIONAL BASE CONTENT,Read2,ReadPos 39 N Bases,1518
POSITIONAL BASE CONTENT,Read2,ReadPos 40 N Bases,72766
POSITIONAL BASE CONTENT,Read2,ReadPos 41 N Bases,1470148
POSITIONAL BASE CONTENT,Read2,ReadPos 42 N Bases,5180
POSITIONAL BASE CONTENT,Read2,ReadPos 43 N Bases,11596
POSITIONAL BASE CONTENT,Read2,ReadPos 44 N Bases,736246
POSITIONAL BASE CONTENT,Read2,ReadPos 45 N Bases,422672
POSITIONAL BASE CONTENT,Read2,ReadPos 46 N Bases,653396
POSITIONAL BASE CONTENT,Read2,ReadPos 47 N Bases,1518950
POSITIONAL BASE CONTENT,Read2,ReadPos 48 N Bases,1329898
POSITIONAL BASE CONTENT,Read2,ReadPos 49 N Bases,965
POSITIONAL BASE CONTENT,Read2,ReadPos 50 N Bases,1206560
POSITIONAL BASE CONTENT,Read2,ReadPos 51 N Bases,46139
POSITIONAL BASE CONTENT,Read2,ReadPos 52 N Bases,831152
POSITIONAL BASE CONTENT,Read2,ReadPos 53 N Bases,110152
POSITIONAL BASE CONTENT,Read2,ReadPos 54 N Bases,936959
POSITIONAL BASE CONTENT,Read2,ReadPos 55 N Bases,796965
POSITIONAL BASE CONTENT,Read2,ReadPos 56 N Bases,4444
POSITIONAL BASE CONTENT,Read2,ReadPos 57 N Bases,6817
POSITIONAL BASE CONTENT,Read2,ReadPos 58 N Bases,822433
POSITIONAL BASE CONTENT,Read2,ReadPos 59 N Bases,17051
POSITIONAL BASE CONTENT,Read2,ReadPos 60 N Bases,796827
POSITIONAL BASE CONTENT,Read2,ReadPos 61 N Bases,1237408
POSITIONAL BASE CONTENT,Read2,ReadPos 62 N Bases,1357507
POSITIONAL BASE CONTENT,Read2,ReadPos 63 N Bases,87636
POSITIONAL BASE CONTENT,Read2,ReadPos 64 N Bases,726188
POSITIONAL BASE CONTENT,Read2,ReadPos 65 N Bases,731646
POSITIONAL BASE CONTENT,Read2,ReadPos 66 N Bases,72189
POSITIONAL BASE CONTENT,Read2,ReadPos 67 N Bases,1068272
POSITIONAL BASE CONTENT,Read2,ReadPos 68 N Bases,1182506
POSITIONAL BASE CONTENT,Read2,ReadPos 69 N Bases,1222216
POSITIONAL BASE CONTENT,Read2,ReadPos 70 N Bases,1130521
POSITIONAL BASE CONTENT,Read2,ReadPos 71 N Bases,12924
POSITIONAL BASE CONTENT,Read2,ReadPos 72 N Bases,692710
POSITIONAL BASE CONTENT,Read2,ReadPos 73 N Bases,96113
POSITIONAL BASE CONTENT,Read2,ReadPos 74 N Bases,112042
POSITIONAL BASE CONTENT,Read2,ReadPos 75 N Bases,96052
POSITIONAL BASE CONTENT,Read2,ReadPos 76 N Bases,988392
POSITIONAL BASE CONTENT,Read2,ReadPos 77 N Bases,32826
POSITIONAL BASE CONTENT,Read2,ReadPos 78 N Bases,1941426
POSITIONAL BASE CONTENT,Read2,ReadPos 79 N Bases,538155
POSITIONAL BASE CONTENT,Read2,ReadPos 80 N Bases,1220121
POSITIONAL BASE CONTENT,Read2,ReadPos 81 N Bases,27653
POSITIONAL BASE CONTENT,Read2,ReadPos 82 N Bases,1263533
POSITIONAL BASE CONTENT,Read2,ReadPos 83 N Bases,374659
POSITIONAL BASE CONTENT,Read2,ReadPos 84 N Bases,1296857
POSITIONAL BASE CONTENT,Read2,ReadPos 85 N Bases,2420178
POSITIONAL BASE CONTENT,Read2,ReadPos 86 N Bases,1940876
POSITIONAL BASE CONTENT,Read2,ReadPos 87 N Bases,1296481
POSITIONAL BASE CONTENT,Read2,ReadPos 88 N Bases,479704
POSITIONAL BASE CONTENT,Read2,ReadPos 89 N Bases,6055
POSITIONAL BASE CONTENT,Read2,ReadPos 90 N Bases,739995
POSITIONAL BASE CONTENT,Read2,ReadPos 91 N Bases,15208
POSITIONAL BASE CONTENT,Read2,ReadPos 92 N Bases,801828
POSITIONAL BASE CONTENT,Read2,ReadPos 93 N Bases,1621908
POSITIONAL BASE CONTENT,Read2,ReadPos 94 N Bases,697492
POSITIONAL BASE CONTENT,Read2,ReadPos 95 N Bases,1565343
POSITIONAL BASE CONTENT,Read2,ReadPos 96 N Bases,204315
POSITIONAL BASE CONTENT,Read2,ReadPos 97 N Bases,43990
POSITIONAL BASE CONTENT,Read2,ReadPos 98 N Bases,15795
POSITIONAL BASE CONTENT,Read2,ReadPos 99 N Bases,3436
POSITIONAL BASE CONTENT,Read2,ReadPos 100 N Bases,1473579
POSITIONAL BASE CONTENT,Read2,ReadPos 101 N Bases,3003147
POSITIONAL BASE CONTENT,Read2,ReadPos 102 N Bases,1892623
POSITIONAL BASE CONTENT,Read2,ReadPos 103 N Bases,1805309
POSITIONAL BASE CONTENT,Read2,ReadPos 104 N Bases,1055862
POSITIONAL BASE CONTENT,Read2,ReadPos 105 N Bases,791009
POSITIONAL BASE CONTENT,Read2,ReadPos 106 N Bases,49163
POSITIONAL BASE CONTENT,Read2,ReadPos 107 N Bases,1422652
POSITIONAL BASE CONTENT,Read2,ReadPos 108 N Bases,1590253
POSITIONAL BASE CONTENT,Read2,ReadPos 109 N Bases,739151
POSITIONAL BASE CONTENT,Read2,ReadPos 110 N Bases,1121276
POSITIONAL BASE CONTENT,Read2,ReadPos 111 N Bases,1591388
POSITIONAL BASE CONTENT,Read2,ReadPos 112 N Bases,21318
POSITIONAL BASE CONTENT,Read2,ReadPos 113 N Bases,15239
POSITIONAL BASE CONTENT,Read2,ReadPos 114 N Bases,2518478
POSITIONAL BASE CONTENT,Read2,ReadPos 115 N Bases,1503219
POSITIONAL BASE CONTENT,Read2,ReadPos 116 N Bases,1103744
POSITIONAL BASE CONTENT,Read2,ReadPos 117 N Bases,69844
POSITIONAL BASE CONTENT,Read2,ReadPos 118 N Bases,1810189
POSITIONAL BASE CONTENT,Read2,ReadPos 119 N Bases,66779
POSITIONAL BASE CONTENT,Read2,ReadPos 120 N Bases,22648
POSITIONAL BASE CONTENT,Read2,ReadPos 121 N Bases,595485
POSITIONAL BASE CONTENT,Read2,ReadPos 122 N Bases,613983
POSITIONAL BASE CONTENT,Read2,ReadPos 123 N Bases,60708
POSITIONAL BASE CONTENT,Read2,ReadPos 124 N Bases,1038960
POSITIONAL BASE CONTENT,Read2,ReadPos 125 N Bases,802557
POSITIONAL BASE CONTENT,Read2,ReadPos 126 N Bases,528935
POSITIONAL BASE CONTENT,Read2,ReadPos 127 N Bases,848701
POSITIONAL BASE CONTENT,Read2,ReadPos 128 N Bases,8302
POSITIONAL BASE CONTENT,Read2,ReadPos 129 N Bases,348380
POSITIONAL BASE CONTENT,Read2,ReadPos 130 N Bases,1140464
POSITIONAL BASE CONTENT,Read2,ReadPos 131 N Bases,2503501
POSITIONAL BASE CONTENT,Read2,ReadPos 132 N Bases,1978006
POSITIONAL BASE CONTENT,Read2,ReadPos 133 N Bases,1892383
POSITIONAL BASE CONTENT,Read2,ReadPos 134 N Bases,9555
POSITIONAL BASE CONTENT,Read2,ReadPos 135 N Bases,5841
POSITIONAL BASE CONTENT,Read2,ReadPos 136 N Bases,3749
POSITIONAL BASE CONTENT,Read2,ReadPos 137 N Bases,1524264
POSITIONAL BASE CONTENT,Read2,ReadPos 138 N Bases,1462484
POSITIONAL BASE CONTENT,Read2,ReadPos 139 N Bases,1652668
POSITIONAL BASE CONTENT,Read2,ReadPos 140 N Bases,210446
POSITIONAL BASE CONTENT,Read2,ReadPos 141 N Bases,805800
POSITIONAL BASE CONTENT,Read2,ReadPos 142 N Bases,360986
POSITIONAL BASE CONTENT,Read2,ReadPos 143 N Bases,20823
POSITIONAL BASE CONTENT,Read2,ReadPos 144 N Bases,677021
POSITIONAL BASE CONTENT,Read2,ReadPos 145 N Bases,39334
POSITIONAL BASE CONTENT,Read2,ReadPos 146 N Bases,22486
POSITIONAL BASE CONTENT,Read2,ReadPos 147 N Bases,2017225
POSITIONAL BASE CONTENT,Read2,ReadPos 148 N Bases,3591245
POSITIONAL BASE CONTENT,Read2,ReadPos 149 N Bases,697255
POSITIONAL BASE CONTENT,Read2,ReadPos 150 N Bases,263726
POSITIONAL BASE CONTENT,Read2,ReadPos 151 N Bases,50833
READ LENGTHS,Read2,20bp Length Reads,2745
READ LENGTHS,Read2,21bp Length Reads,4547
READ LENGTHS,Read2,22bp Length Reads,4284
READ LENGTHS,Read2,23bp Length Reads,5975
READ LENGTHS,Read2,24bp Length Reads,8588
READ LENGTHS,Read2,25bp Length Reads,8307
READ LENGTHS,Read2,26bp Length Reads,15915
READ LENGTHS,Read2,27bp Length Reads,79797
READ LENGTHS,Read2,28bp Length Reads,112979
READ LENGTHS,Read2,29bp Length Reads,149126
READ LENGTHS,Read2,30bp Length Reads,150860
READ LENGTHS,Read2,31bp Length Reads,196021
READ LENGTHS,Read2,32bp Length Reads,314584
READ LENGTHS,Read2,33bp Length Reads,461982
READ LENGTHS,Read2,34bp Length Reads,534991
READ LENGTHS,Read2,35bp Length Reads,468321
READ LENGTHS,Read2,36bp Length Reads,305824
READ LENGTHS,Read2,37bp Length Reads,179399
READ LENGTHS,Read2,38bp Length Reads,158593
READ LENGTHS,Read2,39bp Length Reads,224710
READ LENGTHS,Read2,40bp Length Reads,301846
READ LENGTHS,Read2,41bp Length Reads,406180
READ LENGTHS,Read2,42bp Length Reads,531843
READ LENGTHS,Read2,43bp Length Reads,670587
READ LENGTHS,Read2,44bp Length Reads,766504
READ LENGTHS,Read2,45bp Length Reads,665040
READ LENGTHS,Read2,46bp Length Reads,443407
READ LENGTHS,Read2,47bp Length Reads,268685
READ LENGTHS,Read2,48bp Length Reads,213058
READ LENGTHS,Read2,49bp Length Reads,269628
READ LENGTHS,Read2,50bp Length Reads,357103
READ LENGTHS,Read2,51bp Length Reads,489254
READ LENGTHS,Read2,52bp Length Reads,603112
READ LENGTHS,Read2,53bp Length Reads,718406
READ LENGTHS,Read2,54bp Length Reads,799610
READ LENGTHS,Read2,55bp Length Reads,720577
READ LENGTHS,Read2,56bp Length Reads,559889
READ LENGTHS,Read2,57bp Length Reads,378050
READ LENGTHS,Read2,58bp Length Reads,283381
READ LENGTHS,Read2,59bp Length Reads,309029
READ LENGTHS,Read2,60bp Length Reads,402832
READ LENGTHS,Read2,61bp Length Reads,539627
READ LENGTHS,Read2,62bp Length Reads,693830
READ LENGTHS,Read2,63bp Length Reads,809439
READ LENGTHS,Read2,64bp Length Reads,908321
READ LENGTHS,Read2,65bp Length Reads,839343
READ LENGTHS,Read2,66bp Length Reads,688967
READ LENGTHS,Read2,67bp Length Reads,502863
READ LENGTHS,Read2,68bp Length Reads,365604
READ LENGTHS,Read2,69bp Length Reads,366543
READ LENGTHS,Read2,70bp Length Reads,444106
READ LENGTHS,Read2,71bp Length Reads,618855
READ LENGTHS,Read2,72bp Length Reads,783937
READ LENGTHS,Read2,73bp Length Reads,905929
READ LENGTHS,Read2,74bp Length Reads,1007772
READ LENGTHS,Read2,75bp Length Reads,952255
READ LENGTHS,Read2,76bp Length Reads,848499
READ LENGTHS,Read2,77bp Length Reads,678509
READ LENGTHS,Read2,78bp Length Reads,502366
READ LENGTHS,Read2,79bp Length Reads,453498
READ LENGTHS,Read2,80bp Length Reads,495836
READ LENGTHS,Read2,81bp Length Reads,667291
READ LENGTHS,Read2,82bp Length Reads,846422
READ LENGTHS,Read2,83bp Length Reads,1013113
READ LENGTHS,Read2,84bp Length Reads,1146886
READ LENGTHS,Read2,85bp Length Reads,1132657
READ LENGTHS,Read2,86bp Length Reads,1046128
READ LENGTHS,Read2,87bp Length Reads,864661
READ LENGTHS,Read2,88bp Length Reads,662575
READ LENGTHS,Read2,89bp Length Reads,568583
READ LENGTHS,Read2,90bp Length Reads,567101
READ LENGTHS,Read2,91bp Length Reads,708012
READ LENGTHS,Read2,92bp Length Reads,896041
READ LENGTHS,Read2,93bp Length Reads,1119685
READ LENGTHS,Read2,94bp Length Reads,1271782
READ LENGTHS,Read2,95bp Length Reads,1330810
READ LENGTHS,Read2,96bp Length Reads,1239878
READ LENGTHS,Read2,97bp Length Reads,1062141
READ LENGTHS,Read2,98bp Length Reads,842930
READ LENGTHS,Read2,99bp Length Reads,708069
READ LENGTHS,Read2,100bp Length Reads,673227
READ LENGTHS,Read2,101bp Length Reads,771260
READ LENGTHS,Read2,102bp Length Reads,966551
READ LENGTHS,Read2,103bp Length Reads,1191236
READ LENGTHS,Read2,104bp Length Reads,1390858
READ LENGTHS,Read2,105bp Length Reads,1486400
READ LENGTHS,Read2,106bp Length Reads,1445508
READ LENGTHS,Read2,107bp Length Reads,1283841
READ LENGTHS,Read2,108bp Length Reads,1071082
READ LENGTHS,Read2,109bp Length Reads,884536
READ LENGTHS,Read2,110bp Length Reads,806960
READ LENGTHS,Read2,111bp Length Reads,857914
READ LENGTHS,Read2,112bp Length Reads,1047980
READ LENGTHS,Read2,113bp Length Reads,1258754
READ LENGTHS,Read2,114bp Length Reads,1504696
READ LENGTHS,Read2,115bp Length Reads,1639097
READ LENGTHS,Read2,116bp Length Reads,1636251
READ LENGTHS,Read2,117bp Length Reads,1527208
READ LENGTHS,Read2,118bp Length Reads,1341632
READ LENGTHS,Read2,119bp Length Reads,1134679
READ LENGTHS,Read2,120bp Length Reads,995533
READ LENGTHS,Read2,121bp Length Reads,981751
READ LENGTHS,Read2,122bp Length Reads,1121528
READ LENGTHS,Read2,123bp Length Reads,1342235
READ LENGTHS,Read2,124bp Length Reads,1626217
READ LENGTHS,Read2,125bp Length Reads,1818413
READ LENGTHS,Read2,126bp Length Reads,1848340
READ LENGTHS,Read2,127bp Length Reads,1787462
READ LENGTHS,Read2,128bp Length Reads,1610523
READ LENGTHS,Read2,129bp Length Reads,1429327
READ LENGTHS,Read2,130bp Length Reads,1234871
READ LENGTHS,Read2,131bp Length Reads,1158924
READ LENGTHS,Read2,132bp Length Reads,1250451
READ LENGTHS,Read2,133bp Length Reads,1497810
READ LENGTHS,Read2,134bp Length Reads,1790116
READ LENGTHS,Read2,135bp Length Reads,2038505
READ LENGTHS,Read2,136bp Length Reads,2126877
READ LENGTHS,Read2,137bp Length Reads,2112272
READ LENGTHS,Read2,138bp Length Reads,1986580
READ LENGTHS,Read2,139bp Length Reads,1834667
READ LENGTHS,Read2,140bp Length Reads,1769624
READ LENGTHS,Read2,141bp Length Reads,1661944
READ LENGTHS,Read2,142bp Length Reads,1787988
READ LENGTHS,Read2,143bp Length Reads,2691257
READ LENGTHS,Read2,144bp Length Reads,4131306
READ LENGTHS,Read2,145bp Length Reads,9703423
READ LENGTHS,Read2,146bp Length Reads,21827682
READ LENGTHS,Read2,147bp Length Reads,45239751
READ LENGTHS,Read2,148bp Length Reads,61281116
READ LENGTHS,Read2,149bp Length Reads,184678131
READ LENGTHS,Read2,150bp Length Reads,746725057
READ LENGTHS,Read2,151bp Length Reads,1735418673
READ GC CONTENT,Read2,0% GC Reads,7142
READ GC CONTENT,Read2,1% GC Reads,8872
READ GC CONTENT,Read2,2% GC Reads,14983
READ GC CONTENT,Read2,3% GC Reads,25780
READ GC CONTENT,Read2,4% GC Reads,36760
READ GC CONTENT,Read2,5% GC Reads,48283
READ GC CONTENT,Read2,6% GC Reads,65223
READ GC CONTENT,Read2,7% GC Reads,92432
READ GC CONTENT,Read2,8% GC Reads,160986
READ GC CONTENT,Read2,9% GC Reads,249379
READ GC CONTENT,Read2,10% GC Reads,350615
READ GC CONTENT,Read2,11% GC Reads,490228
READ GC CONTENT,Read2,12% GC Reads,636648
READ GC CONTENT,Read2,13% GC Reads,765936
READ GC CONTENT,Read2,14% GC Reads,801386
READ GC CONTENT,Read2,15% GC Reads,777536
READ GC CONTENT,Read2,16% GC Reads,873924
READ GC CONTENT,Read2,17% GC Reads,1138652
READ GC CONTENT,Read2,18% GC Reads,1805793
READ GC CONTENT,Read2,19% GC Reads,2951964
READ GC CONTENT,Read2,20% GC Reads,4742429
READ GC CONTENT,Read2,21% GC Reads,6966921
READ GC CONTENT,Read2,22% GC Reads,10162328
READ GC CONTENT,Read2,23% GC Reads,14213391
READ GC CONTENT,Read2,24% GC Reads,19443707
READ GC CONTENT,Read2,25% GC Reads,26865796
READ GC CONTENT,Read2,26% GC Reads,34262185
READ GC CONTENT,Read2,27% GC Reads,42896686
READ GC CONTENT,Read2,28% GC Reads,52129876
READ GC CONTENT,Read2,29% GC Reads,61456394
READ GC CONTENT,Read2,30% GC Reads,70607263
READ GC CONTENT,Read2,31% GC Reads,79421402
READ GC CONTENT,Read2,32% GC Reads,87842926
READ GC CONTENT,Read2,33% GC Reads,95846922
READ GC CONTENT,Read2,34% GC Reads,103540976
READ GC CONTENT,Read2,35% GC Reads,111008234
READ GC CONTENT,Read2,36% GC Reads,118121683
READ GC CONTENT,Read2,37% GC Reads,123199916
READ GC CONTENT,Read2,38% GC Reads,125518555
READ GC CONTENT,Read2,39% GC Reads,124547123
READ GC CONTENT,Read2,40% GC Reads,120979366
READ GC CONTENT,Read2,41% GC Reads,115203372
READ GC CONTENT,Read2,42% GC Reads,107865961
READ GC CONTENT,Read2,43% GC Reads,99749134
READ GC CONTENT,Read2,44% GC Reads,92813666
READ GC CONTENT,Read2,45% GC Reads,87806484
READ GC CONTENT,Read2,46% GC Reads,83892149
READ GC CONTENT,Read2,47% GC Reads,81088946
READ GC CONTENT,Read2,48% GC Reads,79106159
READ GC CONTENT,Read2,49% GC Reads,77761272
READ GC CONTENT,Read2,50% GC Reads,76602991
READ GC CONTENT,Read2,51% GC Reads,74528595
READ GC CONTENT,Read2,52% GC Reads,70691993
READ GC CONTENT,Read2,53% GC Reads,64078925
READ GC CONTENT,Read2,54% GC Reads,55915237
READ GC CONTENT,Read2,55% GC Reads,47430116
READ GC CONTENT,Read2,56% GC Reads,39596847
READ GC CONTENT,Read2,57% GC Reads,33172572
READ GC CONTENT,Read2,58% GC Reads,27851099
READ GC CONTENT,Read2,59% GC Reads,23639936
READ GC CONTENT,Read2,60% GC Reads,20202707
READ GC CONTENT,Read2,61% GC Reads,17354015
READ GC CONTENT,Read2,62% GC Reads,14942512
READ GC CONTENT,Read2,63% GC Reads,12835004
READ GC CONTENT,Read2,64% GC Reads,10943600
READ GC CONTENT,Read2,65% GC Reads,9236271
READ GC CONTENT,Read2,66% GC Reads,7688541
READ GC CONTENT,Read2,67% GC Reads,6287658
READ GC CONTENT,Read2,68% GC Reads,5076347
READ GC CONTENT,Read2,69% GC Reads,4077179
READ GC CONTENT,Read2,70% GC Reads,3264835
READ GC CONTENT,Read2,71% GC Reads,2643932
READ GC CONTENT,Read2,72% GC Reads,2151977
READ GC CONTENT,Read2,73% GC Reads,1767792
READ GC CONTENT,Read2,74% GC Reads,1451355
READ GC CONTENT,Read2,75% GC Reads,1235327
READ GC CONTENT,Read2,76% GC Reads,1023351
READ GC CONTENT,Read2,77% GC Reads,886224
READ GC CONTENT,Read2,78% GC Reads,748066
READ GC CONTENT,Read2,79% GC Reads,613994
READ GC CONTENT,Read2,80% GC Reads,491290
READ GC CONTENT,Read2,81% GC Reads,382718
READ GC CONTENT,Read2,82% GC Reads,302607
READ GC CONTENT,Read2,83% GC Reads,232053
READ GC CONTENT,Read2,84% GC Reads,180217
READ GC CONTENT,Read2,85% GC Reads,143784
READ GC CONTENT,Read2,86% GC Reads,125721
READ GC CONTENT,Read2,87% GC Reads,115101
READ GC CONTENT,Read2,88% GC Reads,111807
READ GC CONTENT,Read2,89% GC Reads,111374
READ GC CONTENT,Read2,90% GC Reads,111801
READ GC CONTENT,Read2,91% GC Reads,112256
READ GC CONTENT,Read2,92% GC Reads,114430
READ GC CONTENT,Read2,93% GC Reads,117715
READ GC CONTENT,Read2,94% GC Reads,124421
READ GC CONTENT,Read2,95% GC Reads,136701
READ GC CONTENT,Read2,96% GC Reads,176557
READ GC CONTENT,Read2,97% GC Reads,275457
READ GC CONTENT,Read2,98% GC Reads,516387
READ GC CONTENT,Read2,99% GC Reads,962438
READ GC CONTENT,Read2,100% GC Reads,3926880
READ GC CONTENT QUALITY,Read2,0% GC Reads Average Quality,39.27
READ GC CONTENT QUALITY,Read2,1% GC Reads Average Quality,39.16
READ GC CONTENT QUALITY,Read2,2% GC Reads Average Quality,39.16
READ GC CONTENT QUALITY,Read2,3% GC Reads Average Quality,39.19
READ GC CONTENT QUALITY,Read2,4% GC Reads Average Quality,39.16
READ GC CONTENT QUALITY,Read2,5% GC Reads Average Quality,39.14
READ GC CONTENT QUALITY,Read2,6% GC Reads Average Quality,39.16
READ GC CONTENT QUALITY,Read2,7% GC Reads Average Quality,39.19
READ GC CONTENT QUALITY,Read2,8% GC Reads Average Quality,39.29
READ GC CONTENT QUALITY,Read2,9% GC Reads Average Quality,39.31
READ GC CONTENT QUALITY,Read2,10% GC Reads Average Quality,39.30
READ GC CONTENT QUALITY,Read2,11% GC Reads Average Quality,39.31
READ GC CONTENT QUALITY,Read2,12% GC Reads Average Quality,39.29
READ GC CONTENT QUALITY,Read2,13% GC Reads Average Quality,39.26
READ GC CONTENT QUALITY,Read2,14% GC Reads Average Quality,39.20
READ GC CONTENT QUALITY,Read2,15% GC Reads Average Quality,39.13
READ GC CONTENT QUALITY,Read2,16% GC Reads Average Quality,39.11
READ GC CONTENT QUALITY,Read2,17% GC Reads Average Quality,39.14
READ GC CONTENT QUALITY,Read2,18% GC Reads Average Quality,39.19
READ GC CONTENT QUALITY,Read2,19% GC Reads Average Quality,39.21
READ GC CONTENT QUALITY,Read2,20% GC Reads Average Quality,39.20
READ GC CONTENT QUALITY,Read2,21% GC Reads Average Quality,39.18
READ GC CONTENT QUALITY,Read2,22% GC Reads Average Quality,39.15
READ GC CONTENT QUALITY,Read2,23% GC Reads Average Quality,39.13
READ GC CONTENT QUALITY,Read2,24% GC Reads Average Quality,39.11
READ GC CONTENT QUALITY,Read2,25% GC Reads Average Quality,39.08
READ GC CONTENT QUALITY,Read2,26% GC Reads Average Quality,39.06
READ GC CONTENT QUALITY,Read2,27% GC Reads Average Quality,39.04
READ GC CONTENT QUALITY,Read2,28% GC Reads Average Quality,39.02
READ GC CONTENT QUALITY,Read2,29% GC Reads Average Quality,38.99
READ GC CONTENT QUALITY,Read2,30% GC Reads Average Quality,38.96
READ GC CONTENT QUALITY,Read2,31% GC Reads Average Quality,38.94
READ GC CONTENT QUALITY,Read2,32% GC Reads Average Quality,38.92
READ GC CONTENT QUALITY,Read2,33% GC Reads Average Quality,38.89
READ GC CONTENT QUALITY,Read2,34% GC Reads Average Quality,38.88
READ GC CONTENT QUALITY,Read2,35% GC Reads Average Quality,38.86
READ GC CONTENT QUALITY,Read2,36% GC Reads Average Quality,38.85
READ GC CONTENT QUALITY,Read2,37% GC Reads Average Quality,38.83
READ GC CONTENT QUALITY,Read2,38% GC Reads Average Quality,38.80
READ GC CONTENT QUALITY,Read2,39% GC Reads Average Quality,38.76
READ GC CONTENT QUALITY,Read2,40% GC Reads Average Quality,38.71
READ GC CONTENT QUALITY,Read2,41% GC Reads Average Quality,38.67
READ GC CONTENT QUALITY,Read2,42% GC Reads Average Quality,38.62
READ GC CONTENT QUALITY,Read2,43% GC Reads Average Quality,38.57
READ GC CONTENT QUALITY,Read2,44% GC Reads Average Quality,38.53
READ GC CONTENT QUALITY,Read2,45% GC Reads Average Quality,38.50
READ GC CONTENT QUALITY,Read2,46% GC Reads Average Quality,38.47
READ GC CONTENT QUALITY,Read2,47% GC Reads Average Quality,38.46
READ GC CONTENT QUALITY,Read2,48% GC Reads Average Quality,38.46
READ GC CONTENT QUALITY,Read2,49% GC Reads Average Quality,38.46
READ GC CONTENT QUALITY,Read2,50% GC Reads Average Quality,38.48
READ GC CONTENT QUALITY,Read2,51% GC Reads Average Quality,38.50
READ GC CONTENT QUALITY,Read2,52% GC Reads Average Quality,38.51
READ GC CONTENT QUALITY,Read2,53% GC Reads Average Quality,38.50
READ GC CONTENT QUALITY,Read2,54% GC Reads Average Quality,38.47
READ GC CONTENT QUALITY,Read2,55% GC Reads Average Quality,38.43
READ GC CONTENT QUALITY,Read2,56% GC Reads Average Quality,38.38
READ GC CONTENT QUALITY,Read2,57% GC Reads Average Quality,38.34
READ GC CONTENT QUALITY,Read2,58% GC Reads Average Quality,38.30
READ GC CONTENT QUALITY,Read2,59% GC Reads Average Quality,38.26
READ GC CONTENT QUALITY,Read2,60% GC Reads Average Quality,38.23
READ GC CONTENT QUALITY,Read2,61% GC Reads Average Quality,38.18
READ GC CONTENT QUALITY,Read2,62% GC Reads Average Quality,38.13
READ GC CONTENT QUALITY,Read2,63% GC Reads Average Quality,38.08
READ GC CONTENT QUALITY,Read2,64% GC Reads Average Quality,38.01
READ GC CONTENT QUALITY,Read2,65% GC Reads Average Quality,37.92
READ GC CONTENT QUALITY,Read2,66% GC Reads Average Quality,37.82
READ GC CONTENT QUALITY,Read2,67% GC Reads Average Quality,37.68
READ GC CONTENT QUALITY,Read2,68% GC Reads Average Quality,37.51
READ GC CONTENT QUALITY,Read2,69% GC Reads Average Quality,37.30
READ GC CONTENT QUALITY,Read2,70% GC Reads Average Quality,37.07
READ GC CONTENT QUALITY,Read2,71% GC Reads Average Quality,36.82
READ GC CONTENT QUALITY,Read2,72% GC Reads Average Quality,36.56
READ GC CONTENT QUALITY,Read2,73% GC Reads Average Quality,36.27
READ GC CONTENT QUALITY,Read2,74% GC Reads Average Quality,35.93
READ GC CONTENT QUALITY,Read2,75% GC Reads Average Quality,35.63
READ GC CONTENT QUALITY,Read2,76% GC Reads Average Quality,35.29
READ GC CONTENT QUALITY,Read2,77% GC Reads Average Quality,35.03
READ GC CONTENT QUALITY,Read2,78% GC Reads Average Quality,34.69
READ GC CONTENT QUALITY,Read2,79% GC Reads Average Quality,34.20
READ GC CONTENT QUALITY,Read2,80% GC Reads Average Quality,33.53
READ GC CONTENT QUALITY,Read2,81% GC Reads Average Quality,32.61
READ GC CONTENT QUALITY,Read2,82% GC Reads Average Quality,31.58
READ GC CONTENT QUALITY,Read2,83% GC Reads Average Quality,30.07
READ GC CONTENT QUALITY,Read2,84% GC Reads Average Quality,28.16
READ GC CONTENT QUALITY,Read2,85% GC Reads Average Quality,26.00
READ GC CONTENT QUALITY,Read2,86% GC Reads Average Quality,24.46
READ GC CONTENT QUALITY,Read2,87% GC Reads Average Quality,23.40
READ GC CONTENT QUALITY,Read2,88% GC Reads Average Quality,22.98
READ GC CONTENT QUALITY,Read2,89% GC Reads Average Quality,22.98
READ GC CONTENT QUALITY,Read2,90% GC Reads Average Quality,23.10
READ GC CONTENT QUALITY,Read2,91% GC Reads Average Quality,23.25
READ GC CONTENT QUALITY,Read2,92% GC Reads Average Quality,23.47
READ GC CONTENT QUALITY,Read2,93% GC Reads Average Quality,23.70
READ GC CONTENT QUALITY,Read2,94% GC Reads Average Quality,23.98
READ GC CONTENT QUALITY,Read2,95% GC Reads Average Quality,24.28
READ GC CONTENT QUALITY,Read2,96% GC Reads Average Quality,24.75
READ GC CONTENT QUALITY,Read2,97% GC Reads Average Quality,25.59
READ GC CONTENT QUALITY,Read2,98% GC Reads Average Quality,26.87
READ GC CONTENT QUALITY,Read2,99% GC Reads Average Quality,27.79
READ GC CONTENT QUALITY,Read2,100% GC Reads Average Quality,31.76
SEQUENCE POSITIONS,Read2,'AGATCGGAAGAG' 1bp Starts,1
SEQUENCE POSITIONS,Read2,'AGATCGGAAGAG' 2bp Starts,7
SEQUENCE POSITIONS,Read2,'AGATCGGAAGAG' 4bp Starts,3
SEQUENCE POSITIONS,Read2,'AGATCGGAAGAG' 5bp Starts,19
SEQUENCE POSITIONS,Read2,'AGATCGGAAGAG' 6bp Starts,28
SEQUENCE POSITIONS,Read2,'AGATCGGAAGAG' 7bp Starts,13
SEQUENCE POSITIONS,Read2,'AGATCGGAAGAG' 8bp Starts,34
SEQUENCE POSITIONS,Read2,'AGATCGGAAGAG' 9bp Starts,44
SEQUENCE POSITIONS,Read2,'AGATCGGAAGAG' 10bp Starts,76
SEQUENCE POSITIONS,Read2,'AGATCGGAAGAG' 11bp Starts,21
SEQUENCE POSITIONS,Read2,'AGATCGGAAGAG' 12bp Starts,14
SEQUENCE POSITIONS,Read2,'AGATCGGAAGAG' 13bp Starts,11
SEQUENCE POSITIONS,Read2,'AGATCGGAAGAG' 14bp Starts,39
SEQUENCE POSITIONS,Read2,'AGATCGGAAGAG' 15bp Starts,27
SEQUENCE POSITIONS,Read2,'AGATCGGAAGAG' 16bp Starts,25
SEQUENCE POSITIONS,Read2,'AGATCGGAAGAG' 17bp Starts,32
SEQUENCE POSITIONS,Read2,'AGATCGGAAGAG' 18bp Starts,14
SEQUENCE POSITIONS,Read2,'AGATCGGAAGAG' 19bp Starts,34
SEQUENCE POSITIONS,Read2,'AGATCGGAAGAG' 20bp Starts,22
SEQUENCE POSITIONS,Read2,'AGATCGGAAGAG' 21bp Starts,37
SEQUENCE POSITIONS,Read2,'AGATCGGAAGAG' 22bp Starts,20
SEQUENCE POSITIONS,Read2,'AGATCGGAAGAG' 23bp Starts,30
SEQUENCE POSITIONS,Read2,'AGATCGGAAGAG' 24bp Starts,40
SEQUENCE POSITIONS,Read2,'AGATCGGAAGAG' 25bp Starts,20
SEQUENCE POSITIONS,Read2,'AGATCGGAAGAG' 26bp Starts,44
SEQUENCE POSITIONS,Read2,'AGATCGGAAGAG' 27bp Starts,20
SEQUENCE POSITIONS,Read2,'AGATCGGAAGAG' 28bp Starts,40
SEQUENCE POSITIONS,Read2,'AGATCGGAAGAG' 29bp Starts,14
SEQUENCE POSITIONS,Read2,'AGATCGGAAGAG' 30bp Starts,37
SEQUENCE POSITIONS,Read2,'AGATCGGAAGAG' 31bp Starts,28
SEQUENCE POSITIONS,Read2,'AGATCGGAAGAG' 32bp Starts,16
SEQUENCE POSITIONS,Read2,'AGATCGGAAGAG' 33bp Starts,27
SEQUENCE POSITIONS,Read2,'AGATCGGAAGAG' 34bp Starts,19
SEQUENCE POSITIONS,Read2,'AGATCGGAAGAG' 35bp Starts,57
SEQUENCE POSITIONS,Read2,'AGATCGGAAGAG' 36bp Starts,37
SEQUENCE POSITIONS,Read2,'AGATCGGAAGAG' 37bp Starts,45
SEQUENCE POSITIONS,Read2,'AGATCGGAAGAG' 38bp Starts,50
SEQUENCE POSITIONS,Read2,'AGATCGGAAGAG' 39bp Starts,21
SEQUENCE POSITIONS,Read2,'AGATCGGAAGAG' 40bp Starts,70
SEQUENCE POSITIONS,Read2,'AGATCGGAAGAG' 41bp Starts,14
SEQUENCE POSITIONS,Read2,'AGATCGGAAGAG' 42bp Starts,17
SEQUENCE POSITIONS,Read2,'AGATCGGAAGAG' 43bp Starts,50
SEQUENCE POSITIONS,Read2,'AGATCGGAAGAG' 44bp Starts,24
SEQUENCE POSITIONS,Read2,'AGATCGGAAGAG' 45bp Starts,26
SEQUENCE POSITIONS,Read2,'AGATCGGAAGAG' 46bp Starts,19
SEQUENCE POSITIONS,Read2,'AGATCGGAAGAG' 47bp Starts,65
SEQUENCE POSITIONS,Read2,'AGATCGGAAGAG' 48bp Starts,12
SEQUENCE POSITIONS,Read2,'AGATCGGAAGAG' 49bp Starts,50
SEQUENCE POSITIONS,Read2,'AGATCGGAAGAG' 50bp Starts,29
SEQUENCE POSITIONS,Read2,'AGATCGGAAGAG' 51bp Starts,15
SEQUENCE POSITIONS,Read2,'AGATCGGAAGAG' 52bp Starts,26
SEQUENCE POSITIONS,Read2,'AGATCGGAAGAG' 53bp Starts,54
SEQUENCE POSITIONS,Read2,'AGATCGGAAGAG' 54bp Starts,26
SEQUENCE POSITIONS,Read2,'AGATCGGAAGAG' 55bp Starts,46
SEQUENCE POSITIONS,Read2,'AGATCGGAAGAG' 56bp Starts,47
SEQUENCE POSITIONS,Read2,'AGATCGGAAGAG' 57bp Starts,46
SEQUENCE POSITIONS,Read2,'AGATCGGAAGAG' 58bp Starts,21
SEQUENCE POSITIONS,Read2,'AGATCGGAAGAG' 59bp Starts,24
SEQUENCE POSITIONS,Read2,'AGATCGGAAGAG' 60bp Starts,22
SEQUENCE POSITIONS,Read2,'AGATCGGAAGAG' 61bp Starts,43
SEQUENCE POSITIONS,Read2,'AGATCGGAAGAG' 62bp Starts,45
SEQUENCE POSITIONS,Read2,'AGATCGGAAGAG' 63bp Starts,22
SEQUENCE POSITIONS,Read2,'AGATCGGAAGAG' 64bp Starts,16
SEQUENCE POSITIONS,Read2,'AGATCGGAAGAG' 65bp Starts,23
SEQUENCE POSITIONS,Read2,'AGATCGGAAGAG' 66bp Starts,32
SEQUENCE POSITIONS,Read2,'AGATCGGAAGAG' 67bp Starts,30
SEQUENCE POSITIONS,Read2,'AGATCGGAAGAG' 68bp Starts,31
SEQUENCE POSITIONS,Read2,'AGATCGGAAGAG' 69bp Starts,31
SEQUENCE POSITIONS,Read2,'AGATCGGAAGAG' 70bp Starts,16
SEQUENCE POSITIONS,Read2,'AGATCGGAAGAG' 71bp Starts,73
SEQUENCE POSITIONS,Read2,'AGATCGGAAGAG' 72bp Starts,28
SEQUENCE POSITIONS,Read2,'AGATCGGAAGAG' 73bp Starts,27
SEQUENCE POSITIONS,Read2,'AGATCGGAAGAG' 74bp Starts,30
SEQUENCE POSITIONS,Read2,'AGATCGGAAGAG' 75bp Starts,44
SEQUENCE POSITIONS,Read2,'AGATCGGAAGAG' 76bp Starts,21
SEQUENCE POSITIONS,Read2,'AGATCGGAAGAG' 77bp Starts,27
SEQUENCE POSITIONS,Read2,'AGATCGGAAGAG' 78bp Starts,53
SEQUENCE POSITIONS,Read2,'AGATCGGAAGAG' 79bp Starts,32
SEQUENCE POSITIONS,Read2,'AGATCGGAAGAG' 80bp Starts,29
SEQUENCE POSITIONS,Read2,'AGATCGGAAGAG' 81bp Starts,51
SEQUENCE POSITIONS,Read2,'AGATCGGAAGAG' 82bp Starts,34
SEQUENCE POSITIONS,Read2,'AGATCGGAAGAG' 83bp Starts,17
SEQUENCE POSITIONS,Read2,'AGATCGGAAGAG' 84bp Starts,28
SEQUENCE POSITIONS,Read2,'AGATCGGAAGAG' 85bp Starts,47
SEQUENCE POSITIONS,Read2,'AGATCGGAAGAG' 86bp Starts,44
SEQUENCE POSITIONS,Read2,'AGATCGGAAGAG' 87bp Starts,24
SEQUENCE POSITIONS,Read2,'AGATCGGAAGAG' 88bp Starts,52
SEQUENCE POSITIONS,Read2,'AGATCGGAAGAG' 89bp Starts,34
SEQUENCE POSITIONS,Read2,'AGATCGGAAGAG' 90bp Starts,37
SEQUENCE POSITIONS,Read2,'AGATCGGAAGAG' 91bp Starts,29
SEQUENCE POSITIONS,Read2,'AGATCGGAAGAG' 92bp Starts,38
SEQUENCE POSITIONS,Read2,'AGATCGGAAGAG' 93bp Starts,37
SEQUENCE POSITIONS,Read2,'AGATCGGAAGAG' 94bp Starts,22
SEQUENCE POSITIONS,Read2,'AGATCGGAAGAG' 95bp Starts,63
SEQUENCE POSITIONS,Read2,'AGATCGGAAGAG' 96bp Starts,29
SEQUENCE POSITIONS,Read2,'AGATCGGAAGAG' 97bp Starts,46
SEQUENCE POSITIONS,Read2,'AGATCGGAAGAG' 98bp Starts,30
SEQUENCE POSITIONS,Read2,'AGATCGGAAGAG' 99bp Starts,26
SEQUENCE POSITIONS,Read2,'AGATCGGAAGAG' 100bp Starts,34
SEQUENCE POSITIONS,Read2,'AGATCGGAAGAG' 101bp Starts,12
SEQUENCE POSITIONS,Read2,'AGATCGGAAGAG' 102bp Starts,18
SEQUENCE POSITIONS,Read2,'AGATCGGAAGAG' 103bp Starts,36
SEQUENCE POSITIONS,Read2,'AGATCGGAAGAG' 104bp Starts,27
SEQUENCE POSITIONS,Read2,'AGATCGGAAGAG' 105bp Starts,24
SEQUENCE POSITIONS,Read2,'AGATCGGAAGAG' 106bp Starts,30
SEQUENCE POSITIONS,Read2,'AGATCGGAAGAG' 107bp Starts,41
SEQUENCE POSITIONS,Read2,'AGATCGGAAGAG' 108bp Starts,29
SEQUENCE POSITIONS,Read2,'AGATCGGAAGAG' 109bp Starts,41
SEQUENCE POSITIONS,Read2,'AGATCGGAAGAG' 110bp Starts,9
SEQUENCE POSITIONS,Read2,'AGATCGGAAGAG' 111bp Starts,48
SEQUENCE POSITIONS,Read2,'AGATCGGAAGAG' 112bp Starts,36
SEQUENCE POSITIONS,Read2,'AGATCGGAAGAG' 113bp Starts,48
SEQUENCE POSITIONS,Read2,'AGATCGGAAGAG' 114bp Starts,21
SEQUENCE POSITIONS,Read2,'AGATCGGAAGAG' 115bp Starts,23
SEQUENCE POSITIONS,Read2,'AGATCGGAAGAG' 116bp Starts,19
SEQUENCE POSITIONS,Read2,'AGATCGGAAGAG' 117bp Starts,34
SEQUENCE POSITIONS,Read2,'AGATCGGAAGAG' 118bp Starts,47
SEQUENCE POSITIONS,Read2,'AGATCGGAAGAG' 119bp Starts,59
SEQUENCE POSITIONS,Read2,'AGATCGGAAGAG' 120bp Starts,52
SEQUENCE POSITIONS,Read2,'AGATCGGAAGAG' 121bp Starts,22
SEQUENCE POSITIONS,Read2,'AGATCGGAAGAG' 122bp Starts,37
SEQUENCE POSITIONS,Read2,'AGATCGGAAGAG' 123bp Starts,47
SEQUENCE POSITIONS,Read2,'AGATCGGAAGAG' 124bp Starts,24
SEQUENCE POSITIONS,Read2,'AGATCGGAAGAG' 125bp Starts,52
SEQUENCE POSITIONS,Read2,'AGATCGGAAGAG' 126bp Starts,35
SEQUENCE POSITIONS,Read2,'AGATCGGAAGAG' 127bp Starts,49
SEQUENCE POSITIONS,Read2,'AGATCGGAAGAG' 128bp Starts,34
SEQUENCE POSITIONS,Read2,'AGATCGGAAGAG' 129bp Starts,26
SEQUENCE POSITIONS,Read2,'AGATCGGAAGAG' 130bp Starts,49
SEQUENCE POSITIONS,Read2,'AGATCGGAAGAG' 131bp Starts,22
SEQUENCE POSITIONS,Read2,'AGATCGGAAGAG' 132bp Starts,34
SEQUENCE POSITIONS,Read2,'AGATCGGAAGAG' 133bp Starts,44
SEQUENCE POSITIONS,Read2,'AGATCGGAAGAG' 134bp Starts,33
SEQUENCE POSITIONS,Read2,'AGATCGGAAGAG' 135bp Starts,19
SEQUENCE POSITIONS,Read2,'AGATCGGAAGAG' 136bp Starts,41
SEQUENCE POSITIONS,Read2,'AGATCGGAAGAG' 137bp Starts,21
SEQUENCE POSITIONS,Read2,'AGATCGGAAGAG' 138bp Starts,1
SEQUENCE POSITIONS,Read2,'AGATCGGAAGAG' Total Sequence Starts,4388,0.00
SEQUENCE POSITIONS,Read2,'TGGAATTCTCGG' 2bp Starts,36
SEQUENCE POSITIONS,Read2,'TGGAATTCTCGG' 3bp Starts,5
SEQUENCE POSITIONS,Read2,'TGGAATTCTCGG' 4bp Starts,36
SEQUENCE POSITIONS,Read2,'TGGAATTCTCGG' 5bp Starts,56
SEQUENCE POSITIONS,Read2,'TGGAATTCTCGG' 6bp Starts,9
SEQUENCE POSITIONS,Read2,'TGGAATTCTCGG' 7bp Starts,10
SEQUENCE POSITIONS,Read2,'TGGAATTCTCGG' 8bp Starts,7
SEQUENCE POSITIONS,Read2,'TGGAATTCTCGG' 9bp Starts,3
SEQUENCE POSITIONS,Read2,'TGGAATTCTCGG' 10bp Starts,29
SEQUENCE POSITIONS,Read2,'TGGAATTCTCGG' 11bp Starts,49
SEQUENCE POSITIONS,Read2,'TGGAATTCTCGG' 12bp Starts,84
SEQUENCE POSITIONS,Read2,'TGGAATTCTCGG' 13bp Starts,31
SEQUENCE POSITIONS,Read2,'TGGAATTCTCGG' 14bp Starts,51
SEQUENCE POSITIONS,Read2,'TGGAATTCTCGG' 15bp Starts,34
SEQUENCE POSITIONS,Read2,'TGGAATTCTCGG' 16bp Starts,27
SEQUENCE POSITIONS,Read2,'TGGAATTCTCGG' 17bp Starts,27
SEQUENCE POSITIONS,Read2,'TGGAATTCTCGG' 18bp Starts,29
SEQUENCE POSITIONS,Read2,'TGGAATTCTCGG' 19bp Starts,36
SEQUENCE POSITIONS,Read2,'TGGAATTCTCGG' 20bp Starts,135
SEQUENCE POSITIONS,Read2,'TGGAATTCTCGG' 21bp Starts,56
SEQUENCE POSITIONS,Read2,'TGGAATTCTCGG' 22bp Starts,54
SEQUENCE POSITIONS,Read2,'TGGAATTCTCGG' 23bp Starts,51
SEQUENCE POSITIONS,Read2,'TGGAATTCTCGG' 24bp Starts,38
SEQUENCE POSITIONS,Read2,'TGGAATTCTCGG' 25bp Starts,71
SEQUENCE POSITIONS,Read2,'TGGAATTCTCGG' 26bp Starts,41
SEQUENCE POSITIONS,Read2,'TGGAATTCTCGG' 27bp Starts,37
SEQUENCE POSITIONS,Read2,'TGGAATTCTCGG' 28bp Starts,50
SEQUENCE POSITIONS,Read2,'TGGAATTCTCGG' 29bp Starts,42
SEQUENCE POSITIONS,Read2,'TGGAATTCTCGG' 30bp Starts,52
SEQUENCE POSITIONS,Read2,'TGGAATTCTCGG' 31bp Starts,54
SEQUENCE POSITIONS,Read2,'TGGAATTCTCGG' 32bp Starts,34
SEQUENCE POSITIONS,Read2,'TGGAATTCTCGG' 33bp Starts,29
SEQUENCE POSITIONS,Read2,'TGGAATTCTCGG' 34bp Starts,25
SEQUENCE POSITIONS,Read2,'TGGAATTCTCGG' 35bp Starts,32
SEQUENCE POSITIONS,Read2,'TGGAATTCTCGG' 36bp Starts,47
SEQUENCE POSITIONS,Read2,'TGGAATTCTCGG' 37bp Starts,149
SEQUENCE POSITIONS,Read2,'TGGAATTCTCGG' 38bp Starts,24
SEQUENCE POSITIONS,Read2,'TGGAATTCTCGG' 39bp Starts,77
SEQUENCE POSITIONS,Read2,'TGGAATTCTCGG' 40bp Starts,19
SEQUENCE POSITIONS,Read2,'TGGAATTCTCGG' 41bp Starts,28
SEQUENCE POSITIONS,Read2,'TGGAATTCTCGG' 42bp Starts,40
SEQUENCE POSITIONS,Read2,'TGGAATTCTCGG' 43bp Starts,27
SEQUENCE POSITIONS,Read2,'TGGAATTCTCGG' 44bp Starts,47
SEQUENCE POSITIONS,Read2,'TGGAATTCTCGG' 45bp Starts,25
SEQUENCE POSITIONS,Read2,'TGGAATTCTCGG' 46bp Starts,73
SEQUENCE POSITIONS,Read2,'TGGAATTCTCGG' 47bp Starts,32
SEQUENCE POSITIONS,Read2,'TGGAATTCTCGG' 48bp Starts,50
SEQUENCE POSITIONS,Read2,'TGGAATTCTCGG' 49bp Starts,30
SEQUENCE POSITIONS,Read2,'TGGAATTCTCGG' 50bp Starts,50
SEQUENCE POSITIONS,Read2,'TGGAATTCTCGG' 51bp Starts,54
SEQUENCE POSITIONS,Read2,'TGGAATTCTCGG' 52bp Starts,66
SEQUENCE POSITIONS,Read2,'TGGAATTCTCGG' 53bp Starts,44
SEQUENCE POSITIONS,Read2,'TGGAATTCTCGG' 54bp Starts,58
SEQUENCE POSITIONS,Read2,'TGGAATTCTCGG' 55bp Starts,41
SEQUENCE POSITIONS,Read2,'TGGAATTCTCGG' 56bp Starts,28
SEQUENCE POSITIONS,Read2,'TGGAATTCTCGG' 57bp Starts,14
SEQUENCE POSITIONS,Read2,'TGGAATTCTCGG' 58bp Starts,39
SEQUENCE POSITIONS,Read2,'TGGAATTCTCGG' 59bp Starts,53
SEQUENCE POSITIONS,Read2,'TGGAATTCTCGG' 60bp Starts,47
SEQUENCE POSITIONS,Read2,'TGGAATTCTCGG' 61bp Starts,28
SEQUENCE POSITIONS,Read2,'TGGAATTCTCGG' 62bp Starts,44
SEQUENCE POSITIONS,Read2,'TGGAATTCTCGG' 63bp Starts,40
SEQUENCE POSITIONS,Read2,'TGGAATTCTCGG' 64bp Starts,50
SEQUENCE POSITIONS,Read2,'TGGAATTCTCGG' 65bp Starts,59
SEQUENCE POSITIONS,Read2,'TGGAATTCTCGG' 66bp Starts,42
SEQUENCE POSITIONS,Read2,'TGGAATTCTCGG' 67bp Starts,28
SEQUENCE POSITIONS,Read2,'TGGAATTCTCGG' 68bp Starts,56
SEQUENCE POSITIONS,Read2,'TGGAATTCTCGG' 69bp Starts,31
SEQUENCE POSITIONS,Read2,'TGGAATTCTCGG' 70bp Starts,47
SEQUENCE POSITIONS,Read2,'TGGAATTCTCGG' 71bp Starts,42
SEQUENCE POSITIONS,Read2,'TGGAATTCTCGG' 72bp Starts,51
SEQUENCE POSITIONS,Read2,'TGGAATTCTCGG' 73bp Starts,93
SEQUENCE POSITIONS,Read2,'TGGAATTCTCGG' 74bp Starts,52
SEQUENCE POSITIONS,Read2,'TGGAATTCTCGG' 75bp Starts,39
SEQUENCE POSITIONS,Read2,'TGGAATTCTCGG' 76bp Starts,33
SEQUENCE POSITIONS,Read2,'TGGAATTCTCGG' 77bp Starts,22
SEQUENCE POSITIONS,Read2,'TGGAATTCTCGG' 78bp Starts,56
SEQUENCE POSITIONS,Read2,'TGGAATTCTCGG' 79bp Starts,49
SEQUENCE POSITIONS,Read2,'TGGAATTCTCGG' 80bp Starts,39
SEQUENCE POSITIONS,Read2,'TGGAATTCTCGG' 81bp Starts,33
SEQUENCE POSITIONS,Read2,'TGGAATTCTCGG' 82bp Starts,35
SEQUENCE POSITIONS,Read2,'TGGAATTCTCGG' 83bp Starts,37
SEQUENCE POSITIONS,Read2,'TGGAATTCTCGG' 84bp Starts,43
SEQUENCE POSITIONS,Read2,'TGGAATTCTCGG' 85bp Starts,47
SEQUENCE POSITIONS,Read2,'TGGAATTCTCGG' 86bp Starts,64
SEQUENCE POSITIONS,Read2,'TGGAATTCTCGG' 87bp Starts,52
SEQUENCE POSITIONS,Read2,'TGGAATTCTCGG' 88bp Starts,37
SEQUENCE POSITIONS,Read2,'TGGAATTCTCGG' 89bp Starts,54
SEQUENCE POSITIONS,Read2,'TGGAATTCTCGG' 90bp Starts,47
SEQUENCE POSITIONS,Read2,'TGGAATTCTCGG' 91bp Starts,35
SEQUENCE POSITIONS,Read2,'TGGAATTCTCGG' 92bp Starts,88
SEQUENCE POSITIONS,Read2,'TGGAATTCTCGG' 93bp Starts,50
SEQUENCE POSITIONS,Read2,'TGGAATTCTCGG' 94bp Starts,50
SEQUENCE POSITIONS,Read2,'TGGAATTCTCGG' 95bp Starts,106
SEQUENCE POSITIONS,Read2,'TGGAATTCTCGG' 96bp Starts,49
SEQUENCE POSITIONS,Read2,'TGGAATTCTCGG' 97bp Starts,67
SEQUENCE POSITIONS,Read2,'TGGAATTCTCGG' 98bp Starts,24
SEQUENCE POSITIONS,Read2,'TGGAATTCTCGG' 99bp Starts,37
SEQUENCE POSITIONS,Read2,'TGGAATTCTCGG' 100bp Starts,51
SEQUENCE POSITIONS,Read2,'TGGAATTCTCGG' 101bp Starts,31
SEQUENCE POSITIONS,Read2,'TGGAATTCTCGG' 102bp Starts,36
SEQUENCE POSITIONS,Read2,'TGGAATTCTCGG' 103bp Starts,57
SEQUENCE POSITIONS,Read2,'TGGAATTCTCGG' 104bp Starts,76
SEQUENCE POSITIONS,Read2,'TGGAATTCTCGG' 105bp Starts,91
SEQUENCE POSITIONS,Read2,'TGGAATTCTCGG' 106bp Starts,72
SEQUENCE POSITIONS,Read2,'TGGAATTCTCGG' 107bp Starts,50
SEQUENCE POSITIONS,Read2,'TGGAATTCTCGG' 108bp Starts,21
SEQUENCE POSITIONS,Read2,'TGGAATTCTCGG' 109bp Starts,50
SEQUENCE POSITIONS,Read2,'TGGAATTCTCGG' 110bp Starts,30
SEQUENCE POSITIONS,Read2,'TGGAATTCTCGG' 111bp Starts,50
SEQUENCE POSITIONS,Read2,'TGGAATTCTCGG' 112bp Starts,50
SEQUENCE POSITIONS,Read2,'TGGAATTCTCGG' 113bp Starts,36
SEQUENCE POSITIONS,Read2,'TGGAATTCTCGG' 114bp Starts,38
SEQUENCE POSITIONS,Read2,'TGGAATTCTCGG' 115bp Starts,49
SEQUENCE POSITIONS,Read2,'TGGAATTCTCGG' 116bp Starts,41
SEQUENCE POSITIONS,Read2,'TGGAATTCTCGG' 117bp Starts,74
SEQUENCE POSITIONS,Read2,'TGGAATTCTCGG' 118bp Starts,29
SEQUENCE POSITIONS,Read2,'TGGAATTCTCGG' 119bp Starts,48
SEQUENCE POSITIONS,Read2,'TGGAATTCTCGG' 120bp Starts,29
SEQUENCE POSITIONS,Read2,'TGGAATTCTCGG' 121bp Starts,36
SEQUENCE POSITIONS,Read2,'TGGAATTCTCGG' 122bp Starts,85
SEQUENCE POSITIONS,Read2,'TGGAATTCTCGG' 123bp Starts,24
SEQUENCE POSITIONS,Read2,'TGGAATTCTCGG' 124bp Starts,30
SEQUENCE POSITIONS,Read2,'TGGAATTCTCGG' 125bp Starts,56
SEQUENCE POSITIONS,Read2,'TGGAATTCTCGG' 126bp Starts,66
SEQUENCE POSITIONS,Read2,'TGGAATTCTCGG' 127bp Starts,46
SEQUENCE POSITIONS,Read2,'TGGAATTCTCGG' 128bp Starts,44
SEQUENCE POSITIONS,Read2,'TGGAATTCTCGG' 129bp Starts,40
SEQUENCE POSITIONS,Read2,'TGGAATTCTCGG' 130bp Starts,22
SEQUENCE POSITIONS,Read2,'TGGAATTCTCGG' 131bp Starts,32
SEQUENCE POSITIONS,Read2,'TGGAATTCTCGG' 132bp Starts,100
SEQUENCE POSITIONS,Read2,'TGGAATTCTCGG' 133bp Starts,50
SEQUENCE POSITIONS,Read2,'TGGAATTCTCGG' 134bp Starts,52
SEQUENCE POSITIONS,Read2,'TGGAATTCTCGG' 135bp Starts,54
SEQUENCE POSITIONS,Read2,'TGGAATTCTCGG' 136bp Starts,65
SEQUENCE POSITIONS,Read2,'TGGAATTCTCGG' 137bp Starts,30
SEQUENCE POSITIONS,Read2,'TGGAATTCTCGG' 138bp Starts,39
SEQUENCE POSITIONS,Read2,'TGGAATTCTCGG' 139bp Starts,38
SEQUENCE POSITIONS,Read2,'TGGAATTCTCGG' 140bp Starts,37
SEQUENCE POSITIONS,Read2,'TGGAATTCTCGG' Total Sequence Starts,6333,0.00
SEQUENCE POSITIONS,Read2,'GATCGTCGGACT' 6bp Starts,3
SEQUENCE POSITIONS,Read2,'GATCGTCGGACT' 7bp Starts,7
SEQUENCE POSITIONS,Read2,'GATCGTCGGACT' 8bp Starts,6
SEQUENCE POSITIONS,Read2,'GATCGTCGGACT' 11bp Starts,3
SEQUENCE POSITIONS,Read2,'GATCGTCGGACT' 12bp Starts,1
SEQUENCE POSITIONS,Read2,'GATCGTCGGACT' 14bp Starts,2
SEQUENCE POSITIONS,Read2,'GATCGTCGGACT' 15bp Starts,4
SEQUENCE POSITIONS,Read2,'GATCGTCGGACT' 16bp Starts,2
SEQUENCE POSITIONS,Read2,'GATCGTCGGACT' 18bp Starts,2
SEQUENCE POSITIONS,Read2,'GATCGTCGGACT' 23bp Starts,1
SEQUENCE POSITIONS,Read2,'GATCGTCGGACT' 24bp Starts,1
SEQUENCE POSITIONS,Read2,'GATCGTCGGACT' 25bp Starts,3
SEQUENCE POSITIONS,Read2,'GATCGTCGGACT' 26bp Starts,1
SEQUENCE POSITIONS,Read2,'GATCGTCGGACT' 27bp Starts,1
SEQUENCE POSITIONS,Read2,'GATCGTCGGACT' 29bp Starts,2
SEQUENCE POSITIONS,Read2,'GATCGTCGGACT' 32bp Starts,1
SEQUENCE POSITIONS,Read2,'GATCGTCGGACT' 33bp Starts,1
SEQUENCE POSITIONS,Read2,'GATCGTCGGACT' 37bp Starts,2
SEQUENCE POSITIONS,Read2,'GATCGTCGGACT' 38bp Starts,1
SEQUENCE POSITIONS,Read2,'GATCGTCGGACT' 40bp Starts,2
SEQUENCE POSITIONS,Read2,'GATCGTCGGACT' 42bp Starts,2
SEQUENCE POSITIONS,Read2,'GATCGTCGGACT' 43bp Starts,2
SEQUENCE POSITIONS,Read2,'GATCGTCGGACT' 46bp Starts,4
SEQUENCE POSITIONS,Read2,'GATCGTCGGACT' 48bp Starts,6
SEQUENCE POSITIONS,Read2,'GATCGTCGGACT' 50bp Starts,2
SEQUENCE POSITIONS,Read2,'GATCGTCGGACT' 55bp Starts,1
SEQUENCE POSITIONS,Read2,'GATCGTCGGACT' 57bp Starts,6
SEQUENCE POSITIONS,Read2,'GATCGTCGGACT' 58bp Starts,4
SEQUENCE POSITIONS,Read2,'GATCGTCGGACT' 60bp Starts,5
SEQUENCE POSITIONS,Read2,'GATCGTCGGACT' 62bp Starts,3
SEQUENCE POSITIONS,Read2,'GATCGTCGGACT' 64bp Starts,1
SEQUENCE POSITIONS,Read2,'GATCGTCGGACT' 65bp Starts,4
SEQUENCE POSITIONS,Read2,'GATCGTCGGACT' 66bp Starts,1
SEQUENCE POSITIONS,Read2,'GATCGTCGGACT' 67bp Starts,6
SEQUENCE POSITIONS,Read2,'GATCGTCGGACT' 78bp Starts,2
SEQUENCE POSITIONS,Read2,'GATCGTCGGACT' 80bp Starts,1
SEQUENCE POSITIONS,Read2,'GATCGTCGGACT' 81bp Starts,1
SEQUENCE POSITIONS,Read2,'GATCGTCGGACT' 83bp Starts,1
SEQUENCE POSITIONS,Read2,'GATCGTCGGACT' 84bp Starts,10
SEQUENCE POSITIONS,Read2,'GATCGTCGGACT' 85bp Starts,2
SEQUENCE POSITIONS,Read2,'GATCGTCGGACT' 90bp Starts,5
SEQUENCE POSITIONS,Read2,'GATCGTCGGACT' 91bp Starts,7
SEQUENCE POSITIONS,Read2,'GATCGTCGGACT' 93bp Starts,1
SEQUENCE POSITIONS,Read2,'GATCGTCGGACT' 94bp Starts,15
SEQUENCE POSITIONS,Read2,'GATCGTCGGACT' 95bp Starts,2
SEQUENCE POSITIONS,Read2,'GATCGTCGGACT' 96bp Starts,2
SEQUENCE POSITIONS,Read2,'GATCGTCGGACT' 98bp Starts,1
SEQUENCE POSITIONS,Read2,'GATCGTCGGACT' 99bp Starts,1
SEQUENCE POSITIONS,Read2,'GATCGTCGGACT' 100bp Starts,8
SEQUENCE POSITIONS,Read2,'GATCGTCGGACT' 101bp Starts,12
SEQUENCE POSITIONS,Read2,'GATCGTCGGACT' 102bp Starts,1
SEQUENCE POSITIONS,Read2,'GATCGTCGGACT' 104bp Starts,1
SEQUENCE POSITIONS,Read2,'GATCGTCGGACT' 105bp Starts,1
SEQUENCE POSITIONS,Read2,'GATCGTCGGACT' 109bp Starts,1
SEQUENCE POSITIONS,Read2,'GATCGTCGGACT' 110bp Starts,2
SEQUENCE POSITIONS,Read2,'GATCGTCGGACT' 111bp Starts,27
SEQUENCE POSITIONS,Read2,'GATCGTCGGACT' 112bp Starts,4
SEQUENCE POSITIONS,Read2,'GATCGTCGGACT' 114bp Starts,2
SEQUENCE POSITIONS,Read2,'GATCGTCGGACT' 117bp Starts,1
SEQUENCE POSITIONS,Read2,'GATCGTCGGACT' 119bp Starts,1
SEQUENCE POSITIONS,Read2,'GATCGTCGGACT' 120bp Starts,3
SEQUENCE POSITIONS,Read2,'GATCGTCGGACT' 121bp Starts,1
SEQUENCE POSITIONS,Read2,'GATCGTCGGACT' 122bp Starts,2
SEQUENCE POSITIONS,Read2,'GATCGTCGGACT' 124bp Starts,1
SEQUENCE POSITIONS,Read2,'GATCGTCGGACT' 126bp Starts,2
SEQUENCE POSITIONS,Read2,'GATCGTCGGACT' 128bp Starts,2
SEQUENCE POSITIONS,Read2,'GATCGTCGGACT' 129bp Starts,1
SEQUENCE POSITIONS,Read2,'GATCGTCGGACT' 130bp Starts,1
SEQUENCE POSITIONS,Read2,'GATCGTCGGACT' 131bp Starts,1
SEQUENCE POSITIONS,Read2,'GATCGTCGGACT' 132bp Starts,5
SEQUENCE POSITIONS,Read2,'GATCGTCGGACT' 133bp Starts,1
SEQUENCE POSITIONS,Read2,'GATCGTCGGACT' 134bp Starts,1
SEQUENCE POSITIONS,Read2,'GATCGTCGGACT' 137bp Starts,1
SEQUENCE POSITIONS,Read2,'GATCGTCGGACT' 138bp Starts,1
SEQUENCE POSITIONS,Read2,'GATCGTCGGACT' 139bp Starts,5
SEQUENCE POSITIONS,Read2,'GATCGTCGGACT' 140bp Starts,4
SEQUENCE POSITIONS,Read2,'GATCGTCGGACT' Total Sequence Starts,237,0.00
SEQUENCE POSITIONS,Read2,'CTGTCTCTTATA' 1bp Starts,16
SEQUENCE POSITIONS,Read2,'CTGTCTCTTATA' 2bp Starts,69
SEQUENCE POSITIONS,Read2,'CTGTCTCTTATA' 3bp Starts,200
SEQUENCE POSITIONS,Read2,'CTGTCTCTTATA' 4bp Starts,563
SEQUENCE POSITIONS,Read2,'CTGTCTCTTATA' 5bp Starts,113
SEQUENCE POSITIONS,Read2,'CTGTCTCTTATA' 6bp Starts,71
SEQUENCE POSITIONS,Read2,'CTGTCTCTTATA' 7bp Starts,316
SEQUENCE POSITIONS,Read2,'CTGTCTCTTATA' 8bp Starts,131
SEQUENCE POSITIONS,Read2,'CTGTCTCTTATA' 9bp Starts,1366
SEQUENCE POSITIONS,Read2,'CTGTCTCTTATA' 10bp Starts,260
SEQUENCE POSITIONS,Read2,'CTGTCTCTTATA' 11bp Starts,434
SEQUENCE POSITIONS,Read2,'CTGTCTCTTATA' 12bp Starts,150
SEQUENCE POSITIONS,Read2,'CTGTCTCTTATA' 13bp Starts,307
SEQUENCE POSITIONS,Read2,'CTGTCTCTTATA' 14bp Starts,349
SEQUENCE POSITIONS,Read2,'CTGTCTCTTATA' 15bp Starts,258
SEQUENCE POSITIONS,Read2,'CTGTCTCTTATA' 16bp Starts,243
SEQUENCE POSITIONS,Read2,'CTGTCTCTTATA' 17bp Starts,258
SEQUENCE POSITIONS,Read2,'CTGTCTCTTATA' 18bp Starts,269
SEQUENCE POSITIONS,Read2,'CTGTCTCTTATA' 19bp Starts,389
SEQUENCE POSITIONS,Read2,'CTGTCTCTTATA' 20bp Starts,298
SEQUENCE POSITIONS,Read2,'CTGTCTCTTATA' 21bp Starts,364
SEQUENCE POSITIONS,Read2,'CTGTCTCTTATA' 22bp Starts,288
SEQUENCE POSITIONS,Read2,'CTGTCTCTTATA' 23bp Starts,429
SEQUENCE POSITIONS,Read2,'CTGTCTCTTATA' 24bp Starts,515
SEQUENCE POSITIONS,Read2,'CTGTCTCTTATA' 25bp Starts,440
SEQUENCE POSITIONS,Read2,'CTGTCTCTTATA' 26bp Starts,497
SEQUENCE POSITIONS,Read2,'CTGTCTCTTATA' 27bp Starts,465
SEQUENCE POSITIONS,Read2,'CTGTCTCTTATA' 28bp Starts,477
SEQUENCE POSITIONS,Read2,'CTGTCTCTTATA' 29bp Starts,670
SEQUENCE POSITIONS,Read2,'CTGTCTCTTATA' 30bp Starts,504
SEQUENCE POSITIONS,Read2,'CTGTCTCTTATA' 31bp Starts,492
SEQUENCE POSITIONS,Read2,'CTGTCTCTTATA' 32bp Starts,547
SEQUENCE POSITIONS,Read2,'CTGTCTCTTATA' 33bp Starts,749
SEQUENCE POSITIONS,Read2,'CTGTCTCTTATA' 34bp Starts,819
SEQUENCE POSITIONS,Read2,'CTGTCTCTTATA' 35bp Starts,775
SEQUENCE POSITIONS,Read2,'CTGTCTCTTATA' 36bp Starts,749
SEQUENCE POSITIONS,Read2,'CTGTCTCTTATA' 37bp Starts,664
SEQUENCE POSITIONS,Read2,'CTGTCTCTTATA' 38bp Starts,681
SEQUENCE POSITIONS,Read2,'CTGTCTCTTATA' 39bp Starts,773
SEQUENCE POSITIONS,Read2,'CTGTCTCTTATA' 40bp Starts,779
SEQUENCE POSITIONS,Read2,'CTGTCTCTTATA' 41bp Starts,637
SEQUENCE POSITIONS,Read2,'CTGTCTCTTATA' 42bp Starts,723
SEQUENCE POSITIONS,Read2,'CTGTCTCTTATA' 43bp Starts,858
SEQUENCE POSITIONS,Read2,'CTGTCTCTTATA' 44bp Starts,822
SEQUENCE POSITIONS,Read2,'CTGTCTCTTATA' 45bp Starts,915
SEQUENCE POSITIONS,Read2,'CTGTCTCTTATA' 46bp Starts,806
SEQUENCE POSITIONS,Read2,'CTGTCTCTTATA' 47bp Starts,758
SEQUENCE POSITIONS,Read2,'CTGTCTCTTATA' 48bp Starts,826
SEQUENCE POSITIONS,Read2,'CTGTCTCTTATA' 49bp Starts,781
SEQUENCE POSITIONS,Read2,'CTGTCTCTTATA' 50bp Starts,1096
SEQUENCE POSITIONS,Read2,'CTGTCTCTTATA' 51bp Starts,704
SEQUENCE POSITIONS,Read2,'CTGTCTCTTATA' 52bp Starts,975
SEQUENCE POSITIONS,Read2,'CTGTCTCTTATA' 53bp Starts,888
SEQUENCE POSITIONS,Read2,'CTGTCTCTTATA' 54bp Starts,977
SEQUENCE POSITIONS,Read2,'CTGTCTCTTATA' 55bp Starts,1107
SEQUENCE POSITIONS,Read2,'CTGTCTCTTATA' 56bp Starts,862
SEQUENCE POSITIONS,Read2,'CTGTCTCTTATA' 57bp Starts,999
SEQUENCE POSITIONS,Read2,'CTGTCTCTTATA' 58bp Starts,864
SEQUENCE POSITIONS,Read2,'CTGTCTCTTATA' 59bp Starts,923
SEQUENCE POSITIONS,Read2,'CTGTCTCTTATA' 60bp Starts,979
SEQUENCE POSITIONS,Read2,'CTGTCTCTTATA' 61bp Starts,964
SEQUENCE POSITIONS,Read2,'CTGTCTCTTATA' 62bp Starts,989
SEQUENCE POSITIONS,Read2,'CTGTCTCTTATA' 63bp Starts,999
SEQUENCE POSITIONS,Read2,'CTGTCTCTTATA' 64bp Starts,1114
SEQUENCE POSITIONS,Read2,'CTGTCTCTTATA' 65bp Starts,1256
SEQUENCE POSITIONS,Read2,'CTGTCTCTTATA' 66bp Starts,1388
SEQUENCE POSITIONS,Read2,'CTGTCTCTTATA' 67bp Starts,1024
SEQUENCE POSITIONS,Read2,'CTGTCTCTTATA' 68bp Starts,1073
SEQUENCE POSITIONS,Read2,'CTGTCTCTTATA' 69bp Starts,1000
SEQUENCE POSITIONS,Read2,'CTGTCTCTTATA' 70bp Starts,1171
SEQUENCE POSITIONS,Read2,'CTGTCTCTTATA' 71bp Starts,883
SEQUENCE POSITIONS,Read2,'CTGTCTCTTATA' 72bp Starts,1228
SEQUENCE POSITIONS,Read2,'CTGTCTCTTATA' 73bp Starts,1063
SEQUENCE POSITIONS,Read2,'CTGTCTCTTATA' 74bp Starts,1450
SEQUENCE POSITIONS,Read2,'CTGTCTCTTATA' 75bp Starts,1464
SEQUENCE POSITIONS,Read2,'CTGTCTCTTATA' 76bp Starts,1333
SEQUENCE POSITIONS,Read2,'CTGTCTCTTATA' 77bp Starts,1350
SEQUENCE POSITIONS,Read2,'CTGTCTCTTATA' 78bp Starts,1307
SEQUENCE POSITIONS,Read2,'CTGTCTCTTATA' 79bp Starts,1134
SEQUENCE POSITIONS,Read2,'CTGTCTCTTATA' 80bp Starts,1177
SEQUENCE POSITIONS,Read2,'CTGTCTCTTATA' 81bp Starts,1072
SEQUENCE POSITIONS,Read2,'CTGTCTCTTATA' 82bp Starts,1165
SEQUENCE POSITIONS,Read2,'CTGTCTCTTATA' 83bp Starts,1398
SEQUENCE POSITIONS,Read2,'CTGTCTCTTATA' 84bp Starts,1352
SEQUENCE POSITIONS,Read2,'CTGTCTCTTATA' 85bp Starts,1678
SEQUENCE POSITIONS,Read2,'CTGTCTCTTATA' 86bp Starts,1640
SEQUENCE POSITIONS,Read2,'CTGTCTCTTATA' 87bp Starts,1568
SEQUENCE POSITIONS,Read2,'CTGTCTCTTATA' 88bp Starts,1442
SEQUENCE POSITIONS,Read2,'CTGTCTCTTATA' 89bp Starts,1294
SEQUENCE POSITIONS,Read2,'CTGTCTCTTATA' 90bp Starts,1338
SEQUENCE POSITIONS,Read2,'CTGTCTCTTATA' 91bp Starts,1277
SEQUENCE POSITIONS,Read2,'CTGTCTCTTATA' 92bp Starts,1368
SEQUENCE POSITIONS,Read2,'CTGTCTCTTATA' 93bp Starts,1237
SEQUENCE POSITIONS,Read2,'CTGTCTCTTATA' 94bp Starts,1635
SEQUENCE POSITIONS,Read2,'CTGTCTCTTATA' 95bp Starts,1632
SEQUENCE POSITIONS,Read2,'CTGTCTCTTATA' 96bp Starts,1917
SEQUENCE POSITIONS,Read2,'CTGTCTCTTATA' 97bp Starts,1809
SEQUENCE POSITIONS,Read2,'CTGTCTCTTATA' 98bp Starts,1747
SEQUENCE POSITIONS,Read2,'CTGTCTCTTATA' 99bp Starts,1452
SEQUENCE POSITIONS,Read2,'CTGTCTCTTATA' 100bp Starts,1414
SEQUENCE POSITIONS,Read2,'CTGTCTCTTATA' 101bp Starts,1350
SEQUENCE POSITIONS,Read2,'CTGTCTCTTATA' 102bp Starts,1347
SEQUENCE POSITIONS,Read2,'CTGTCTCTTATA' 103bp Starts,1503
SEQUENCE POSITIONS,Read2,'CTGTCTCTTATA' 104bp Starts,1676
SEQUENCE POSITIONS,Read2,'CTGTCTCTTATA' 105bp Starts,1820
SEQUENCE POSITIONS,Read2,'CTGTCTCTTATA' 106bp Starts,1752
SEQUENCE POSITIONS,Read2,'CTGTCTCTTATA' 107bp Starts,1900
SEQUENCE POSITIONS,Read2,'CTGTCTCTTATA' 108bp Starts,1710
SEQUENCE POSITIONS,Read2,'CTGTCTCTTATA' 109bp Starts,1717
SEQUENCE POSITIONS,Read2,'CTGTCTCTTATA' 110bp Starts,1531
SEQUENCE POSITIONS,Read2,'CTGTCTCTTATA' 111bp Starts,1411
SEQUENCE POSITIONS,Read2,'CTGTCTCTTATA' 112bp Starts,1635
SEQUENCE POSITIONS,Read2,'CTGTCTCTTATA' 113bp Starts,1810
SEQUENCE POSITIONS,Read2,'CTGTCTCTTATA' 114bp Starts,1773
SEQUENCE POSITIONS,Read2,'CTGTCTCTTATA' 115bp Starts,2175
SEQUENCE POSITIONS,Read2,'CTGTCTCTTATA' 116bp Starts,2317
SEQUENCE POSITIONS,Read2,'CTGTCTCTTATA' 117bp Starts,2413
SEQUENCE POSITIONS,Read2,'CTGTCTCTTATA' 118bp Starts,2273
SEQUENCE POSITIONS,Read2,'CTGTCTCTTATA' 119bp Starts,2068
SEQUENCE POSITIONS,Read2,'CTGTCTCTTATA' 120bp Starts,1982
SEQUENCE POSITIONS,Read2,'CTGTCTCTTATA' 121bp Starts,1714
SEQUENCE POSITIONS,Read2,'CTGTCTCTTATA' 122bp Starts,1823
SEQUENCE POSITIONS,Read2,'CTGTCTCTTATA' 123bp Starts,1941
SEQUENCE POSITIONS,Read2,'CTGTCTCTTATA' 124bp Starts,2242
SEQUENCE POSITIONS,Read2,'CTGTCTCTTATA' 125bp Starts,2601
SEQUENCE POSITIONS,Read2,'CTGTCTCTTATA' 126bp Starts,2704
SEQUENCE POSITIONS,Read2,'CTGTCTCTTATA' 127bp Starts,2594
SEQUENCE POSITIONS,Read2,'CTGTCTCTTATA' 128bp Starts,2720
SEQUENCE POSITIONS,Read2,'CTGTCTCTTATA' 129bp Starts,2578
SEQUENCE POSITIONS,Read2,'CTGTCTCTTATA' 130bp Starts,2578
SEQUENCE POSITIONS,Read2,'CTGTCTCTTATA' 131bp Starts,2236
SEQUENCE POSITIONS,Read2,'CTGTCTCTTATA' 132bp Starts,2213
SEQUENCE POSITIONS,Read2,'CTGTCTCTTATA' 133bp Starts,2688
SEQUENCE POSITIONS,Read2,'CTGTCTCTTATA' 134bp Starts,2453
SEQUENCE POSITIONS,Read2,'CTGTCTCTTATA' 135bp Starts,3702
SEQUENCE POSITIONS,Read2,'CTGTCTCTTATA' 136bp Starts,2171
SEQUENCE POSITIONS,Read2,'CTGTCTCTTATA' 137bp Starts,365
SEQUENCE POSITIONS,Read2,'CTGTCTCTTATA' 138bp Starts,124
SEQUENCE POSITIONS,Read2,'CTGTCTCTTATA' Total Sequence Starts,163649,0.00
POSITIONAL QUALITY,Read2,ReadPos 1 1% Quantile QV,12
POSITIONAL QUALITY,Read2,ReadPos 1 2% Quantile QV,12
POSITIONAL QUALITY,Read2,ReadPos 1 5% Quantile QV,24
POSITIONAL QUALITY,Read2,ReadPos 1 10% Quantile QV,24
POSITIONAL QUALITY,Read2,ReadPos 1 25% Quantile QV,40
POSITIONAL QUALITY,Read2,ReadPos 1 50% Quantile QV,40
POSITIONAL QUALITY,Read2,ReadPos 1 75% Quantile QV,40
POSITIONAL QUALITY,Read2,ReadPos 1 90% Quantile QV,40
POSITIONAL QUALITY,Read2,ReadPos 1 95% Quantile QV,40
POSITIONAL QUALITY,Read2,ReadPos 1 98% Quantile QV,40
POSITIONAL QUALITY,Read2,ReadPos 1 99% Quantile QV,40
POSITIONAL QUALITY,Read2,ReadPos 2 1% Quantile QV,12
POSITIONAL QUALITY,Read2,ReadPos 2 2% Quantile QV,12
POSITIONAL QUALITY,Read2,ReadPos 2 5% Quantile QV,24
POSITIONAL QUALITY,Read2,ReadPos 2 10% Quantile QV,40
POSITIONAL QUALITY,Read2,ReadPos 2 25% Quantile QV,40
POSITIONAL QUALITY,Read2,ReadPos 2 50% Quantile QV,40
POSITIONAL QUALITY,Read2,ReadPos 2 75% Quantile QV,40
POSITIONAL QUALITY,Read2,ReadPos 2 90% Quantile QV,40
POSITIONAL QUALITY,Read2,ReadPos 2 95% Quantile QV,40
POSITIONAL QUALITY,Read2,ReadPos 2 98% Quantile QV,40
POSITIONAL QUALITY,Read2,ReadPos 2 99% Quantile QV,40
POSITIONAL QUALITY,Read2,ReadPos 3 1% Quantile QV,12
POSITIONAL QUALITY,Read2,ReadPos 3 2% Quantile QV,24
POSITIONAL QUALITY,Read2,ReadPos 3 5% Quantile QV,24
POSITIONAL QUALITY,Read2,ReadPos 3 10% Quantile QV,40
POSITIONAL QUALITY,Read2,ReadPos 3 25% Quantile QV,40
POSITIONAL QUALITY,Read2,ReadPos 3 50% Quantile QV,40
POSITIONAL QUALITY,Read2,ReadPos 3 75% Quantile QV,40
POSITIONAL QUALITY,Read2,ReadPos 3 90% Quantile QV,40
POSITIONAL QUALITY,Read2,ReadPos 3 95% Quantile QV,40
POSITIONAL QUALITY,Read2,ReadPos 3 98% Quantile QV,40
POSITIONAL QUALITY,Read2,ReadPos 3 99% Quantile QV,40
POSITIONAL QUALITY,Read2,ReadPos 4 1% Quantile QV,12
POSITIONAL QUALITY,Read2,ReadPos 4 2% Quantile QV,12
POSITIONAL QUALITY,Read2,ReadPos 4 5% Quantile QV,24
POSITIONAL QUALITY,Read2,ReadPos 4 10% Quantile QV,40
POSITIONAL QUALITY,Read2,ReadPos 4 25% Quantile QV,40
POSITIONAL QUALITY,Read2,ReadPos 4 50% Quantile QV,40
POSITIONAL QUALITY,Read2,ReadPos 4 75% Quantile QV,40
POSITIONAL QUALITY,Read2,ReadPos 4 90% Quantile QV,40
POSITIONAL QUALITY,Read2,ReadPos 4 95% Quantile QV,40
POSITIONAL QUALITY,Read2,ReadPos 4 98% Quantile QV,40
POSITIONAL QUALITY,Read2,ReadPos 4 99% Quantile QV,40
POSITIONAL QUALITY,Read2,ReadPos 5 1% Quantile QV,12
POSITIONAL QUALITY,Read2,ReadPos 5 2% Quantile QV,24
POSITIONAL QUALITY,Read2,ReadPos 5 5% Quantile QV,24
POSITIONAL QUALITY,Read2,ReadPos 5 10% Quantile QV,40
POSITIONAL QUALITY,Read2,ReadPos 5 25% Quantile QV,40
POSITIONAL QUALITY,Read2,ReadPos 5 50% Quantile QV,40
POSITIONAL QUALITY,Read2,ReadPos 5 75% Quantile QV,40
POSITIONAL QUALITY,Read2,ReadPos 5 90% Quantile QV,40
POSITIONAL QUALITY,Read2,ReadPos 5 95% Quantile QV,40
POSITIONAL QUALITY,Read2,ReadPos 5 98% Quantile QV,40
POSITIONAL QUALITY,Read2,ReadPos 5 99% Quantile QV,40
POSITIONAL QUALITY,Read2,ReadPos 6 1% Quantile QV,12
POSITIONAL QUALITY,Read2,ReadPos 6 2% Quantile QV,24
POSITIONAL QUALITY,Read2,ReadPos 6 5% Quantile QV,40
POSITIONAL QUALITY,Read2,ReadPos 6 10% Quantile QV,40
POSITIONAL QUALITY,Read2,ReadPos 6 25% Quantile QV,40
POSITIONAL QUALITY,Read2,ReadPos 6 50% Quantile QV,40
POSITIONAL QUALITY,Read2,ReadPos 6 75% Quantile QV,40
POSITIONAL QUALITY,Read2,ReadPos 6 90% Quantile QV,40
POSITIONAL QUALITY,Read2,ReadPos 6 95% Quantile QV,40
POSITIONAL QUALITY,Read2,ReadPos 6 98% Quantile QV,40
POSITIONAL QUALITY,Read2,ReadPos 6 99% Quantile QV,40
POSITIONAL QUALITY,Read2,ReadPos 7 1% Quantile QV,12
POSITIONAL QUALITY,Read2,ReadPos 7 2% Quantile QV,24
POSITIONAL QUALITY,Read2,ReadPos 7 5% Quantile QV,40
POSITIONAL QUALITY,Read2,ReadPos 7 10% Quantile QV,40
POSITIONAL QUALITY,Read2,ReadPos 7 25% Quantile QV,40
POSITIONAL QUALITY,Read2,ReadPos 7 50% Quantile QV,40
POSITIONAL QUALITY,Read2,ReadPos 7 75% Quantile QV,40
POSITIONAL QUALITY,Read2,ReadPos 7 90% Quantile QV,40
POSITIONAL QUALITY,Read2,ReadPos 7 95% Quantile QV,40
POSITIONAL QUALITY,Read2,ReadPos 7 98% Quantile QV,40
POSITIONAL QUALITY,Read2,ReadPos 7 99% Quantile QV,40
POSITIONAL QUALITY,Read2,ReadPos 8 1% Quantile QV,12
POSITIONAL QUALITY,Read2,ReadPos 8 2% Quantile QV,24
POSITIONAL QUALITY,Read2,ReadPos 8 5% Quantile QV,40
POSITIONAL QUALITY,Read2,ReadPos 8 10% Quantile QV,40
POSITIONAL QUALITY,Read2,ReadPos 8 25% Quantile QV,40
POSITIONAL QUALITY,Read2,ReadPos 8 50% Quantile QV,40
POSITIONAL QUALITY,Read2,ReadPos 8 75% Quantile QV,40
POSITIONAL QUALITY,Read2,ReadPos 8 90% Quantile QV,40
POSITIONAL QUALITY,Read2,ReadPos 8 95% Quantile QV,40
POSITIONAL QUALITY,Read2,ReadPos 8 98% Quantile QV,40
POSITIONAL QUALITY,Read2,ReadPos 8 99% Quantile QV,40
POSITIONAL QUALITY,Read2,ReadPos 9 1% Quantile QV,12
POSITIONAL QUALITY,Read2,ReadPos 9 2% Quantile QV,24
POSITIONAL QUALITY,Read2,ReadPos 9 5% Quantile QV,40
POSITIONAL QUALITY,Read2,ReadPos 9 10% Quantile QV,40
POSITIONAL QUALITY,Read2,ReadPos 9 25% Quantile QV,40
POSITIONAL QUALITY,Read2,ReadPos 9 50% Quantile QV,40
POSITIONAL QUALITY,Read2,ReadPos 9 75% Quantile QV,40
POSITIONAL QUALITY,Read2,ReadPos 9 90% Quantile QV,40
POSITIONAL QUALITY,Read2,ReadPos 9 95% Quantile QV,40
POSITIONAL QUALITY,Read2,ReadPos 9 98% Quantile QV,40
POSITIONAL QUALITY,Read2,ReadPos 9 99% Quantile QV,40
POSITIONAL QUALITY,Read2,ReadPos 10 1% Quantile QV,12
POSITIONAL QUALITY,Read2,ReadPos 10 2% Quantile QV,24
POSITIONAL QUALITY,Read2,ReadPos 10 5% Quantile QV,40
POSITIONAL QUALITY,Read2,ReadPos 10 10% Quantile QV,40
POSITIONAL QUALITY,Read2,ReadPos 10 25% Quantile QV,40
POSITIONAL QUALITY,Read2,ReadPos 10 50% Quantile QV,40
POSITIONAL QUALITY,Read2,ReadPos 10 75% Quantile QV,40
POSITIONAL QUALITY,Read2,ReadPos 10 90% Quantile QV,40
POSITIONAL QUALITY,Read2,ReadPos 10 95% Quantile QV,40
POSITIONAL QUALITY,Read2,ReadPos 10 98% Quantile QV,40
POSITIONAL QUALITY,Read2,ReadPos 10 99% Quantile QV,40
POSITIONAL QUALITY,Read2,ReadPos 11 1% Quantile QV,12
POSITIONAL QUALITY,Read2,ReadPos 11 2% Quantile QV,24
POSITIONAL QUALITY,Read2,ReadPos 11 5% Quantile QV,40
POSITIONAL QUALITY,Read2,ReadPos 11 10% Quantile QV,40
POSITIONAL QUALITY,Read2,ReadPos 11 25% Quantile QV,40
POSITIONAL QUALITY,Read2,ReadPos 11 50% Quantile QV,40
POSITIONAL QUALITY,Read2,ReadPos 11 75% Quantile QV,40
POSITIONAL QUALITY,Read2,ReadPos 11 90% Quantile QV,40
POSITIONAL QUALITY,Read2,ReadPos 11 95% Quantile QV,40
POSITIONAL QUALITY,Read2,ReadPos 11 98% Quantile QV,40
POSITIONAL QUALITY,Read2,ReadPos 11 99% Quantile QV,40
POSITIONAL QUALITY,Read2,ReadPos 12 1% Quantile QV,12
POSITIONAL QUALITY,Read2,ReadPos 12 2% Quantile QV,24
POSITIONAL QUALITY,Read2,ReadPos 12 5% Quantile QV,40
POSITIONAL QUALITY,Read2,ReadPos 12 10% Quantile QV,40
POSITIONAL QUALITY,Read2,ReadPos 12 25% Quantile QV,40
POSITIONAL QUALITY,Read2,ReadPos 12 50% Quantile QV,40
POSITIONAL QUALITY,Read2,ReadPos 12 75% Quantile QV,40
POSITIONAL QUALITY,Read2,ReadPos 12 90% Quantile QV,40
POSITIONAL QUALITY,Read2,ReadPos 12 95% Quantile QV,40
POSITIONAL QUALITY,Read2,ReadPos 12 98% Quantile QV,40
POSITIONAL QUALITY,Read2,ReadPos 12 99% Quantile QV,40
POSITIONAL QUALITY,Read2,ReadPos 13 1% Quantile QV,12
POSITIONAL QUALITY,Read2,ReadPos 13 2% Quantile QV,24
POSITIONAL QUALITY,Read2,ReadPos 13 5% Quantile QV,40
POSITIONAL QUALITY,Read2,ReadPos 13 10% Quantile QV,40
POSITIONAL QUALITY,Read2,ReadPos 13 25% Quantile QV,40
POSITIONAL QUALITY,Read2,ReadPos 13 50% Quantile QV,40
POSITIONAL QUALITY,Read2,ReadPos 13 75% Quantile QV,40
POSITIONAL QUALITY,Read2,ReadPos 13 90% Quantile QV,40
POSITIONAL QUALITY,Read2,ReadPos 13 95% Quantile QV,40
POSITIONAL QUALITY,Read2,ReadPos 13 98% Quantile QV,40
POSITIONAL QUALITY,Read2,ReadPos 13 99% Quantile QV,40
POSITIONAL QUALITY,Read2,ReadPos 14 1% Quantile QV,12
POSITIONAL QUALITY,Read2,ReadPos 14 2% Quantile QV,24
POSITIONAL QUALITY,Read2,ReadPos 14 5% Quantile QV,40
POSITIONAL QUALITY,Read2,ReadPos 14 10% Quantile QV,40
POSITIONAL QUALITY,Read2,ReadPos 14 25% Quantile QV,40
POSITIONAL QUALITY,Read2,ReadPos 14 50% Quantile QV,40
POSITIONAL QUALITY,Read2,ReadPos 14 75% Quantile QV,40
POSITIONAL QUALITY,Read2,ReadPos 14 90% Quantile QV,40
POSITIONAL QUALITY,Read2,ReadPos 14 95% Quantile QV,40
POSITIONAL QUALITY,Read2,ReadPos 14 98% Quantile QV,40
POSITIONAL QUALITY,Read2,ReadPos 14 99% Quantile QV,40
POSITIONAL QUALITY,Read2,ReadPos 15 1% Quantile QV,12
POSITIONAL QUALITY,Read2,ReadPos 15 2% Quantile QV,24
POSITIONAL QUALITY,Read2,ReadPos 15 5% Quantile QV,40
POSITIONAL QUALITY,Read2,ReadPos 15 10% Quantile QV,40
POSITIONAL QUALITY,Read2,ReadPos 15 25% Quantile QV,40
POSITIONAL QUALITY,Read2,ReadPos 15 50% Quantile QV,40
POSITIONAL QUALITY,Read2,ReadPos 15 75% Quantile QV,40
POSITIONAL QUALITY,Read2,ReadPos 15 90% Quantile QV,40
POSITIONAL QUALITY,Read2,ReadPos 15 95% Quantile QV,40
POSITIONAL QUALITY,Read2,ReadPos 15 98% Quantile QV,40
POSITIONAL QUALITY,Read2,ReadPos 15 99% Quantile QV,40
POSITIONAL QUALITY,Read2,ReadPos 16 1% Quantile QV,12
POSITIONAL QUALITY,Read2,ReadPos 16 2% Quantile QV,24
POSITIONAL QUALITY,Read2,ReadPos 16 5% Quantile QV,40
POSITIONAL QUALITY,Read2,ReadPos 16 10% Quantile QV,40
POSITIONAL QUALITY,Read2,ReadPos 16 25% Quantile QV,40
POSITIONAL QUALITY,Read2,ReadPos 16 50% Quantile QV,40
POSITIONAL QUALITY,Read2,ReadPos 16 75% Quantile QV,40
POSITIONAL QUALITY,Read2,ReadPos 16 90% Quantile QV,40
POSITIONAL QUALITY,Read2,ReadPos 16 95% Quantile QV,40
POSITIONAL QUALITY,Read2,ReadPos 16 98% Quantile QV,40
POSITIONAL QUALITY,Read2,ReadPos 16 99% Quantile QV,40
POSITIONAL QUALITY,Read2,ReadPos 17 1% Quantile QV,12
POSITIONAL QUALITY,Read2,ReadPos 17 2% Quantile QV,24
POSITIONAL QUALITY,Read2,ReadPos 17 5% Quantile QV,40
POSITIONAL QUALITY,Read2,ReadPos 17 10% Quantile QV,40
POSITIONAL QUALITY,Read2,ReadPos 17 25% Quantile QV,40
POSITIONAL QUALITY,Read2,ReadPos 17 50% Quantile QV,40
POSITIONAL QUALITY,Read2,ReadPos 17 75% Quantile QV,40
POSITIONAL QUALITY,Read2,ReadPos 17 90% Quantile QV,40
POSITIONAL QUALITY,Read2,ReadPos 17 95% Quantile QV,40
POSITIONAL QUALITY,Read2,ReadPos 17 98% Quantile QV,40
POSITIONAL QUALITY,Read2,ReadPos 17 99% Quantile QV,40
POSITIONAL QUALITY,Read2,ReadPos 18 1% Quantile QV,12
POSITIONAL QUALITY,Read2,ReadPos 18 2% Quantile QV,24
POSITIONAL QUALITY,Read2,ReadPos 18 5% Quantile QV,40
POSITIONAL QUALITY,Read2,ReadPos 18 10% Quantile QV,40
POSITIONAL QUALITY,Read2,ReadPos 18 25% Quantile QV,40
POSITIONAL QUALITY,Read2,ReadPos 18 50% Quantile QV,40
POSITIONAL QUALITY,Read2,ReadPos 18 75% Quantile QV,40
POSITIONAL QUALITY,Read2,ReadPos 18 90% Quantile QV,40
POSITIONAL QUALITY,Read2,ReadPos 18 95% Quantile QV,40
POSITIONAL QUALITY,Read2,ReadPos 18 98% Quantile QV,40
POSITIONAL QUALITY,Read2,ReadPos 18 99% Quantile QV,40
POSITIONAL QUALITY,Read2,ReadPos 19 1% Quantile QV,12
POSITIONAL QUALITY,Read2,ReadPos 19 2% Quantile QV,24
POSITIONAL QUALITY,Read2,ReadPos 19 5% Quantile QV,40
POSITIONAL QUALITY,Read2,ReadPos 19 10% Quantile QV,40
POSITIONAL QUALITY,Read2,ReadPos 19 25% Quantile QV,40
POSITIONAL QUALITY,Read2,ReadPos 19 50% Quantile QV,40
POSITIONAL QUALITY,Read2,ReadPos 19 75% Quantile QV,40
POSITIONAL QUALITY,Read2,ReadPos 19 90% Quantile QV,40
POSITIONAL QUALITY,Read2,ReadPos 19 95% Quantile QV,40
POSITIONAL QUALITY,Read2,ReadPos 19 98% Quantile QV,40
POSITIONAL QUALITY,Read2,ReadPos 19 99% Quantile QV,40
POSITIONAL QUALITY,Read2,ReadPos 20 1% Quantile QV,12
POSITIONAL QUALITY,Read2,ReadPos 20 2% Quantile QV,24
POSITIONAL QUALITY,Read2,ReadPos 20 5% Quantile QV,40
POSITIONAL QUALITY,Read2,ReadPos 20 10% Quantile QV,40
POSITIONAL QUALITY,Read2,ReadPos 20 25% Quantile QV,40
POSITIONAL QUALITY,Read2,ReadPos 20 50% Quantile QV,40
POSITIONAL QUALITY,Read2,ReadPos 20 75% Quantile QV,40
POSITIONAL QUALITY,Read2,ReadPos 20 90% Quantile QV,40
POSITIONAL QUALITY,Read2,ReadPos 20 95% Quantile QV,40
POSITIONAL QUALITY,Read2,ReadPos 20 98% Quantile QV,40
POSITIONAL QUALITY,Read2,ReadPos 20 99% Quantile QV,40
POSITIONAL QUALITY,Read2,ReadPos 21 1% Quantile QV,12
POSITIONAL QUALITY,Read2,ReadPos 21 2% Quantile QV,24
POSITIONAL QUALITY,Read2,ReadPos 21 5% Quantile QV,40
POSITIONAL QUALITY,Read2,ReadPos 21 10% Quantile QV,40
POSITIONAL QUALITY,Read2,ReadPos 21 25% Quantile QV,40
POSITIONAL QUALITY,Read2,ReadPos 21 50% Quantile QV,40
POSITIONAL QUALITY,Read2,ReadPos 21 75% Quantile QV,40
POSITIONAL QUALITY,Read2,ReadPos 21 90% Quantile QV,40
POSITIONAL QUALITY,Read2,ReadPos 21 95% Quantile QV,40
POSITIONAL QUALITY,Read2,ReadPos 21 98% Quantile QV,40
POSITIONAL QUALITY,Read2,ReadPos 21 99% Quantile QV,40
POSITIONAL QUALITY,Read2,ReadPos 22 1% Quantile QV,12
POSITIONAL QUALITY,Read2,ReadPos 22 2% Quantile QV,24
POSITIONAL QUALITY,Read2,ReadPos 22 5% Quantile QV,40
POSITIONAL QUALITY,Read2,ReadPos 22 10% Quantile QV,40
POSITIONAL QUALITY,Read2,ReadPos 22 25% Quantile QV,40
POSITIONAL QUALITY,Read2,ReadPos 22 50% Quantile QV,40
POSITIONAL QUALITY,Read2,ReadPos 22 75% Quantile QV,40
POSITIONAL QUALITY,Read2,ReadPos 22 90% Quantile QV,40
POSITIONAL QUALITY,Read2,ReadPos 22 95% Quantile QV,40
POSITIONAL QUALITY,Read2,ReadPos 22 98% Quantile QV,40
POSITIONAL QUALITY,Read2,ReadPos 22 99% Quantile QV,40
POSITIONAL QUALITY,Read2,ReadPos 23 1% Quantile QV,12
POSITIONAL QUALITY,Read2,ReadPos 23 2% Quantile QV,24
POSITIONAL QUALITY,Read2,ReadPos 23 5% Quantile QV,40
POSITIONAL QUALITY,Read2,ReadPos 23 10% Quantile QV,40
POSITIONAL QUALITY,Read2,ReadPos 23 25% Quantile QV,40
POSITIONAL QUALITY,Read2,ReadPos 23 50% Quantile QV,40
POSITIONAL QUALITY,Read2,ReadPos 23 75% Quantile QV,40
POSITIONAL QUALITY,Read2,ReadPos 23 90% Quantile QV,40
POSITIONAL QUALITY,Read2,ReadPos 23 95% Quantile QV,40
POSITIONAL QUALITY,Read2,ReadPos 23 98% Quantile QV,40
POSITIONAL QUALITY,Read2,ReadPos 23 99% Quantile QV,40
POSITIONAL QUALITY,Read2,ReadPos 24 1% Quantile QV,12
POSITIONAL QUALITY,Read2,ReadPos 24 2% Quantile QV,24
POSITIONAL QUALITY,Read2,ReadPos 24 5% Quantile QV,40
POSITIONAL QUALITY,Read2,ReadPos 24 10% Quantile QV,40
POSITIONAL QUALITY,Read2,ReadPos 24 25% Quantile QV,40
POSITIONAL QUALITY,Read2,ReadPos 24 50% Quantile QV,40
POSITIONAL QUALITY,Read2,ReadPos 24 75% Quantile QV,40
POSITIONAL QUALITY,Read2,ReadPos 24 90% Quantile QV,40
POSITIONAL QUALITY,Read2,ReadPos 24 95% Quantile QV,40
POSITIONAL QUALITY,Read2,ReadPos 24 98% Quantile QV,40
POSITIONAL QUALITY,Read2,ReadPos 24 99% Quantile QV,40
POSITIONAL QUALITY,Read2,ReadPos 25 1% Quantile QV,12
POSITIONAL QUALITY,Read2,ReadPos 25 2% Quantile QV,24
POSITIONAL QUALITY,Read2,ReadPos 25 5% Quantile QV,40
POSITIONAL QUALITY,Read2,ReadPos 25 10% Quantile QV,40
POSITIONAL QUALITY,Read2,ReadPos 25 25% Quantile QV,40
POSITIONAL QUALITY,Read2,ReadPos 25 50% Quantile QV,40
POSITIONAL QUALITY,Read2,ReadPos 25 75% Quantile QV,40
POSITIONAL QUALITY,Read2,ReadPos 25 90% Quantile QV,40
POSITIONAL QUALITY,Read2,ReadPos 25 95% Quantile QV,40
POSITIONAL QUALITY,Read2,ReadPos 25 98% Quantile QV,40
POSITIONAL QUALITY,Read2,ReadPos 25 99% Quantile QV,40
POSITIONAL QUALITY,Read2,ReadPos 26 1% Quantile QV,12
POSITIONAL QUALITY,Read2,ReadPos 26 2% Quantile QV,24
POSITIONAL QUALITY,Read2,ReadPos 26 5% Quantile QV,24
POSITIONAL QUALITY,Read2,ReadPos 26 10% Quantile QV,40
POSITIONAL QUALITY,Read2,ReadPos 26 25% Quantile QV,40
POSITIONAL QUALITY,Read2,ReadPos 26 50% Quantile QV,40
POSITIONAL QUALITY,Read2,ReadPos 26 75% Quantile QV,40
POSITIONAL QUALITY,Read2,ReadPos 26 90% Quantile QV,40
POSITIONAL QUALITY,Read2,ReadPos 26 95% Quantile QV,40
POSITIONAL QUALITY,Read2,ReadPos 26 98% Quantile QV,40
POSITIONAL QUALITY,Read2,ReadPos 26 99% Quantile QV,40
POSITIONAL QUALITY,Read2,ReadPos 27 1% Quantile QV,12
POSITIONAL QUALITY,Read2,ReadPos 27 2% Quantile QV,24
POSITIONAL QUALITY,Read2,ReadPos 27 5% Quantile QV,24
POSITIONAL QUALITY,Read2,ReadPos 27 10% Quantile QV,40
POSITIONAL QUALITY,Read2,ReadPos 27 25% Quantile QV,40
POSITIONAL QUALITY,Read2,ReadPos 27 50% Quantile QV,40
POSITIONAL QUALITY,Read2,ReadPos 27 75% Quantile QV,40
POSITIONAL QUALITY,Read2,ReadPos 27 90% Quantile QV,40
POSITIONAL QUALITY,Read2,ReadPos 27 95% Quantile QV,40
POSITIONAL QUALITY,Read2,ReadPos 27 98% Quantile QV,40
POSITIONAL QUALITY,Read2,ReadPos 27 99% Quantile QV,40
POSITIONAL QUALITY,Read2,ReadPos 28 1% Quantile QV,12
POSITIONAL QUALITY,Read2,ReadPos 28 2% Quantile QV,24
POSITIONAL QUALITY,Read2,ReadPos 28 5% Quantile QV,24
POSITIONAL QUALITY,Read2,ReadPos 28 10% Quantile QV,40
POSITIONAL QUALITY,Read2,ReadPos 28 25% Quantile QV,40
POSITIONAL QUALITY,Read2,ReadPos 28 50% Quantile QV,40
POSITIONAL QUALITY,Read2,ReadPos 28 75% Quantile QV,40
POSITIONAL QUALITY,Read2,ReadPos 28 90% Quantile QV,40
POSITIONAL QUALITY,Read2,ReadPos 28 95% Quantile QV,40
POSITIONAL QUALITY,Read2,ReadPos 28 98% Quantile QV,40
POSITIONAL QUALITY,Read2,ReadPos 28 99% Quantile QV,40
POSITIONAL QUALITY,Read2,ReadPos 29 1% Quantile QV,12
POSITIONAL QUALITY,Read2,ReadPos 29 2% Quantile QV,24
POSITIONAL QUALITY,Read2,ReadPos 29 5% Quantile QV,24
POSITIONAL QUALITY,Read2,ReadPos 29 10% Quantile QV,40
POSITIONAL QUALITY,Read2,ReadPos 29 25% Quantile QV,40
POSITIONAL QUALITY,Read2,ReadPos 29 50% Quantile QV,40
POSITIONAL QUALITY,Read2,ReadPos 29 75% Quantile QV,40
POSITIONAL QUALITY,Read2,ReadPos 29 90% Quantile QV,40
POSITIONAL QUALITY,Read2,ReadPos 29 95% Quantile QV,40
POSITIONAL QUALITY,Read2,ReadPos 29 98% Quantile QV,40
POSITIONAL QUALITY,Read2,ReadPos 29 99% Quantile QV,40
POSITIONAL QUALITY,Read2,ReadPos 30 1% Quantile QV,12
POSITIONAL QUALITY,Read2,ReadPos 30 2% Quantile QV,24
POSITIONAL QUALITY,Read2,ReadPos 30 5% Quantile QV,24
POSITIONAL QUALITY,Read2,ReadPos 30 10% Quantile QV,40
POSITIONAL QUALITY,Read2,ReadPos 30 25% Quantile QV,40
POSITIONAL QUALITY,Read2,ReadPos 30 50% Quantile QV,40
POSITIONAL QUALITY,Read2,ReadPos 30 75% Quantile QV,40
POSITIONAL QUALITY,Read2,ReadPos 30 90% Quantile QV,40
POSITIONAL QUALITY,Read2,ReadPos 30 95% Quantile QV,40
POSITIONAL QUALITY,Read2,ReadPos 30 98% Quantile QV,40
POSITIONAL QUALITY,Read2,ReadPos 30 99% Quantile QV,40
POSITIONAL QUALITY,Read2,ReadPos 31 1% Quantile QV,12
POSITIONAL QUALITY,Read2,ReadPos 31 2% Quantile QV,24
POSITIONAL QUALITY,Read2,ReadPos 31 5% Quantile QV,24
POSITIONAL QUALITY,Read2,ReadPos 31 10% Quantile QV,40
POSITIONAL QUALITY,Read2,ReadPos 31 25% Quantile QV,40
POSITIONAL QUALITY,Read2,ReadPos 31 50% Quantile QV,40
POSITIONAL QUALITY,Read2,ReadPos 31 75% Quantile QV,40
POSITIONAL QUALITY,Read2,ReadPos 31 90% Quantile QV,40
POSITIONAL QUALITY,Read2,ReadPos 31 95% Quantile QV,40
POSITIONAL QUALITY,Read2,ReadPos 31 98% Quantile QV,40
POSITIONAL QUALITY,Read2,ReadPos 31 99% Quantile QV,40
POSITIONAL QUALITY,Read2,ReadPos 32 1% Quantile QV,12
POSITIONAL QUALITY,Read2,ReadPos 32 2% Quantile QV,24
POSITIONAL QUALITY,Read2,ReadPos 32 5% Quantile QV,24
POSITIONAL QUALITY,Read2,ReadPos 32 10% Quantile QV,40
POSITIONAL QUALITY,Read2,ReadPos 32 25% Quantile QV,40
POSITIONAL QUALITY,Read2,ReadPos 32 50% Quantile QV,40
POSITIONAL QUALITY,Read2,ReadPos 32 75% Quantile QV,40
POSITIONAL QUALITY,Read2,ReadPos 32 90% Quantile QV,40
POSITIONAL QUALITY,Read2,ReadPos 32 95% Quantile QV,40
POSITIONAL QUALITY,Read2,ReadPos 32 98% Quantile QV,40
POSITIONAL QUALITY,Read2,ReadPos 32 99% Quantile QV,40
POSITIONAL QUALITY,Read2,ReadPos 33 1% Quantile QV,12
POSITIONAL QUALITY,Read2,ReadPos 33 2% Quantile QV,24
POSITIONAL QUALITY,Read2,ReadPos 33 5% Quantile QV,24
POSITIONAL QUALITY,Read2,ReadPos 33 10% Quantile QV,40
POSITIONAL QUALITY,Read2,ReadPos 33 25% Quantile QV,40
POSITIONAL QUALITY,Read2,ReadPos 33 50% Quantile QV,40
POSITIONAL QUALITY,Read2,ReadPos 33 75% Quantile QV,40
POSITIONAL QUALITY,Read2,ReadPos 33 90% Quantile QV,40
POSITIONAL QUALITY,Read2,ReadPos 33 95% Quantile QV,40
POSITIONAL QUALITY,Read2,ReadPos 33 98% Quantile QV,40
POSITIONAL QUALITY,Read2,ReadPos 33 99% Quantile QV,40
POSITIONAL QUALITY,Read2,ReadPos 34 1% Quantile QV,12
POSITIONAL QUALITY,Read2,ReadPos 34 2% Quantile QV,24
POSITIONAL QUALITY,Read2,ReadPos 34 5% Quantile QV,24
POSITIONAL QUALITY,Read2,ReadPos 34 10% Quantile QV,40
POSITIONAL QUALITY,Read2,ReadPos 34 25% Quantile QV,40
POSITIONAL QUALITY,Read2,ReadPos 34 50% Quantile QV,40
POSITIONAL QUALITY,Read2,ReadPos 34 75% Quantile QV,40
POSITIONAL QUALITY,Read2,ReadPos 34 90% Quantile QV,40
POSITIONAL QUALITY,Read2,ReadPos 34 95% Quantile QV,40
POSITIONAL QUALITY,Read2,ReadPos 34 98% Quantile QV,40
POSITIONAL QUALITY,Read2,ReadPos 34 99% Quantile QV,40
POSITIONAL QUALITY,Read2,ReadPos 35 1% Quantile QV,12
POSITIONAL QUALITY,Read2,ReadPos 35 2% Quantile QV,24
POSITIONAL QUALITY,Read2,ReadPos 35 5% Quantile QV,24
POSITIONAL QUALITY,Read2,ReadPos 35 10% Quantile QV,40
POSITIONAL QUALITY,Read2,ReadPos 35 25% Quantile QV,40
POSITIONAL QUALITY,Read2,ReadPos 35 50% Quantile QV,40
POSITIONAL QUALITY,Read2,ReadPos 35 75% Quantile QV,40
POSITIONAL QUALITY,Read2,ReadPos 35 90% Quantile QV,40
POSITIONAL QUALITY,Read2,ReadPos 35 95% Quantile QV,40
POSITIONAL QUALITY,Read2,ReadPos 35 98% Quantile QV,40
POSITIONAL QUALITY,Read2,ReadPos 35 99% Quantile QV,40
POSITIONAL QUALITY,Read2,ReadPos 36 1% Quantile QV,12
POSITIONAL QUALITY,Read2,ReadPos 36 2% Quantile QV,24
POSITIONAL QUALITY,Read2,ReadPos 36 5% Quantile QV,24
POSITIONAL QUALITY,Read2,ReadPos 36 10% Quantile QV,40
POSITIONAL QUALITY,Read2,ReadPos 36 25% Quantile QV,40
POSITIONAL QUALITY,Read2,ReadPos 36 50% Quantile QV,40
POSITIONAL QUALITY,Read2,ReadPos 36 75% Quantile QV,40
POSITIONAL QUALITY,Read2,ReadPos 36 90% Quantile QV,40
POSITIONAL QUALITY,Read2,ReadPos 36 95% Quantile QV,40
POSITIONAL QUALITY,Read2,ReadPos 36 98% Quantile QV,40
POSITIONAL QUALITY,Read2,ReadPos 36 99% Quantile QV,40
POSITIONAL QUALITY,Read2,ReadPos 37 1% Quantile QV,12
POSITIONAL QUALITY,Read2,ReadPos 37 2% Quantile QV,24
POSITIONAL QUALITY,Read2,ReadPos 37 5% Quantile QV,24
POSITIONAL QUALITY,Read2,ReadPos 37 10% Quantile QV,40
POSITIONAL QUALITY,Read2,ReadPos 37 25% Quantile QV,40
POSITIONAL QUALITY,Read2,ReadPos 37 50% Quantile QV,40
POSITIONAL QUALITY,Read2,ReadPos 37 75% Quantile QV,40
POSITIONAL QUALITY,Read2,ReadPos 37 90% Quantile QV,40
POSITIONAL QUALITY,Read2,ReadPos 37 95% Quantile QV,40
POSITIONAL QUALITY,Read2,ReadPos 37 98% Quantile QV,40
POSITIONAL QUALITY,Read2,ReadPos 37 99% Quantile QV,40
POSITIONAL QUALITY,Read2,ReadPos 38 1% Quantile QV,12
POSITIONAL QUALITY,Read2,ReadPos 38 2% Quantile QV,24
POSITIONAL QUALITY,Read2,ReadPos 38 5% Quantile QV,40
POSITIONAL QUALITY,Read2,ReadPos 38 10% Quantile QV,40
POSITIONAL QUALITY,Read2,ReadPos 38 25% Quantile QV,40
POSITIONAL QUALITY,Read2,ReadPos 38 50% Quantile QV,40
POSITIONAL QUALITY,Read2,ReadPos 38 75% Quantile QV,40
POSITIONAL QUALITY,Read2,ReadPos 38 90% Quantile QV,40
POSITIONAL QUALITY,Read2,ReadPos 38 95% Quantile QV,40
POSITIONAL QUALITY,Read2,ReadPos 38 98% Quantile QV,40
POSITIONAL QUALITY,Read2,ReadPos 38 99% Quantile QV,40
POSITIONAL QUALITY,Read2,ReadPos 39 1% Quantile QV,12
POSITIONAL QUALITY,Read2,ReadPos 39 2% Quantile QV,24
POSITIONAL QUALITY,Read2,ReadPos 39 5% Quantile QV,24
POSITIONAL QUALITY,Read2,ReadPos 39 10% Quantile QV,40
POSITIONAL QUALITY,Read2,ReadPos 39 25% Quantile QV,40
POSITIONAL QUALITY,Read2,ReadPos 39 50% Quantile QV,40
POSITIONAL QUALITY,Read2,ReadPos 39 75% Quantile QV,40
POSITIONAL QUALITY,Read2,ReadPos 39 90% Quantile QV,40
POSITIONAL QUALITY,Read2,ReadPos 39 95% Quantile QV,40
POSITIONAL QUALITY,Read2,ReadPos 39 98% Quantile QV,40
POSITIONAL QUALITY,Read2,ReadPos 39 99% Quantile QV,40
POSITIONAL QUALITY,Read2,ReadPos 40 1% Quantile QV,12
POSITIONAL QUALITY,Read2,ReadPos 40 2% Quantile QV,24
POSITIONAL QUALITY,Read2,ReadPos 40 5% Quantile QV,24
POSITIONAL QUALITY,Read2,ReadPos 40 10% Quantile QV,40
POSITIONAL QUALITY,Read2,ReadPos 40 25% Quantile QV,40
POSITIONAL QUALITY,Read2,ReadPos 40 50% Quantile QV,40
POSITIONAL QUALITY,Read2,ReadPos 40 75% Quantile QV,40
POSITIONAL QUALITY,Read2,ReadPos 40 90% Quantile QV,40
POSITIONAL QUALITY,Read2,ReadPos 40 95% Quantile QV,40
POSITIONAL QUALITY,Read2,ReadPos 40 98% Quantile QV,40
POSITIONAL QUALITY,Read2,ReadPos 40 99% Quantile QV,40
POSITIONAL QUALITY,Read2,ReadPos 41 1% Quantile QV,12
POSITIONAL QUALITY,Read2,ReadPos 41 2% Quantile QV,24
POSITIONAL QUALITY,Read2,ReadPos 41 5% Quantile QV,24
POSITIONAL QUALITY,Read2,ReadPos 41 10% Quantile QV,40
POSITIONAL QUALITY,Read2,ReadPos 41 25% Quantile QV,40
POSITIONAL QUALITY,Read2,ReadPos 41 50% Quantile QV,40
POSITIONAL QUALITY,Read2,ReadPos 41 75% Quantile QV,40
POSITIONAL QUALITY,Read2,ReadPos 41 90% Quantile QV,40
POSITIONAL QUALITY,Read2,ReadPos 41 95% Quantile QV,40
POSITIONAL QUALITY,Read2,ReadPos 41 98% Quantile QV,40
POSITIONAL QUALITY,Read2,ReadPos 41 99% Quantile QV,40
POSITIONAL QUALITY,Read2,ReadPos 42 1% Quantile QV,12
POSITIONAL QUALITY,Read2,ReadPos 42 2% Quantile QV,24
POSITIONAL QUALITY,Read2,ReadPos 42 5% Quantile QV,24
POSITIONAL QUALITY,Read2,ReadPos 42 10% Quantile QV,40
POSITIONAL QUALITY,Read2,ReadPos 42 25% Quantile QV,40
POSITIONAL QUALITY,Read2,ReadPos 42 50% Quantile QV,40
POSITIONAL QUALITY,Read2,ReadPos 42 75% Quantile QV,40
POSITIONAL QUALITY,Read2,ReadPos 42 90% Quantile QV,40
POSITIONAL QUALITY,Read2,ReadPos 42 95% Quantile QV,40
POSITIONAL QUALITY,Read2,ReadPos 42 98% Quantile QV,40
POSITIONAL QUALITY,Read2,ReadPos 42 99% Quantile QV,40
POSITIONAL QUALITY,Read2,ReadPos 43 1% Quantile QV,12
POSITIONAL QUALITY,Read2,ReadPos 43 2% Quantile QV,24
POSITIONAL QUALITY,Read2,ReadPos 43 5% Quantile QV,24
POSITIONAL QUALITY,Read2,ReadPos 43 10% Quantile QV,40
POSITIONAL QUALITY,Read2,ReadPos 43 25% Quantile QV,40
POSITIONAL QUALITY,Read2,ReadPos 43 50% Quantile QV,40
POSITIONAL QUALITY,Read2,ReadPos 43 75% Quantile QV,40
POSITIONAL QUALITY,Read2,ReadPos 43 90% Quantile QV,40
POSITIONAL QUALITY,Read2,ReadPos 43 95% Quantile QV,40
POSITIONAL QUALITY,Read2,ReadPos 43 98% Quantile QV,40
POSITIONAL QUALITY,Read2,ReadPos 43 99% Quantile QV,40
POSITIONAL QUALITY,Read2,ReadPos 44 1% Quantile QV,12
POSITIONAL QUALITY,Read2,ReadPos 44 2% Quantile QV,24
POSITIONAL QUALITY,Read2,ReadPos 44 5% Quantile QV,24
POSITIONAL QUALITY,Read2,ReadPos 44 10% Quantile QV,40
POSITIONAL QUALITY,Read2,ReadPos 44 25% Quantile QV,40
POSITIONAL QUALITY,Read2,ReadPos 44 50% Quantile QV,40
POSITIONAL QUALITY,Read2,ReadPos 44 75% Quantile QV,40
POSITIONAL QUALITY,Read2,ReadPos 44 90% Quantile QV,40
POSITIONAL QUALITY,Read2,ReadPos 44 95% Quantile QV,40
POSITIONAL QUALITY,Read2,ReadPos 44 98% Quantile QV,40
POSITIONAL QUALITY,Read2,ReadPos 44 99% Quantile QV,40
POSITIONAL QUALITY,Read2,ReadPos 45 1% Quantile QV,12
POSITIONAL QUALITY,Read2,ReadPos 45 2% Quantile QV,24
POSITIONAL QUALITY,Read2,ReadPos 45 5% Quantile QV,24
POSITIONAL QUALITY,Read2,ReadPos 45 10% Quantile QV,40
POSITIONAL QUALITY,Read2,ReadPos 45 25% Quantile QV,40
POSITIONAL QUALITY,Read2,ReadPos 45 50% Quantile QV,40
POSITIONAL QUALITY,Read2,ReadPos 45 75% Quantile QV,40
POSITIONAL QUALITY,Read2,ReadPos 45 90% Quantile QV,40
POSITIONAL QUALITY,Read2,ReadPos 45 95% Quantile QV,40
POSITIONAL QUALITY,Read2,ReadPos 45 98% Quantile QV,40
POSITIONAL QUALITY,Read2,ReadPos 45 99% Quantile QV,40
POSITIONAL QUALITY,Read2,ReadPos 46 1% Quantile QV,12
POSITIONAL QUALITY,Read2,ReadPos 46 2% Quantile QV,24
POSITIONAL QUALITY,Read2,ReadPos 46 5% Quantile QV,24
POSITIONAL QUALITY,Read2,ReadPos 46 10% Quantile QV,40
POSITIONAL QUALITY,Read2,ReadPos 46 25% Quantile QV,40
POSITIONAL QUALITY,Read2,ReadPos 46 50% Quantile QV,40
POSITIONAL QUALITY,Read2,ReadPos 46 75% Quantile QV,40
POSITIONAL QUALITY,Read2,ReadPos 46 90% Quantile QV,40
POSITIONAL QUALITY,Read2,ReadPos 46 95% Quantile QV,40
POSITIONAL QUALITY,Read2,ReadPos 46 98% Quantile QV,40
POSITIONAL QUALITY,Read2,ReadPos 46 99% Quantile QV,40
POSITIONAL QUALITY,Read2,ReadPos 47 1% Quantile QV,12
POSITIONAL QUALITY,Read2,ReadPos 47 2% Quantile QV,24
POSITIONAL QUALITY,Read2,ReadPos 47 5% Quantile QV,24
POSITIONAL QUALITY,Read2,ReadPos 47 10% Quantile QV,40
POSITIONAL QUALITY,Read2,ReadPos 47 25% Quantile QV,40
POSITIONAL QUALITY,Read2,ReadPos 47 50% Quantile QV,40
POSITIONAL QUALITY,Read2,ReadPos 47 75% Quantile QV,40
POSITIONAL QUALITY,Read2,ReadPos 47 90% Quantile QV,40
POSITIONAL QUALITY,Read2,ReadPos 47 95% Quantile QV,40
POSITIONAL QUALITY,Read2,ReadPos 47 98% Quantile QV,40
POSITIONAL QUALITY,Read2,ReadPos 47 99% Quantile QV,40
POSITIONAL QUALITY,Read2,ReadPos 48 1% Quantile QV,12
POSITIONAL QUALITY,Read2,ReadPos 48 2% Quantile QV,24
POSITIONAL QUALITY,Read2,ReadPos 48 5% Quantile QV,24
POSITIONAL QUALITY,Read2,ReadPos 48 10% Quantile QV,40
POSITIONAL QUALITY,Read2,ReadPos 48 25% Quantile QV,40
POSITIONAL QUALITY,Read2,ReadPos 48 50% Quantile QV,40
POSITIONAL QUALITY,Read2,ReadPos 48 75% Quantile QV,40
POSITIONAL QUALITY,Read2,ReadPos 48 90% Quantile QV,40
POSITIONAL QUALITY,Read2,ReadPos 48 95% Quantile QV,40
POSITIONAL QUALITY,Read2,ReadPos 48 98% Quantile QV,40
POSITIONAL QUALITY,Read2,ReadPos 48 99% Quantile QV,40
POSITIONAL QUALITY,Read2,ReadPos 49 1% Quantile QV,12
POSITIONAL QUALITY,Read2,ReadPos 49 2% Quantile QV,24
POSITIONAL QUALITY,Read2,ReadPos 49 5% Quantile QV,24
POSITIONAL QUALITY,Read2,ReadPos 49 10% Quantile QV,40
POSITIONAL QUALITY,Read2,ReadPos 49 25% Quantile QV,40
POSITIONAL QUALITY,Read2,ReadPos 49 50% Quantile QV,40
POSITIONAL QUALITY,Read2,ReadPos 49 75% Quantile QV,40
POSITIONAL QUALITY,Read2,ReadPos 49 90% Quantile QV,40
POSITIONAL QUALITY,Read2,ReadPos 49 95% Quantile QV,40
POSITIONAL QUALITY,Read2,ReadPos 49 98% Quantile QV,40
POSITIONAL QUALITY,Read2,ReadPos 49 99% Quantile QV,40
POSITIONAL QUALITY,Read2,ReadPos 50 1% Quantile QV,12
POSITIONAL QUALITY,Read2,ReadPos 50 2% Quantile QV,24
POSITIONAL QUALITY,Read2,ReadPos 50 5% Quantile QV,24
POSITIONAL QUALITY,Read2,ReadPos 50 10% Quantile QV,40
POSITIONAL QUALITY,Read2,ReadPos 50 25% Quantile QV,40
POSITIONAL QUALITY,Read2,ReadPos 50 50% Quantile QV,40
POSITIONAL QUALITY,Read2,ReadPos 50 75% Quantile QV,40
POSITIONAL QUALITY,Read2,ReadPos 50 90% Quantile QV,40
POSITIONAL QUALITY,Read2,ReadPos 50 95% Quantile QV,40
POSITIONAL QUALITY,Read2,ReadPos 50 98% Quantile QV,40
POSITIONAL QUALITY,Read2,ReadPos 50 99% Quantile QV,40
POSITIONAL QUALITY,Read2,ReadPos 51 1% Quantile QV,12
POSITIONAL QUALITY,Read2,ReadPos 51 2% Quantile QV,24
POSITIONAL QUALITY,Read2,ReadPos 51 5% Quantile QV,24
POSITIONAL QUALITY,Read2,ReadPos 51 10% Quantile QV,40
POSITIONAL QUALITY,Read2,ReadPos 51 25% Quantile QV,40
POSITIONAL QUALITY,Read2,ReadPos 51 50% Quantile QV,40
POSITIONAL QUALITY,Read2,ReadPos 51 75% Quantile QV,40
POSITIONAL QUALITY,Read2,ReadPos 51 90% Quantile QV,40
POSITIONAL QUALITY,Read2,ReadPos 51 95% Quantile QV,40
POSITIONAL QUALITY,Read2,ReadPos 51 98% Quantile QV,40
POSITIONAL QUALITY,Read2,ReadPos 51 99% Quantile QV,40
POSITIONAL QUALITY,Read2,ReadPos 52 1% Quantile QV,12
POSITIONAL QUALITY,Read2,ReadPos 52 2% Quantile QV,24
POSITIONAL QUALITY,Read2,ReadPos 52 5% Quantile QV,24
POSITIONAL QUALITY,Read2,ReadPos 52 10% Quantile QV,40
POSITIONAL QUALITY,Read2,ReadPos 52 25% Quantile QV,40
POSITIONAL QUALITY,Read2,ReadPos 52 50% Quantile QV,40
POSITIONAL QUALITY,Read2,ReadPos 52 75% Quantile QV,40
POSITIONAL QUALITY,Read2,ReadPos 52 90% Quantile QV,40
POSITIONAL QUALITY,Read2,ReadPos 52 95% Quantile QV,40
POSITIONAL QUALITY,Read2,ReadPos 52 98% Quantile QV,40
POSITIONAL QUALITY,Read2,ReadPos 52 99% Quantile QV,40
POSITIONAL QUALITY,Read2,ReadPos 53 1% Quantile QV,12
POSITIONAL QUALITY,Read2,ReadPos 53 2% Quantile QV,24
POSITIONAL QUALITY,Read2,ReadPos 53 5% Quantile QV,24
POSITIONAL QUALITY,Read2,ReadPos 53 10% Quantile QV,40
POSITIONAL QUALITY,Read2,ReadPos 53 25% Quantile QV,40
POSITIONAL QUALITY,Read2,ReadPos 53 50% Quantile QV,40
POSITIONAL QUALITY,Read2,ReadPos 53 75% Quantile QV,40
POSITIONAL QUALITY,Read2,ReadPos 53 90% Quantile QV,40
POSITIONAL QUALITY,Read2,ReadPos 53 95% Quantile QV,40
POSITIONAL QUALITY,Read2,ReadPos 53 98% Quantile QV,40
POSITIONAL QUALITY,Read2,ReadPos 53 99% Quantile QV,40
POSITIONAL QUALITY,Read2,ReadPos 54 1% Quantile QV,12
POSITIONAL QUALITY,Read2,ReadPos 54 2% Quantile QV,24
POSITIONAL QUALITY,Read2,ReadPos 54 5% Quantile QV,24
POSITIONAL QUALITY,Read2,ReadPos 54 10% Quantile QV,40
POSITIONAL QUALITY,Read2,ReadPos 54 25% Quantile QV,40
POSITIONAL QUALITY,Read2,ReadPos 54 50% Quantile QV,40
POSITIONAL QUALITY,Read2,ReadPos 54 75% Quantile QV,40
POSITIONAL QUALITY,Read2,ReadPos 54 90% Quantile QV,40
POSITIONAL QUALITY,Read2,ReadPos 54 95% Quantile QV,40
POSITIONAL QUALITY,Read2,ReadPos 54 98% Quantile QV,40
POSITIONAL QUALITY,Read2,ReadPos 54 99% Quantile QV,40
POSITIONAL QUALITY,Read2,ReadPos 55 1% Quantile QV,12
POSITIONAL QUALITY,Read2,ReadPos 55 2% Quantile QV,24
POSITIONAL QUALITY,Read2,ReadPos 55 5% Quantile QV,24
POSITIONAL QUALITY,Read2,ReadPos 55 10% Quantile QV,40
POSITIONAL QUALITY,Read2,ReadPos 55 25% Quantile QV,40
POSITIONAL QUALITY,Read2,ReadPos 55 50% Quantile QV,40
POSITIONAL QUALITY,Read2,ReadPos 55 75% Quantile QV,40
POSITIONAL QUALITY,Read2,ReadPos 55 90% Quantile QV,40
POSITIONAL QUALITY,Read2,ReadPos 55 95% Quantile QV,40
POSITIONAL QUALITY,Read2,ReadPos 55 98% Quantile QV,40
POSITIONAL QUALITY,Read2,ReadPos 55 99% Quantile QV,40
POSITIONAL QUALITY,Read2,ReadPos 56 1% Quantile QV,12
POSITIONAL QUALITY,Read2,ReadPos 56 2% Quantile QV,24
POSITIONAL QUALITY,Read2,ReadPos 56 5% Quantile QV,24
POSITIONAL QUALITY,Read2,ReadPos 56 10% Quantile QV,40
POSITIONAL QUALITY,Read2,ReadPos 56 25% Quantile QV,40
POSITIONAL QUALITY,Read2,ReadPos 56 50% Quantile QV,40
POSITIONAL QUALITY,Read2,ReadPos 56 75% Quantile QV,40
POSITIONAL QUALITY,Read2,ReadPos 56 90% Quantile QV,40
POSITIONAL QUALITY,Read2,ReadPos 56 95% Quantile QV,40
POSITIONAL QUALITY,Read2,ReadPos 56 98% Quantile QV,40
POSITIONAL QUALITY,Read2,ReadPos 56 99% Quantile QV,40
POSITIONAL QUALITY,Read2,ReadPos 57 1% Quantile QV,12
POSITIONAL QUALITY,Read2,ReadPos 57 2% Quantile QV,24
POSITIONAL QUALITY,Read2,ReadPos 57 5% Quantile QV,24
POSITIONAL QUALITY,Read2,ReadPos 57 10% Quantile QV,40
POSITIONAL QUALITY,Read2,ReadPos 57 25% Quantile QV,40
POSITIONAL QUALITY,Read2,ReadPos 57 50% Quantile QV,40
POSITIONAL QUALITY,Read2,ReadPos 57 75% Quantile QV,40
POSITIONAL QUALITY,Read2,ReadPos 57 90% Quantile QV,40
POSITIONAL QUALITY,Read2,ReadPos 57 95% Quantile QV,40
POSITIONAL QUALITY,Read2,ReadPos 57 98% Quantile QV,40
POSITIONAL QUALITY,Read2,ReadPos 57 99% Quantile QV,40
POSITIONAL QUALITY,Read2,ReadPos 58 1% Quantile QV,12
POSITIONAL QUALITY,Read2,ReadPos 58 2% Quantile QV,24
POSITIONAL QUALITY,Read2,ReadPos 58 5% Quantile QV,24
POSITIONAL QUALITY,Read2,ReadPos 58 10% Quantile QV,40
POSITIONAL QUALITY,Read2,ReadPos 58 25% Quantile QV,40
POSITIONAL QUALITY,Read2,ReadPos 58 50% Quantile QV,40
POSITIONAL QUALITY,Read2,ReadPos 58 75% Quantile QV,40
POSITIONAL QUALITY,Read2,ReadPos 58 90% Quantile QV,40
POSITIONAL QUALITY,Read2,ReadPos 58 95% Quantile QV,40
POSITIONAL QUALITY,Read2,ReadPos 58 98% Quantile QV,40
POSITIONAL QUALITY,Read2,ReadPos 58 99% Quantile QV,40
POSITIONAL QUALITY,Read2,ReadPos 59 1% Quantile QV,12
POSITIONAL QUALITY,Read2,ReadPos 59 2% Quantile QV,24
POSITIONAL QUALITY,Read2,ReadPos 59 5% Quantile QV,24
POSITIONAL QUALITY,Read2,ReadPos 59 10% Quantile QV,40
POSITIONAL QUALITY,Read2,ReadPos 59 25% Quantile QV,40
POSITIONAL QUALITY,Read2,ReadPos 59 50% Quantile QV,40
POSITIONAL QUALITY,Read2,ReadPos 59 75% Quantile QV,40
POSITIONAL QUALITY,Read2,ReadPos 59 90% Quantile QV,40
POSITIONAL QUALITY,Read2,ReadPos 59 95% Quantile QV,40
POSITIONAL QUALITY,Read2,ReadPos 59 98% Quantile QV,40
POSITIONAL QUALITY,Read2,ReadPos 59 99% Quantile QV,40
POSITIONAL QUALITY,Read2,ReadPos 60 1% Quantile QV,12
POSITIONAL QUALITY,Read2,ReadPos 60 2% Quantile QV,24
POSITIONAL QUALITY,Read2,ReadPos 60 5% Quantile QV,24
POSITIONAL QUALITY,Read2,ReadPos 60 10% Quantile QV,40
POSITIONAL QUALITY,Read2,ReadPos 60 25% Quantile QV,40
POSITIONAL QUALITY,Read2,ReadPos 60 50% Quantile QV,40
POSITIONAL QUALITY,Read2,ReadPos 60 75% Quantile QV,40
POSITIONAL QUALITY,Read2,ReadPos 60 90% Quantile QV,40
POSITIONAL QUALITY,Read2,ReadPos 60 95% Quantile QV,40
POSITIONAL QUALITY,Read2,ReadPos 60 98% Quantile QV,40
POSITIONAL QUALITY,Read2,ReadPos 60 99% Quantile QV,40
POSITIONAL QUALITY,Read2,ReadPos 61 1% Quantile QV,12
POSITIONAL QUALITY,Read2,ReadPos 61 2% Quantile QV,12
POSITIONAL QUALITY,Read2,ReadPos 61 5% Quantile QV,24
POSITIONAL QUALITY,Read2,ReadPos 61 10% Quantile QV,40
POSITIONAL QUALITY,Read2,ReadPos 61 25% Quantile QV,40
POSITIONAL QUALITY,Read2,ReadPos 61 50% Quantile QV,40
POSITIONAL QUALITY,Read2,ReadPos 61 75% Quantile QV,40
POSITIONAL QUALITY,Read2,ReadPos 61 90% Quantile QV,40
POSITIONAL QUALITY,Read2,ReadPos 61 95% Quantile QV,40
POSITIONAL QUALITY,Read2,ReadPos 61 98% Quantile QV,40
POSITIONAL QUALITY,Read2,ReadPos 61 99% Quantile QV,40
POSITIONAL QUALITY,Read2,ReadPos 62 1% Quantile QV,12
POSITIONAL QUALITY,Read2,ReadPos 62 2% Quantile QV,12
POSITIONAL QUALITY,Read2,ReadPos 62 5% Quantile QV,24
POSITIONAL QUALITY,Read2,ReadPos 62 10% Quantile QV,40
POSITIONAL QUALITY,Read2,ReadPos 62 25% Quantile QV,40
POSITIONAL QUALITY,Read2,ReadPos 62 50% Quantile QV,40
POSITIONAL QUALITY,Read2,ReadPos 62 75% Quantile QV,40
POSITIONAL QUALITY,Read2,ReadPos 62 90% Quantile QV,40
POSITIONAL QUALITY,Read2,ReadPos 62 95% Quantile QV,40
POSITIONAL QUALITY,Read2,ReadPos 62 98% Quantile QV,40
POSITIONAL QUALITY,Read2,ReadPos 62 99% Quantile QV,40
POSITIONAL QUALITY,Read2,ReadPos 63 1% Quantile QV,12
POSITIONAL QUALITY,Read2,ReadPos 63 2% Quantile QV,12
POSITIONAL QUALITY,Read2,ReadPos 63 5% Quantile QV,24
POSITIONAL QUALITY,Read2,ReadPos 63 10% Quantile QV,40
POSITIONAL QUALITY,Read2,ReadPos 63 25% Quantile QV,40
POSITIONAL QUALITY,Read2,ReadPos 63 50% Quantile QV,40
POSITIONAL QUALITY,Read2,ReadPos 63 75% Quantile QV,40
POSITIONAL QUALITY,Read2,ReadPos 63 90% Quantile QV,40
POSITIONAL QUALITY,Read2,ReadPos 63 95% Quantile QV,40
POSITIONAL QUALITY,Read2,ReadPos 63 98% Quantile QV,40
POSITIONAL QUALITY,Read2,ReadPos 63 99% Quantile QV,40
POSITIONAL QUALITY,Read2,ReadPos 64 1% Quantile QV,12
POSITIONAL QUALITY,Read2,ReadPos 64 2% Quantile QV,12
POSITIONAL QUALITY,Read2,ReadPos 64 5% Quantile QV,24
POSITIONAL QUALITY,Read2,ReadPos 64 10% Quantile QV,40
POSITIONAL QUALITY,Read2,ReadPos 64 25% Quantile QV,40
POSITIONAL QUALITY,Read2,ReadPos 64 50% Quantile QV,40
POSITIONAL QUALITY,Read2,ReadPos 64 75% Quantile QV,40
POSITIONAL QUALITY,Read2,ReadPos 64 90% Quantile QV,40
POSITIONAL QUALITY,Read2,ReadPos 64 95% Quantile QV,40
POSITIONAL QUALITY,Read2,ReadPos 64 98% Quantile QV,40
POSITIONAL QUALITY,Read2,ReadPos 64 99% Quantile QV,40
POSITIONAL QUALITY,Read2,ReadPos 65 1% Quantile QV,12
POSITIONAL QUALITY,Read2,ReadPos 65 2% Quantile QV,12
POSITIONAL QUALITY,Read2,ReadPos 65 5% Quantile QV,24
POSITIONAL QUALITY,Read2,ReadPos 65 10% Quantile QV,40
POSITIONAL QUALITY,Read2,ReadPos 65 25% Quantile QV,40
POSITIONAL QUALITY,Read2,ReadPos 65 50% Quantile QV,40
POSITIONAL QUALITY,Read2,ReadPos 65 75% Quantile QV,40
POSITIONAL QUALITY,Read2,ReadPos 65 90% Quantile QV,40
POSITIONAL QUALITY,Read2,ReadPos 65 95% Quantile QV,40
POSITIONAL QUALITY,Read2,ReadPos 65 98% Quantile QV,40
POSITIONAL QUALITY,Read2,ReadPos 65 99% Quantile QV,40
POSITIONAL QUALITY,Read2,ReadPos 66 1% Quantile QV,12
POSITIONAL QUALITY,Read2,ReadPos 66 2% Quantile QV,12
POSITIONAL QUALITY,Read2,ReadPos 66 5% Quantile QV,24
POSITIONAL QUALITY,Read2,ReadPos 66 10% Quantile QV,40
POSITIONAL QUALITY,Read2,ReadPos 66 25% Quantile QV,40
POSITIONAL QUALITY,Read2,ReadPos 66 50% Quantile QV,40
POSITIONAL QUALITY,Read2,ReadPos 66 75% Quantile QV,40
POSITIONAL QUALITY,Read2,ReadPos 66 90% Quantile QV,40
POSITIONAL QUALITY,Read2,ReadPos 66 95% Quantile QV,40
POSITIONAL QUALITY,Read2,ReadPos 66 98% Quantile QV,40
POSITIONAL QUALITY,Read2,ReadPos 66 99% Quantile QV,40
POSITIONAL QUALITY,Read2,ReadPos 67 1% Quantile QV,12
POSITIONAL QUALITY,Read2,ReadPos 67 2% Quantile QV,12
POSITIONAL QUALITY,Read2,ReadPos 67 5% Quantile QV,24
POSITIONAL QUALITY,Read2,ReadPos 67 10% Quantile QV,40
POSITIONAL QUALITY,Read2,ReadPos 67 25% Quantile QV,40
POSITIONAL QUALITY,Read2,ReadPos 67 50% Quantile QV,40
POSITIONAL QUALITY,Read2,ReadPos 67 75% Quantile QV,40
POSITIONAL QUALITY,Read2,ReadPos 67 90% Quantile QV,40
POSITIONAL QUALITY,Read2,ReadPos 67 95% Quantile QV,40
POSITIONAL QUALITY,Read2,ReadPos 67 98% Quantile QV,40
POSITIONAL QUALITY,Read2,ReadPos 67 99% Quantile QV,40
POSITIONAL QUALITY,Read2,ReadPos 68 1% Quantile QV,12
POSITIONAL QUALITY,Read2,ReadPos 68 2% Quantile QV,12
POSITIONAL QUALITY,Read2,ReadPos 68 5% Quantile QV,24
POSITIONAL QUALITY,Read2,ReadPos 68 10% Quantile QV,40
POSITIONAL QUALITY,Read2,ReadPos 68 25% Quantile QV,40
POSITIONAL QUALITY,Read2,ReadPos 68 50% Quantile QV,40
POSITIONAL QUALITY,Read2,ReadPos 68 75% Quantile QV,40
POSITIONAL QUALITY,Read2,ReadPos 68 90% Quantile QV,40
POSITIONAL QUALITY,Read2,ReadPos 68 95% Quantile QV,40
POSITIONAL QUALITY,Read2,ReadPos 68 98% Quantile QV,40
POSITIONAL QUALITY,Read2,ReadPos 68 99% Quantile QV,40
POSITIONAL QUALITY,Read2,ReadPos 69 1% Quantile QV,12
POSITIONAL QUALITY,Read2,ReadPos 69 2% Quantile QV,12
POSITIONAL QUALITY,Read2,ReadPos 69 5% Quantile QV,24
POSITIONAL QUALITY,Read2,ReadPos 69 10% Quantile QV,40
POSITIONAL QUALITY,Read2,ReadPos 69 25% Quantile QV,40
POSITIONAL QUALITY,Read2,ReadPos 69 50% Quantile QV,40
POSITIONAL QUALITY,Read2,ReadPos 69 75% Quantile QV,40
POSITIONAL QUALITY,Read2,ReadPos 69 90% Quantile QV,40
POSITIONAL QUALITY,Read2,ReadPos 69 95% Quantile QV,40
POSITIONAL QUALITY,Read2,ReadPos 69 98% Quantile QV,40
POSITIONAL QUALITY,Read2,ReadPos 69 99% Quantile QV,40
POSITIONAL QUALITY,Read2,ReadPos 70 1% Quantile QV,12
POSITIONAL QUALITY,Read2,ReadPos 70 2% Quantile QV,12
POSITIONAL QUALITY,Read2,ReadPos 70 5% Quantile QV,24
POSITIONAL QUALITY,Read2,ReadPos 70 10% Quantile QV,40
POSITIONAL QUALITY,Read2,ReadPos 70 25% Quantile QV,40
POSITIONAL QUALITY,Read2,ReadPos 70 50% Quantile QV,40
POSITIONAL QUALITY,Read2,ReadPos 70 75% Quantile QV,40
POSITIONAL QUALITY,Read2,ReadPos 70 90% Quantile QV,40
POSITIONAL QUALITY,Read2,ReadPos 70 95% Quantile QV,40
POSITIONAL QUALITY,Read2,ReadPos 70 98% Quantile QV,40
POSITIONAL QUALITY,Read2,ReadPos 70 99% Quantile QV,40
POSITIONAL QUALITY,Read2,ReadPos 71 1% Quantile QV,12
POSITIONAL QUALITY,Read2,ReadPos 71 2% Quantile QV,12
POSITIONAL QUALITY,Read2,ReadPos 71 5% Quantile QV,24
POSITIONAL QUALITY,Read2,ReadPos 71 10% Quantile QV,40
POSITIONAL QUALITY,Read2,ReadPos 71 25% Quantile QV,40
POSITIONAL QUALITY,Read2,ReadPos 71 50% Quantile QV,40
POSITIONAL QUALITY,Read2,ReadPos 71 75% Quantile QV,40
POSITIONAL QUALITY,Read2,ReadPos 71 90% Quantile QV,40
POSITIONAL QUALITY,Read2,ReadPos 71 95% Quantile QV,40
POSITIONAL QUALITY,Read2,ReadPos 71 98% Quantile QV,40
POSITIONAL QUALITY,Read2,ReadPos 71 99% Quantile QV,40
POSITIONAL QUALITY,Read2,ReadPos 72 1% Quantile QV,12
POSITIONAL QUALITY,Read2,ReadPos 72 2% Quantile QV,12
POSITIONAL QUALITY,Read2,ReadPos 72 5% Quantile QV,24
POSITIONAL QUALITY,Read2,ReadPos 72 10% Quantile QV,40
POSITIONAL QUALITY,Read2,ReadPos 72 25% Quantile QV,40
POSITIONAL QUALITY,Read2,ReadPos 72 50% Quantile QV,40
POSITIONAL QUALITY,Read2,ReadPos 72 75% Quantile QV,40
POSITIONAL QUALITY,Read2,ReadPos 72 90% Quantile QV,40
POSITIONAL QUALITY,Read2,ReadPos 72 95% Quantile QV,40
POSITIONAL QUALITY,Read2,ReadPos 72 98% Quantile QV,40
POSITIONAL QUALITY,Read2,ReadPos 72 99% Quantile QV,40
POSITIONAL QUALITY,Read2,ReadPos 73 1% Quantile QV,12
POSITIONAL QUALITY,Read2,ReadPos 73 2% Quantile QV,12
POSITIONAL QUALITY,Read2,ReadPos 73 5% Quantile QV,24
POSITIONAL QUALITY,Read2,ReadPos 73 10% Quantile QV,40
POSITIONAL QUALITY,Read2,ReadPos 73 25% Quantile QV,40
POSITIONAL QUALITY,Read2,ReadPos 73 50% Quantile QV,40
POSITIONAL QUALITY,Read2,ReadPos 73 75% Quantile QV,40
POSITIONAL QUALITY,Read2,ReadPos 73 90% Quantile QV,40
POSITIONAL QUALITY,Read2,ReadPos 73 95% Quantile QV,40
POSITIONAL QUALITY,Read2,ReadPos 73 98% Quantile QV,40
POSITIONAL QUALITY,Read2,ReadPos 73 99% Quantile QV,40
POSITIONAL QUALITY,Read2,ReadPos 74 1% Quantile QV,12
POSITIONAL QUALITY,Read2,ReadPos 74 2% Quantile QV,12
POSITIONAL QUALITY,Read2,ReadPos 74 5% Quantile QV,24
POSITIONAL QUALITY,Read2,ReadPos 74 10% Quantile QV,40
POSITIONAL QUALITY,Read2,ReadPos 74 25% Quantile QV,40
POSITIONAL QUALITY,Read2,ReadPos 74 50% Quantile QV,40
POSITIONAL QUALITY,Read2,ReadPos 74 75% Quantile QV,40
POSITIONAL QUALITY,Read2,ReadPos 74 90% Quantile QV,40
POSITIONAL QUALITY,Read2,ReadPos 74 95% Quantile QV,40
POSITIONAL QUALITY,Read2,ReadPos 74 98% Quantile QV,40
POSITIONAL QUALITY,Read2,ReadPos 74 99% Quantile QV,40
POSITIONAL QUALITY,Read2,ReadPos 75 1% Quantile QV,12
POSITIONAL QUALITY,Read2,ReadPos 75 2% Quantile QV,12
POSITIONAL QUALITY,Read2,ReadPos 75 5% Quantile QV,24
POSITIONAL QUALITY,Read2,ReadPos 75 10% Quantile QV,40
POSITIONAL QUALITY,Read2,ReadPos 75 25% Quantile QV,40
POSITIONAL QUALITY,Read2,ReadPos 75 50% Quantile QV,40
POSITIONAL QUALITY,Read2,ReadPos 75 75% Quantile QV,40
POSITIONAL QUALITY,Read2,ReadPos 75 90% Quantile QV,40
POSITIONAL QUALITY,Read2,ReadPos 75 95% Quantile QV,40
POSITIONAL QUALITY,Read2,ReadPos 75 98% Quantile QV,40
POSITIONAL QUALITY,Read2,ReadPos 75 99% Quantile QV,40
POSITIONAL QUALITY,Read2,ReadPos 76 1% Quantile QV,12
POSITIONAL QUALITY,Read2,ReadPos 76 2% Quantile QV,12
POSITIONAL QUALITY,Read2,ReadPos 76 5% Quantile QV,24
POSITIONAL QUALITY,Read2,ReadPos 76 10% Quantile QV,40
POSITIONAL QUALITY,Read2,ReadPos 76 25% Quantile QV,40
POSITIONAL QUALITY,Read2,ReadPos 76 50% Quantile QV,40
POSITIONAL QUALITY,Read2,ReadPos 76 75% Quantile QV,40
POSITIONAL QUALITY,Read2,ReadPos 76 90% Quantile QV,40
POSITIONAL QUALITY,Read2,ReadPos 76 95% Quantile QV,40
POSITIONAL QUALITY,Read2,ReadPos 76 98% Quantile QV,40
POSITIONAL QUALITY,Read2,ReadPos 76 99% Quantile QV,40
POSITIONAL QUALITY,Read2,ReadPos 77 1% Quantile QV,12
POSITIONAL QUALITY,Read2,ReadPos 77 2% Quantile QV,12
POSITIONAL QUALITY,Read2,ReadPos 77 5% Quantile QV,24
POSITIONAL QUALITY,Read2,ReadPos 77 10% Quantile QV,40
POSITIONAL QUALITY,Read2,ReadPos 77 25% Quantile QV,40
POSITIONAL QUALITY,Read2,ReadPos 77 50% Quantile QV,40
POSITIONAL QUALITY,Read2,ReadPos 77 75% Quantile QV,40
POSITIONAL QUALITY,Read2,ReadPos 77 90% Quantile QV,40
POSITIONAL QUALITY,Read2,ReadPos 77 95% Quantile QV,40
POSITIONAL QUALITY,Read2,ReadPos 77 98% Quantile QV,40
POSITIONAL QUALITY,Read2,ReadPos 77 99% Quantile QV,40
POSITIONAL QUALITY,Read2,ReadPos 78 1% Quantile QV,12
POSITIONAL QUALITY,Read2,ReadPos 78 2% Quantile QV,12
POSITIONAL QUALITY,Read2,ReadPos 78 5% Quantile QV,24
POSITIONAL QUALITY,Read2,ReadPos 78 10% Quantile QV,40
POSITIONAL QUALITY,Read2,ReadPos 78 25% Quantile QV,40
POSITIONAL QUALITY,Read2,ReadPos 78 50% Quantile QV,40
POSITIONAL QUALITY,Read2,ReadPos 78 75% Quantile QV,40
POSITIONAL QUALITY,Read2,ReadPos 78 90% Quantile QV,40
POSITIONAL QUALITY,Read2,ReadPos 78 95% Quantile QV,40
POSITIONAL QUALITY,Read2,ReadPos 78 98% Quantile QV,40
POSITIONAL QUALITY,Read2,ReadPos 78 99% Quantile QV,40
POSITIONAL QUALITY,Read2,ReadPos 79 1% Quantile QV,12
POSITIONAL QUALITY,Read2,ReadPos 79 2% Quantile QV,12
POSITIONAL QUALITY,Read2,ReadPos 79 5% Quantile QV,24
POSITIONAL QUALITY,Read2,ReadPos 79 10% Quantile QV,40
POSITIONAL QUALITY,Read2,ReadPos 79 25% Quantile QV,40
POSITIONAL QUALITY,Read2,ReadPos 79 50% Quantile QV,40
POSITIONAL QUALITY,Read2,ReadPos 79 75% Quantile QV,40
POSITIONAL QUALITY,Read2,ReadPos 79 90% Quantile QV,40
POSITIONAL QUALITY,Read2,ReadPos 79 95% Quantile QV,40
POSITIONAL QUALITY,Read2,ReadPos 79 98% Quantile QV,40
POSITIONAL QUALITY,Read2,ReadPos 79 99% Quantile QV,40
POSITIONAL QUALITY,Read2,ReadPos 80 1% Quantile QV,12
POSITIONAL QUALITY,Read2,ReadPos 80 2% Quantile QV,12
POSITIONAL QUALITY,Read2,ReadPos 80 5% Quantile QV,24
POSITIONAL QUALITY,Read2,ReadPos 80 10% Quantile QV,40
POSITIONAL QUALITY,Read2,ReadPos 80 25% Quantile QV,40
POSITIONAL QUALITY,Read2,ReadPos 80 50% Quantile QV,40
POSITIONAL QUALITY,Read2,ReadPos 80 75% Quantile QV,40
POSITIONAL QUALITY,Read2,ReadPos 80 90% Quantile QV,40
POSITIONAL QUALITY,Read2,ReadPos 80 95% Quantile QV,40
POSITIONAL QUALITY,Read2,ReadPos 80 98% Quantile QV,40
POSITIONAL QUALITY,Read2,ReadPos 80 99% Quantile QV,40
POSITIONAL QUALITY,Read2,ReadPos 81 1% Quantile QV,12
POSITIONAL QUALITY,Read2,ReadPos 81 2% Quantile QV,12
POSITIONAL QUALITY,Read2,ReadPos 81 5% Quantile QV,24
POSITIONAL QUALITY,Read2,ReadPos 81 10% Quantile QV,40
POSITIONAL QUALITY,Read2,ReadPos 81 25% Quantile QV,40
POSITIONAL QUALITY,Read2,ReadPos 81 50% Quantile QV,40
POSITIONAL QUALITY,Read2,ReadPos 81 75% Quantile QV,40
POSITIONAL QUALITY,Read2,ReadPos 81 90% Quantile QV,40
POSITIONAL QUALITY,Read2,ReadPos 81 95% Quantile QV,40
POSITIONAL QUALITY,Read2,ReadPos 81 98% Quantile QV,40
POSITIONAL QUALITY,Read2,ReadPos 81 99% Quantile QV,40
POSITIONAL QUALITY,Read2,ReadPos 82 1% Quantile QV,12
POSITIONAL QUALITY,Read2,ReadPos 82 2% Quantile QV,12
POSITIONAL QUALITY,Read2,ReadPos 82 5% Quantile QV,24
POSITIONAL QUALITY,Read2,ReadPos 82 10% Quantile QV,40
POSITIONAL QUALITY,Read2,ReadPos 82 25% Quantile QV,40
POSITIONAL QUALITY,Read2,ReadPos 82 50% Quantile QV,40
POSITIONAL QUALITY,Read2,ReadPos 82 75% Quantile QV,40
POSITIONAL QUALITY,Read2,ReadPos 82 90% Quantile QV,40
POSITIONAL QUALITY,Read2,ReadPos 82 95% Quantile QV,40
POSITIONAL QUALITY,Read2,ReadPos 82 98% Quantile QV,40
POSITIONAL QUALITY,Read2,ReadPos 82 99% Quantile QV,40
POSITIONAL QUALITY,Read2,ReadPos 83 1% Quantile QV,12
POSITIONAL QUALITY,Read2,ReadPos 83 2% Quantile QV,12
POSITIONAL QUALITY,Read2,ReadPos 83 5% Quantile QV,24
POSITIONAL QUALITY,Read2,ReadPos 83 10% Quantile QV,40
POSITIONAL QUALITY,Read2,ReadPos 83 25% Quantile QV,40
POSITIONAL QUALITY,Read2,ReadPos 83 50% Quantile QV,40
POSITIONAL QUALITY,Read2,ReadPos 83 75% Quantile QV,40
POSITIONAL QUALITY,Read2,ReadPos 83 90% Quantile QV,40
POSITIONAL QUALITY,Read2,ReadPos 83 95% Quantile QV,40
POSITIONAL QUALITY,Read2,ReadPos 83 98% Quantile QV,40
POSITIONAL QUALITY,Read2,ReadPos 83 99% Quantile QV,40
POSITIONAL QUALITY,Read2,ReadPos 84 1% Quantile QV,12
POSITIONAL QUALITY,Read2,ReadPos 84 2% Quantile QV,12
POSITIONAL QUALITY,Read2,ReadPos 84 5% Quantile QV,24
POSITIONAL QUALITY,Read2,ReadPos 84 10% Quantile QV,40
POSITIONAL QUALITY,Read2,ReadPos 84 25% Quantile QV,40
POSITIONAL QUALITY,Read2,ReadPos 84 50% Quantile QV,40
POSITIONAL QUALITY,Read2,ReadPos 84 75% Quantile QV,40
POSITIONAL QUALITY,Read2,ReadPos 84 90% Quantile QV,40
POSITIONAL QUALITY,Read2,ReadPos 84 95% Quantile QV,40
POSITIONAL QUALITY,Read2,ReadPos 84 98% Quantile QV,40
POSITIONAL QUALITY,Read2,ReadPos 84 99% Quantile QV,40
POSITIONAL QUALITY,Read2,ReadPos 85 1% Quantile QV,12
POSITIONAL QUALITY,Read2,ReadPos 85 2% Quantile QV,12
POSITIONAL QUALITY,Read2,ReadPos 85 5% Quantile QV,24
POSITIONAL QUALITY,Read2,ReadPos 85 10% Quantile QV,40
POSITIONAL QUALITY,Read2,ReadPos 85 25% Quantile QV,40
POSITIONAL QUALITY,Read2,ReadPos 85 50% Quantile QV,40
POSITIONAL QUALITY,Read2,ReadPos 85 75% Quantile QV,40
POSITIONAL QUALITY,Read2,ReadPos 85 90% Quantile QV,40
POSITIONAL QUALITY,Read2,ReadPos 85 95% Quantile QV,40
POSITIONAL QUALITY,Read2,ReadPos 85 98% Quantile QV,40
POSITIONAL QUALITY,Read2,ReadPos 85 99% Quantile QV,40
POSITIONAL QUALITY,Read2,ReadPos 86 1% Quantile QV,12
POSITIONAL QUALITY,Read2,ReadPos 86 2% Quantile QV,12
POSITIONAL QUALITY,Read2,ReadPos 86 5% Quantile QV,24
POSITIONAL QUALITY,Read2,ReadPos 86 10% Quantile QV,40
POSITIONAL QUALITY,Read2,ReadPos 86 25% Quantile QV,40
POSITIONAL QUALITY,Read2,ReadPos 86 50% Quantile QV,40
POSITIONAL QUALITY,Read2,ReadPos 86 75% Quantile QV,40
POSITIONAL QUALITY,Read2,ReadPos 86 90% Quantile QV,40
POSITIONAL QUALITY,Read2,ReadPos 86 95% Quantile QV,40
POSITIONAL QUALITY,Read2,ReadPos 86 98% Quantile QV,40
POSITIONAL QUALITY,Read2,ReadPos 86 99% Quantile QV,40
POSITIONAL QUALITY,Read2,ReadPos 87 1% Quantile QV,12
POSITIONAL QUALITY,Read2,ReadPos 87 2% Quantile QV,12
POSITIONAL QUALITY,Read2,ReadPos 87 5% Quantile QV,24
POSITIONAL QUALITY,Read2,ReadPos 87 10% Quantile QV,40
POSITIONAL QUALITY,Read2,ReadPos 87 25% Quantile QV,40
POSITIONAL QUALITY,Read2,ReadPos 87 50% Quantile QV,40
POSITIONAL QUALITY,Read2,ReadPos 87 75% Quantile QV,40
POSITIONAL QUALITY,Read2,ReadPos 87 90% Quantile QV,40
POSITIONAL QUALITY,Read2,ReadPos 87 95% Quantile QV,40
POSITIONAL QUALITY,Read2,ReadPos 87 98% Quantile QV,40
POSITIONAL QUALITY,Read2,ReadPos 87 99% Quantile QV,40
POSITIONAL QUALITY,Read2,ReadPos 88 1% Quantile QV,12
POSITIONAL QUALITY,Read2,ReadPos 88 2% Quantile QV,12
POSITIONAL QUALITY,Read2,ReadPos 88 5% Quantile QV,24
POSITIONAL QUALITY,Read2,ReadPos 88 10% Quantile QV,40
POSITIONAL QUALITY,Read2,ReadPos 88 25% Quantile QV,40
POSITIONAL QUALITY,Read2,ReadPos 88 50% Quantile QV,40
POSITIONAL QUALITY,Read2,ReadPos 88 75% Quantile QV,40
POSITIONAL QUALITY,Read2,ReadPos 88 90% Quantile QV,40
POSITIONAL QUALITY,Read2,ReadPos 88 95% Quantile QV,40
POSITIONAL QUALITY,Read2,ReadPos 88 98% Quantile QV,40
POSITIONAL QUALITY,Read2,ReadPos 88 99% Quantile QV,40
POSITIONAL QUALITY,Read2,ReadPos 89 1% Quantile QV,12
POSITIONAL QUALITY,Read2,ReadPos 89 2% Quantile QV,12
POSITIONAL QUALITY,Read2,ReadPos 89 5% Quantile QV,24
POSITIONAL QUALITY,Read2,ReadPos 89 10% Quantile QV,40
POSITIONAL QUALITY,Read2,ReadPos 89 25% Quantile QV,40
POSITIONAL QUALITY,Read2,ReadPos 89 50% Quantile QV,40
POSITIONAL QUALITY,Read2,ReadPos 89 75% Quantile QV,40
POSITIONAL QUALITY,Read2,ReadPos 89 90% Quantile QV,40
POSITIONAL QUALITY,Read2,ReadPos 89 95% Quantile QV,40
POSITIONAL QUALITY,Read2,ReadPos 89 98% Quantile QV,40
POSITIONAL QUALITY,Read2,ReadPos 89 99% Quantile QV,40
POSITIONAL QUALITY,Read2,ReadPos 90 1% Quantile QV,12
POSITIONAL QUALITY,Read2,ReadPos 90 2% Quantile QV,12
POSITIONAL QUALITY,Read2,ReadPos 90 5% Quantile QV,24
POSITIONAL QUALITY,Read2,ReadPos 90 10% Quantile QV,40
POSITIONAL QUALITY,Read2,ReadPos 90 25% Quantile QV,40
POSITIONAL QUALITY,Read2,ReadPos 90 50% Quantile QV,40
POSITIONAL QUALITY,Read2,ReadPos 90 75% Quantile QV,40
POSITIONAL QUALITY,Read2,ReadPos 90 90% Quantile QV,40
POSITIONAL QUALITY,Read2,ReadPos 90 95% Quantile QV,40
POSITIONAL QUALITY,Read2,ReadPos 90 98% Quantile QV,40
POSITIONAL QUALITY,Read2,ReadPos 90 99% Quantile QV,40
POSITIONAL QUALITY,Read2,ReadPos 91 1% Quantile QV,12
POSITIONAL QUALITY,Read2,ReadPos 91 2% Quantile QV,12
POSITIONAL QUALITY,Read2,ReadPos 91 5% Quantile QV,24
POSITIONAL QUALITY,Read2,ReadPos 91 10% Quantile QV,40
POSITIONAL QUALITY,Read2,ReadPos 91 25% Quantile QV,40
POSITIONAL QUALITY,Read2,ReadPos 91 50% Quantile QV,40
POSITIONAL QUALITY,Read2,ReadPos 91 75% Quantile QV,40
POSITIONAL QUALITY,Read2,ReadPos 91 90% Quantile QV,40
POSITIONAL QUALITY,Read2,ReadPos 91 95% Quantile QV,40
POSITIONAL QUALITY,Read2,ReadPos 91 98% Quantile QV,40
POSITIONAL QUALITY,Read2,ReadPos 91 99% Quantile QV,40
POSITIONAL QUALITY,Read2,ReadPos 92 1% Quantile QV,12
POSITIONAL QUALITY,Read2,ReadPos 92 2% Quantile QV,12
POSITIONAL QUALITY,Read2,ReadPos 92 5% Quantile QV,24
POSITIONAL QUALITY,Read2,ReadPos 92 10% Quantile QV,40
POSITIONAL QUALITY,Read2,ReadPos 92 25% Quantile QV,40
POSITIONAL QUALITY,Read2,ReadPos 92 50% Quantile QV,40
POSITIONAL QUALITY,Read2,ReadPos 92 75% Quantile QV,40
POSITIONAL QUALITY,Read2,ReadPos 92 90% Quantile QV,40
POSITIONAL QUALITY,Read2,ReadPos 92 95% Quantile QV,40
POSITIONAL QUALITY,Read2,ReadPos 92 98% Quantile QV,40
POSITIONAL QUALITY,Read2,ReadPos 92 99% Quantile QV,40
POSITIONAL QUALITY,Read2,ReadPos 93 1% Quantile QV,12
POSITIONAL QUALITY,Read2,ReadPos 93 2% Quantile QV,12
POSITIONAL QUALITY,Read2,ReadPos 93 5% Quantile QV,24
POSITIONAL QUALITY,Read2,ReadPos 93 10% Quantile QV,40
POSITIONAL QUALITY,Read2,ReadPos 93 25% Quantile QV,40
POSITIONAL QUALITY,Read2,ReadPos 93 50% Quantile QV,40
POSITIONAL QUALITY,Read2,ReadPos 93 75% Quantile QV,40
POSITIONAL QUALITY,Read2,ReadPos 93 90% Quantile QV,40
POSITIONAL QUALITY,Read2,ReadPos 93 95% Quantile QV,40
POSITIONAL QUALITY,Read2,ReadPos 93 98% Quantile QV,40
POSITIONAL QUALITY,Read2,ReadPos 93 99% Quantile QV,40
POSITIONAL QUALITY,Read2,ReadPos 94 1% Quantile QV,12
POSITIONAL QUALITY,Read2,ReadPos 94 2% Quantile QV,12
POSITIONAL QUALITY,Read2,ReadPos 94 5% Quantile QV,24
POSITIONAL QUALITY,Read2,ReadPos 94 10% Quantile QV,40
POSITIONAL QUALITY,Read2,ReadPos 94 25% Quantile QV,40
POSITIONAL QUALITY,Read2,ReadPos 94 50% Quantile QV,40
POSITIONAL QUALITY,Read2,ReadPos 94 75% Quantile QV,40
POSITIONAL QUALITY,Read2,ReadPos 94 90% Quantile QV,40
POSITIONAL QUALITY,Read2,ReadPos 94 95% Quantile QV,40
POSITIONAL QUALITY,Read2,ReadPos 94 98% Quantile QV,40
POSITIONAL QUALITY,Read2,ReadPos 94 99% Quantile QV,40
POSITIONAL QUALITY,Read2,ReadPos 95 1% Quantile QV,12
POSITIONAL QUALITY,Read2,ReadPos 95 2% Quantile QV,12
POSITIONAL QUALITY,Read2,ReadPos 95 5% Quantile QV,24
POSITIONAL QUALITY,Read2,ReadPos 95 10% Quantile QV,40
POSITIONAL QUALITY,Read2,ReadPos 95 25% Quantile QV,40
POSITIONAL QUALITY,Read2,ReadPos 95 50% Quantile QV,40
POSITIONAL QUALITY,Read2,ReadPos 95 75% Quantile QV,40
POSITIONAL QUALITY,Read2,ReadPos 95 90% Quantile QV,40
POSITIONAL QUALITY,Read2,ReadPos 95 95% Quantile QV,40
POSITIONAL QUALITY,Read2,ReadPos 95 98% Quantile QV,40
POSITIONAL QUALITY,Read2,ReadPos 95 99% Quantile QV,40
POSITIONAL QUALITY,Read2,ReadPos 96 1% Quantile QV,12
POSITIONAL QUALITY,Read2,ReadPos 96 2% Quantile QV,12
POSITIONAL QUALITY,Read2,ReadPos 96 5% Quantile QV,24
POSITIONAL QUALITY,Read2,ReadPos 96 10% Quantile QV,40
POSITIONAL QUALITY,Read2,ReadPos 96 25% Quantile QV,40
POSITIONAL QUALITY,Read2,ReadPos 96 50% Quantile QV,40
POSITIONAL QUALITY,Read2,ReadPos 96 75% Quantile QV,40
POSITIONAL QUALITY,Read2,ReadPos 96 90% Quantile QV,40
POSITIONAL QUALITY,Read2,ReadPos 96 95% Quantile QV,40
POSITIONAL QUALITY,Read2,ReadPos 96 98% Quantile QV,40
POSITIONAL QUALITY,Read2,ReadPos 96 99% Quantile QV,40
POSITIONAL QUALITY,Read2,ReadPos 97 1% Quantile QV,12
POSITIONAL QUALITY,Read2,ReadPos 97 2% Quantile QV,12
POSITIONAL QUALITY,Read2,ReadPos 97 5% Quantile QV,24
POSITIONAL QUALITY,Read2,ReadPos 97 10% Quantile QV,40
POSITIONAL QUALITY,Read2,ReadPos 97 25% Quantile QV,40
POSITIONAL QUALITY,Read2,ReadPos 97 50% Quantile QV,40
POSITIONAL QUALITY,Read2,ReadPos 97 75% Quantile QV,40
POSITIONAL QUALITY,Read2,ReadPos 97 90% Quantile QV,40
POSITIONAL QUALITY,Read2,ReadPos 97 95% Quantile QV,40
POSITIONAL QUALITY,Read2,ReadPos 97 98% Quantile QV,40
POSITIONAL QUALITY,Read2,ReadPos 97 99% Quantile QV,40
POSITIONAL QUALITY,Read2,ReadPos 98 1% Quantile QV,12
POSITIONAL QUALITY,Read2,ReadPos 98 2% Quantile QV,12
POSITIONAL QUALITY,Read2,ReadPos 98 5% Quantile QV,24
POSITIONAL QUALITY,Read2,ReadPos 98 10% Quantile QV,40
POSITIONAL QUALITY,Read2,ReadPos 98 25% Quantile QV,40
POSITIONAL QUALITY,Read2,ReadPos 98 50% Quantile QV,40
POSITIONAL QUALITY,Read2,ReadPos 98 75% Quantile QV,40
POSITIONAL QUALITY,Read2,ReadPos 98 90% Quantile QV,40
POSITIONAL QUALITY,Read2,ReadPos 98 95% Quantile QV,40
POSITIONAL QUALITY,Read2,ReadPos 98 98% Quantile QV,40
POSITIONAL QUALITY,Read2,ReadPos 98 99% Quantile QV,40
POSITIONAL QUALITY,Read2,ReadPos 99 1% Quantile QV,12
POSITIONAL QUALITY,Read2,ReadPos 99 2% Quantile QV,12
POSITIONAL QUALITY,Read2,ReadPos 99 5% Quantile QV,24
POSITIONAL QUALITY,Read2,ReadPos 99 10% Quantile QV,40
POSITIONAL QUALITY,Read2,ReadPos 99 25% Quantile QV,40
POSITIONAL QUALITY,Read2,ReadPos 99 50% Quantile QV,40
POSITIONAL QUALITY,Read2,ReadPos 99 75% Quantile QV,40
POSITIONAL QUALITY,Read2,ReadPos 99 90% Quantile QV,40
POSITIONAL QUALITY,Read2,ReadPos 99 95% Quantile QV,40
POSITIONAL QUALITY,Read2,ReadPos 99 98% Quantile QV,40
POSITIONAL QUALITY,Read2,ReadPos 99 99% Quantile QV,40
POSITIONAL QUALITY,Read2,ReadPos 100 1% Quantile QV,12
POSITIONAL QUALITY,Read2,ReadPos 100 2% Quantile QV,12
POSITIONAL QUALITY,Read2,ReadPos 100 5% Quantile QV,24
POSITIONAL QUALITY,Read2,ReadPos 100 10% Quantile QV,40
POSITIONAL QUALITY,Read2,ReadPos 100 25% Quantile QV,40
POSITIONAL QUALITY,Read2,ReadPos 100 50% Quantile QV,40
POSITIONAL QUALITY,Read2,ReadPos 100 75% Quantile QV,40
POSITIONAL QUALITY,Read2,ReadPos 100 90% Quantile QV,40
POSITIONAL QUALITY,Read2,ReadPos 100 95% Quantile QV,40
POSITIONAL QUALITY,Read2,ReadPos 100 98% Quantile QV,40
POSITIONAL QUALITY,Read2,ReadPos 100 99% Quantile QV,40
POSITIONAL QUALITY,Read2,ReadPos 101 1% Quantile QV,12
POSITIONAL QUALITY,Read2,ReadPos 101 2% Quantile QV,12
POSITIONAL QUALITY,Read2,ReadPos 101 5% Quantile QV,24
POSITIONAL QUALITY,Read2,ReadPos 101 10% Quantile QV,40
POSITIONAL QUALITY,Read2,ReadPos 101 25% Quantile QV,40
POSITIONAL QUALITY,Read2,ReadPos 101 50% Quantile QV,40
POSITIONAL QUALITY,Read2,ReadPos 101 75% Quantile QV,40
POSITIONAL QUALITY,Read2,ReadPos 101 90% Quantile QV,40
POSITIONAL QUALITY,Read2,ReadPos 101 95% Quantile QV,40
POSITIONAL QUALITY,Read2,ReadPos 101 98% Quantile QV,40
POSITIONAL QUALITY,Read2,ReadPos 101 99% Quantile QV,40
POSITIONAL QUALITY,Read2,ReadPos 102 1% Quantile QV,12
POSITIONAL QUALITY,Read2,ReadPos 102 2% Quantile QV,12
POSITIONAL QUALITY,Read2,ReadPos 102 5% Quantile QV,24
POSITIONAL QUALITY,Read2,ReadPos 102 10% Quantile QV,40
POSITIONAL QUALITY,Read2,ReadPos 102 25% Quantile QV,40
POSITIONAL QUALITY,Read2,ReadPos 102 50% Quantile QV,40
POSITIONAL QUALITY,Read2,ReadPos 102 75% Quantile QV,40
POSITIONAL QUALITY,Read2,ReadPos 102 90% Quantile QV,40
POSITIONAL QUALITY,Read2,ReadPos 102 95% Quantile QV,40
POSITIONAL QUALITY,Read2,ReadPos 102 98% Quantile QV,40
POSITIONAL QUALITY,Read2,ReadPos 102 99% Quantile QV,40
POSITIONAL QUALITY,Read2,ReadPos 103 1% Quantile QV,12
POSITIONAL QUALITY,Read2,ReadPos 103 2% Quantile QV,12
POSITIONAL QUALITY,Read2,ReadPos 103 5% Quantile QV,24
POSITIONAL QUALITY,Read2,ReadPos 103 10% Quantile QV,40
POSITIONAL QUALITY,Read2,ReadPos 103 25% Quantile QV,40
POSITIONAL QUALITY,Read2,ReadPos 103 50% Quantile QV,40
POSITIONAL QUALITY,Read2,ReadPos 103 75% Quantile QV,40
POSITIONAL QUALITY,Read2,ReadPos 103 90% Quantile QV,40
POSITIONAL QUALITY,Read2,ReadPos 103 95% Quantile QV,40
POSITIONAL QUALITY,Read2,ReadPos 103 98% Quantile QV,40
POSITIONAL QUALITY,Read2,ReadPos 103 99% Quantile QV,40
POSITIONAL QUALITY,Read2,ReadPos 104 1% Quantile QV,12
POSITIONAL QUALITY,Read2,ReadPos 104 2% Quantile QV,12
POSITIONAL QUALITY,Read2,ReadPos 104 5% Quantile QV,24
POSITIONAL QUALITY,Read2,ReadPos 104 10% Quantile QV,40
POSITIONAL QUALITY,Read2,ReadPos 104 25% Quantile QV,40
POSITIONAL QUALITY,Read2,ReadPos 104 50% Quantile QV,40
POSITIONAL QUALITY,Read2,ReadPos 104 75% Quantile QV,40
POSITIONAL QUALITY,Read2,ReadPos 104 90% Quantile QV,40
POSITIONAL QUALITY,Read2,ReadPos 104 95% Quantile QV,40
POSITIONAL QUALITY,Read2,ReadPos 104 98% Quantile QV,40
POSITIONAL QUALITY,Read2,ReadPos 104 99% Quantile QV,40
POSITIONAL QUALITY,Read2,ReadPos 105 1% Quantile QV,12
POSITIONAL QUALITY,Read2,ReadPos 105 2% Quantile QV,12
POSITIONAL QUALITY,Read2,ReadPos 105 5% Quantile QV,24
POSITIONAL QUALITY,Read2,ReadPos 105 10% Quantile QV,40
POSITIONAL QUALITY,Read2,ReadPos 105 25% Quantile QV,40
POSITIONAL QUALITY,Read2,ReadPos 105 50% Quantile QV,40
POSITIONAL QUALITY,Read2,ReadPos 105 75% Quantile QV,40
POSITIONAL QUALITY,Read2,ReadPos 105 90% Quantile QV,40
POSITIONAL QUALITY,Read2,ReadPos 105 95% Quantile QV,40
POSITIONAL QUALITY,Read2,ReadPos 105 98% Quantile QV,40
POSITIONAL QUALITY,Read2,ReadPos 105 99% Quantile QV,40
POSITIONAL QUALITY,Read2,ReadPos 106 1% Quantile QV,12
POSITIONAL QUALITY,Read2,ReadPos 106 2% Quantile QV,12
POSITIONAL QUALITY,Read2,ReadPos 106 5% Quantile QV,24
POSITIONAL QUALITY,Read2,ReadPos 106 10% Quantile QV,40
POSITIONAL QUALITY,Read2,ReadPos 106 25% Quantile QV,40
POSITIONAL QUALITY,Read2,ReadPos 106 50% Quantile QV,40
POSITIONAL QUALITY,Read2,ReadPos 106 75% Quantile QV,40
POSITIONAL QUALITY,Read2,ReadPos 106 90% Quantile QV,40
POSITIONAL QUALITY,Read2,ReadPos 106 95% Quantile QV,40
POSITIONAL QUALITY,Read2,ReadPos 106 98% Quantile QV,40
POSITIONAL QUALITY,Read2,ReadPos 106 99% Quantile QV,40
POSITIONAL QUALITY,Read2,ReadPos 107 1% Quantile QV,12
POSITIONAL QUALITY,Read2,ReadPos 107 2% Quantile QV,12
POSITIONAL QUALITY,Read2,ReadPos 107 5% Quantile QV,24
POSITIONAL QUALITY,Read2,ReadPos 107 10% Quantile QV,40
POSITIONAL QUALITY,Read2,ReadPos 107 25% Quantile QV,40
POSITIONAL QUALITY,Read2,ReadPos 107 50% Quantile QV,40
POSITIONAL QUALITY,Read2,ReadPos 107 75% Quantile QV,40
POSITIONAL QUALITY,Read2,ReadPos 107 90% Quantile QV,40
POSITIONAL QUALITY,Read2,ReadPos 107 95% Quantile QV,40
POSITIONAL QUALITY,Read2,ReadPos 107 98% Quantile QV,40
POSITIONAL QUALITY,Read2,ReadPos 107 99% Quantile QV,40
POSITIONAL QUALITY,Read2,ReadPos 108 1% Quantile QV,12
POSITIONAL QUALITY,Read2,ReadPos 108 2% Quantile QV,12
POSITIONAL QUALITY,Read2,ReadPos 108 5% Quantile QV,24
POSITIONAL QUALITY,Read2,ReadPos 108 10% Quantile QV,40
POSITIONAL QUALITY,Read2,ReadPos 108 25% Quantile QV,40
POSITIONAL QUALITY,Read2,ReadPos 108 50% Quantile QV,40
POSITIONAL QUALITY,Read2,ReadPos 108 75% Quantile QV,40
POSITIONAL QUALITY,Read2,ReadPos 108 90% Quantile QV,40
POSITIONAL QUALITY,Read2,ReadPos 108 95% Quantile QV,40
POSITIONAL QUALITY,Read2,ReadPos 108 98% Quantile QV,40
POSITIONAL QUALITY,Read2,ReadPos 108 99% Quantile QV,40
POSITIONAL QUALITY,Read2,ReadPos 109 1% Quantile QV,12
POSITIONAL QUALITY,Read2,ReadPos 109 2% Quantile QV,12
POSITIONAL QUALITY,Read2,ReadPos 109 5% Quantile QV,24
POSITIONAL QUALITY,Read2,ReadPos 109 10% Quantile QV,40
POSITIONAL QUALITY,Read2,ReadPos 109 25% Quantile QV,40
POSITIONAL QUALITY,Read2,ReadPos 109 50% Quantile QV,40
POSITIONAL QUALITY,Read2,ReadPos 109 75% Quantile QV,40
POSITIONAL QUALITY,Read2,ReadPos 109 90% Quantile QV,40
POSITIONAL QUALITY,Read2,ReadPos 109 95% Quantile QV,40
POSITIONAL QUALITY,Read2,ReadPos 109 98% Quantile QV,40
POSITIONAL QUALITY,Read2,ReadPos 109 99% Quantile QV,40
POSITIONAL QUALITY,Read2,ReadPos 110 1% Quantile QV,12
POSITIONAL QUALITY,Read2,ReadPos 110 2% Quantile QV,12
POSITIONAL QUALITY,Read2,ReadPos 110 5% Quantile QV,24
POSITIONAL QUALITY,Read2,ReadPos 110 10% Quantile QV,40
POSITIONAL QUALITY,Read2,ReadPos 110 25% Quantile QV,40
POSITIONAL QUALITY,Read2,ReadPos 110 50% Quantile QV,40
POSITIONAL QUALITY,Read2,ReadPos 110 75% Quantile QV,40
POSITIONAL QUALITY,Read2,ReadPos 110 90% Quantile QV,40
POSITIONAL QUALITY,Read2,ReadPos 110 95% Quantile QV,40
POSITIONAL QUALITY,Read2,ReadPos 110 98% Quantile QV,40
POSITIONAL QUALITY,Read2,ReadPos 110 99% Quantile QV,40
POSITIONAL QUALITY,Read2,ReadPos 111 1% Quantile QV,12
POSITIONAL QUALITY,Read2,ReadPos 111 2% Quantile QV,12
POSITIONAL QUALITY,Read2,ReadPos 111 5% Quantile QV,24
POSITIONAL QUALITY,Read2,ReadPos 111 10% Quantile QV,40
POSITIONAL QUALITY,Read2,ReadPos 111 25% Quantile QV,40
POSITIONAL QUALITY,Read2,ReadPos 111 50% Quantile QV,40
POSITIONAL QUALITY,Read2,ReadPos 111 75% Quantile QV,40
POSITIONAL QUALITY,Read2,ReadPos 111 90% Quantile QV,40
POSITIONAL QUALITY,Read2,ReadPos 111 95% Quantile QV,40
POSITIONAL QUALITY,Read2,ReadPos 111 98% Quantile QV,40
POSITIONAL QUALITY,Read2,ReadPos 111 99% Quantile QV,40
POSITIONAL QUALITY,Read2,ReadPos 112 1% Quantile QV,12
POSITIONAL QUALITY,Read2,ReadPos 112 2% Quantile QV,12
POSITIONAL QUALITY,Read2,ReadPos 112 5% Quantile QV,24
POSITIONAL QUALITY,Read2,ReadPos 112 10% Quantile QV,40
POSITIONAL QUALITY,Read2,ReadPos 112 25% Quantile QV,40
POSITIONAL QUALITY,Read2,ReadPos 112 50% Quantile QV,40
POSITIONAL QUALITY,Read2,ReadPos 112 75% Quantile QV,40
POSITIONAL QUALITY,Read2,ReadPos 112 90% Quantile QV,40
POSITIONAL QUALITY,Read2,ReadPos 112 95% Quantile QV,40
POSITIONAL QUALITY,Read2,ReadPos 112 98% Quantile QV,40
POSITIONAL QUALITY,Read2,ReadPos 112 99% Quantile QV,40
POSITIONAL QUALITY,Read2,ReadPos 113 1% Quantile QV,12
POSITIONAL QUALITY,Read2,ReadPos 113 2% Quantile QV,12
POSITIONAL QUALITY,Read2,ReadPos 113 5% Quantile QV,24
POSITIONAL QUALITY,Read2,ReadPos 113 10% Quantile QV,40
POSITIONAL QUALITY,Read2,ReadPos 113 25% Quantile QV,40
POSITIONAL QUALITY,Read2,ReadPos 113 50% Quantile QV,40
POSITIONAL QUALITY,Read2,ReadPos 113 75% Quantile QV,40
POSITIONAL QUALITY,Read2,ReadPos 113 90% Quantile QV,40
POSITIONAL QUALITY,Read2,ReadPos 113 95% Quantile QV,40
POSITIONAL QUALITY,Read2,ReadPos 113 98% Quantile QV,40
POSITIONAL QUALITY,Read2,ReadPos 113 99% Quantile QV,40
POSITIONAL QUALITY,Read2,ReadPos 114 1% Quantile QV,12
POSITIONAL QUALITY,Read2,ReadPos 114 2% Quantile QV,12
POSITIONAL QUALITY,Read2,ReadPos 114 5% Quantile QV,24
POSITIONAL QUALITY,Read2,ReadPos 114 10% Quantile QV,40
POSITIONAL QUALITY,Read2,ReadPos 114 25% Quantile QV,40
POSITIONAL QUALITY,Read2,ReadPos 114 50% Quantile QV,40
POSITIONAL QUALITY,Read2,ReadPos 114 75% Quantile QV,40
POSITIONAL QUALITY,Read2,ReadPos 114 90% Quantile QV,40
POSITIONAL QUALITY,Read2,ReadPos 114 95% Quantile QV,40
POSITIONAL QUALITY,Read2,ReadPos 114 98% Quantile QV,40
POSITIONAL QUALITY,Read2,ReadPos 114 99% Quantile QV,40
POSITIONAL QUALITY,Read2,ReadPos 115 1% Quantile QV,12
POSITIONAL QUALITY,Read2,ReadPos 115 2% Quantile QV,12
POSITIONAL QUALITY,Read2,ReadPos 115 5% Quantile QV,24
POSITIONAL QUALITY,Read2,ReadPos 115 10% Quantile QV,40
POSITIONAL QUALITY,Read2,ReadPos 115 25% Quantile QV,40
POSITIONAL QUALITY,Read2,ReadPos 115 50% Quantile QV,40
POSITIONAL QUALITY,Read2,ReadPos 115 75% Quantile QV,40
POSITIONAL QUALITY,Read2,ReadPos 115 90% Quantile QV,40
POSITIONAL QUALITY,Read2,ReadPos 115 95% Quantile QV,40
POSITIONAL QUALITY,Read2,ReadPos 115 98% Quantile QV,40
POSITIONAL QUALITY,Read2,ReadPos 115 99% Quantile QV,40
POSITIONAL QUALITY,Read2,ReadPos 116 1% Quantile QV,12
POSITIONAL QUALITY,Read2,ReadPos 116 2% Quantile QV,12
POSITIONAL QUALITY,Read2,ReadPos 116 5% Quantile QV,24
POSITIONAL QUALITY,Read2,ReadPos 116 10% Quantile QV,40
POSITIONAL QUALITY,Read2,ReadPos 116 25% Quantile QV,40
POSITIONAL QUALITY,Read2,ReadPos 116 50% Quantile QV,40
POSITIONAL QUALITY,Read2,ReadPos 116 75% Quantile QV,40
POSITIONAL QUALITY,Read2,ReadPos 116 90% Quantile QV,40
POSITIONAL QUALITY,Read2,ReadPos 116 95% Quantile QV,40
POSITIONAL QUALITY,Read2,ReadPos 116 98% Quantile QV,40
POSITIONAL QUALITY,Read2,ReadPos 116 99% Quantile QV,40
POSITIONAL QUALITY,Read2,ReadPos 117 1% Quantile QV,12
POSITIONAL QUALITY,Read2,ReadPos 117 2% Quantile QV,12
POSITIONAL QUALITY,Read2,ReadPos 117 5% Quantile QV,24
POSITIONAL QUALITY,Read2,ReadPos 117 10% Quantile QV,40
POSITIONAL QUALITY,Read2,ReadPos 117 25% Quantile QV,40
POSITIONAL QUALITY,Read2,ReadPos 117 50% Quantile QV,40
POSITIONAL QUALITY,Read2,ReadPos 117 75% Quantile QV,40
POSITIONAL QUALITY,Read2,ReadPos 117 90% Quantile QV,40
POSITIONAL QUALITY,Read2,ReadPos 117 95% Quantile QV,40
POSITIONAL QUALITY,Read2,ReadPos 117 98% Quantile QV,40
POSITIONAL QUALITY,Read2,ReadPos 117 99% Quantile QV,40
POSITIONAL QUALITY,Read2,ReadPos 118 1% Quantile QV,12
POSITIONAL QUALITY,Read2,ReadPos 118 2% Quantile QV,12
POSITIONAL QUALITY,Read2,ReadPos 118 5% Quantile QV,24
POSITIONAL QUALITY,Read2,ReadPos 118 10% Quantile QV,40
POSITIONAL QUALITY,Read2,ReadPos 118 25% Quantile QV,40
POSITIONAL QUALITY,Read2,ReadPos 118 50% Quantile QV,40
POSITIONAL QUALITY,Read2,ReadPos 118 75% Quantile QV,40
POSITIONAL QUALITY,Read2,ReadPos 118 90% Quantile QV,40
POSITIONAL QUALITY,Read2,ReadPos 118 95% Quantile QV,40
POSITIONAL QUALITY,Read2,ReadPos 118 98% Quantile QV,40
POSITIONAL QUALITY,Read2,ReadPos 118 99% Quantile QV,40
POSITIONAL QUALITY,Read2,ReadPos 119 1% Quantile QV,12
POSITIONAL QUALITY,Read2,ReadPos 119 2% Quantile QV,12
POSITIONAL QUALITY,Read2,ReadPos 119 5% Quantile QV,24
POSITIONAL QUALITY,Read2,ReadPos 119 10% Quantile QV,40
POSITIONAL QUALITY,Read2,ReadPos 119 25% Quantile QV,40
POSITIONAL QUALITY,Read2,ReadPos 119 50% Quantile QV,40
POSITIONAL QUALITY,Read2,ReadPos 119 75% Quantile QV,40
POSITIONAL QUALITY,Read2,ReadPos 119 90% Quantile QV,40
POSITIONAL QUALITY,Read2,ReadPos 119 95% Quantile QV,40
POSITIONAL QUALITY,Read2,ReadPos 119 98% Quantile QV,40
POSITIONAL QUALITY,Read2,ReadPos 119 99% Quantile QV,40
POSITIONAL QUALITY,Read2,ReadPos 120 1% Quantile QV,12
POSITIONAL QUALITY,Read2,ReadPos 120 2% Quantile QV,12
POSITIONAL QUALITY,Read2,ReadPos 120 5% Quantile QV,24
POSITIONAL QUALITY,Read2,ReadPos 120 10% Quantile QV,40
POSITIONAL QUALITY,Read2,ReadPos 120 25% Quantile QV,40
POSITIONAL QUALITY,Read2,ReadPos 120 50% Quantile QV,40
POSITIONAL QUALITY,Read2,ReadPos 120 75% Quantile QV,40
POSITIONAL QUALITY,Read2,ReadPos 120 90% Quantile QV,40
POSITIONAL QUALITY,Read2,ReadPos 120 95% Quantile QV,40
POSITIONAL QUALITY,Read2,ReadPos 120 98% Quantile QV,40
POSITIONAL QUALITY,Read2,ReadPos 120 99% Quantile QV,40
POSITIONAL QUALITY,Read2,ReadPos 121 1% Quantile QV,12
POSITIONAL QUALITY,Read2,ReadPos 121 2% Quantile QV,12
POSITIONAL QUALITY,Read2,ReadPos 121 5% Quantile QV,24
POSITIONAL QUALITY,Read2,ReadPos 121 10% Quantile QV,40
POSITIONAL QUALITY,Read2,ReadPos 121 25% Quantile QV,40
POSITIONAL QUALITY,Read2,ReadPos 121 50% Quantile QV,40
POSITIONAL QUALITY,Read2,ReadPos 121 75% Quantile QV,40
POSITIONAL QUALITY,Read2,ReadPos 121 90% Quantile QV,40
POSITIONAL QUALITY,Read2,ReadPos 121 95% Quantile QV,40
POSITIONAL QUALITY,Read2,ReadPos 121 98% Quantile QV,40
POSITIONAL QUALITY,Read2,ReadPos 121 99% Quantile QV,40
POSITIONAL QUALITY,Read2,ReadPos 122 1% Quantile QV,12
POSITIONAL QUALITY,Read2,ReadPos 122 2% Quantile QV,12
POSITIONAL QUALITY,Read2,ReadPos 122 5% Quantile QV,24
POSITIONAL QUALITY,Read2,ReadPos 122 10% Quantile QV,40
POSITIONAL QUALITY,Read2,ReadPos 122 25% Quantile QV,40
POSITIONAL QUALITY,Read2,ReadPos 122 50% Quantile QV,40
POSITIONAL QUALITY,Read2,ReadPos 122 75% Quantile QV,40
POSITIONAL QUALITY,Read2,ReadPos 122 90% Quantile QV,40
POSITIONAL QUALITY,Read2,ReadPos 122 95% Quantile QV,40
POSITIONAL QUALITY,Read2,ReadPos 122 98% Quantile QV,40
POSITIONAL QUALITY,Read2,ReadPos 122 99% Quantile QV,40
POSITIONAL QUALITY,Read2,ReadPos 123 1% Quantile QV,12
POSITIONAL QUALITY,Read2,ReadPos 123 2% Quantile QV,12
POSITIONAL QUALITY,Read2,ReadPos 123 5% Quantile QV,24
POSITIONAL QUALITY,Read2,ReadPos 123 10% Quantile QV,40
POSITIONAL QUALITY,Read2,ReadPos 123 25% Quantile QV,40
POSITIONAL QUALITY,Read2,ReadPos 123 50% Quantile QV,40
POSITIONAL QUALITY,Read2,ReadPos 123 75% Quantile QV,40
POSITIONAL QUALITY,Read2,ReadPos 123 90% Quantile QV,40
POSITIONAL QUALITY,Read2,ReadPos 123 95% Quantile QV,40
POSITIONAL QUALITY,Read2,ReadPos 123 98% Quantile QV,40
POSITIONAL QUALITY,Read2,ReadPos 123 99% Quantile QV,40
POSITIONAL QUALITY,Read2,ReadPos 124 1% Quantile QV,12
POSITIONAL QUALITY,Read2,ReadPos 124 2% Quantile QV,12
POSITIONAL QUALITY,Read2,ReadPos 124 5% Quantile QV,24
POSITIONAL QUALITY,Read2,ReadPos 124 10% Quantile QV,40
POSITIONAL QUALITY,Read2,ReadPos 124 25% Quantile QV,40
POSITIONAL QUALITY,Read2,ReadPos 124 50% Quantile QV,40
POSITIONAL QUALITY,Read2,ReadPos 124 75% Quantile QV,40
POSITIONAL QUALITY,Read2,ReadPos 124 90% Quantile QV,40
POSITIONAL QUALITY,Read2,ReadPos 124 95% Quantile QV,40
POSITIONAL QUALITY,Read2,ReadPos 124 98% Quantile QV,40
POSITIONAL QUALITY,Read2,ReadPos 124 99% Quantile QV,40
POSITIONAL QUALITY,Read2,ReadPos 125 1% Quantile QV,12
POSITIONAL QUALITY,Read2,ReadPos 125 2% Quantile QV,12
POSITIONAL QUALITY,Read2,ReadPos 125 5% Quantile QV,24
POSITIONAL QUALITY,Read2,ReadPos 125 10% Quantile QV,40
POSITIONAL QUALITY,Read2,ReadPos 125 25% Quantile QV,40
POSITIONAL QUALITY,Read2,ReadPos 125 50% Quantile QV,40
POSITIONAL QUALITY,Read2,ReadPos 125 75% Quantile QV,40
POSITIONAL QUALITY,Read2,ReadPos 125 90% Quantile QV,40
POSITIONAL QUALITY,Read2,ReadPos 125 95% Quantile QV,40
POSITIONAL QUALITY,Read2,ReadPos 125 98% Quantile QV,40
POSITIONAL QUALITY,Read2,ReadPos 125 99% Quantile QV,40
POSITIONAL QUALITY,Read2,ReadPos 126 1% Quantile QV,12
POSITIONAL QUALITY,Read2,ReadPos 126 2% Quantile QV,12
POSITIONAL QUALITY,Read2,ReadPos 126 5% Quantile QV,24
POSITIONAL QUALITY,Read2,ReadPos 126 10% Quantile QV,40
POSITIONAL QUALITY,Read2,ReadPos 126 25% Quantile QV,40
POSITIONAL QUALITY,Read2,ReadPos 126 50% Quantile QV,40
POSITIONAL QUALITY,Read2,ReadPos 126 75% Quantile QV,40
POSITIONAL QUALITY,Read2,ReadPos 126 90% Quantile QV,40
POSITIONAL QUALITY,Read2,ReadPos 126 95% Quantile QV,40
POSITIONAL QUALITY,Read2,ReadPos 126 98% Quantile QV,40
POSITIONAL QUALITY,Read2,ReadPos 126 99% Quantile QV,40
POSITIONAL QUALITY,Read2,ReadPos 127 1% Quantile QV,12
POSITIONAL QUALITY,Read2,ReadPos 127 2% Quantile QV,12
POSITIONAL QUALITY,Read2,ReadPos 127 5% Quantile QV,24
POSITIONAL QUALITY,Read2,ReadPos 127 10% Quantile QV,40
POSITIONAL QUALITY,Read2,ReadPos 127 25% Quantile QV,40
POSITIONAL QUALITY,Read2,ReadPos 127 50% Quantile QV,40
POSITIONAL QUALITY,Read2,ReadPos 127 75% Quantile QV,40
POSITIONAL QUALITY,Read2,ReadPos 127 90% Quantile QV,40
POSITIONAL QUALITY,Read2,ReadPos 127 95% Quantile QV,40
POSITIONAL QUALITY,Read2,ReadPos 127 98% Quantile QV,40
POSITIONAL QUALITY,Read2,ReadPos 127 99% Quantile QV,40
POSITIONAL QUALITY,Read2,ReadPos 128 1% Quantile QV,12
POSITIONAL QUALITY,Read2,ReadPos 128 2% Quantile QV,12
POSITIONAL QUALITY,Read2,ReadPos 128 5% Quantile QV,24
POSITIONAL QUALITY,Read2,ReadPos 128 10% Quantile QV,40
POSITIONAL QUALITY,Read2,ReadPos 128 25% Quantile QV,40
POSITIONAL QUALITY,Read2,ReadPos 128 50% Quantile QV,40
POSITIONAL QUALITY,Read2,ReadPos 128 75% Quantile QV,40
POSITIONAL QUALITY,Read2,ReadPos 128 90% Quantile QV,40
POSITIONAL QUALITY,Read2,ReadPos 128 95% Quantile QV,40
POSITIONAL QUALITY,Read2,ReadPos 128 98% Quantile QV,40
POSITIONAL QUALITY,Read2,ReadPos 128 99% Quantile QV,40
POSITIONAL QUALITY,Read2,ReadPos 129 1% Quantile QV,12
POSITIONAL QUALITY,Read2,ReadPos 129 2% Quantile QV,12
POSITIONAL QUALITY,Read2,ReadPos 129 5% Quantile QV,24
POSITIONAL QUALITY,Read2,ReadPos 129 10% Quantile QV,40
POSITIONAL QUALITY,Read2,ReadPos 129 25% Quantile QV,40
POSITIONAL QUALITY,Read2,ReadPos 129 50% Quantile QV,40
POSITIONAL QUALITY,Read2,ReadPos 129 75% Quantile QV,40
POSITIONAL QUALITY,Read2,ReadPos 129 90% Quantile QV,40
POSITIONAL QUALITY,Read2,ReadPos 129 95% Quantile QV,40
POSITIONAL QUALITY,Read2,ReadPos 129 98% Quantile QV,40
POSITIONAL QUALITY,Read2,ReadPos 129 99% Quantile QV,40
POSITIONAL QUALITY,Read2,ReadPos 130 1% Quantile QV,12
POSITIONAL QUALITY,Read2,ReadPos 130 2% Quantile QV,12
POSITIONAL QUALITY,Read2,ReadPos 130 5% Quantile QV,24
POSITIONAL QUALITY,Read2,ReadPos 130 10% Quantile QV,40
POSITIONAL QUALITY,Read2,ReadPos 130 25% Quantile QV,40
POSITIONAL QUALITY,Read2,ReadPos 130 50% Quantile QV,40
POSITIONAL QUALITY,Read2,ReadPos 130 75% Quantile QV,40
POSITIONAL QUALITY,Read2,ReadPos 130 90% Quantile QV,40
POSITIONAL QUALITY,Read2,ReadPos 130 95% Quantile QV,40
POSITIONAL QUALITY,Read2,ReadPos 130 98% Quantile QV,40
POSITIONAL QUALITY,Read2,ReadPos 130 99% Quantile QV,40
POSITIONAL QUALITY,Read2,ReadPos 131 1% Quantile QV,12
POSITIONAL QUALITY,Read2,ReadPos 131 2% Quantile QV,12
POSITIONAL QUALITY,Read2,ReadPos 131 5% Quantile QV,24
POSITIONAL QUALITY,Read2,ReadPos 131 10% Quantile QV,24
POSITIONAL QUALITY,Read2,ReadPos 131 25% Quantile QV,40
POSITIONAL QUALITY,Read2,ReadPos 131 50% Quantile QV,40
POSITIONAL QUALITY,Read2,ReadPos 131 75% Quantile QV,40
POSITIONAL QUALITY,Read2,ReadPos 131 90% Quantile QV,40
POSITIONAL QUALITY,Read2,ReadPos 131 95% Quantile QV,40
POSITIONAL QUALITY,Read2,ReadPos 131 98% Quantile QV,40
POSITIONAL QUALITY,Read2,ReadPos 131 99% Quantile QV,40
POSITIONAL QUALITY,Read2,ReadPos 132 1% Quantile QV,12
POSITIONAL QUALITY,Read2,ReadPos 132 2% Quantile QV,12
POSITIONAL QUALITY,Read2,ReadPos 132 5% Quantile QV,24
POSITIONAL QUALITY,Read2,ReadPos 132 10% Quantile QV,24
POSITIONAL QUALITY,Read2,ReadPos 132 25% Quantile QV,40
POSITIONAL QUALITY,Read2,ReadPos 132 50% Quantile QV,40
POSITIONAL QUALITY,Read2,ReadPos 132 75% Quantile QV,40
POSITIONAL QUALITY,Read2,ReadPos 132 90% Quantile QV,40
POSITIONAL QUALITY,Read2,ReadPos 132 95% Quantile QV,40
POSITIONAL QUALITY,Read2,ReadPos 132 98% Quantile QV,40
POSITIONAL QUALITY,Read2,ReadPos 132 99% Quantile QV,40
POSITIONAL QUALITY,Read2,ReadPos 133 1% Quantile QV,12
POSITIONAL QUALITY,Read2,ReadPos 133 2% Quantile QV,12
POSITIONAL QUALITY,Read2,ReadPos 133 5% Quantile QV,24
POSITIONAL QUALITY,Read2,ReadPos 133 10% Quantile QV,24
POSITIONAL QUALITY,Read2,ReadPos 133 25% Quantile QV,40
POSITIONAL QUALITY,Read2,ReadPos 133 50% Quantile QV,40
POSITIONAL QUALITY,Read2,ReadPos 133 75% Quantile QV,40
POSITIONAL QUALITY,Read2,ReadPos 133 90% Quantile QV,40
POSITIONAL QUALITY,Read2,ReadPos 133 95% Quantile QV,40
POSITIONAL QUALITY,Read2,ReadPos 133 98% Quantile QV,40
POSITIONAL QUALITY,Read2,ReadPos 133 99% Quantile QV,40
POSITIONAL QUALITY,Read2,ReadPos 134 1% Quantile QV,12
POSITIONAL QUALITY,Read2,ReadPos 134 2% Quantile QV,12
POSITIONAL QUALITY,Read2,ReadPos 134 5% Quantile QV,24
POSITIONAL QUALITY,Read2,ReadPos 134 10% Quantile QV,24
POSITIONAL QUALITY,Read2,ReadPos 134 25% Quantile QV,40
POSITIONAL QUALITY,Read2,ReadPos 134 50% Quantile QV,40
POSITIONAL QUALITY,Read2,ReadPos 134 75% Quantile QV,40
POSITIONAL QUALITY,Read2,ReadPos 134 90% Quantile QV,40
POSITIONAL QUALITY,Read2,ReadPos 134 95% Quantile QV,40
POSITIONAL QUALITY,Read2,ReadPos 134 98% Quantile QV,40
POSITIONAL QUALITY,Read2,ReadPos 134 99% Quantile QV,40
POSITIONAL QUALITY,Read2,ReadPos 135 1% Quantile QV,12
POSITIONAL QUALITY,Read2,ReadPos 135 2% Quantile QV,12
POSITIONAL QUALITY,Read2,ReadPos 135 5% Quantile QV,24
POSITIONAL QUALITY,Read2,ReadPos 135 10% Quantile QV,24
POSITIONAL QUALITY,Read2,ReadPos 135 25% Quantile QV,40
POSITIONAL QUALITY,Read2,ReadPos 135 50% Quantile QV,40
POSITIONAL QUALITY,Read2,ReadPos 135 75% Quantile QV,40
POSITIONAL QUALITY,Read2,ReadPos 135 90% Quantile QV,40
POSITIONAL QUALITY,Read2,ReadPos 135 95% Quantile QV,40
POSITIONAL QUALITY,Read2,ReadPos 135 98% Quantile QV,40
POSITIONAL QUALITY,Read2,ReadPos 135 99% Quantile QV,40
POSITIONAL QUALITY,Read2,ReadPos 136 1% Quantile QV,12
POSITIONAL QUALITY,Read2,ReadPos 136 2% Quantile QV,12
POSITIONAL QUALITY,Read2,ReadPos 136 5% Quantile QV,24
POSITIONAL QUALITY,Read2,ReadPos 136 10% Quantile QV,24
POSITIONAL QUALITY,Read2,ReadPos 136 25% Quantile QV,40
POSITIONAL QUALITY,Read2,ReadPos 136 50% Quantile QV,40
POSITIONAL QUALITY,Read2,ReadPos 136 75% Quantile QV,40
POSITIONAL QUALITY,Read2,ReadPos 136 90% Quantile QV,40
POSITIONAL QUALITY,Read2,ReadPos 136 95% Quantile QV,40
POSITIONAL QUALITY,Read2,ReadPos 136 98% Quantile QV,40
POSITIONAL QUALITY,Read2,ReadPos 136 99% Quantile QV,40
POSITIONAL QUALITY,Read2,ReadPos 137 1% Quantile QV,12
POSITIONAL QUALITY,Read2,ReadPos 137 2% Quantile QV,12
POSITIONAL QUALITY,Read2,ReadPos 137 5% Quantile QV,24
POSITIONAL QUALITY,Read2,ReadPos 137 10% Quantile QV,24
POSITIONAL QUALITY,Read2,ReadPos 137 25% Quantile QV,40
POSITIONAL QUALITY,Read2,ReadPos 137 50% Quantile QV,40
POSITIONAL QUALITY,Read2,ReadPos 137 75% Quantile QV,40
POSITIONAL QUALITY,Read2,ReadPos 137 90% Quantile QV,40
POSITIONAL QUALITY,Read2,ReadPos 137 95% Quantile QV,40
POSITIONAL QUALITY,Read2,ReadPos 137 98% Quantile QV,40
POSITIONAL QUALITY,Read2,ReadPos 137 99% Quantile QV,40
POSITIONAL QUALITY,Read2,ReadPos 138 1% Quantile QV,12
POSITIONAL QUALITY,Read2,ReadPos 138 2% Quantile QV,12
POSITIONAL QUALITY,Read2,ReadPos 138 5% Quantile QV,24
POSITIONAL QUALITY,Read2,ReadPos 138 10% Quantile QV,24
POSITIONAL QUALITY,Read2,ReadPos 138 25% Quantile QV,40
POSITIONAL QUALITY,Read2,ReadPos 138 50% Quantile QV,40
POSITIONAL QUALITY,Read2,ReadPos 138 75% Quantile QV,40
POSITIONAL QUALITY,Read2,ReadPos 138 90% Quantile QV,40
POSITIONAL QUALITY,Read2,ReadPos 138 95% Quantile QV,40
POSITIONAL QUALITY,Read2,ReadPos 138 98% Quantile QV,40
POSITIONAL QUALITY,Read2,ReadPos 138 99% Quantile QV,40
POSITIONAL QUALITY,Read2,ReadPos 139 1% Quantile QV,12
POSITIONAL QUALITY,Read2,ReadPos 139 2% Quantile QV,12
POSITIONAL QUALITY,Read2,ReadPos 139 5% Quantile QV,24
POSITIONAL QUALITY,Read2,ReadPos 139 10% Quantile QV,24
POSITIONAL QUALITY,Read2,ReadPos 139 25% Quantile QV,40
POSITIONAL QUALITY,Read2,ReadPos 139 50% Quantile QV,40
POSITIONAL QUALITY,Read2,ReadPos 139 75% Quantile QV,40
POSITIONAL QUALITY,Read2,ReadPos 139 90% Quantile QV,40
POSITIONAL QUALITY,Read2,ReadPos 139 95% Quantile QV,40
POSITIONAL QUALITY,Read2,ReadPos 139 98% Quantile QV,40
POSITIONAL QUALITY,Read2,ReadPos 139 99% Quantile QV,40
POSITIONAL QUALITY,Read2,ReadPos 140 1% Quantile QV,12
POSITIONAL QUALITY,Read2,ReadPos 140 2% Quantile QV,12
POSITIONAL QUALITY,Read2,ReadPos 140 5% Quantile QV,24
POSITIONAL QUALITY,Read2,ReadPos 140 10% Quantile QV,24
POSITIONAL QUALITY,Read2,ReadPos 140 25% Quantile QV,40
POSITIONAL QUALITY,Read2,ReadPos 140 50% Quantile QV,40
POSITIONAL QUALITY,Read2,ReadPos 140 75% Quantile QV,40
POSITIONAL QUALITY,Read2,ReadPos 140 90% Quantile QV,40
POSITIONAL QUALITY,Read2,ReadPos 140 95% Quantile QV,40
POSITIONAL QUALITY,Read2,ReadPos 140 98% Quantile QV,40
POSITIONAL QUALITY,Read2,ReadPos 140 99% Quantile QV,40
POSITIONAL QUALITY,Read2,ReadPos 141 1% Quantile QV,12
POSITIONAL QUALITY,Read2,ReadPos 141 2% Quantile QV,12
POSITIONAL QUALITY,Read2,ReadPos 141 5% Quantile QV,24
POSITIONAL QUALITY,Read2,ReadPos 141 10% Quantile QV,24
POSITIONAL QUALITY,Read2,ReadPos 141 25% Quantile QV,40
POSITIONAL QUALITY,Read2,ReadPos 141 50% Quantile QV,40
POSITIONAL QUALITY,Read2,ReadPos 141 75% Quantile QV,40
POSITIONAL QUALITY,Read2,ReadPos 141 90% Quantile QV,40
POSITIONAL QUALITY,Read2,ReadPos 141 95% Quantile QV,40
POSITIONAL QUALITY,Read2,ReadPos 141 98% Quantile QV,40
POSITIONAL QUALITY,Read2,ReadPos 141 99% Quantile QV,40
POSITIONAL QUALITY,Read2,ReadPos 142 1% Quantile QV,12
POSITIONAL QUALITY,Read2,ReadPos 142 2% Quantile QV,12
POSITIONAL QUALITY,Read2,ReadPos 142 5% Quantile QV,24
POSITIONAL QUALITY,Read2,ReadPos 142 10% Quantile QV,24
POSITIONAL QUALITY,Read2,ReadPos 142 25% Quantile QV,40
POSITIONAL QUALITY,Read2,ReadPos 142 50% Quantile QV,40
POSITIONAL QUALITY,Read2,ReadPos 142 75% Quantile QV,40
POSITIONAL QUALITY,Read2,ReadPos 142 90% Quantile QV,40
POSITIONAL QUALITY,Read2,ReadPos 142 95% Quantile QV,40
POSITIONAL QUALITY,Read2,ReadPos 142 98% Quantile QV,40
POSITIONAL QUALITY,Read2,ReadPos 142 99% Quantile QV,40
POSITIONAL QUALITY,Read2,ReadPos 143 1% Quantile QV,12
POSITIONAL QUALITY,Read2,ReadPos 143 2% Quantile QV,12
POSITIONAL QUALITY,Read2,ReadPos 143 5% Quantile QV,24
POSITIONAL QUALITY,Read2,ReadPos 143 10% Quantile QV,24
POSITIONAL QUALITY,Read2,ReadPos 143 25% Quantile QV,40
POSITIONAL QUALITY,Read2,ReadPos 143 50% Quantile QV,40
POSITIONAL QUALITY,Read2,ReadPos 143 75% Quantile QV,40
POSITIONAL QUALITY,Read2,ReadPos 143 90% Quantile QV,40
POSITIONAL QUALITY,Read2,ReadPos 143 95% Quantile QV,40
POSITIONAL QUALITY,Read2,ReadPos 143 98% Quantile QV,40
POSITIONAL QUALITY,Read2,ReadPos 143 99% Quantile QV,40
POSITIONAL QUALITY,Read2,ReadPos 144 1% Quantile QV,12
POSITIONAL QUALITY,Read2,ReadPos 144 2% Quantile QV,12
POSITIONAL QUALITY,Read2,ReadPos 144 5% Quantile QV,24
POSITIONAL QUALITY,Read2,ReadPos 144 10% Quantile QV,24
POSITIONAL QUALITY,Read2,ReadPos 144 25% Quantile QV,40
POSITIONAL QUALITY,Read2,ReadPos 144 50% Quantile QV,40
POSITIONAL QUALITY,Read2,ReadPos 144 75% Quantile QV,40
POSITIONAL QUALITY,Read2,ReadPos 144 90% Quantile QV,40
POSITIONAL QUALITY,Read2,ReadPos 144 95% Quantile QV,40
POSITIONAL QUALITY,Read2,ReadPos 144 98% Quantile QV,40
POSITIONAL QUALITY,Read2,ReadPos 144 99% Quantile QV,40
POSITIONAL QUALITY,Read2,ReadPos 145 1% Quantile QV,12
POSITIONAL QUALITY,Read2,ReadPos 145 2% Quantile QV,12
POSITIONAL QUALITY,Read2,ReadPos 145 5% Quantile QV,24
POSITIONAL QUALITY,Read2,ReadPos 145 10% Quantile QV,24
POSITIONAL QUALITY,Read2,ReadPos 145 25% Quantile QV,40
POSITIONAL QUALITY,Read2,ReadPos 145 50% Quantile QV,40
POSITIONAL QUALITY,Read2,ReadPos 145 75% Quantile QV,40
POSITIONAL QUALITY,Read2,ReadPos 145 90% Quantile QV,40
POSITIONAL QUALITY,Read2,ReadPos 145 95% Quantile QV,40
POSITIONAL QUALITY,Read2,ReadPos 145 98% Quantile QV,40
POSITIONAL QUALITY,Read2,ReadPos 145 99% Quantile QV,40
POSITIONAL QUALITY,Read2,ReadPos 146 1% Quantile QV,12
POSITIONAL QUALITY,Read2,ReadPos 146 2% Quantile QV,12
POSITIONAL QUALITY,Read2,ReadPos 146 5% Quantile QV,24
POSITIONAL QUALITY,Read2,ReadPos 146 10% Quantile QV,24
POSITIONAL QUALITY,Read2,ReadPos 146 25% Quantile QV,40
POSITIONAL QUALITY,Read2,ReadPos 146 50% Quantile QV,40
POSITIONAL QUALITY,Read2,ReadPos 146 75% Quantile QV,40
POSITIONAL QUALITY,Read2,ReadPos 146 90% Quantile QV,40
POSITIONAL QUALITY,Read2,ReadPos 146 95% Quantile QV,40
POSITIONAL QUALITY,Read2,ReadPos 146 98% Quantile QV,40
POSITIONAL QUALITY,Read2,ReadPos 146 99% Quantile QV,40
POSITIONAL QUALITY,Read2,ReadPos 147 1% Quantile QV,12
POSITIONAL QUALITY,Read2,ReadPos 147 2% Quantile QV,12
POSITIONAL QUALITY,Read2,ReadPos 147 5% Quantile QV,12
POSITIONAL QUALITY,Read2,ReadPos 147 10% Quantile QV,24
POSITIONAL QUALITY,Read2,ReadPos 147 25% Quantile QV,40
POSITIONAL QUALITY,Read2,ReadPos 147 50% Quantile QV,40
POSITIONAL QUALITY,Read2,ReadPos 147 75% Quantile QV,40
POSITIONAL QUALITY,Read2,ReadPos 147 90% Quantile QV,40
POSITIONAL QUALITY,Read2,ReadPos 147 95% Quantile QV,40
POSITIONAL QUALITY,Read2,ReadPos 147 98% Quantile QV,40
POSITIONAL QUALITY,Read2,ReadPos 147 99% Quantile QV,40
POSITIONAL QUALITY,Read2,ReadPos 148 1% Quantile QV,12
POSITIONAL QUALITY,Read2,ReadPos 148 2% Quantile QV,12
POSITIONAL QUALITY,Read2,ReadPos 148 5% Quantile QV,12
POSITIONAL QUALITY,Read2,ReadPos 148 10% Quantile QV,24
POSITIONAL QUALITY,Read2,ReadPos 148 25% Quantile QV,40
POSITIONAL QUALITY,Read2,ReadPos 148 50% Quantile QV,40
POSITIONAL QUALITY,Read2,ReadPos 148 75% Quantile QV,40
POSITIONAL QUALITY,Read2,ReadPos 148 90% Quantile QV,40
POSITIONAL QUALITY,Read2,ReadPos 148 95% Quantile QV,40
POSITIONAL QUALITY,Read2,ReadPos 148 98% Quantile QV,40
POSITIONAL QUALITY,Read2,ReadPos 148 99% Quantile QV,40
POSITIONAL QUALITY,Read2,ReadPos 149 1% Quantile QV,12
POSITIONAL QUALITY,Read2,ReadPos 149 2% Quantile QV,12
POSITIONAL QUALITY,Read2,ReadPos 149 5% Quantile QV,12
POSITIONAL QUALITY,Read2,ReadPos 149 10% Quantile QV,24
POSITIONAL QUALITY,Read2,ReadPos 149 25% Quantile QV,40
POSITIONAL QUALITY,Read2,ReadPos 149 50% Quantile QV,40
POSITIONAL QUALITY,Read2,ReadPos 149 75% Quantile QV,40
POSITIONAL QUALITY,Read2,ReadPos 149 90% Quantile QV,40
POSITIONAL QUALITY,Read2,ReadPos 149 95% Quantile QV,40
POSITIONAL QUALITY,Read2,ReadPos 149 98% Quantile QV,40
POSITIONAL QUALITY,Read2,ReadPos 149 99% Quantile QV,40
POSITIONAL QUALITY,Read2,ReadPos 150 1% Quantile QV,12
POSITIONAL QUALITY,Read2,ReadPos 150 2% Quantile QV,12
POSITIONAL QUALITY,Read2,ReadPos 150 5% Quantile QV,12
POSITIONAL QUALITY,Read2,ReadPos 150 10% Quantile QV,24
POSITIONAL QUALITY,Read2,ReadPos 150 25% Quantile QV,40
POSITIONAL QUALITY,Read2,ReadPos 150 50% Quantile QV,40
POSITIONAL QUALITY,Read2,ReadPos 150 75% Quantile QV,40
POSITIONAL QUALITY,Read2,ReadPos 150 90% Quantile QV,40
POSITIONAL QUALITY,Read2,ReadPos 150 95% Quantile QV,40
POSITIONAL QUALITY,Read2,ReadPos 150 98% Quantile QV,40
POSITIONAL QUALITY,Read2,ReadPos 150 99% Quantile QV,40
POSITIONAL QUALITY,Read2,ReadPos 151 1% Quantile QV,12
POSITIONAL QUALITY,Read2,ReadPos 151 2% Quantile QV,12
POSITIONAL QUALITY,Read2,ReadPos 151 5% Quantile QV,12
POSITIONAL QUALITY,Read2,ReadPos 151 10% Quantile QV,24
POSITIONAL QUALITY,Read2,ReadPos 151 25% Quantile QV,40
POSITIONAL QUALITY,Read2,ReadPos 151 50% Quantile QV,40
POSITIONAL QUALITY,Read2,ReadPos 151 75% Quantile QV,40
POSITIONAL QUALITY,Read2,ReadPos 151 90% Quantile QV,40
POSITIONAL QUALITY,Read2,ReadPos 151 95% Quantile QV,40
POSITIONAL QUALITY,Read2,ReadPos 151 98% Quantile QV,40
POSITIONAL QUALITY,Read2,ReadPos 151 99% Quantile QV,40
